{
  "sample_name": "sample_000067",
  "sequence_index": 67,
  "frame_id": 60068,
  "timestamp": 441.71970085054636,
  "prediction_variant": "single",
  "source_sample_dir": "D:\\Agent-AI\\outputs\\s3a_ml_long_v2\\sample_000067",
  "source_prediction_dir": "D:\\Agent-AI\\outputs\\live_watch_compare_multilane\\lw_s3a_ml_long_v2\\inference\\sample_000067",
  "ego": {
    "frame_id": 60068,
    "timestamp": 441.71970085054636,
    "sample_name": "sample_000067",
    "town": "Carla/Maps/Town10HD_Opt",
    "weather": {
      "cloudiness": 20.0,
      "dust_storm": 0.0,
      "fog_density": 2.0,
      "fog_distance": 0.75,
      "fog_falloff": 0.10000000149011612,
      "mie_scattering_scale": 0.029999999329447746,
      "precipitation": 0.0,
      "precipitation_deposits": 0.0,
      "rayleigh_scattering_scale": 0.03310000151395798,
      "scattering_intensity": 1.0,
      "sun_altitude_angle": 45.0,
      "sun_azimuth_angle": 300.0,
      "wetness": 0.0,
      "wind_intensity": 10.0
    },
    "position_world": [
      82.61087036132812,
      60.30316162109375,
      -0.0002479934773873538
    ],
    "velocity_world": [
      -1.1157152652740479,
      0.46180978417396545,
      0.0012678909115493298
    ],
    "speed_mps": 1.2075141562200036,
    "yaw_deg": -153.90553283691406,
    "route_progress_m": 47.5578207208625,
    "world_from_ego_bevfusion": [
      [
        -0.8978738784790039,
        -0.43989506363868713,
        -0.017746757715940475,
        82.61087036132812
      ],
      [
        0.43975645303726196,
        -0.8980461955070496,
        0.011285999789834023,
        60.30316162109375
      ],
      [
        -0.020902063697576523,
        0.002329152310267091,
        0.9997788071632385,
        -0.0002479934773873538
      ],
      [
        0.0,
        0.0,
        0.0,
        1.0
      ]
    ]
  },
  "detections": [
    {
      "detection_id": "sample_000067_det_0000",
      "class_id": 0,
      "class_name": "car",
      "class_group": "vehicle",
      "score": 0.734375,
      "position_ego": [
        11.609695434570312,
        1.6757850646972656,
        -1.1328125
      ],
      "size_xyz": [
        2.1171875,
        4.93359375,
        1.7763671875
      ],
      "yaw_rad": -1.873046875,
      "velocity_ego": [
        -6.616115570068359e-06,
        -2.2649765014648438e-06
      ],
      "speed_mps": 6.9930754170600005e-06,
      "distance_m": 11.730016354061284,
      "bearing_deg": 8.213548477655209,
      "source_confidence": 0.734375,
      "raw_box_9d": [
        11.609695434570312,
        1.6757850646972656,
        -1.1328125,
        2.1171875,
        4.93359375,
        1.7763671875,
        -1.873046875,
        -6.616115570068359e-06,
        -2.2649765014648438e-06
      ]
    },
    {
      "detection_id": "sample_000067_det_0001",
      "class_id": 0,
      "class_name": "car",
      "class_group": "vehicle",
      "score": 0.66259765625,
      "position_ego": [
        -23.338621139526367,
        2.5955581665039062,
        -1.830078125
      ],
      "size_xyz": [
        2.1015625,
        4.94921875,
        1.767578125
      ],
      "yaw_rad": -0.9892578125,
      "velocity_ego": [
        0.853515625,
        -0.5966796875
      ],
      "speed_mps": 1.0414007737630304,
      "distance_m": 23.482507508570123,
      "bearing_deg": 173.65404148075277,
      "source_confidence": 0.66259765625,
      "raw_box_9d": [
        -23.338621139526367,
        2.5955581665039062,
        -1.830078125,
        2.1015625,
        4.94921875,
        1.767578125,
        -0.9892578125,
        0.853515625,
        -0.5966796875
      ]
    },
    {
      "detection_id": "sample_000067_det_0002",
      "class_id": 0,
      "class_name": "car",
      "class_group": "vehicle",
      "score": 0.51123046875,
      "position_ego": [
        47.906837463378906,
        18.9373779296875,
        0.01171875
      ],
      "size_xyz": [
        2.169921875,
        4.83984375,
        1.8173828125
      ],
      "yaw_rad": 1.232421875,
      "velocity_ego": [
        -6.616115570068359e-06,
        -2.2649765014648438e-06
      ],
      "speed_mps": 6.9930754170600005e-06,
      "distance_m": 51.51397245985229,
      "bearing_deg": 21.568685605556563,
      "source_confidence": 0.51123046875,
      "raw_box_9d": [
        47.906837463378906,
        18.9373779296875,
        0.01171875,
        2.169921875,
        4.83984375,
        1.8173828125,
        1.232421875,
        -6.616115570068359e-06,
        -2.2649765014648438e-06
      ]
    },
    {
      "detection_id": "sample_000067_det_0003",
      "class_id": 0,
      "class_name": "car",
      "class_group": "vehicle",
      "score": 0.497802734375,
      "position_ego": [
        40.693511962890625,
        11.580398559570312,
        -0.36328125
      ],
      "size_xyz": [
        2.125,
        4.85546875,
        1.7587890625
      ],
      "yaw_rad": -1.9921875,
      "velocity_ego": [
        -6.616115570068359e-06,
        -2.2649765014648438e-06
      ],
      "speed_mps": 6.9930754170600005e-06,
      "distance_m": 42.30918986074327,
      "bearing_deg": 15.885083219898013,
      "source_confidence": 0.497802734375,
      "raw_box_9d": [
        40.693511962890625,
        11.580398559570312,
        -0.36328125,
        2.125,
        4.85546875,
        1.7587890625,
        -1.9921875,
        -6.616115570068359e-06,
        -2.2649765014648438e-06
      ]
    },
    {
      "detection_id": "sample_000067_det_0004",
      "class_id": 0,
      "class_name": "car",
      "class_group": "vehicle",
      "score": 0.496826171875,
      "position_ego": [
        42.53350067138672,
        8.989307403564453,
        -0.14453125
      ],
      "size_xyz": [
        2.18359375,
        4.91796875,
        1.818359375
      ],
      "yaw_rad": -1.9755859375,
      "velocity_ego": [
        -6.616115570068359e-06,
        -2.2649765014648438e-06
      ],
      "speed_mps": 6.9930754170600005e-06,
      "distance_m": 43.47305288289095,
      "bearing_deg": 11.933650448844102,
      "source_confidence": 0.496826171875,
      "raw_box_9d": [
        42.53350067138672,
        8.989307403564453,
        -0.14453125,
        2.18359375,
        4.91796875,
        1.818359375,
        -1.9755859375,
        -6.616115570068359e-06,
        -2.2649765014648438e-06
      ]
    },
    {
      "detection_id": "sample_000067_det_0005",
      "class_id": 0,
      "class_name": "car",
      "class_group": "vehicle",
      "score": 0.1727294921875,
      "position_ego": [
        14.857032775878906,
        -13.516002655029297,
        -0.84765625
      ],
      "size_xyz": [
        2.16015625,
        4.921875,
        1.7822265625
      ],
      "yaw_rad": 2.61328125,
      "velocity_ego": [
        -6.616115570068359e-06,
        -2.2649765014648438e-06
      ],
      "speed_mps": 6.9930754170600005e-06,
      "distance_m": 20.085162450781898,
      "bearing_deg": -42.293972001236014,
      "source_confidence": 0.1727294921875,
      "raw_box_9d": [
        14.857032775878906,
        -13.516002655029297,
        -0.84765625,
        2.16015625,
        4.921875,
        1.7822265625,
        2.61328125,
        -6.616115570068359e-06,
        -2.2649765014648438e-06
      ]
    }
  ],
  "class_names": [
    "car",
    "truck",
    "construction_vehicle",
    "bus",
    "trailer",
    "barrier",
    "motorcycle",
    "bicycle",
    "pedestrian",
    "traffic_cone"
  ],
  "raw_prediction_count": 200,
  "filtered_prediction_count": 6
}