{
  "active_object_count": 8,
  "front_free_space_m": 9.93707382878713,
  "left_side_occupancy": 0.0,
  "right_side_occupancy": 1.0,
  "rear_gap_m": null,
  "nearest_front_vehicle": {
    "track_id": 1,
    "class": "car",
    "distance_m": 11.076027654411577,
    "bearing_deg": 7.194146143247651,
    "position_ego": [
      10.98883164128713,
      1.3870716494604158,
      -1.3896484375
    ],
    "velocity_ego": [
      -0.647665959853728,
      -0.13608110314394112
    ],
    "risk_level": "high",
    "risk_score": 0.6169297925919133
  },
  "nearest_vru": null,
  "nearest_any_object": {
    "track_id": 1,
    "class": "car",
    "distance_m": 11.076027654411577,
    "bearing_deg": 7.194146143247651,
    "position_ego": [
      10.98883164128713,
      1.3870716494604158,
      -1.3896484375
    ],
    "velocity_ego": [
      -0.647665959853728,
      -0.13608110314394112
    ],
    "risk_level": "high",
    "risk_score": 0.6169297925919133
  },
  "abnormal_flags": [
    "high_risk_scene"
  ]
}