{
  "sample_name": "sample_000069",
  "sequence_index": 69,
  "frame_id": 60070,
  "timestamp": 441.9197008535266,
  "prediction_variant": "single",
  "source_sample_dir": "D:\\Agent-AI\\outputs\\s3a_ml_long_v2\\sample_000069",
  "source_prediction_dir": "D:\\Agent-AI\\outputs\\live_watch_compare_multilane\\lw_s3a_ml_long_v2\\inference\\sample_000069",
  "ego": {
    "frame_id": 60070,
    "timestamp": 441.9197008535266,
    "sample_name": "sample_000069",
    "town": "Carla/Maps/Town10HD_Opt",
    "weather": {
      "cloudiness": 20.0,
      "dust_storm": 0.0,
      "fog_density": 2.0,
      "fog_distance": 0.75,
      "fog_falloff": 0.10000000149011612,
      "mie_scattering_scale": 0.029999999329447746,
      "precipitation": 0.0,
      "precipitation_deposits": 0.0,
      "rayleigh_scattering_scale": 0.03310000151395798,
      "scattering_intensity": 1.0,
      "sun_altitude_angle": 45.0,
      "sun_azimuth_angle": 300.0,
      "wetness": 0.0,
      "wind_intensity": 10.0
    },
    "position_world": [
      82.29862213134766,
      60.43582534790039,
      -0.003552741836756468
    ],
    "velocity_world": [
      -1.8404382467269897,
      0.758813202381134,
      0.0007548332214355469
    ],
    "speed_mps": 1.9907312691311754,
    "yaw_deg": -154.5645294189453,
    "route_progress_m": 47.8970827445634,
    "world_from_ego_bevfusion": [
      [
        -0.9030594825744629,
        -0.429502010345459,
        -0.003411842044442892,
        82.29862213134766
      ],
      [
        0.42948946356773376,
        -0.9030636548995972,
        0.0038534319028258324,
        60.43582534790039
      ],
      [
        -0.004736167378723621,
        0.0020145277958363295,
        0.9999867677688599,
        -0.003552741836756468
      ],
      [
        0.0,
        0.0,
        0.0,
        1.0
      ]
    ]
  },
  "detections": [
    {
      "detection_id": "sample_000069_det_0000",
      "class_id": 0,
      "class_name": "car",
      "class_group": "vehicle",
      "score": 0.7578125,
      "position_ego": [
        11.276519775390625,
        1.5197029113769531,
        -1.33984375
      ],
      "size_xyz": [
        2.123046875,
        4.921875,
        1.7587890625
      ],
      "yaw_rad": -1.859375,
      "velocity_ego": [
        -6.616115570068359e-06,
        -2.2649765014648438e-06
      ],
      "speed_mps": 6.9930754170600005e-06,
      "distance_m": 11.378461898851857,
      "bearing_deg": 7.675337248267944,
      "source_confidence": 0.7578125,
      "raw_box_9d": [
        11.276519775390625,
        1.5197029113769531,
        -1.33984375,
        2.123046875,
        4.921875,
        1.7587890625,
        -1.859375,
        -6.616115570068359e-06,
        -2.2649765014648438e-06
      ]
    },
    {
      "detection_id": "sample_000069_det_0001",
      "class_id": 0,
      "class_name": "car",
      "class_group": "vehicle",
      "score": 0.6787109375,
      "position_ego": [
        -23.606395721435547,
        2.8630409240722656,
        -1.4921875
      ],
      "size_xyz": [
        2.109375,
        4.94140625,
        1.759765625
      ],
      "yaw_rad": -0.96337890625,
      "velocity_ego": [
        0.041259765625,
        -0.031524658203125
      ],
      "speed_mps": 0.05192467943332715,
      "distance_m": 23.779380191458376,
      "bearing_deg": 173.08480311649433,
      "source_confidence": 0.6787109375,
      "raw_box_9d": [
        -23.606395721435547,
        2.8630409240722656,
        -1.4921875,
        2.109375,
        4.94140625,
        1.759765625,
        -0.96337890625,
        0.041259765625,
        -0.031524658203125
      ]
    },
    {
      "detection_id": "sample_000069_det_0002",
      "class_id": 0,
      "class_name": "car",
      "class_group": "vehicle",
      "score": 0.634765625,
      "position_ego": [
        40.534645080566406,
        11.124595642089844,
        -1.03125
      ],
      "size_xyz": [
        2.125,
        4.828125,
        1.7900390625
      ],
      "yaw_rad": 1.2119140625,
      "velocity_ego": [
        -6.616115570068359e-06,
        -2.2649765014648438e-06
      ],
      "speed_mps": 6.9930754170600005e-06,
      "distance_m": 42.03348760223794,
      "bearing_deg": 15.346769038768125,
      "source_confidence": 0.634765625,
      "raw_box_9d": [
        40.534645080566406,
        11.124595642089844,
        -1.03125,
        2.125,
        4.828125,
        1.7900390625,
        1.2119140625,
        -6.616115570068359e-06,
        -2.2649765014648438e-06
      ]
    },
    {
      "detection_id": "sample_000069_det_0003",
      "class_id": 0,
      "class_name": "car",
      "class_group": "vehicle",
      "score": 0.51318359375,
      "position_ego": [
        42.187652587890625,
        8.457130432128906,
        -0.9228515625
      ],
      "size_xyz": [
        2.1875,
        5.0078125,
        1.8212890625
      ],
      "yaw_rad": 1.1337890625,
      "velocity_ego": [
        -6.616115570068359e-06,
        -2.2649765014648438e-06
      ],
      "speed_mps": 6.9930754170600005e-06,
      "distance_m": 43.02698090759559,
      "bearing_deg": 11.335525361150417,
      "source_confidence": 0.51318359375,
      "raw_box_9d": [
        42.187652587890625,
        8.457130432128906,
        -0.9228515625,
        2.1875,
        5.0078125,
        1.8212890625,
        1.1337890625,
        -6.616115570068359e-06,
        -2.2649765014648438e-06
      ]
    },
    {
      "detection_id": "sample_000069_det_0004",
      "class_id": 0,
      "class_name": "car",
      "class_group": "vehicle",
      "score": 0.480224609375,
      "position_ego": [
        47.79133605957031,
        18.460693359375,
        -0.85791015625
      ],
      "size_xyz": [
        2.185546875,
        4.96484375,
        1.845703125
      ],
      "yaw_rad": 1.1005859375,
      "velocity_ego": [
        -6.616115570068359e-06,
        -2.2649765014648438e-06
      ],
      "speed_mps": 6.9930754170600005e-06,
      "distance_m": 51.23288984302621,
      "bearing_deg": 21.12039928739278,
      "source_confidence": 0.480224609375,
      "raw_box_9d": [
        47.79133605957031,
        18.460693359375,
        -0.85791015625,
        2.185546875,
        4.96484375,
        1.845703125,
        1.1005859375,
        -6.616115570068359e-06,
        -2.2649765014648438e-06
      ]
    },
    {
      "detection_id": "sample_000069_det_0005",
      "class_id": 0,
      "class_name": "car",
      "class_group": "vehicle",
      "score": 0.1802978515625,
      "position_ego": [
        20.507965087890625,
        36.631500244140625,
        -0.77880859375
      ],
      "size_xyz": [
        2.291015625,
        5.16015625,
        2.0234375
      ],
      "yaw_rad": 1.1357421875,
      "velocity_ego": [
        -6.616115570068359e-06,
        -2.2649765014648438e-06
      ],
      "speed_mps": 6.9930754170600005e-06,
      "distance_m": 41.9814654601601,
      "bearing_deg": 60.7579314282402,
      "source_confidence": 0.1802978515625,
      "raw_box_9d": [
        20.507965087890625,
        36.631500244140625,
        -0.77880859375,
        2.291015625,
        5.16015625,
        2.0234375,
        1.1357421875,
        -6.616115570068359e-06,
        -2.2649765014648438e-06
      ]
    },
    {
      "detection_id": "sample_000069_det_0006",
      "class_id": 0,
      "class_name": "car",
      "class_group": "vehicle",
      "score": 0.118896484375,
      "position_ego": [
        12.013626098632812,
        52.85376739501953,
        -1.2509765625
      ],
      "size_xyz": [
        2.298828125,
        5.109375,
        1.9541015625
      ],
      "yaw_rad": 1.150390625,
      "velocity_ego": [
        -6.616115570068359e-06,
        -2.2649765014648438e-06
      ],
      "speed_mps": 6.9930754170600005e-06,
      "distance_m": 54.20191823067317,
      "bearing_deg": 77.19428439533853,
      "source_confidence": 0.118896484375,