{
  "sample_name": "sample_000101",
  "sequence_index": 101,
  "frame_id": 60102,
  "timestamp": 445.1197009012103,
  "prediction_variant": "single",
  "source_sample_dir": "D:\\Agent-AI\\outputs\\s3a_ml_long_v2\\sample_000101",
  "source_prediction_dir": "D:\\Agent-AI\\outputs\\live_watch_compare_multilane\\lw_s3a_ml_long_v2\\inference\\sample_000101",
  "ego": {
    "frame_id": 60102,
    "timestamp": 445.1197009012103,
    "sample_name": "sample_000101",
    "town": "Carla/Maps/Town10HD_Opt",
    "weather": {
      "cloudiness": 20.0,
      "dust_storm": 0.0,
      "fog_density": 2.0,
      "fog_distance": 0.75,
      "fog_falloff": 0.10000000149011612,
      "mie_scattering_scale": 0.029999999329447746,
      "precipitation": 0.0,
      "precipitation_deposits": 0.0,
      "rayleigh_scattering_scale": 0.03310000151395798,
      "scattering_intensity": 1.0,
      "sun_altitude_angle": 45.0,
      "sun_azimuth_angle": 300.0,
      "wetness": 0.0,
      "wind_intensity": 10.0
    },
    "position_world": [
      77.2875747680664,
      62.27989959716797,
      -0.004479522816836834
    ],
    "velocity_world": [
      6.82125537423417e-05,
      -1.6475731172249652e-05,
      -3.376007043698337e-06
    ],
    "speed_mps": 7.025524627578495e-05,
    "yaw_deg": -161.72349548339844,
    "route_progress_m": 53.241544928426755,
    "world_from_ego_bevfusion": [
      [
        -0.9495541453361511,
        -0.3136030435562134,
        -9.707222488941625e-05,
        77.2875747680664
      ],
      [
        0.3136030435562134,
        -0.9495541453361511,
        2.196269269916229e-05,
        62.27989959716797
      ],
      [
        -9.90629123407416e-05,
        -9.58738019107841e-06,
        1.0,
        -0.004479522816836834
      ],
      [
        0.0,
        0.0,
        0.0,
        1.0
      ]
    ]
  },
  "detections": [
    {
      "detection_id": "sample_000101_det_0000",
      "class_id": 0,
      "class_name": "car",
      "class_group": "vehicle",
      "score": 0.59521484375,
      "position_ego": [
        6.1330108642578125,
        0.24459457397460938,
        -1.517578125
      ],
      "size_xyz": [
        2.150390625,
        5.0,
        1.78125
      ],
      "yaw_rad": -1.73046875,
      "velocity_ego": [
        -6.616115570068359e-06,
        -2.2649765014648438e-06
      ],
      "speed_mps": 6.9930754170600005e-06,
      "distance_m": 6.13788634358133,
      "bearing_deg": 2.2838397123827527,
      "source_confidence": 0.59521484375,
      "raw_box_9d": [
        6.1330108642578125,
        0.24459457397460938,
        -1.517578125,
        2.150390625,
        5.0,
        1.78125,
        -1.73046875,
        -6.616115570068359e-06,
        -2.2649765014648438e-06
      ]
    },
    {
      "detection_id": "sample_000101_det_0001",
      "class_id": 0,
      "class_name": "car",
      "class_group": "vehicle",
      "score": 0.44287109375,
      "position_ego": [
        37.684425354003906,
        3.3326492309570312,
        -1.2724609375
      ],
      "size_xyz": [
        2.201171875,
        4.98828125,
        1.80859375
      ],
      "yaw_rad": 1.2705078125,
      "velocity_ego": [
        -6.616115570068359e-06,
        -2.2649765014648438e-06
      ],
      "speed_mps": 6.9930754170600005e-06,
      "distance_m": 37.83150096358973,
      "bearing_deg": 5.0538456245404015,
      "source_confidence": 0.44287109375,
      "raw_box_9d": [
        37.684425354003906,
        3.3326492309570312,
        -1.2724609375,
        2.201171875,
        4.98828125,
        1.80859375,
        1.2705078125,
        -6.616115570068359e-06,
        -2.2649765014648438e-06
      ]
    },
    {
      "detection_id": "sample_000101_det_0002",
      "class_id": 0,
      "class_name": "car",
      "class_group": "vehicle",
      "score": 0.388671875,
      "position_ego": [
        36.229766845703125,
        6.0187530517578125,
        -1.2431640625
      ],
      "size_xyz": [
        2.203125,
        5.015625,
        1.7705078125
      ],
      "yaw_rad": 1.2529296875,
      "velocity_ego": [
        -6.616115570068359e-06,
        -2.2649765014648438e-06
      ],
      "speed_mps": 6.9930754170600005e-06,
      "distance_m": 36.72630384332261,
      "bearing_deg": 9.432250922588983,
      "source_confidence": 0.388671875,
      "raw_box_9d": [
        36.229766845703125,
        6.0187530517578125,
        -1.2431640625,
        2.203125,
        5.015625,
        1.7705078125,
        1.2529296875,
        -6.616115570068359e-06,
        -2.2649765014648438e-06
      ]
    },
    {
      "detection_id": "sample_000101_det_0003",
      "class_id": 0,
      "class_name": "car",
      "class_group": "vehicle",
      "score": 0.2607421875,
      "position_ego": [
        -28.435911178588867,
        5.984474182128906,
        -1.125
      ],
      "size_xyz": [
        2.134765625,
        4.8984375,
        1.7861328125
      ],
      "yaw_rad": -0.83251953125,
      "velocity_ego": [
        0.2744140625,
        -0.481689453125
      ],
      "speed_mps": 0.5543715423338534,
      "distance_m": 29.058819242928003,
      "bearing_deg": 168.11526531680272,
      "source_confidence": 0.2607421875,
      "raw_box_9d": [
        -28.435911178588867,
        5.984474182128906,
        -1.125,
        2.134765625,
        4.8984375,
        1.7861328125,
        -0.83251953125,
        0.2744140625,
        -0.481689453125
      ]
    },
    {
      "detection_id": "sample_000101_det_0006",
      "class_id": 0,
      "class_name": "car",
      "class_group": "vehicle",
      "score": 0.1441650390625,
      "position_ego": [
        44.38770294189453,
        12.54931640625,
        -1.22265625
      ],
      "size_xyz": [
        2.2734375,
        5.08203125,
        1.91796875
      ],
      "yaw_rad": 1.2607421875,
      "velocity_ego": [
        -6.616115570068359e-06,
        -2.2649765014648438e-06
      ],
      "speed_mps": 6.9930754170600005e-06,
      "distance_m": 46.127578678292316,
      "bearing_deg": 15.786688658187574,
      "source_confidence": 0.1441650390625,
      "raw_box_9d": [
        44.38770294189453,
        12.54931640625,
        -1.22265625,
        2.2734375,
        5.08203125,
        1.91796875,
        1.2607421875,
        -6.616115570068359e-06,
        -2.2649765014648438e-06
      ]
    },
    {
      "detection_id": "sample_000101_det_0004",
      "class_id": 4,
      "class_name": "trailer",
      "class_group": "vehicle",
      "score": 0.142822265625,
      "position_ego": [
        14.945365905761719,
        27.25737762451172,
        0.0126953125
      ],
      "size_xyz": [
        3.412109375,
        17.109375,
        3.470703125
      ],
      "yaw_rad": -1.8662109375,
      "velocity_ego": [
        7.28125,
        0.88525390625
      ],
      "speed_mps": 7.334867145424713,
      "distance_m": 31.08582630431974,
      "bearing_deg": 61.2638058132246,
      "source_confidence": 0.142822265625,
      "raw_box_9d": [
        14.945365905761719,
        27.25737762451172,
        0.0126953125,
        3.412109375,
        17.109375,
        3.470703125,
        -1.8662109375,
        7.28125,
        0.88525390625
      ]
    },
    {
      "detection_id": "sample_000101_det_0005",
      "class_id": 0,
      "class_name": "car",
      "class_group": "vehicle",
      "score": 0.11737060546875,
      "position_ego": [
        -27.589597702026367,
        -7.524608612060547,
        -1.103515625
      ],
      "size_xyz": [
        2.25,
        5.15234375,
        1.8359375
      ],
      "yaw_rad": -1.265625,
      "velocity_ego": [
        0.026702880859375,
        0.001949310302734375
      ],
      "speed_mps": 0.02677393614779721,
      "distance_m": 28.597301203511396,
      "bearing_deg": -164.74454713949285,
      "source_confidence": 0.11737060546875,