{
  "sample_name": "sample_000026",
  "sequence_index": 26,
  "frame_id": 3946,
  "timestamp": 41.73108658567071,
  "prediction_variant": "single",
  "source_sample_dir": "D:\\Agent-AI\\outputs\\s3a_left_v3\\sample_000026",
  "source_prediction_dir": "D:\\Agent-AI\\outputs\\live_watch_compare_multilane\\lw_left_positive_v1\\inference\\sample_000026",
  "ego": {
    "frame_id": 3946,
    "timestamp": 41.73108658567071,
    "sample_name": "sample_000026",
    "town": "Carla/Maps/Town10HD_Opt",
    "weather": {
      "cloudiness": 20.0,
      "dust_storm": 0.0,
      "fog_density": 2.0,
      "fog_distance": 0.75,
      "fog_falloff": 0.10000000149011612,
      "mie_scattering_scale": 0.029999999329447746,
      "precipitation": 0.0,
      "precipitation_deposits": 0.0,
      "rayleigh_scattering_scale": 0.03310000151395798,
      "scattering_intensity": 1.0,
      "sun_altitude_angle": 45.0,
      "sun_azimuth_angle": 300.0,
      "wetness": 0.0,
      "wind_intensity": 10.0
    },
    "position_world": [
      108.42247009277344,
      33.833824157714844,
      -0.0031135939061641693
    ],
    "velocity_world": [
      -0.3023074269294739,
      1.1697078943252563,
      0.0009520435123704374
    ],
    "speed_mps": 1.2081420631740265,
    "yaw_deg": -103.51607513427734,
    "route_progress_m": 12.809007987110144,
    "world_from_ego_bevfusion": [
      [
        -0.23371261358261108,
        -0.9723055362701416,
        -0.0005074272630736232,
        108.42247009277344
      ],
      [
        0.9722814559936523,
        -0.2337104231119156,
        0.00694626197218895,
        33.833824157714844
      ],
      [
        -0.006872480269521475,
        0.0011300668120384216,
        0.9999757409095764,
        -0.0031135939061641693
      ],
      [
        0.0,
        0.0,
        0.0,
        1.0
      ]
    ]
  },
  "detections": [
    {
      "detection_id": "sample_000026_det_0000",
      "class_id": 0,
      "class_name": "car",
      "class_group": "vehicle",
      "score": 0.76318359375,
      "position_ego": [
        11.709175109863281,
        1.4115257263183594,
        -1.3837890625
      ],
      "size_xyz": [
        2.083984375,
        4.66796875,
        1.8193359375
      ],
      "yaw_rad": -1.8056640625,
      "velocity_ego": [
        -6.616115570068359e-06,
        -2.2649765014648438e-06
      ],
      "speed_mps": 6.9930754170600005e-06,
      "distance_m": 11.793947033521066,
      "bearing_deg": 6.873762772215132,
      "source_confidence": 0.76318359375,
      "raw_box_9d": [
        11.709175109863281,
        1.4115257263183594,
        -1.3837890625,
        2.083984375,
        4.66796875,
        1.8193359375,
        -1.8056640625,
        -6.616115570068359e-06,
        -2.2649765014648438e-06
      ]
    },
    {
      "detection_id": "sample_000026_det_0001",
      "class_id": 0,
      "class_name": "car",
      "class_group": "vehicle",
      "score": 0.41015625,
      "position_ego": [
        27.306556701660156,
        13.941505432128906,
        -1.25390625
      ],
      "size_xyz": [
        2.14453125,
        5.0,
        1.8154296875
      ],
      "yaw_rad": -2.33984375,
      "velocity_ego": [
        -6.616115570068359e-06,
        -2.2649765014648438e-06
      ],
      "speed_mps": 6.9930754170600005e-06,
      "distance_m": 30.659641429981875,
      "bearing_deg": 27.046821957206365,
      "source_confidence": 0.41015625,
      "raw_box_9d": [
        27.306556701660156,
        13.941505432128906,
        -1.25390625,
        2.14453125,
        5.0,
        1.8154296875,
        -2.33984375,
        -6.616115570068359e-06,
        -2.2649765014648438e-06
      ]
    },
    {
      "detection_id": "sample_000026_det_0002",
      "class_id": 0,
      "class_name": "car",
      "class_group": "vehicle",
      "score": 0.279541015625,
      "position_ego": [
        39.97771453857422,
        5.803199768066406,
        -0.693359375
      ],
      "size_xyz": [
        2.220703125,
        5.07421875,
        1.8994140625
      ],
      "yaw_rad": 1.1904296875,
      "velocity_ego": [
        -0.003143310546875,
        -0.00283050537109375
      ],
      "speed_mps": 0.004229912747313611,
      "distance_m": 40.396717530955584,
      "bearing_deg": 8.259414317011672,
      "source_confidence": 0.279541015625,
      "raw_box_9d": [
        39.97771453857422,
        5.803199768066406,
        -0.693359375,
        2.220703125,
        5.07421875,
        1.8994140625,
        1.1904296875,
        -0.003143310546875,
        -0.00283050537109375
      ]
    }
  ],
  "class_names": [
    "car",
    "truck",
    "construction_vehicle",
    "bus",
    "trailer",
    "barrier",
    "motorcycle",
    "bicycle",
    "pedestrian",
    "traffic_cone"
  ],
  "raw_prediction_count": 200,
  "filtered_prediction_count": 3
}