{
  "active_object_count": 6,
  "front_free_space_m": 10.698628723959828,
  "left_side_occupancy": 0.0,
  "right_side_occupancy": 0.532166899458378,
  "rear_gap_m": null,
  "nearest_front_vehicle": {
    "track_id": 1,
    "class": "car",
    "distance_m": 11.825674704531231,
    "bearing_deg": 6.875941150993817,
    "position_ego": [
      11.740620911459828,
      1.4157693423654891,
      -1.3837890625
    ],
    "velocity_ego": [
      -0.639717677396372,
      -0.0940501458827534
    ],
    "risk_level": "high",
    "risk_score": 0.6113074397160159
  },
  "nearest_vru": null,
  "nearest_any_object": {
    "track_id": 1,
    "class": "car",
    "distance_m": 11.825674704531231,
    "bearing_deg": 6.875941150993817,
    "position_ego": [
      11.740620911459828,
      1.4157693423654891,
      -1.3837890625
    ],
    "velocity_ego": [
      -0.639717677396372,
      -0.0940501458827534
    ],
    "risk_level": "high",
    "risk_score": 0.6113074397160159
  },
  "abnormal_flags": [
    "high_risk_scene"
  ]
}