{
  "sample_name": "sample_000017",
  "sequence_index": 17,
  "frame_id": 3937,
  "timestamp": 40.831086572259665,
  "prediction_variant": "single",
  "source_sample_dir": "D:\\Agent-AI\\outputs\\s3a_left_v3\\sample_000017",
  "source_prediction_dir": "D:\\Agent-AI\\outputs\\live_watch_compare_multilane\\lw_left_positive_v1\\inference\\sample_000017",
  "ego": {
    "frame_id": 3937,
    "timestamp": 40.831086572259665,
    "sample_name": "sample_000017",
    "town": "Carla/Maps/Town10HD_Opt",
    "weather": {
      "cloudiness": 20.0,
      "dust_storm": 0.0,
      "fog_density": 2.0,
      "fog_distance": 0.75,
      "fog_falloff": 0.10000000149011612,
      "mie_scattering_scale": 0.029999999329447746,
      "precipitation": 0.0,
      "precipitation_deposits": 0.0,
      "rayleigh_scattering_scale": 0.03310000151395798,
      "scattering_intensity": 1.0,
      "sun_altitude_angle": 45.0,
      "sun_azimuth_angle": 300.0,
      "wetness": 0.0,
      "wind_intensity": 10.0
    },
    "position_world": [
      109.0704574584961,
      30.73304557800293,
      -0.004283485468477011
    ],
    "velocity_world": [
      -1.3898309469223022,
      7.935515403747559,
      1.5449522834387608e-05
    ],
    "speed_mps": 8.056304039966243,
    "yaw_deg": -98.86427307128906,
    "route_progress_m": 9.640416081242122,
    "world_from_ego_bevfusion": [
      [
        -0.15409423410892487,
        -0.9880183935165405,
        0.008636722341179848,
        109.0704574584961
      ],
      [
        0.9880560636520386,
        -0.15408599376678467,
        0.0016169620212167501,
        30.73304557800293
      ],
      [
        -0.000266790360910818,
        0.00878273043781519,
        0.9999613761901855,
        -0.004283485468477011
      ],
      [
        0.0,
        0.0,
        0.0,
        1.0
      ]
    ]
  },
  "detections": [
    {
      "detection_id": "sample_000017_det_0000",
      "class_id": 0,
      "class_name": "car",
      "class_group": "vehicle",
      "score": 0.72412109375,
      "position_ego": [
        14.842460632324219,
        2.5762977600097656,
        -1.40625
      ],
      "size_xyz": [
        2.162109375,
        4.88671875,
        1.873046875
      ],
      "yaw_rad": -1.9013671875,
      "velocity_ego": [
        -6.616115570068359e-06,
        -2.2649765014648438e-06
      ],
      "speed_mps": 6.9930754170600005e-06,
      "distance_m": 15.064393375450788,
      "bearing_deg": 9.847072184230669,
      "source_confidence": 0.72412109375,
      "raw_box_9d": [
        14.842460632324219,
        2.5762977600097656,
        -1.40625,
        2.162109375,
        4.88671875,
        1.873046875,
        -1.9013671875,
        -6.616115570068359e-06,
        -2.2649765014648438e-06
      ]
    },
    {
      "detection_id": "sample_000017_det_0001",
      "class_id": 0,
      "class_name": "car",
      "class_group": "vehicle",
      "score": 0.35791015625,
      "position_ego": [
        29.334815979003906,
        16.345314025878906,
        -1.431640625
      ],
      "size_xyz": [
        2.16015625,
        5.02734375,
        1.8935546875
      ],
      "yaw_rad": -2.466796875,
      "velocity_ego": [
        -6.616115570068359e-06,
        -2.2649765014648438e-06
      ],
      "speed_mps": 6.9930754170600005e-06,
      "distance_m": 33.58125547275767,
      "bearing_deg": 29.126484204614272,
      "source_confidence": 0.35791015625,
      "raw_box_9d": [
        29.334815979003906,
        16.345314025878906,
        -1.431640625,
        2.16015625,
        5.02734375,
        1.8935546875,
        -2.466796875,
        -6.616115570068359e-06,
        -2.2649765014648438e-06
      ]
    },
    {
      "detection_id": "sample_000017_det_0002",
      "class_id": 0,
      "class_name": "car",
      "class_group": "vehicle",
      "score": 0.271728515625,
      "position_ego": [
        27.450881958007812,
        -3.3188934326171875,
        -0.916015625
      ],
      "size_xyz": [
        2.197265625,
        4.9609375,
        1.9140625
      ],
      "yaw_rad": 1.1748046875,
      "velocity_ego": [
        -0.1912841796875,
        -0.09283447265625
      ],
      "speed_mps": 0.21262143991630716,
      "distance_m": 27.65078613510922,
      "bearing_deg": -6.893770459121064,
      "source_confidence": 0.271728515625,
      "raw_box_9d": [
        27.450881958007812,
        -3.3188934326171875,
        -0.916015625,
        2.197265625,
        4.9609375,
        1.9140625,
        1.1748046875,
        -0.1912841796875,
        -0.09283447265625
      ]
    }
  ],
  "class_names": [
    "car",
    "truck",
    "construction_vehicle",
    "bus",
    "trailer",
    "barrier",
    "motorcycle",
    "bicycle",
    "pedestrian",
    "traffic_cone"
  ],
  "raw_prediction_count": 200,
  "filtered_prediction_count": 3
}