{
  "active_object_count": 4,
  "front_free_space_m": null,
  "left_side_occupancy": 0.49172769855478893,
  "right_side_occupancy": 0.2846229589078443,
  "rear_gap_m": null,
  "nearest_front_vehicle": null,
  "nearest_vru": null,
  "nearest_any_object": {
    "track_id": 1,
    "class": "car",
    "distance_m": 15.24816904335633,
    "bearing_deg": 10.024080322383815,
    "position_ego": [
      15.015400940100097,
      2.6541276877368665,
      -1.40625
    ],
    "velocity_ego": [
      -4.962020459102336,
      -1.7386484178623633
    ],
    "risk_level": "medium",
    "risk_score": 0.43563873217482746
  },
  "abnormal_flags": []
}