{
  "sample_name": "sample_000082",
  "sequence_index": 82,
  "frame_id": 60083,
  "timestamp": 443.2197008728981,
  "prediction_variant": "single",
  "source_sample_dir": "D:\\Agent-AI\\outputs\\s3a_ml_long_v2\\sample_000082",
  "source_prediction_dir": "D:\\Agent-AI\\outputs\\live_watch_compare_multilane\\lw_s3a_ml_long_v2\\inference\\sample_000082",
  "ego": {
    "frame_id": 60083,
    "timestamp": 443.2197008728981,
    "sample_name": "sample_000082",
    "town": "Carla/Maps/Town10HD_Opt",
    "weather": {
      "cloudiness": 20.0,
      "dust_storm": 0.0,
      "fog_density": 2.0,
      "fog_distance": 0.75,
      "fog_falloff": 0.10000000149011612,
      "mie_scattering_scale": 0.029999999329447746,
      "precipitation": 0.0,
      "precipitation_deposits": 0.0,
      "rayleigh_scattering_scale": 0.03310000151395798,
      "scattering_intensity": 1.0,
      "sun_altitude_angle": 45.0,
      "sun_azimuth_angle": 300.0,
      "wetness": 0.0,
      "wind_intensity": 10.0
    },
    "position_world": [
      78.44661712646484,
      61.912811279296875,
      -0.004211387597024441
    ],
    "velocity_world": [
      -2.8278186321258545,
      0.9503445029258728,
      1.1348723774062819e-06
    ],
    "speed_mps": 2.9832386579757326,
    "yaw_deg": -159.97059631347656,
    "route_progress_m": 52.02410850305674,
    "world_from_ego_bevfusion": [
      [
        -0.9395160675048828,
        -0.34250321984291077,
        -0.0009995633736252785,
        78.44661712646484
      ],
      [
        0.3425019681453705,
        -0.9395162463188171,
        0.0012328738812357187,
        61.912811279296875
      ],
      [
        -0.0013613695045933127,
        0.0008159524877555668,
        0.9999986886978149,
        -0.004211387597024441
      ],
      [
        0.0,
        0.0,
        0.0,
        1.0
      ]
    ]
  },
  "detections": [
    {
      "detection_id": "sample_000082_det_0000",
      "class_id": 0,
      "class_name": "car",
      "class_group": "vehicle",
      "score": 0.77197265625,
      "position_ego": [
        -27.40458869934082,
        5.106082916259766,
        -1.2900390625
      ],
      "size_xyz": [
        2.08984375,
        4.875,
        1.7314453125
      ],
      "yaw_rad": -0.8701171875,
      "velocity_ego": [
        -6.616115570068359e-06,
        -2.2649765014648438e-06
      ],
      "speed_mps": 6.9930754170600005e-06,
      "distance_m": 27.876218619600444,
      "bearing_deg": 169.44555038864632,
      "source_confidence": 0.77197265625,
      "raw_box_9d": [
        -27.40458869934082,
        5.106082916259766,
        -1.2900390625,
        2.08984375,
        4.875,
        1.7314453125,
        -0.8701171875,
        -6.616115570068359e-06,
        -2.2649765014648438e-06
      ]
    },
    {
      "detection_id": "sample_000082_det_0001",
      "class_id": 0,
      "class_name": "car",
      "class_group": "vehicle",
      "score": 0.69091796875,
      "position_ego": [
        38.69578552246094,
        4.488410949707031,
        -1.08203125
      ],
      "size_xyz": [
        2.138671875,
        4.86328125,
        1.791015625
      ],
      "yaw_rad": -1.9326171875,
      "velocity_ego": [
        -6.616115570068359e-06,
        -2.2649765014648438e-06
      ],
      "speed_mps": 6.9930754170600005e-06,
      "distance_m": 38.955226222597496,
      "bearing_deg": 6.61629934395005,
      "source_confidence": 0.69091796875,
      "raw_box_9d": [
        38.69578552246094,
        4.488410949707031,
        -1.08203125,
        2.138671875,
        4.86328125,
        1.791015625,
        -1.9326171875,
        -6.616115570068359e-06,
        -2.2649765014648438e-06
      ]
    },
    {
      "detection_id": "sample_000082_det_0002",
      "class_id": 0,
      "class_name": "car",
      "class_group": "vehicle",
      "score": 0.5888671875,
      "position_ego": [
        7.177883148193359,
        0.4683113098144531,
        -1.4365234375
      ],
      "size_xyz": [
        2.09375,
        4.875,
        1.75
      ],
      "yaw_rad": -1.73828125,
      "velocity_ego": [
        -6.616115570068359e-06,
        -2.2649765014648438e-06
      ],
      "speed_mps": 6.9930754170600005e-06,
      "distance_m": 7.193144095040662,
      "bearing_deg": 3.7328952478921997,
      "source_confidence": 0.5888671875,
      "raw_box_9d": [
        7.177883148193359,
        0.4683113098144531,
        -1.4365234375,
        2.09375,
        4.875,
        1.75,
        -1.73828125,
        -6.616115570068359e-06,
        -2.2649765014648438e-06
      ]
    },
    {
      "detection_id": "sample_000082_det_0003",
      "class_id": 0,
      "class_name": "car",
      "class_group": "vehicle",
      "score": 0.5341796875,
      "position_ego": [
        37.25361633300781,
        7.223148345947266,
        -1.22265625
      ],
      "size_xyz": [
        2.17578125,
        4.98046875,
        1.7978515625
      ],
      "yaw_rad": 1.3251953125,
      "velocity_ego": [
        -6.616115570068359e-06,
        -2.2649765014648438e-06
      ],
      "speed_mps": 6.9930754170600005e-06,
      "distance_m": 37.947408368879515,
      "bearing_deg": 10.972993891132989,
      "source_confidence": 0.5341796875,
      "raw_box_9d": [
        37.25361633300781,
        7.223148345947266,
        -1.22265625,
        2.17578125,
        4.98046875,
        1.7978515625,
        1.3251953125,
        -6.616115570068359e-06,
        -2.2649765014648438e-06
      ]
    },
    {
      "detection_id": "sample_000082_det_0004",
      "class_id": 0,
      "class_name": "car",
      "class_group": "vehicle",
      "score": 0.421875,
      "position_ego": [
        45.08013153076172,
        13.9969482421875,
        -0.8193359375
      ],
      "size_xyz": [
        2.1796875,
        4.96484375,
        1.8408203125
      ],
      "yaw_rad": 1.1298828125,
      "velocity_ego": [
        -6.616115570068359e-06,
        -2.2649765014648438e-06
      ],
      "speed_mps": 6.9930754170600005e-06,
      "distance_m": 47.20310179347595,
      "bearing_deg": 17.24906721874146,
      "source_confidence": 0.421875,
      "raw_box_9d": [
        45.08013153076172,
        13.9969482421875,
        -0.8193359375,
        2.1796875,
        4.96484375,
        1.8408203125,
        1.1298828125,
        -6.616115570068359e-06,
        -2.2649765014648438e-06
      ]
    },
    {
      "detection_id": "sample_000082_det_0005",
      "class_id": 0,
      "class_name": "car",
      "class_group": "vehicle",
      "score": 0.2457275390625,
      "position_ego": [
        -45.806541442871094,
        2.8381385803222656,
        -0.52587890625
      ],
      "size_xyz": [
        2.22265625,
        4.9609375,
        1.990234375
      ],
      "yaw_rad": -0.64599609375,
      "velocity_ego": [
        -6.616115570068359e-06,
        -2.2649765014648438e-06
      ],
      "speed_mps": 6.9930754170600005e-06,
      "distance_m": 45.89438167748402,
      "bearing_deg": 176.4545292628233,
      "source_confidence": 0.2457275390625,
      "raw_box_9d": [
        -45.806541442871094,
        2.8381385803222656,
        -0.52587890625,
        2.22265625,
        4.9609375,
        1.990234375,
        -0.64599609375,
        -6.616115570068359e-06,
        -2.2649765014648438e-06
      ]
    },
    {
      "detection_id": "sample_000082_det_0006",
      "class_id": 0,
      "class_name": "car",
      "class_group": "vehicle",
      "score": 0.1895751953125,
      "position_ego": [
        19.86181640625,
        34.72881317138672,
        -0.63134765625
      ],
      "size_xyz": [
        2.2734375,
        5.265625,
        2.140625
      ],
      "yaw_rad": 1.1669921875,
      "velocity_ego": [
        -6.616115570068359e-06,
        -2.2649765014648438e-06
      ],
      "speed_mps": 6.9930754170600005e-06,
      "distance_m": 40.00727702866899,
      "bearing_deg": 60.2342533880203,
      "source_confidence": 0.1895751953125,