{
  "frame": 60013,
  "timestamp": 436.21970076859,
  "sample_name": "sample_000012",
  "ego": {
    "frame_id": 60013,
    "timestamp": 436.21970076859,
    "sample_name": "sample_000012",
    "town": "Carla/Maps/Town10HD_Opt",
    "weather": {
      "cloudiness": 20.0,
      "dust_storm": 0.0,
      "fog_density": 2.0,
      "fog_distance": 0.75,
      "fog_falloff": 0.10000000149011612,
      "mie_scattering_scale": 0.029999999329447746,
      "precipitation": 0.0,
      "precipitation_deposits": 0.0,
      "rayleigh_scattering_scale": 0.03310000151395798,
      "scattering_intensity": 1.0,
      "sun_altitude_angle": 45.0,
      "sun_azimuth_angle": 300.0,
      "wetness": 0.0,
      "wind_intensity": 10.0
    },
    "position_world": [
      105.94498443603516,
      28.207069396972656,
      -0.0062442016787827015
    ],
    "velocity_world": [
      -1.0892913341522217,
      8.828325271606445,
      -8.459091077384073e-06
    ],
    "speed_mps": 8.895273054382068,
    "yaw_deg": -96.37985229492188,
    "route_progress_m": 6.137979936896038,
    "world_from_ego_bevfusion": [
      [
        -0.11111496388912201,
        -0.9937806725502014,
        0.0073165250942111015,
        105.94498443603516
      ],
      [
        0.9937670826911926,
        -0.11117389053106308,
        -0.008209221065044403,
        28.207069396972656
      ],
      [
        0.008971570059657097,
        0.006358754821121693,
        0.9999395608901978,
        -0.0062442016787827015
      ],
      [
        0.0,
        0.0,
        0.0,
        1.0
      ]
    ],
    "position_world_carla": [
      105.94498443603516,
      -28.207069396972656,
      -0.0062442016787827015
    ]
  },
  "scene": {
    "active_object_count": 2,
    "front_free_space_m": 18.528834223456176,
    "left_side_occupancy": 0.0,
    "right_side_occupancy": 0.0,
    "rear_gap_m": null,
    "nearest_front_vehicle": {
      "track_id": 1,
      "class": "car",
      "distance_m": 19.634970276142266,
      "bearing_deg": 3.6454736837734414,
      "position_ego": [
        19.595240473456176,
        1.2484424425720495,
        -1.6015625
      ],
      "velocity_ego": [
        -5.08485297260904,
        -2.123575631701185
      ],
      "risk_level": "high",
      "risk_score": 0.652737722928933
    },
    "nearest_vru": null,
    "nearest_any_object": {
      "track_id": 1,
      "class": "car",
      "distance_m": 19.634970276142266,
      "bearing_deg": 3.6454736837734414,
      "position_ego": [
        19.595240473456176,
        1.2484424425720495,
        -1.6015625
      ],
      "velocity_ego": [
        -5.08485297260904,
        -2.123575631701185
      ],
      "risk_level": "high",
      "risk_score": 0.652737722928933
    },
    "abnormal_flags": [
      "high_risk_scene"
    ],
    "lane_scene": {
      "current_lane_blocked": false,
      "front_object_in_current_lane": null,
      "front_object_count_current_lane": 0,
      "left_lane_occupancy_count": 0,
      "right_lane_occupancy_count": 0,
      "left_lane_available": false,
      "right_lane_available": true,
      "junction_active": false,
      "junction_ahead": false
    }
  },
  "risk_summary": {
    "highest_risk_level": "high",
    "highest_risk_score": 0.652737722928933,
    "urgent_track_ids": [
      1
    ],
    "front_hazard_track_id": 1,
    "nearest_front_vehicle_distance_m": 19.634970276142266,
    "nearest_vru_distance_m": null,
    "minimum_ttc_seconds": 3.8536493737402697,
    "flags": [
      "hazard_present"
    ]
  },
  "decision_context": {
    "recommended_maneuvers": [
      "keep_lane"
    ],
    "hard_constraints": [],
    "soft_constraints": [
      "prefer_keep_lane"
    ],
    "stage2_decision_intent": {
      "frame_id": 60013,
      "timestamp": 436.21970076859,
      "maneuver": "slow_down",
      "target_speed_mps": 5.3371638326292405,
      "lane_preference": "keep_current",
      "constraints": [],
      "confidence": 0.72,
      "reasoning_tags": [
        "high_risk_scene",
        "precautionary_brake"
      ]
    },
    "maneuver_validation_preview": {
      "frame_id": 60013,
      "requested_intent": {
        "frame_id": 60013,
        "timestamp": 436.21970076859,
        "maneuver": "slow_down",
        "target_speed_mps": 5.3371638326292405,
        "lane_preference": "keep_current",
        "constraints": [],
        "confidence": 0.72,
        "reasoning_tags": [
          "high_risk_scene",
          "precautionary_brake"
        ]
      },
      "valid_maneuvers": [
        "keep_lane",
        "slow_down",
        "stop",
        "lane_change_right"
      ],
      "invalid_maneuvers": [
        {
          "maneuver": "follow",
          "reason": "no_front_object_in_current_lane"
        },
        {
          "maneuver": "yield",
          "reason": "no_vru_yield_condition"
        },
        {
          "maneuver": "lane_change_left",
          "reason": "no_left_lane"
        }
      ],
      "selected_behavior": "slow_down",
      "selected_maneuver": "slow_down",
      "lane_change_permission": {
        "left": false,
        "right": true,
        "left_reason": "no_left_lane",
        "right_reason": null
      },
      "reasoning_tags": []
    }
  },
  "lane_context": {
    "frame_id": 60013,
    "sample_name": "sample_000012",
    "current_lane": {
      "exists": true,
      "role": "current_lane",
      "road_id": 10,
      "section_id": 0,
      "lane_id": -1,
      "lane_width_m": 3.5,
      "lane_type": "Driving",
      "lane_change": "Right",
      "same_direction_as_ego": true,
      "transform_carla": {
        "location": {
          "x": 106.17520141601562,
          "y": -28.29605484008789,
          "z": 0.0
        },
        "rotation": {
          "roll": 0.0,
          "pitch": 0.0,
          "yaw": -97.0259017944336
        }
      },
      "transform_bevfusion_world": {
        "location": {
          "x": 106.17520141601562,
          "y": 28.29605484008789,
          "z": 0.0
        },
        "rotation": {
          "roll": 0.0,
          "pitch": 0.0,
          "yaw": -97.0259017944336
        }
      },
      "lane_change_allowed_from_current": false
    },
    "left_lane": {
      "exists": false,
      "role": "left_lane",
      "road_id": null,
      "section_id": null,
      "lane_id": null,
      "lane_width_m": null,
      "lane_type": null,
      "lane_change": null,
      "same_direction_as_ego": false,
      "transform_carla": null,
      "transform_bevfusion_world": null,
      "lane_change_allowed_from_current": false
    },
    "right_lane": {
      "exists": true,
      "role": "right_lane",
      "road_id": 10,
      "section_id": 0,
      "lane_id": -2,
      "lane_width_m": 3.5,
      "lane_type": "Driving",
      "lane_change": "Left",
      "same_direction_as_ego": true,
      "transform_carla": {
        "location": {
          "x": 109.64891815185547,
          "y": -28.72416877746582,
          "z": 0.0
        },
        "rotation": {
          "roll": 0.0,
          "pitch": 0.0,
          "yaw": -97.0259017944336
        }
      },
      "transform_bevfusion_world": {
        "location": {
          "x": 109.64891815185547,
          "y": 28.72416877746582,
          "z": 0.0
        },
        "rotation": {
          "roll": 0.0,
          "pitch": 0.0,
          "yaw": -97.0259017944336
        }
      },
      "lane_change_allowed_from_current": true
    },
    "forward_corridor": {
      "horizon_m": 60.0,
      "sample_step_m": 5.0,
      "chain": [
        {
          "distance_m": 0.0,
          "road_id": 10,
          "section_id": 0,
          "lane_id": -1,
          "is_junction": false,
          "yaw_deg": -97.0259017944336,
          "position_carla": {
            "x": 106.17520141601562,
            "y": -28.29605484008789,
            "z": 0.0
          },
          "position_bevfusion_world": {
            "x": 106.17520141601562,
            "y": 28.29605484008789,