{
  "active_object_count": 5,
  "front_free_space_m": null,
  "left_side_occupancy": 0.0,
  "right_side_occupancy": 0.8842429870721797,
  "rear_gap_m": null,
  "nearest_front_vehicle": null,
  "nearest_vru": null,
  "nearest_any_object": {
    "track_id": 1,
    "class": "car",
    "distance_m": 3.4727103878346064,
    "bearing_deg": -80.62450029566979,
    "position_ego": [
      0.5657186852256142,
      -3.4263216146417115,
      -1.44921875
    ],
    "velocity_ego": [
      -4.897685763630764,
      -0.19246257965745647
    ],
    "risk_level": "high",
    "risk_score": 0.8239546720912405
  },
  "abnormal_flags": [
    "high_risk_scene"
  ]
}