{
  "active_object_count": 2,
  "front_free_space_m": 18.528834223456176,
  "left_side_occupancy": 0.0,
  "right_side_occupancy": 0.0,
  "rear_gap_m": null,
  "nearest_front_vehicle": {
    "track_id": 1,
    "class": "car",
    "distance_m": 19.634970276142266,
    "bearing_deg": 3.6454736837734414,
    "position_ego": [
      19.595240473456176,
      1.2484424425720495,
      -1.6015625
    ],
    "velocity_ego": [
      -5.08485297260904,
      -2.123575631701185
    ],
    "risk_level": "high",
    "risk_score": 0.652737722928933
  },
  "nearest_vru": null,
  "nearest_any_object": {
    "track_id": 1,
    "class": "car",
    "distance_m": 19.634970276142266,
    "bearing_deg": 3.6454736837734414,
    "position_ego": [
      19.595240473456176,
      1.2484424425720495,
      -1.6015625
    ],
    "velocity_ego": [
      -5.08485297260904,
      -2.123575631701185
    ],
    "risk_level": "high",
    "risk_score": 0.652737722928933
  },
  "abnormal_flags": [
    "high_risk_scene"
  ]
}