{
  "sample_name": "sample_000015",
  "sequence_index": 15,
  "frame_id": 60016,
  "timestamp": 436.5197007730603,
  "prediction_variant": "single",
  "source_sample_dir": "D:\\Agent-AI\\outputs\\s3a_ml_long_v2\\sample_000015",
  "source_prediction_dir": "D:\\Agent-AI\\outputs\\live_watch_compare_multilane\\lw_s3a_ml_long_v2\\inference\\sample_000015",
  "ego": {
    "frame_id": 60016,
    "timestamp": 436.5197007730603,
    "sample_name": "sample_000015",
    "town": "Carla/Maps/Town10HD_Opt",
    "weather": {
      "cloudiness": 20.0,
      "dust_storm": 0.0,
      "fog_density": 2.0,
      "fog_distance": 0.75,
      "fog_falloff": 0.10000000149011612,
      "mie_scattering_scale": 0.029999999329447746,
      "precipitation": 0.0,
      "precipitation_deposits": 0.0,
      "rayleigh_scattering_scale": 0.03310000151395798,
      "scattering_intensity": 1.0,
      "sun_altitude_angle": 45.0,
      "sun_azimuth_angle": 300.0,
      "wetness": 0.0,
      "wind_intensity": 10.0
    },
    "position_world": [
      105.539306640625,
      30.75734519958496,
      -0.004341240040957928
    ],
    "velocity_world": [
      -1.46452796459198,
      8.023847579956055,
      0.00011743545474018902
    ],
    "speed_mps": 8.1564068166828,
    "yaw_deg": -99.76786041259766,
    "route_progress_m": 8.720515153801552,
    "world_from_ego_bevfusion": [
      [
        -0.16965675354003906,
        -0.9854695796966553,
        0.008144563063979149,
        105.539306640625
      ],
      [
        0.9855031967163086,
        -0.16965076327323914,
        0.0014253301778808236,
        30.75734519958496
      ],
      [
        -2.2888181774760596e-05,
        0.008268309757113457,
        0.9999658465385437,
        -0.004341240040957928
      ],
      [
        0.0,
        0.0,
        0.0,
        1.0
      ]
    ]
  },
  "detections": [
    {
      "detection_id": "sample_000015_det_0000",
      "class_id": 0,
      "class_name": "car",
      "class_group": "vehicle",
      "score": 0.642578125,
      "position_ego": [
        16.896827697753906,
        0.0773468017578125,
        -1.359375
      ],
      "size_xyz": [
        2.126953125,
        4.859375,
        1.85546875
      ],
      "yaw_rad": -1.8916015625,
      "velocity_ego": [
        -6.616115570068359e-06,
        -2.2649765014648438e-06
      ],
      "speed_mps": 6.9930754170600005e-06,
      "distance_m": 16.897004727919256,
      "bearing_deg": 0.2622749326159702,
      "source_confidence": 0.642578125,
      "raw_box_9d": [
        16.896827697753906,
        0.0773468017578125,
        -1.359375,
        2.126953125,
        4.859375,
        1.85546875,
        -1.8916015625,
        -6.616115570068359e-06,
        -2.2649765014648438e-06
      ]
    },
    {
      "detection_id": "sample_000015_det_0001",
      "class_id": 0,
      "class_name": "car",
      "class_group": "vehicle",
      "score": 0.50244140625,
      "position_ego": [
        38.54634094238281,
        28.075927734375,
        -1.248046875
      ],
      "size_xyz": [
        2.146484375,
        4.96484375,
        1.8359375
      ],
      "yaw_rad": 0.334228515625,
      "velocity_ego": [
        -0.028961181640625,
        -0.165283203125
      ],
      "speed_mps": 0.16780133276372178,
      "distance_m": 47.687295144433016,
      "bearing_deg": 36.06840313155007,
      "source_confidence": 0.50244140625,
      "raw_box_9d": [
        38.54634094238281,
        28.075927734375,
        -1.248046875,
        2.146484375,
        4.96484375,
        1.8359375,
        0.334228515625,
        -0.028961181640625,
        -0.165283203125
      ]
    },
    {
      "detection_id": "sample_000015_det_0002",
      "class_id": 0,
      "class_name": "car",
      "class_group": "vehicle",
      "score": 0.309814453125,
      "position_ego": [
        26.685218811035156,
        -7.377758026123047,
        -1.0244140625
      ],
      "size_xyz": [
        2.1796875,
        4.89453125,
        1.873046875
      ],
      "yaw_rad": 1.40234375,
      "velocity_ego": [
        -6.616115570068359e-06,
        -2.2649765014648438e-06
      ],
      "speed_mps": 6.9930754170600005e-06,
      "distance_m": 27.68631821829778,
      "bearing_deg": -15.454715555001195,
      "source_confidence": 0.309814453125,
      "raw_box_9d": [
        26.685218811035156,
        -7.377758026123047,
        -1.0244140625,
        2.1796875,
        4.89453125,
        1.873046875,
        1.40234375,
        -6.616115570068359e-06,
        -2.2649765014648438e-06
      ]
    }
  ],
  "class_names": [
    "car",
    "truck",
    "construction_vehicle",
    "bus",
    "trailer",
    "barrier",
    "motorcycle",
    "bicycle",
    "pedestrian",
    "traffic_cone"
  ],
  "raw_prediction_count": 200,
  "filtered_prediction_count": 3
}