{
  "sample_name": "sample_000072",
  "sequence_index": 72,
  "frame_id": 726345,
  "timestamp": 5004.394624825567,
  "prediction_variant": "single",
  "source_sample_dir": "D:\\Agent-AI\\outputs\\s3a_ml_long_v1\\sample_000072",
  "source_prediction_dir": "D:\\Agent-AI\\outputs\\live_watch_compare_multilane\\lw_s3a_ml_long_v1\\inference\\sample_000072",
  "ego": {
    "frame_id": 726345,
    "timestamp": 5004.394624825567,
    "sample_name": "sample_000072",
    "town": "Carla/Maps/Town10HD_Opt",
    "weather": {
      "cloudiness": 20.0,
      "dust_storm": 0.0,
      "fog_density": 2.0,
      "fog_distance": 0.75,
      "fog_falloff": 0.10000000149011612,
      "mie_scattering_scale": 0.029999999329447746,
      "precipitation": 0.0,
      "precipitation_deposits": 0.0,
      "rayleigh_scattering_scale": 0.03310000151395798,
      "scattering_intensity": 1.0,
      "sun_altitude_angle": 45.0,
      "sun_azimuth_angle": 300.0,
      "wetness": 0.0,
      "wind_intensity": 10.0
    },
    "position_world": [
      103.61872100830078,
      37.35604476928711,
      -0.0045007322914898396
    ],
    "velocity_world": [
      3.4383557334649595e-08,
      -4.7919979095922827e-08,
      2.5749204723979346e-07
    ],
    "speed_mps": 2.641603827285213e-07,
    "yaw_deg": -109.1600341796875,
    "route_progress_m": 15.600504436678294,
    "world_from_ego_bevfusion": [
      [
        -0.3282078504562378,
        -0.9446055293083191,
        0.0,
        103.61872100830078
      ],
      [
        0.9446055293083191,
        -0.3282078504562378,
        0.0,
        37.35604476928711
      ],
      [
        0.0,
        0.0,
        1.0,
        -0.0045007322914898396
      ],
      [
        0.0,
        0.0,
        0.0,
        1.0
      ]
    ]
  },
  "detections": [
    {
      "detection_id": "sample_000072_det_0000",
      "class_id": 0,
      "class_name": "car",
      "class_group": "vehicle",
      "score": 0.6533203125,
      "position_ego": [
        6.4472198486328125,
        0.22723770141601562,
        -1.478515625
      ],
      "size_xyz": [
        2.125,
        4.89453125,
        1.7822265625
      ],
      "yaw_rad": -1.6796875,
      "velocity_ego": [
        -6.616115570068359e-06,
        -2.2649765014648438e-06
      ],
      "speed_mps": 6.9930754170600005e-06,
      "distance_m": 6.451223197933066,
      "bearing_deg": 2.0186024685387247,
      "source_confidence": 0.6533203125,
      "raw_box_9d": [
        6.4472198486328125,
        0.22723770141601562,
        -1.478515625,
        2.125,
        4.89453125,
        1.7822265625,
        -1.6796875,
        -6.616115570068359e-06,
        -2.2649765014648438e-06
      ]
    },
    {
      "detection_id": "sample_000072_det_0001",
      "class_id": 0,
      "class_name": "car",
      "class_group": "vehicle",
      "score": 0.149169921875,
      "position_ego": [
        6.0136260986328125,
        -3.1831016540527344,
        -1.6220703125
      ],
      "size_xyz": [
        2.16796875,
        5.08984375,
        1.791015625
      ],
      "yaw_rad": -1.630859375,
      "velocity_ego": [
        -6.616115570068359e-06,
        -2.2649765014648438e-06
      ],
      "speed_mps": 6.9930754170600005e-06,
      "distance_m": 6.804104275670013,
      "bearing_deg": -27.89293409670112,
      "source_confidence": 0.149169921875,
      "raw_box_9d": [
        6.0136260986328125,
        -3.1831016540527344,
        -1.6220703125,
        2.16796875,
        5.08984375,
        1.791015625,
        -1.630859375,
        -6.616115570068359e-06,
        -2.2649765014648438e-06
      ]
    }
  ],
  "class_names": [
    "car",
    "truck",
    "construction_vehicle",
    "bus",
    "trailer",
    "barrier",
    "motorcycle",
    "bicycle",
    "pedestrian",
    "traffic_cone"
  ],
  "raw_prediction_count": 200,
  "filtered_prediction_count": 2
}