{
  "sample_name": "sample_000061",
  "sequence_index": 61,
  "frame_id": 60062,
  "timestamp": 441.11970084160566,
  "prediction_variant": "single",
  "source_sample_dir": "D:\\Agent-AI\\outputs\\s3a_ml_long_v2\\sample_000061",
  "source_prediction_dir": "D:\\Agent-AI\\outputs\\live_watch_compare_multilane\\lw_s3a_ml_long_v2\\inference\\sample_000061",
  "ego": {
    "frame_id": 60062,
    "timestamp": 441.11970084160566,
    "sample_name": "sample_000061",
    "town": "Carla/Maps/Town10HD_Opt",
    "weather": {
      "cloudiness": 20.0,
      "dust_storm": 0.0,
      "fog_density": 2.0,
      "fog_distance": 0.75,
      "fog_falloff": 0.10000000149011612,
      "mie_scattering_scale": 0.029999999329447746,
      "precipitation": 0.0,
      "precipitation_deposits": 0.0,
      "rayleigh_scattering_scale": 0.03310000151395798,
      "scattering_intensity": 1.0,
      "sun_altitude_angle": 45.0,
      "sun_azimuth_angle": 300.0,
      "wetness": 0.0,
      "wind_intensity": 10.0
    },
    "position_world": [
      84.64541625976562,
      59.286293029785156,
      -0.0037987136747688055
    ],
    "velocity_world": [
      -6.390074729919434,
      3.529775619506836,
      8.795737812761217e-05
    ],
    "speed_mps": 7.300162394478378,
    "yaw_deg": -150.59149169921875,
    "route_progress_m": 45.28290549861868,
    "world_from_ego_bevfusion": [
      [
        -0.8711380362510681,
        -0.49103689193725586,
        0.0011096859816461802,
        84.64541625976562
      ],
      [
        0.4910314977169037,
        -0.8711122870445251,
        0.007170936092734337,
        59.286293029785156
      ],
      [
        -0.0025545330718159676,
        0.00679176626726985,
        0.9999736547470093,
        -0.0037987136747688055
      ],
      [
        0.0,
        0.0,
        0.0,
        1.0
      ]
    ]
  },
  "detections": [
    {
      "detection_id": "sample_000061_det_0000",
      "class_id": 0,
      "class_name": "car",
      "class_group": "vehicle",
      "score": 0.744140625,
      "position_ego": [
        -21.1849365234375,
        1.3771743774414062,
        -1.505859375
      ],
      "size_xyz": [
        2.169921875,
        5.14453125,
        1.763671875
      ],
      "yaw_rad": -1.0615234375,
      "velocity_ego": [
        -6.616115570068359e-06,
        -2.2649765014648438e-06
      ],
      "speed_mps": 6.9930754170600005e-06,
      "distance_m": 21.2296524881581,
      "bearing_deg": 176.28059261559943,
      "source_confidence": 0.744140625,
      "raw_box_9d": [
        -21.1849365234375,
        1.3771743774414062,
        -1.505859375,
        2.169921875,
        5.14453125,
        1.763671875,
        -1.0615234375,
        -6.616115570068359e-06,
        -2.2649765014648438e-06
      ]
    },
    {
      "detection_id": "sample_000061_det_0002",
      "class_id": 0,
      "class_name": "car",
      "class_group": "vehicle",
      "score": 0.54248046875,
      "position_ego": [
        13.842926025390625,
        2.4410171508789062,
        -1.330078125
      ],
      "size_xyz": [
        2.197265625,
        5.21875,
        1.79296875
      ],
      "yaw_rad": -1.9404296875,
      "velocity_ego": [
        -6.616115570068359e-06,
        -2.2649765014648438e-06
      ],
      "speed_mps": 6.9930754170600005e-06,
      "distance_m": 14.056499054719211,
      "bearing_deg": 10.000545128359304,
      "source_confidence": 0.54248046875,
      "raw_box_9d": [
        13.842926025390625,
        2.4410171508789062,
        -1.330078125,
        2.197265625,
        5.21875,
        1.79296875,
        -1.9404296875,
        -6.616115570068359e-06,
        -2.2649765014648438e-06
      ]
    },
    {
      "detection_id": "sample_000061_det_0001",
      "class_id": 0,
      "class_name": "car",
      "class_group": "vehicle",
      "score": 0.47607421875,
      "position_ego": [
        42.555030822753906,
        14.040863037109375,
        -0.93701171875
      ],
      "size_xyz": [
        2.171875,
        5.0,
        1.8193359375
      ],
      "yaw_rad": 1.0576171875,
      "velocity_ego": [
        -0.75732421875,
        -0.1234130859375
      ],
      "speed_mps": 0.7673139918481316,
      "distance_m": 44.81156639922777,
      "bearing_deg": 18.260100786735148,
      "source_confidence": 0.47607421875,
      "raw_box_9d": [
        42.555030822753906,
        14.040863037109375,
        -0.93701171875,
        2.171875,
        5.0,
        1.8193359375,
        1.0576171875,
        -0.75732421875,
        -0.1234130859375
      ]
    },
    {
      "detection_id": "sample_000061_det_0003",
      "class_id": 0,
      "class_name": "car",
      "class_group": "vehicle",
      "score": 0.4345703125,
      "position_ego": [
        44.21155548095703,
        11.507522583007812,
        -0.8955078125
      ],
      "size_xyz": [
        2.185546875,
        4.98046875,
        1.8359375
      ],
      "yaw_rad": 1.0693359375,
      "velocity_ego": [
        -6.616115570068359e-06,
        -2.2649765014648438e-06
      ],
      "speed_mps": 6.9930754170600005e-06,
      "distance_m": 45.68462229289169,
      "bearing_deg": 14.589410779563769,
      "source_confidence": 0.4345703125,
      "raw_box_9d": [
        44.21155548095703,
        11.507522583007812,
        -0.8955078125,
        2.185546875,
        4.98046875,
        1.8359375,
        1.0693359375,
        -6.616115570068359e-06,
        -2.2649765014648438e-06
      ]
    },
    {
      "detection_id": "sample_000061_det_0004",
      "class_id": 0,
      "class_name": "car",
      "class_group": "vehicle",
      "score": 0.338134765625,
      "position_ego": [
        49.072418212890625,
        21.80046844482422,
        -0.8818359375
      ],
      "size_xyz": [
        2.193359375,
        4.9375,
        1.828125
      ],
      "yaw_rad": 1.0732421875,
      "velocity_ego": [
        -6.616115570068359e-06,
        -2.2649765014648438e-06
      ],
      "speed_mps": 6.9930754170600005e-06,
      "distance_m": 53.696951996129314,
      "bearing_deg": 23.953230615861216,
      "source_confidence": 0.338134765625,
      "raw_box_9d": [
        49.072418212890625,
        21.80046844482422,
        -0.8818359375,
        2.193359375,
        4.9375,
        1.828125,
        1.0732421875,
        -6.616115570068359e-06,
        -2.2649765014648438e-06
      ]
    }
  ],
  "class_names": [
    "car",
    "truck",
    "construction_vehicle",
    "bus",
    "trailer",
    "barrier",
    "motorcycle",
    "bicycle",
    "pedestrian",
    "traffic_cone"
  ],
  "raw_prediction_count": 200,
  "filtered_prediction_count": 5
}