{
  "sample_name": "sample_000091",
  "sequence_index": 91,
  "frame_id": 60092,
  "timestamp": 444.11970088630915,
  "prediction_variant": "single",
  "source_sample_dir": "D:\\Agent-AI\\outputs\\s3a_ml_long_v2\\sample_000091",
  "source_prediction_dir": "D:\\Agent-AI\\outputs\\live_watch_compare_multilane\\lw_s3a_ml_long_v2\\inference\\sample_000091",
  "ego": {
    "frame_id": 60092,
    "timestamp": 444.11970088630915,
    "sample_name": "sample_000091",
    "town": "Carla/Maps/Town10HD_Opt",
    "weather": {
      "cloudiness": 20.0,
      "dust_storm": 0.0,
      "fog_density": 2.0,
      "fog_distance": 0.75,
      "fog_falloff": 0.10000000149011612,
      "mie_scattering_scale": 0.029999999329447746,
      "precipitation": 0.0,
      "precipitation_deposits": 0.0,
      "rayleigh_scattering_scale": 0.03310000151395798,
      "scattering_intensity": 1.0,
      "sun_altitude_angle": 45.0,
      "sun_azimuth_angle": 300.0,
      "wetness": 0.0,
      "wind_intensity": 10.0
    },
    "position_world": [
      77.28919219970703,
      62.27943801879883,
      -0.0035167692694813013
    ],
    "velocity_world": [
      0.00381299015134573,
      -0.0006305624265223742,
      0.00012807846360374242
    ],
    "speed_mps": 0.0038668988816415164,
    "yaw_deg": -161.72337341308594,
    "route_progress_m": 53.239860230132734,
    "world_from_ego_bevfusion": [
      [
        -0.9495431780815125,
        -0.31360355019569397,
        -0.004532429855316877,
        77.28919219970703
      ],
      [
        0.31360170245170593,
        -0.949553906917572,
        0.0011362293735146523,
        62.27943801879883
      ],
      [
        -0.00466011231765151,
        -0.00034247880103066564,
        0.9999890923500061,
        -0.0035167692694813013
      ],
      [
        0.0,
        0.0,
        0.0,
        1.0
      ]
    ]
  },
  "detections": [
    {
      "detection_id": "sample_000091_det_0000",
      "class_id": 0,
      "class_name": "car",
      "class_group": "vehicle",
      "score": 0.626953125,
      "position_ego": [
        6.088916778564453,
        0.26288604736328125,
        -1.4619140625
      ],
      "size_xyz": [
        2.095703125,
        4.93359375,
        1.759765625
      ],
      "yaw_rad": -1.7041015625,
      "velocity_ego": [
        -6.616115570068359e-06,
        -2.2649765014648438e-06
      ],
      "speed_mps": 6.9930754170600005e-06,
      "distance_m": 6.094589125624632,
      "bearing_deg": 2.4721823481586696,
      "source_confidence": 0.626953125,
      "raw_box_9d": [
        6.088916778564453,
        0.26288604736328125,
        -1.4619140625,
        2.095703125,
        4.93359375,
        1.759765625,
        -1.7041015625,
        -6.616115570068359e-06,
        -2.2649765014648438e-06
      ]
    },
    {
      "detection_id": "sample_000091_det_0001",
      "class_id": 0,
      "class_name": "car",
      "class_group": "vehicle",
      "score": 0.5966796875,
      "position_ego": [
        -28.416648864746094,
        5.970119476318359,
        -1.4228515625
      ],
      "size_xyz": [
        2.1328125,
        4.9453125,
        1.7685546875
      ],
      "yaw_rad": -0.8427734375,
      "velocity_ego": [
        -6.616115570068359e-06,
        -2.2649765014648438e-06
      ],
      "speed_mps": 6.9930754170600005e-06,
      "distance_m": 29.03701532981293,
      "bearing_deg": 168.13515524920365,
      "source_confidence": 0.5966796875,
      "raw_box_9d": [
        -28.416648864746094,
        5.970119476318359,
        -1.4228515625,
        2.1328125,
        4.9453125,
        1.7685546875,
        -0.8427734375,
        -6.616115570068359e-06,
        -2.2649765014648438e-06
      ]
    },
    {
      "detection_id": "sample_000091_det_0002",
      "class_id": 0,
      "class_name": "car",
      "class_group": "vehicle",
      "score": 0.5400390625,
      "position_ego": [
        37.69966125488281,
        3.293628692626953,
        -0.943359375
      ],
      "size_xyz": [
        2.177734375,
        4.99609375,
        1.8212890625
      ],
      "yaw_rad": 1.26171875,
      "velocity_ego": [
        -6.616115570068359e-06,
        -2.2649765014648438e-06
      ],
      "speed_mps": 6.9930754170600005e-06,
      "distance_m": 37.843261602269536,
      "bearing_deg": 4.992965010291315,
      "source_confidence": 0.5400390625,
      "raw_box_9d": [
        37.69966125488281,
        3.293628692626953,
        -0.943359375,
        2.177734375,
        4.99609375,
        1.8212890625,
        1.26171875,
        -6.616115570068359e-06,
        -2.2649765014648438e-06
      ]
    },
    {
      "detection_id": "sample_000091_det_0003",
      "class_id": 0,
      "class_name": "car",
      "class_group": "vehicle",
      "score": 0.53369140625,
      "position_ego": [
        36.1435546875,
        6.028419494628906,
        -0.9638671875
      ],
      "size_xyz": [
        2.140625,
        4.85546875,
        1.80859375
      ],
      "yaw_rad": 1.25390625,
      "velocity_ego": [
        -6.616115570068359e-06,
        -2.2649765014648438e-06
      ],
      "speed_mps": 6.9930754170600005e-06,
      "distance_m": 36.642849057510865,
      "bearing_deg": 9.469253100427263,
      "source_confidence": 0.53369140625,
      "raw_box_9d": [
        36.1435546875,
        6.028419494628906,
        -0.9638671875,
        2.140625,
        4.85546875,
        1.80859375,
        1.25390625,
        -6.616115570068359e-06,
        -2.2649765014648438e-06
      ]
    },
    {
      "detection_id": "sample_000091_det_0005",
      "class_id": 0,
      "class_name": "car",
      "class_group": "vehicle",
      "score": 0.371826171875,
      "position_ego": [
        44.42402648925781,
        12.595314025878906,
        -0.91796875
      ],
      "size_xyz": [
        2.220703125,
        5.0703125,
        1.91796875
      ],
      "yaw_rad": 1.2314453125,
      "velocity_ego": [
        -6.616115570068359e-06,
        -2.2649765014648438e-06
      ],
      "speed_mps": 6.9930754170600005e-06,
      "distance_m": 46.175058905525844,
      "bearing_deg": 15.829349403126082,
      "source_confidence": 0.371826171875,
      "raw_box_9d": [
        44.42402648925781,
        12.595314025878906,
        -0.91796875,
        2.220703125,
        5.0703125,
        1.91796875,
        1.2314453125,
        -6.616115570068359e-06,
        -2.2649765014648438e-06
      ]
    },
    {
      "detection_id": "sample_000091_det_0004",
      "class_id": 0,
      "class_name": "car",
      "class_group": "vehicle",
      "score": 0.3095703125,
      "position_ego": [
        19.507118225097656,
        33.974708557128906,
        -0.6533203125
      ],
      "size_xyz": [
        2.271484375,
        5.14453125,
        2.009765625
      ],
      "yaw_rad": 1.201171875,
      "velocity_ego": [
        -6.616115570068359e-06,
        -2.2649765014648438e-06
      ],
      "speed_mps": 6.9930754170600005e-06,
      "distance_m": 39.17663184846019,
      "bearing_deg": 60.137027997762296,
      "source_confidence": 0.3095703125,
      "raw_box_9d": [
        19.507118225097656,
        33.974708557128906,
        -0.6533203125,
        2.271484375,
        5.14453125,
        2.009765625,
        1.201171875,
        -6.616115570068359e-06,
        -2.2649765014648438e-06
      ]
    }
  ],
  "class_names": [
    "car",
    "truck",
    "construction_vehicle",
    "bus",
    "trailer",
    "barrier",
    "motorcycle",
    "bicycle",
    "pedestrian",
    "traffic_cone"
  ],
  "raw_prediction_count": 200,
  "filtered_prediction_count": 6
}