{
  "sample_name": "sample_000046",
  "sequence_index": 46,
  "frame_id": 3966,
  "timestamp": 43.73108661547303,
  "prediction_variant": "single",
  "source_sample_dir": "D:\\Agent-AI\\outputs\\s3a_left_v3\\sample_000046",
  "source_prediction_dir": "D:\\Agent-AI\\outputs\\live_watch_compare_multilane\\lw_left_positive_v1\\inference\\sample_000046",
  "ego": {
    "frame_id": 3966,
    "timestamp": 43.73108661547303,
    "sample_name": "sample_000046",
    "town": "Carla/Maps/Town10HD_Opt",
    "weather": {
      "cloudiness": 20.0,
      "dust_storm": 0.0,
      "fog_density": 2.0,
      "fog_distance": 0.75,
      "fog_falloff": 0.10000000149011612,
      "mie_scattering_scale": 0.029999999329447746,
      "precipitation": 0.0,
      "precipitation_deposits": 0.0,
      "rayleigh_scattering_scale": 0.03310000151395798,
      "scattering_intensity": 1.0,
      "sun_altitude_angle": 45.0,
      "sun_azimuth_angle": 300.0,
      "wetness": 0.0,
      "wind_intensity": 10.0
    },
    "position_world": [
      106.54866790771484,
      39.433990478515625,
      -0.0040574646554887295
    ],
    "velocity_world": [
      -1.0812562704086304,
      2.4474403858184814,
      -2.5825500415521674e-05
    ],
    "speed_mps": 2.6756456351879363,
    "yaw_deg": -110.26850891113281,
    "route_progress_m": 18.71731476107391,
    "world_from_ego_bevfusion": [
      [
        -0.3464193344116211,
        -0.9380782246589661,
        0.0016748751513659954,
        106.54866790771484
      ],
      [
        0.938077449798584,
        -0.3464139699935913,
        0.0028305468149483204,
        39.433990478515625
      ],
      [
        -0.0020750744733959436,
        0.0025517186149954796,
        0.9999945759773254,
        -0.0040574646554887295
      ],
      [
        0.0,
        0.0,
        0.0,
        1.0
      ]
    ]
  },
  "detections": [
    {
      "detection_id": "sample_000046_det_0000",
      "class_id": 0,
      "class_name": "car",
      "class_group": "vehicle",
      "score": 0.689453125,
      "position_ego": [
        5.967922210693359,
        0.1754913330078125,
        -1.4599609375
      ],
      "size_xyz": [
        2.15625,
        4.95703125,
        1.85546875
      ],
      "yaw_rad": -1.7177734375,
      "velocity_ego": [
        -6.616115570068359e-06,
        -2.2649765014648438e-06
      ],
      "speed_mps": 6.9930754170600005e-06,
      "distance_m": 5.970501881822664,
      "bearing_deg": 1.684341000449178,
      "source_confidence": 0.689453125,
      "raw_box_9d": [
        5.967922210693359,
        0.1754913330078125,
        -1.4599609375,
        2.15625,
        4.95703125,
        1.85546875,
        -1.7177734375,
        -6.616115570068359e-06,
        -2.2649765014648438e-06
      ]
    },
    {
      "detection_id": "sample_000046_det_0001",
      "class_id": 0,
      "class_name": "car",
      "class_group": "vehicle",
      "score": 0.49658203125,
      "position_ego": [
        22.980323791503906,
        10.807914733886719,
        -1.3671875
      ],
      "size_xyz": [
        2.201171875,
        5.09375,
        1.861328125
      ],
      "yaw_rad": -2.1875,
      "velocity_ego": [
        -6.616115570068359e-06,
        -2.2649765014648438e-06
      ],
      "speed_mps": 6.9930754170600005e-06,
      "distance_m": 25.39500546283316,
      "bearing_deg": 25.188149732833296,
      "source_confidence": 0.49658203125,
      "raw_box_9d": [
        22.980323791503906,
        10.807914733886719,
        -1.3671875,
        2.201171875,
        5.09375,
        1.861328125,
        -2.1875,
        -6.616115570068359e-06,
        -2.2649765014648438e-06
      ]
    },
    {
      "detection_id": "sample_000046_det_0002",
      "class_id": 0,
      "class_name": "car",
      "class_group": "vehicle",
      "score": 0.240234375,
      "position_ego": [
        28.950660705566406,
        -2.6314048767089844,
        -0.88623046875
      ],
      "size_xyz": [
        2.294921875,
        5.171875,
        1.9462890625
      ],
      "yaw_rad": 1.37890625,
      "velocity_ego": [
        -6.616115570068359e-06,
        -2.2649765014648438e-06
      ],
      "speed_mps": 6.9930754170600005e-06,
      "distance_m": 29.07000252690038,
      "bearing_deg": -5.1934997480093354,
      "source_confidence": 0.240234375,
      "raw_box_9d": [
        28.950660705566406,
        -2.6314048767089844,
        -0.88623046875,
        2.294921875,
        5.171875,
        1.9462890625,
        1.37890625,
        -6.616115570068359e-06,
        -2.2649765014648438e-06
      ]
    }
  ],
  "class_names": [
    "car",
    "truck",
    "construction_vehicle",
    "bus",
    "trailer",
    "barrier",
    "motorcycle",
    "bicycle",
    "pedestrian",
    "traffic_cone"
  ],
  "raw_prediction_count": 200,
  "filtered_prediction_count": 3
}