{
  "active_object_count": 3,
  "front_free_space_m": 4.944830014785098,
  "left_side_occupancy": 0.1533074909252008,
  "right_side_occupancy": 0.030999915769987285,
  "rear_gap_m": null,
  "nearest_front_vehicle": {
    "track_id": 1,
    "class": "car",
    "distance_m": 6.026079260071197,
    "bearing_deg": 1.8450644339075901,
    "position_ego": [
      6.022955014785098,
      0.19402097447251748,
      -1.4599609375
    ],
    "velocity_ego": [
      -1.9224690118352479,
      -0.29787450556779116
    ],
    "risk_level": "high",
    "risk_score": 0.754804405549466
  },
  "nearest_vru": null,
  "nearest_any_object": {
    "track_id": 1,
    "class": "car",
    "distance_m": 6.026079260071197,
    "bearing_deg": 1.8450644339075901,
    "position_ego": [
      6.022955014785098,
      0.19402097447251748,
      -1.4599609375
    ],
    "velocity_ego": [
      -1.9224690118352479,
      -0.29787450556779116
    ],
    "risk_level": "high",
    "risk_score": 0.754804405549466
  },
  "abnormal_flags": [
    "front_blocked",
    "high_risk_scene"
  ]
}