{
  "active_object_count": 8,
  "front_free_space_m": 9.81450978194086,
  "left_side_occupancy": 0.0,
  "right_side_occupancy": 0.8266106363315598,
  "rear_gap_m": 16.081344604492188,
  "nearest_front_vehicle": {
    "track_id": 1,
    "class": "car",
    "distance_m": 10.969594700602519,
    "bearing_deg": 7.168695532736198,
    "position_ego": [
      10.88384571944086,
      1.3689084158174207,
      -1.408203125
    ],
    "velocity_ego": [
      -0.6407433925132104,
      -0.12027205267416041
    ],
    "risk_level": "high",
    "risk_score": 0.6177280397454812
  },
  "nearest_vru": null,
  "nearest_any_object": {
    "track_id": 1,
    "class": "car",
    "distance_m": 10.969594700602519,
    "bearing_deg": 7.168695532736198,
    "position_ego": [
      10.88384571944086,
      1.3689084158174207,
      -1.408203125
    ],
    "velocity_ego": [
      -0.6407433925132104,
      -0.12027205267416041
    ],
    "risk_level": "high",
    "risk_score": 0.6177280397454812
  },
  "abnormal_flags": [
    "high_risk_scene"
  ]
}