{
  "sample_name": "sample_000037",
  "sequence_index": 37,
  "frame_id": 60038,
  "timestamp": 438.7197008058429,
  "prediction_variant": "single",
  "source_sample_dir": "D:\\Agent-AI\\outputs\\s3a_ml_long_v2\\sample_000037",
  "source_prediction_dir": "D:\\Agent-AI\\outputs\\live_watch_compare_multilane\\lw_s3a_ml_long_v2\\inference\\sample_000037",
  "ego": {
    "frame_id": 60038,
    "timestamp": 438.7197008058429,
    "sample_name": "sample_000037",
    "town": "Carla/Maps/Town10HD_Opt",
    "weather": {
      "cloudiness": 20.0,
      "dust_storm": 0.0,
      "fog_density": 2.0,
      "fog_distance": 0.75,
      "fog_falloff": 0.10000000149011612,
      "mie_scattering_scale": 0.029999999329447746,
      "precipitation": 0.0,
      "precipitation_deposits": 0.0,
      "rayleigh_scattering_scale": 0.03310000151395798,
      "scattering_intensity": 1.0,
      "sun_altitude_angle": 45.0,
      "sun_azimuth_angle": 300.0,
      "wetness": 0.0,
      "wind_intensity": 10.0
    },
    "position_world": [
      98.86759185791016,
      46.648860931396484,
      -0.0043788147158920765
    ],
    "velocity_world": [
      -4.657121658325195,
      6.5796122550964355,
      -9.002685146697331e-06
    ],
    "speed_mps": 8.061022240878502,
    "yaw_deg": -123.83733367919922,
    "route_progress_m": 26.07785024670885,
    "world_from_ego_bevfusion": [
      [
        -0.5568368434906006,
        -0.830568790435791,
        0.009392746724188328,
        98.86759185791016
      ],
      [
        0.8306218981742859,
        -0.5568037629127502,
        0.006069872993975878,
        46.648860931396484
      ],
      [
        0.00018846988677978516,
        0.01118175033479929,
        0.9999374747276306,
        -0.0043788147158920765
      ],
      [
        0.0,
        0.0,
        0.0,
        1.0
      ]
    ]
  },
  "detections": [
    {
      "detection_id": "sample_000037_det_0000",
      "class_id": 0,
      "class_name": "car",
      "class_group": "vehicle",
      "score": 0.6875,
      "position_ego": [
        -1.2786598205566406,
        -3.4395980834960938,
        -1.41796875
      ],
      "size_xyz": [
        2.2421875,
        5.21875,
        1.8427734375
      ],
      "yaw_rad": -1.4931640625,
      "velocity_ego": [
        -6.616115570068359e-06,
        -2.2649765014648438e-06
      ],
      "speed_mps": 6.9930754170600005e-06,
      "distance_m": 3.669578438008369,
      "bearing_deg": -110.39245973625559,
      "source_confidence": 0.6875,
      "raw_box_9d": [
        -1.2786598205566406,
        -3.4395980834960938,
        -1.41796875,
        2.2421875,
        5.21875,
        1.8427734375,
        -1.4931640625,
        -6.616115570068359e-06,
        -2.2649765014648438e-06
      ]
    },
    {
      "detection_id": "sample_000037_det_0001",
      "class_id": 0,
      "class_name": "car",
      "class_group": "vehicle",
      "score": 0.47265625,
      "position_ego": [
        29.754791259765625,
        13.312065124511719,
        -1.4013671875
      ],
      "size_xyz": [
        2.2421875,
        5.27734375,
        1.859375
      ],
      "yaw_rad": 0.2783203125,
      "velocity_ego": [
        -0.040252685546875,
        0.044158935546875
      ],
      "speed_mps": 0.0597519060982046,
      "distance_m": 32.596912135836824,
      "bearing_deg": 24.10337550083373,
      "source_confidence": 0.47265625,
      "raw_box_9d": [
        29.754791259765625,
        13.312065124511719,
        -1.4013671875,
        2.2421875,
        5.27734375,
        1.859375,
        0.2783203125,
        -0.040252685546875,
        0.044158935546875
      ]
    },
    {
      "detection_id": "sample_000037_det_0002",
      "class_id": 0,
      "class_name": "car",
      "class_group": "vehicle",
      "score": 0.408447265625,
      "position_ego": [
        52.723976135253906,
        35.00801086425781,
        -1.4814453125
      ],
      "size_xyz": [
        2.23828125,
        5.15234375,
        1.8935546875
      ],
      "yaw_rad": 0.609375,
      "velocity_ego": [
        -6.616115570068359e-06,
        -2.2649765014648438e-06
      ],
      "speed_mps": 6.9930754170600005e-06,
      "distance_m": 63.288059570370905,
      "bearing_deg": 33.58362553186967,
      "source_confidence": 0.408447265625,
      "raw_box_9d": [
        52.723976135253906,
        35.00801086425781,
        -1.4814453125,
        2.23828125,
        5.15234375,
        1.8935546875,
        0.609375,
        -6.616115570068359e-06,
        -2.2649765014648438e-06
      ]
    },
    {
      "detection_id": "sample_000037_det_0003",
      "class_id": 0,
      "class_name": "car",
      "class_group": "vehicle",
      "score": 0.369873046875,
      "position_ego": [
        49.944732666015625,
        36.458648681640625,
        -1.439453125
      ],
      "size_xyz": [
        2.27734375,
        5.21484375,
        1.8828125
      ],
      "yaw_rad": 0.62158203125,
      "velocity_ego": [
        -6.616115570068359e-06,
        -2.2649765014648438e-06
      ],
      "speed_mps": 6.9930754170600005e-06,
      "distance_m": 61.83614949825922,
      "bearing_deg": 36.128691147891345,
      "source_confidence": 0.369873046875,
      "raw_box_9d": [
        49.944732666015625,
        36.458648681640625,
        -1.439453125,
        2.27734375,
        5.21484375,
        1.8828125,
        0.62158203125,
        -6.616115570068359e-06,
        -2.2649765014648438e-06
      ]
    },
    {
      "detection_id": "sample_000037_det_0004",
      "class_id": 0,
      "class_name": "car",
      "class_group": "vehicle",
      "score": 0.2249755859375,
      "position_ego": [
        52.36963653564453,
        46.39826965332031,
        -1.4912109375
      ],
      "size_xyz": [
        2.248046875,
        5.109375,
        1.876953125
      ],
      "yaw_rad": 0.595703125,
      "velocity_ego": [
        -6.616115570068359e-06,
        -2.2649765014648438e-06
      ],
      "speed_mps": 6.9930754170600005e-06,
      "distance_m": 69.96697976687102,
      "bearing_deg": 41.540190182961894,
      "source_confidence": 0.2249755859375,
      "raw_box_9d": [
        52.36963653564453,
        46.39826965332031,
        -1.4912109375,
        2.248046875,
        5.109375,
        1.876953125,
        0.595703125,
        -6.616115570068359e-06,
        -2.2649765014648438e-06
      ]
    }
  ],
  "class_names": [
    "car",
    "truck",
    "construction_vehicle",
    "bus",
    "trailer",
    "barrier",
    "motorcycle",
    "bicycle",
    "pedestrian",
    "traffic_cone"
  ],
  "raw_prediction_count": 200,
  "filtered_prediction_count": 5
}