{
  "sample_name": "sample_000086",
  "sequence_index": 86,
  "frame_id": 60087,
  "timestamp": 443.61970087885857,
  "prediction_variant": "single",
  "source_sample_dir": "D:\\Agent-AI\\outputs\\s3a_ml_long_v2\\sample_000086",
  "source_prediction_dir": "D:\\Agent-AI\\outputs\\live_watch_compare_multilane\\lw_s3a_ml_long_v2\\inference\\sample_000086",
  "ego": {
    "frame_id": 60087,
    "timestamp": 443.61970087885857,
    "sample_name": "sample_000086",
    "town": "Carla/Maps/Town10HD_Opt",
    "weather": {
      "cloudiness": 20.0,
      "dust_storm": 0.0,
      "fog_density": 2.0,
      "fog_distance": 0.75,
      "fog_falloff": 0.10000000149011612,
      "mie_scattering_scale": 0.029999999329447746,
      "precipitation": 0.0,
      "precipitation_deposits": 0.0,
      "rayleigh_scattering_scale": 0.03310000151395798,
      "scattering_intensity": 1.0,
      "sun_altitude_angle": 45.0,
      "sun_azimuth_angle": 300.0,
      "wetness": 0.0,
      "wind_intensity": 10.0
    },
    "position_world": [
      77.38742065429688,
      62.2502326965332,
      -0.003680343506857753
    ],
    "velocity_world": [
      -2.1168315410614014,
      0.5861719250679016,
      -2.344131462450605e-05
    ],
    "speed_mps": 2.196491133494441,
    "yaw_deg": -161.49737548828125,
    "route_progress_m": 53.1359819447154,
    "world_from_ego_bevfusion": [
      [
        -0.9483020305633545,
        -0.3173542320728302,
        -0.0030750788282603025,
        77.38742065429688
      ],
      [
        0.3173457086086273,
        -0.9483052492141724,
        0.002959170378744602,
        62.2502326965332
      ],
      [
        -0.003855218645185232,
        0.0018303245306015015,
        0.9999908804893494,
        -0.003680343506857753
      ],
      [
        0.0,
        0.0,
        0.0,
        1.0
      ]
    ]
  },
  "detections": [
    {
      "detection_id": "sample_000086_det_0000",
      "class_id": 0,
      "class_name": "car",
      "class_group": "vehicle",
      "score": 0.7490234375,
      "position_ego": [
        6.171607971191406,
        0.3297386169433594,
        -1.39453125
      ],
      "size_xyz": [
        2.08984375,
        4.87109375,
        1.7568359375
      ],
      "yaw_rad": -1.73828125,
      "velocity_ego": [
        -6.616115570068359e-06,
        -2.2649765014648438e-06
      ],
      "speed_mps": 6.9930754170600005e-06,
      "distance_m": 6.180410383265582,
      "bearing_deg": 3.058309120681873,
      "source_confidence": 0.7490234375,
      "raw_box_9d": [
        6.171607971191406,
        0.3297386169433594,
        -1.39453125,
        2.08984375,
        4.87109375,
        1.7568359375,
        -1.73828125,
        -6.616115570068359e-06,
        -2.2649765014648438e-06
      ]
    },
    {
      "detection_id": "sample_000086_det_0002",
      "class_id": 0,
      "class_name": "car",
      "class_group": "vehicle",
      "score": 0.7421875,
      "position_ego": [
        -28.401634216308594,
        5.891456604003906,
        -1.3759765625
      ],
      "size_xyz": [
        2.109375,
        4.87109375,
        1.7421875
      ],
      "yaw_rad": -0.81689453125,
      "velocity_ego": [
        -6.616115570068359e-06,
        -2.2649765014648438e-06
      ],
      "speed_mps": 6.9930754170600005e-06,
      "distance_m": 29.006242208770377,
      "bearing_deg": 168.2811199515462,
      "source_confidence": 0.7421875,
      "raw_box_9d": [
        -28.401634216308594,
        5.891456604003906,
        -1.3759765625,
        2.109375,
        4.87109375,
        1.7421875,
        -0.81689453125,
        -6.616115570068359e-06,
        -2.2649765014648438e-06
      ]
    },
    {
      "detection_id": "sample_000086_det_0001",
      "class_id": 0,
      "class_name": "car",
      "class_group": "vehicle",
      "score": 0.728515625,
      "position_ego": [
        36.36602783203125,
        6.217166900634766,
        -1.0517578125
      ],
      "size_xyz": [
        2.140625,
        4.83203125,
        1.81640625
      ],
      "yaw_rad": 1.2802734375,
      "velocity_ego": [
        -6.616115570068359e-06,
        -2.2649765014648438e-06
      ],
      "speed_mps": 6.9930754170600005e-06,
      "distance_m": 36.8936463981323,
      "bearing_deg": 9.701542927665452,
      "source_confidence": 0.728515625,
      "raw_box_9d": [
        36.36602783203125,
        6.217166900634766,
        -1.0517578125,
        2.140625,
        4.83203125,
        1.81640625,
        1.2802734375,
        -6.616115570068359e-06,
        -2.2649765014648438e-06
      ]
    },
    {
      "detection_id": "sample_000086_det_0003",
      "class_id": 0,
      "class_name": "car",
      "class_group": "vehicle",
      "score": 0.64111328125,
      "position_ego": [
        37.71196746826172,
        3.448535919189453,
        -0.955078125
      ],
      "size_xyz": [
        2.158203125,
        4.87890625,
        1.8125
      ],
      "yaw_rad": 1.2431640625,
      "velocity_ego": [
        -6.616115570068359e-06,
        -2.2649765014648438e-06
      ],
      "speed_mps": 6.9930754170600005e-06,
      "distance_m": 37.869313306596545,
      "bearing_deg": 5.224828426441396,
      "source_confidence": 0.64111328125,
      "raw_box_9d": [
        37.71196746826172,
        3.448535919189453,
        -0.955078125,
        2.158203125,
        4.87890625,
        1.8125,
        1.2431640625,
        -6.616115570068359e-06,
        -2.2649765014648438e-06
      ]
    },
    {
      "detection_id": "sample_000086_det_0004",
      "class_id": 0,
      "class_name": "car",
      "class_group": "vehicle",
      "score": 0.36572265625,
      "position_ego": [
        44.43940734863281,
        12.657867431640625,
        -0.787109375
      ],
      "size_xyz": [
        2.234375,
        5.13671875,
        1.923828125
      ],
      "yaw_rad": 1.2333984375,
      "velocity_ego": [
        -6.616115570068359e-06,
        -2.2649765014648438e-06
      ],
      "speed_mps": 6.9930754170600005e-06,
      "distance_m": 46.20695330158339,
      "bearing_deg": 15.898770785517524,
      "source_confidence": 0.36572265625,
      "raw_box_9d": [
        44.43940734863281,
        12.657867431640625,
        -0.787109375,
        2.234375,
        5.13671875,
        1.923828125,
        1.2333984375,
        -6.616115570068359e-06,
        -2.2649765014648438e-06
      ]
    },
    {
      "detection_id": "sample_000086_det_0006",
      "class_id": 0,
      "class_name": "car",
      "class_group": "vehicle",
      "score": 0.1634521484375,
      "position_ego": [
        34.358131408691406,
        22.503524780273438,
        -0.92431640625
      ],
      "size_xyz": [
        2.20703125,
        5.09765625,
        1.83203125
      ],
      "yaw_rad": 1.1953125,
      "velocity_ego": [
        -0.4833984375,
        -0.296875
      ],
      "speed_mps": 0.5672819537077144,
      "distance_m": 41.07176428439966,
      "bearing_deg": 33.22357197543296,
      "source_confidence": 0.1634521484375,
      "raw_box_9d": [
        34.358131408691406,
        22.503524780273438,
        -0.92431640625,
        2.20703125,
        5.09765625,
        1.83203125,
        1.1953125,
        -0.4833984375,
        -0.296875
      ]
    },
    {
      "detection_id": "sample_000086_det_0010",
      "class_id": 0,
      "class_name": "car",
      "class_group": "vehicle",
      "score": 0.1463623046875,
      "position_ego": [
        26.496681213378906,
        -8.610790252685547,
        -1.0166015625
      ],
      "size_xyz": [
        2.22265625,
        4.9375,
        1.822265625
      ],
      "yaw_rad": 1.365234375,
      "velocity_ego": [
        -6.616115570068359e-06,
        -2.2649765014648438e-06
      ],
      "speed_mps": 6.9930754170600005e-06,
      "distance_m": 27.86072188761754,
      "bearing_deg": -18.002927213648007,
      "source_confidence": 0.1463623046875,