{
  "active_object_count": 11,
  "front_free_space_m": 5.1610061125497335,
  "left_side_occupancy": 0.03504883095511824,
  "right_side_occupancy": 0.12558062044565788,
  "rear_gap_m": 27.145350099366652,
  "nearest_front_vehicle": {
    "track_id": 2,
    "class": "car",
    "distance_m": 6.21536444334885,
    "bearing_deg": 3.157648239934783,
    "position_ego": [
      6.2059279875497335,
      0.34236380794715354,
      -1.39453125
    ],
    "velocity_ego": [
      -1.540678438561146,
      -0.24161066213077168
    ],
    "risk_level": "high",
    "risk_score": 0.7533847666748836
  },
  "nearest_vru": null,
  "nearest_any_object": {
    "track_id": 2,
    "class": "car",
    "distance_m": 6.21536444334885,
    "bearing_deg": 3.157648239934783,
    "position_ego": [
      6.2059279875497335,
      0.34236380794715354,
      -1.39453125
    ],
    "velocity_ego": [
      -1.540678438561146,
      -0.24161066213077168
    ],
    "risk_level": "high",
    "risk_score": 0.7533847666748836
  },
  "abnormal_flags": [
    "front_blocked",
    "high_risk_scene"
  ]
}