{
  "sample_name": "sample_000109",
  "sequence_index": 109,
  "frame_id": 60110,
  "timestamp": 445.91970091313124,
  "prediction_variant": "single",
  "source_sample_dir": "D:\\Agent-AI\\outputs\\s3a_ml_long_v2\\sample_000109",
  "source_prediction_dir": "D:\\Agent-AI\\outputs\\live_watch_compare_multilane\\lw_s3a_ml_long_v2\\inference\\sample_000109",
  "ego": {
    "frame_id": 60110,
    "timestamp": 445.91970091313124,
    "sample_name": "sample_000109",
    "town": "Carla/Maps/Town10HD_Opt",
    "weather": {
      "cloudiness": 20.0,
      "dust_storm": 0.0,
      "fog_density": 2.0,
      "fog_distance": 0.75,
      "fog_falloff": 0.10000000149011612,
      "mie_scattering_scale": 0.029999999329447746,
      "precipitation": 0.0,
      "precipitation_deposits": 0.0,
      "rayleigh_scattering_scale": 0.03310000151395798,
      "scattering_intensity": 1.0,
      "sun_altitude_angle": 45.0,
      "sun_azimuth_angle": 300.0,
      "wetness": 0.0,
      "wind_intensity": 10.0
    },
    "position_world": [
      77.28752136230469,
      62.279911041259766,
      -0.004499778617173433
    ],
    "velocity_world": [
      3.4293086628167657e-06,
      -7.103461143742607e-07,
      -2.5081633339141263e-06
    ],
    "speed_mps": 4.307624962397255e-06,
    "yaw_deg": -161.72349548339844,
    "route_progress_m": 53.24160103577208,
    "world_from_ego_bevfusion": [
      [
        -0.9495541453361511,
        -0.3136030435562134,
        -5.260840225673746e-06,
        77.28752136230469
      ],
      [
        0.3136030435562134,
        -0.9495541453361511,
        1.176534624391934e-06,
        62.279911041259766
      ],
      [
        -5.364418029785156e-06,
        -5.326322138898831e-07,
        1.0,
        -0.004499778617173433
      ],
      [
        0.0,
        0.0,
        0.0,
        1.0
      ]
    ]
  },
  "detections": [
    {
      "detection_id": "sample_000109_det_0000",
      "class_id": 0,
      "class_name": "car",
      "class_group": "vehicle",
      "score": 0.54541015625,
      "position_ego": [
        6.107814788818359,
        0.2403106689453125,
        -1.529296875
      ],
      "size_xyz": [
        2.12109375,
        4.96484375,
        1.7744140625
      ],
      "yaw_rad": -1.7236328125,
      "velocity_ego": [
        -6.616115570068359e-06,
        -2.2649765014648438e-06
      ],
      "speed_mps": 6.9930754170600005e-06,
      "distance_m": 6.112540446665134,
      "bearing_deg": 2.2531280694897107,
      "source_confidence": 0.54541015625,
      "raw_box_9d": [
        6.107814788818359,
        0.2403106689453125,
        -1.529296875,
        2.12109375,
        4.96484375,
        1.7744140625,
        -1.7236328125,
        -6.616115570068359e-06,
        -2.2649765014648438e-06
      ]
    },
    {
      "detection_id": "sample_000109_det_0001",
      "class_id": 0,
      "class_name": "car",
      "class_group": "vehicle",
      "score": 0.30517578125,
      "position_ego": [
        37.7197265625,
        3.350025177001953,
        -1.2685546875
      ],
      "size_xyz": [
        2.18359375,
        4.95703125,
        1.798828125
      ],
      "yaw_rad": 1.25,
      "velocity_ego": [
        -6.616115570068359e-06,
        -2.2649765014648438e-06
      ],
      "speed_mps": 6.9930754170600005e-06,
      "distance_m": 37.868198275549304,
      "bearing_deg": 5.075328620962594,
      "source_confidence": 0.30517578125,
      "raw_box_9d": [
        37.7197265625,
        3.350025177001953,
        -1.2685546875,
        2.18359375,
        4.95703125,
        1.798828125,
        1.25,
        -6.616115570068359e-06,
        -2.2649765014648438e-06
      ]
    },
    {
      "detection_id": "sample_000109_det_0002",
      "class_id": 0,
      "class_name": "car",
      "class_group": "vehicle",
      "score": 0.2139892578125,
      "position_ego": [
        36.2105712890625,
        5.985355377197266,
        -1.212890625
      ],
      "size_xyz": [
        2.181640625,
        5.0078125,
        1.7822265625
      ],
      "yaw_rad": 1.2490234375,
      "velocity_ego": [
        -6.616115570068359e-06,
        -2.2649765014648438e-06
      ],
      "speed_mps": 6.9930754170600005e-06,
      "distance_m": 36.701906654445374,
      "bearing_deg": 9.385729242093785,
      "source_confidence": 0.2139892578125,
      "raw_box_9d": [
        36.2105712890625,
        5.985355377197266,
        -1.212890625,
        2.181640625,
        5.0078125,
        1.7822265625,
        1.2490234375,
        -6.616115570068359e-06,
        -2.2649765014648438e-06
      ]
    },
    {
      "detection_id": "sample_000109_det_0003",
      "class_id": 4,
      "class_name": "trailer",
      "class_group": "vehicle",
      "score": 0.108642578125,
      "position_ego": [
        14.950782775878906,
        27.283248901367188,
        -0.130859375
      ],
      "size_xyz": [
        3.033203125,
        13.859375,
        3.0
      ],
      "yaw_rad": -1.8720703125,
      "velocity_ego": [
        8.2109375,
        1.5380859375
      ],
      "speed_mps": 8.3537538256787,
      "distance_m": 31.111116602035857,
      "bearing_deg": 61.277965494272,
      "source_confidence": 0.108642578125,
      "raw_box_9d": [
        14.950782775878906,
        27.283248901367188,
        -0.130859375,
        3.033203125,
        13.859375,
        3.0,
        -1.8720703125,
        8.2109375,
        1.5380859375
      ]
    }
  ],
  "class_names": [
    "car",
    "truck",
    "construction_vehicle",
    "bus",
    "trailer",
    "barrier",
    "motorcycle",
    "bicycle",
    "pedestrian",
    "traffic_cone"
  ],
  "raw_prediction_count": 200,
  "filtered_prediction_count": 4
}