{
  "frame": 3965,
  "timestamp": 43.631086613982916,
  "sample_name": "sample_000045",
  "ego": {
    "frame_id": 3965,
    "timestamp": 43.631086613982916,
    "sample_name": "sample_000045",
    "town": "Carla/Maps/Town10HD_Opt",
    "weather": {
      "cloudiness": 20.0,
      "dust_storm": 0.0,
      "fog_density": 2.0,
      "fog_distance": 0.75,
      "fog_falloff": 0.10000000149011612,
      "mie_scattering_scale": 0.029999999329447746,
      "precipitation": 0.0,
      "precipitation_deposits": 0.0,
      "rayleigh_scattering_scale": 0.03310000151395798,
      "scattering_intensity": 1.0,
      "sun_altitude_angle": 45.0,
      "sun_azimuth_angle": 300.0,
      "wetness": 0.0,
      "wind_intensity": 10.0
    },
    "position_world": [
      106.65809631347656,
      39.1683349609375,
      -0.004642448388040066
    ],
    "velocity_world": [
      -1.1132636070251465,
      2.9513309001922607,
      7.44819635656313e-06
    ],
    "speed_mps": 3.154316081373548,
    "yaw_deg": -109.72703552246094,
    "route_progress_m": 18.430004075565606,
    "world_from_ego_bevfusion": [
      [
        -0.337539404630661,
        -0.9413111209869385,
        0.0007206610171124339,
        106.65809631347656
      ],
      [
        0.9413111209869385,
        -0.33753979206085205,
        -0.0004500158247537911,
        39.1683349609375
      ],
      [
        0.0006668566493317485,
        0.0005264682113192976,
        0.9999996423721313,
        -0.004642448388040066
      ],
      [
        0.0,
        0.0,
        0.0,
        1.0
      ]
    ],
    "position_world_carla": [
      106.65809631347656,
      -39.1683349609375,
      -0.004642448388040066
    ]
  },
  "scene": {
    "active_object_count": 2,
    "front_free_space_m": 5.249046322860839,
    "left_side_occupancy": 0.1485110182105126,
    "right_side_occupancy": 0.0,
    "rear_gap_m": null,
    "nearest_front_vehicle": {
      "track_id": 1,
      "class": "car",
      "distance_m": 6.322680811039489,
      "bearing_deg": 2.3406317500864264,
      "position_ego": [
        6.317405697860839,
        0.2582206167647592,
        -1.5146484375
      ],
      "velocity_ego": [
        -2.1364169266979958,
        -0.15637412390610286
      ],
      "risk_level": "critical",
      "risk_score": 0.9025798939172038
    },
    "nearest_vru": null,
    "nearest_any_object": {
      "track_id": 1,
      "class": "car",
      "distance_m": 6.322680811039489,
      "bearing_deg": 2.3406317500864264,
      "position_ego": [
        6.317405697860839,
        0.2582206167647592,
        -1.5146484375
      ],
      "velocity_ego": [
        -2.1364169266979958,
        -0.15637412390610286
      ],
      "risk_level": "critical",
      "risk_score": 0.9025798939172038
    },
    "abnormal_flags": [
      "front_blocked",
      "high_risk_scene"
    ],
    "lane_scene": {
      "current_lane_blocked": false,
      "front_object_in_current_lane": null,
      "front_object_count_current_lane": 0,
      "left_lane_occupancy_count": 0,
      "right_lane_occupancy_count": 0,
      "left_lane_available": true,
      "right_lane_available": false,
      "junction_active": false,
      "junction_ahead": false
    }
  },
  "risk_summary": {
    "highest_risk_level": "critical",
    "highest_risk_score": 0.9025798939172038,
    "urgent_track_ids": [
      1
    ],
    "front_hazard_track_id": 1,
    "nearest_front_vehicle_distance_m": 6.322680811039489,
    "nearest_vru_distance_m": null,
    "minimum_ttc_seconds": 2.9570097572784624,
    "flags": [
      "hazard_present",
      "front_vehicle_close"
    ]
  },
  "decision_context": {
    "recommended_maneuvers": [
      "slow_down",
      "emergency_stop"
    ],
    "hard_constraints": [
      "respect_front_obstacle_buffer",
      "full_stop_if_required"
    ],
    "soft_constraints": [
      "prefer_keep_lane"
    ],
    "stage2_decision_intent": {
      "frame_id": 3965,
      "timestamp": 43.631086613982916,
      "maneuver": "emergency_stop",
      "target_speed_mps": 0.0,
      "lane_preference": "keep_current",
      "constraints": [
        "do_not_accelerate",
        "full_stop_if_required",
        "respect_front_obstacle_buffer"
      ],
      "confidence": 0.95,
      "reasoning_tags": [
        "critical_risk",
        "hard_stop"
      ]
    },
    "maneuver_validation_preview": {
      "frame_id": 3965,
      "requested_intent": {
        "frame_id": 3965,
        "timestamp": 43.631086613982916,
        "maneuver": "emergency_stop",
        "target_speed_mps": 0.0,
        "lane_preference": "keep_current",
        "constraints": [
          "do_not_accelerate",
          "full_stop_if_required",
          "respect_front_obstacle_buffer"
        ],
        "confidence": 0.95,
        "reasoning_tags": [
          "critical_risk",
          "hard_stop"
        ]
      },
      "valid_maneuvers": [
        "keep_lane",
        "slow_down",
        "stop",
        "lane_change_left"
      ],
      "invalid_maneuvers": [
        {
          "maneuver": "follow",
          "reason": "no_front_object_in_current_lane"
        },
        {
          "maneuver": "yield",
          "reason": "no_vru_yield_condition"
        },
        {
          "maneuver": "lane_change_right",
          "reason": "no_right_lane"
        }
      ],
      "selected_behavior": "stop_before_obstacle",
      "selected_maneuver": "stop",
      "lane_change_permission": {
        "left": true,
        "right": false,
        "left_reason": null,
        "right_reason": "no_right_lane"
      },
      "reasoning_tags": []
    }
  },
  "lane_context": {
    "frame_id": 3965,
    "sample_name": "sample_000045",
    "current_lane": {
      "exists": true,
      "role": "current_lane",
      "road_id": 10,
      "section_id": 0,
      "lane_id": -2,
      "lane_width_m": 3.5,
      "lane_type": "Driving",
      "lane_change": "Left",
      "same_direction_as_ego": true,
      "transform_carla": {
        "location": {
          "x": 106.9469985961914,
          "y": -39.450050354003906,
          "z": 0.0
        },
        "rotation": {
          "roll": 0.0,
          "pitch": 0.0,
          "yaw": -111.25209045410156
        }
      },
      "transform_bevfusion_world": {
        "location": {
          "x": 106.9469985961914,
          "y": 39.450050354003906,
          "z": 0.0
        },
        "rotation": {
          "roll": 0.0,
          "pitch": 0.0,
          "yaw": -111.25209045410156
        }
      },
      "lane_change_allowed_from_current": false
    },
    "left_lane": {
      "exists": true,
      "role": "left_lane",
      "road_id": 10,
      "section_id": 0,
      "lane_id": -1,
      "lane_width_m": 3.5,
      "lane_type": "Driving",
      "lane_change": "Right",
      "same_direction_as_ego": true,
      "transform_carla": {
        "location": {
          "x": 103.68501281738281,
          "y": -38.181400299072266,
          "z": 0.0
        },
        "rotation": {
          "roll": 0.0,
          "pitch": 0.0,
          "yaw": -111.25209045410156
        }
      },
      "transform_bevfusion_world": {
        "location": {
          "x": 103.68501281738281,
          "y": 38.181400299072266,
          "z": 0.0
        },
        "rotation": {
          "roll": 0.0,
          "pitch": 0.0,
          "yaw": -111.25209045410156
        }
      },
      "lane_change_allowed_from_current": true
    },
    "right_lane": {
      "exists": false,
      "role": "right_lane",
      "road_id": null,
      "section_id": null,
      "lane_id": null,
      "lane_width_m": null,
      "lane_type": null,
      "lane_change": null,
      "same_direction_as_ego": false,
      "transform_carla": null,
      "transform_bevfusion_world": null,
      "lane_change_allowed_from_current": false
    },
    "forward_corridor": {
      "horizon_m": 60.0,
      "sample_step_m": 5.0,
      "chain": [
        {
          "distance_m": 0.0,
          "road_id": 10,