{
  "sample_name": "sample_000007",
  "sequence_index": 7,
  "frame_id": 726280,
  "timestamp": 4997.8946247287095,
  "prediction_variant": "single",
  "source_sample_dir": "D:\\Agent-AI\\outputs\\s3a_ml_long_v1\\sample_000007",
  "source_prediction_dir": "D:\\Agent-AI\\outputs\\live_watch_compare_multilane\\lw_s3a_ml_long_v1\\inference\\sample_000007",
  "ego": {
    "frame_id": 726280,
    "timestamp": 4997.8946247287095,
    "sample_name": "sample_000007",
    "town": "Carla/Maps/Town10HD_Opt",
    "weather": {
      "cloudiness": 20.0,
      "dust_storm": 0.0,
      "fog_density": 2.0,
      "fog_distance": 0.75,
      "fog_falloff": 0.10000000149011612,
      "mie_scattering_scale": 0.029999999329447746,
      "precipitation": 0.0,
      "precipitation_deposits": 0.0,
      "rayleigh_scattering_scale": 0.03310000151395798,
      "scattering_intensity": 1.0,
      "sun_altitude_angle": 45.0,
      "sun_azimuth_angle": 300.0,
      "wetness": 0.0,
      "wind_intensity": 10.0
    },
    "position_world": [
      106.29698944091797,
      24.320743560791016,
      -0.005889015272259712
    ],
    "velocity_world": [
      -0.4231177568435669,
      6.43754768371582,
      -0.0004007530224043876
    ],
    "speed_mps": 6.4514377449429245,
    "yaw_deg": -92.55304718017578,
    "route_progress_m": 2.2337226484214705,
    "world_from_ego_bevfusion": [
      [
        -0.04454299435019493,
        -0.9989988207817078,
        0.004146129824221134,
        106.29698944091797
      ],
      [
        0.9989780783653259,
        -0.0445731095969677,
        -0.007478225976228714,
        24.320743560791016
      ],
      [
        0.007655545137822628,
        0.0038087903521955013,
        0.9999634027481079,
        -0.005889015272259712
      ],
      [
        0.0,
        0.0,
        0.0,
        1.0
      ]
    ]
  },
  "detections": [
    {
      "detection_id": "sample_000007_det_0000",
      "class_id": 0,
      "class_name": "car",
      "class_group": "vehicle",
      "score": 0.6953125,
      "position_ego": [
        19.73760223388672,
        0.7968025207519531,
        -1.5390625
      ],
      "size_xyz": [
        2.14453125,
        4.85546875,
        1.8330078125
      ],
      "yaw_rad": -1.9775390625,
      "velocity_ego": [
        -6.616115570068359e-06,
        -2.2649765014648438e-06
      ],
      "speed_mps": 6.9930754170600005e-06,
      "distance_m": 19.753679054804113,
      "bearing_deg": 2.3117623145708364,
      "source_confidence": 0.6953125,
      "raw_box_9d": [
        19.73760223388672,
        0.7968025207519531,
        -1.5390625,
        2.14453125,
        4.85546875,
        1.8330078125,
        -1.9775390625,
        -6.616115570068359e-06,
        -2.2649765014648438e-06
      ]
    },
    {
      "detection_id": "sample_000007_det_0001",
      "class_id": 0,
      "class_name": "car",
      "class_group": "vehicle",
      "score": 0.564453125,
      "position_ego": [
        19.25713348388672,
        4.246875762939453,
        -1.5390625
      ],
      "size_xyz": [
        2.181640625,
        5.0390625,
        1.837890625
      ],
      "yaw_rad": -2.04296875,
      "velocity_ego": [
        -6.616115570068359e-06,
        -2.2649765014648438e-06
      ],
      "speed_mps": 6.9930754170600005e-06,
      "distance_m": 19.719866727796962,
      "bearing_deg": 12.436664227031223,
      "source_confidence": 0.564453125,
      "raw_box_9d": [
        19.25713348388672,
        4.246875762939453,
        -1.5390625,
        2.181640625,
        5.0390625,
        1.837890625,
        -2.04296875,
        -6.616115570068359e-06,
        -2.2649765014648438e-06
      ]
    },
    {
      "detection_id": "sample_000007_det_0003",
      "class_id": 0,
      "class_name": "car",
      "class_group": "vehicle",
      "score": 0.372314453125,
      "position_ego": [
        36.442535400390625,
        14.304931640625,
        -1.4921875
      ],
      "size_xyz": [
        2.166015625,
        4.99609375,
        1.8173828125
      ],
      "yaw_rad": 0.61865234375,
      "velocity_ego": [
        -6.616115570068359e-06,
        -2.2649765014648438e-06
      ],
      "speed_mps": 6.9930754170600005e-06,
      "distance_m": 39.14957797539685,
      "bearing_deg": 21.431691816295675,
      "source_confidence": 0.372314453125,
      "raw_box_9d": [
        36.442535400390625,
        14.304931640625,
        -1.4921875,
        2.166015625,
        4.99609375,
        1.8173828125,
        0.61865234375,
        -6.616115570068359e-06,
        -2.2649765014648438e-06
      ]
    },
    {
      "detection_id": "sample_000007_det_0002",
      "class_id": 0,
      "class_name": "car",
      "class_group": "vehicle",
      "score": 0.337158203125,
      "position_ego": [
        41.1280517578125,
        32.95576477050781,
        -1.251953125
      ],
      "size_xyz": [
        2.1171875,
        4.8515625,
        1.8212890625
      ],
      "yaw_rad": 0.194580078125,
      "velocity_ego": [
        -0.1385498046875,
        -1.19921875
      ],
      "speed_mps": 1.2071957830983784,
      "distance_m": 52.702932299847866,
      "bearing_deg": 38.70507544201739,
      "source_confidence": 0.337158203125,
      "raw_box_9d": [
        41.1280517578125,
        32.95576477050781,
        -1.251953125,
        2.1171875,
        4.8515625,
        1.8212890625,
        0.194580078125,
        -0.1385498046875,
        -1.19921875
      ]
    }
  ],
  "class_names": [
    "car",
    "truck",
    "construction_vehicle",
    "bus",
    "trailer",
    "barrier",
    "motorcycle",
    "bicycle",
    "pedestrian",
    "traffic_cone"
  ],
  "raw_prediction_count": 200,
  "filtered_prediction_count": 4
}