{
  "sample_name": "sample_000076",
  "sequence_index": 76,
  "frame_id": 60077,
  "timestamp": 442.6197008639574,
  "prediction_variant": "single",
  "source_sample_dir": "D:\\Agent-AI\\outputs\\s3a_ml_long_v2\\sample_000076",
  "source_prediction_dir": "D:\\Agent-AI\\outputs\\live_watch_compare_multilane\\lw_s3a_ml_long_v2\\inference\\sample_000076",
  "ego": {
    "frame_id": 60077,
    "timestamp": 442.6197008639574,
    "sample_name": "sample_000076",
    "town": "Carla/Maps/Town10HD_Opt",
    "weather": {
      "cloudiness": 20.0,
      "dust_storm": 0.0,
      "fog_density": 2.0,
      "fog_distance": 0.75,
      "fog_falloff": 0.10000000149011612,
      "mie_scattering_scale": 0.029999999329447746,
      "precipitation": 0.0,
      "precipitation_deposits": 0.0,
      "rayleigh_scattering_scale": 0.03310000151395798,
      "scattering_intensity": 1.0,
      "sun_altitude_angle": 45.0,
      "sun_azimuth_angle": 300.0,
      "wetness": 0.0,
      "wind_intensity": 10.0
    },
    "position_world": [
      80.26535034179688,
      61.27510452270508,
      -0.004096717573702335
    ],
    "velocity_world": [
      -2.63136625289917,
      1.0540655851364136,
      8.430481102550402e-06
    ],
    "speed_mps": 2.8346327124932187,
    "yaw_deg": -157.11476135253906,
    "route_progress_m": 50.096782221718826,
    "world_from_ego_bevfusion": [
      [
        -0.9212839603424072,
        -0.3888874351978302,
        -0.0015536707360297441,
        80.26535034179688
      ],
      [
        0.3888859450817108,
        -0.9212851524353027,
        0.001192669733427465,
        61.27510452270508
      ],
      [
        -0.0018951880047097802,
        0.000494586827699095,
        0.9999980926513672,
        -0.004096717573702335
      ],
      [
        0.0,
        0.0,
        0.0,
        1.0
      ]
    ]
  },
  "detections": [
    {
      "detection_id": "sample_000076_det_0000",
      "class_id": 0,
      "class_name": "car",
      "class_group": "vehicle",
      "score": 0.771484375,
      "position_ego": [
        9.223758697509766,
        1.0085487365722656,
        -1.4365234375
      ],
      "size_xyz": [
        2.14453125,
        4.99609375,
        1.7548828125
      ],
      "yaw_rad": -1.765625,
      "velocity_ego": [
        -6.616115570068359e-06,
        -2.2649765014648438e-06
      ],
      "speed_mps": 6.9930754170600005e-06,
      "distance_m": 9.278733483828953,
      "bearing_deg": 6.240073634498226,
      "source_confidence": 0.771484375,
      "raw_box_9d": [
        9.223758697509766,
        1.0085487365722656,
        -1.4365234375,
        2.14453125,
        4.99609375,
        1.7548828125,
        -1.765625,
        -6.616115570068359e-06,
        -2.2649765014648438e-06
      ]
    },
    {
      "detection_id": "sample_000076_det_0001",
      "class_id": 0,
      "class_name": "car",
      "class_group": "vehicle",
      "score": 0.7353515625,
      "position_ego": [
        -25.69291877746582,
        3.8582191467285156,
        -1.376953125
      ],
      "size_xyz": [
        2.08984375,
        4.85546875,
        1.740234375
      ],
      "yaw_rad": -0.916015625,
      "velocity_ego": [
        -6.616115570068359e-06,
        -2.2649765014648438e-06
      ],
      "speed_mps": 6.9930754170600005e-06,
      "distance_m": 25.980991711049796,
      "bearing_deg": 171.45989724798602,
      "source_confidence": 0.7353515625,
      "raw_box_9d": [
        -25.69291877746582,
        3.8582191467285156,
        -1.376953125,
        2.08984375,
        4.85546875,
        1.740234375,
        -0.916015625,
        -6.616115570068359e-06,
        -2.2649765014648438e-06
      ]
    },
    {
      "detection_id": "sample_000076_det_0002",
      "class_id": 0,
      "class_name": "car",
      "class_group": "vehicle",
      "score": 0.65966796875,
      "position_ego": [
        38.734222412109375,
        9.197757720947266,
        -1.154296875
      ],
      "size_xyz": [
        2.134765625,
        4.7890625,
        1.7841796875
      ],
      "yaw_rad": -1.982421875,
      "velocity_ego": [
        -6.616115570068359e-06,
        -2.2649765014648438e-06
      ],
      "speed_mps": 6.9930754170600005e-06,
      "distance_m": 39.81128901409751,
      "bearing_deg": 13.357949921428554,
      "source_confidence": 0.65966796875,
      "raw_box_9d": [
        38.734222412109375,
        9.197757720947266,
        -1.154296875,
        2.134765625,
        4.7890625,
        1.7841796875,
        -1.982421875,
        -6.616115570068359e-06,
        -2.2649765014648438e-06
      ]
    },
    {
      "detection_id": "sample_000076_det_0003",
      "class_id": 0,
      "class_name": "car",
      "class_group": "vehicle",
      "score": 0.5615234375,
      "position_ego": [
        40.37629699707031,
        6.5402374267578125,
        -0.98095703125
      ],
      "size_xyz": [
        2.1875,
        4.9375,
        1.8359375
      ],
      "yaw_rad": 1.1796875,
      "velocity_ego": [
        -6.616115570068359e-06,
        -2.2649765014648438e-06
      ],
      "speed_mps": 6.9930754170600005e-06,
      "distance_m": 40.90256794865076,
      "bearing_deg": 9.200973865753888,
      "source_confidence": 0.5615234375,
      "raw_box_9d": [
        40.37629699707031,
        6.5402374267578125,
        -0.98095703125,
        2.1875,
        4.9375,
        1.8359375,
        1.1796875,
        -6.616115570068359e-06,
        -2.2649765014648438e-06
      ]
    },
    {
      "detection_id": "sample_000076_det_0004",
      "class_id": 0,
      "class_name": "car",
      "class_group": "vehicle",
      "score": 0.408203125,
      "position_ego": [
        20.049285888671875,
        35.752227783203125,
        -0.64208984375
      ],
      "size_xyz": [
        2.234375,
        5.02734375,
        2.07421875
      ],
      "yaw_rad": 1.177734375,
      "velocity_ego": [
        -6.616115570068359e-06,
        -2.2649765014648438e-06
      ],
      "speed_mps": 6.9930754170600005e-06,
      "distance_m": 40.990189754473434,
      "bearing_deg": 60.71697860868594,
      "source_confidence": 0.408203125,
      "raw_box_9d": [
        20.049285888671875,
        35.752227783203125,
        -0.64208984375,
        2.234375,
        5.02734375,
        2.07421875,
        1.177734375,
        -6.616115570068359e-06,
        -2.2649765014648438e-06
      ]
    },
    {
      "detection_id": "sample_000076_det_0005",
      "class_id": 0,
      "class_name": "car",
      "class_group": "vehicle",
      "score": 0.19775390625,
      "position_ego": [
        51.79724884033203,
        1.9500770568847656,
        -1.095703125
      ],
      "size_xyz": [
        2.234375,
        5.0,
        1.927734375
      ],
      "yaw_rad": 2.59375,
      "velocity_ego": [
        -6.616115570068359e-06,
        -2.2649765014648438e-06
      ],
      "speed_mps": 6.9930754170600005e-06,
      "distance_m": 51.83394436038093,
      "bearing_deg": 2.156068969850901,
      "source_confidence": 0.19775390625,
      "raw_box_9d": [
        51.79724884033203,
        1.9500770568847656,
        -1.095703125,
        2.234375,
        5.0,
        1.927734375,
        2.59375,
        -6.616115570068359e-06,
        -2.2649765014648438e-06
      ]
    },
    {
      "detection_id": "sample_000076_det_0006",
      "class_id": 0,
      "class_name": "car",
      "class_group": "vehicle",
      "score": 0.16845703125,
      "position_ego": [
        -29.69484519958496,
        -7.042015075683594,
        -1.2412109375
      ],
      "size_xyz": [
        2.21875,
        4.984375,
        1.8759765625
      ],
      "yaw_rad": -1.2490234375,
      "velocity_ego": [
        -6.616115570068359e-06,
        -2.2649765014648438e-06
      ],
      "speed_mps": 6.9930754170600005e-06,
      "distance_m": 30.51841751718901,
      "bearing_deg": -166.65898040033832,
      "source_confidence": 0.16845703125,