{
  "active_object_count": 4,
  "front_free_space_m": 5.04310944071395,
  "left_side_occupancy": 0.0,
  "right_side_occupancy": 0.0,
  "rear_gap_m": null,
  "nearest_front_vehicle": {
    "track_id": 2,
    "class": "car",
    "distance_m": 6.106363015047088,
    "bearing_deg": 2.2385083305249167,
    "position_ego": [
      6.10170319071395,
      0.2385108885693836,
      -1.53125
    ],
    "velocity_ego": [
      -0.06811846522570862,
      -0.007279403816053164
    ],
    "risk_level": "high",
    "risk_score": 0.6542022773871469
  },
  "nearest_vru": null,
  "nearest_any_object": {
    "track_id": 2,
    "class": "car",
    "distance_m": 6.106363015047088,
    "bearing_deg": 2.2385083305249167,
    "position_ego": [
      6.10170319071395,
      0.2385108885693836,
      -1.53125
    ],
    "velocity_ego": [
      -0.06811846522570862,
      -0.007279403816053164
    ],
    "risk_level": "high",
    "risk_score": 0.6542022773871469
  },
  "abnormal_flags": [
    "front_blocked",
    "high_risk_scene"
  ]
}