{
  "sample_name": "sample_000020",
  "sequence_index": 20,
  "frame_id": 3940,
  "timestamp": 41.13108657673001,
  "prediction_variant": "single",
  "source_sample_dir": "D:\\Agent-AI\\outputs\\s3a_left_v3\\sample_000020",
  "source_prediction_dir": "D:\\Agent-AI\\outputs\\live_watch_compare_multilane\\lw_left_positive_v1\\inference\\sample_000020",
  "ego": {
    "frame_id": 3940,
    "timestamp": 41.13108657673001,
    "sample_name": "sample_000020",
    "town": "Carla/Maps/Town10HD_Opt",
    "weather": {
      "cloudiness": 20.0,
      "dust_storm": 0.0,
      "fog_density": 2.0,
      "fog_distance": 0.75,
      "fog_falloff": 0.10000000149011612,
      "mie_scattering_scale": 0.029999999329447746,
      "precipitation": 0.0,
      "precipitation_deposits": 0.0,
      "rayleigh_scattering_scale": 0.03310000151395798,
      "scattering_intensity": 1.0,
      "sun_altitude_angle": 45.0,
      "sun_azimuth_angle": 300.0,
      "wetness": 0.0,
      "wind_intensity": 10.0
    },
    "position_world": [
      108.6497802734375,
      32.843631744384766,
      -0.002424392616376281
    ],
    "velocity_world": [
      -1.4371381998062134,
      6.0116472244262695,
      -8.925437578000128e-05
    ],
    "speed_mps": 6.181041058289506,
    "yaw_deg": -101.95154571533203,
    "route_progress_m": 11.792970098210708,
    "world_from_ego_bevfusion": [
      [
        -0.20707596838474274,
        -0.9783008694648743,
        0.006845089606940746,
        108.6497802734375
      ],
      [
        0.9782834649085999,
        -0.20699775218963623,
        0.01064985804259777,
        32.843631744384766
      ],
      [
        -0.00900184828788042,
        0.008901768364012241,
        0.9999198317527771,
        -0.002424392616376281
      ],
      [
        0.0,
        0.0,
        0.0,
        1.0
      ]
    ]
  },
  "detections": [
    {
      "detection_id": "sample_000020_det_0001",
      "class_id": 0,
      "class_name": "car",
      "class_group": "vehicle",
      "score": 0.68994140625,
      "position_ego": [
        12.807281494140625,
        1.7332038879394531,
        -1.375
      ],
      "size_xyz": [
        2.1640625,
        4.95703125,
        1.861328125
      ],
      "yaw_rad": -1.8359375,
      "velocity_ego": [
        -6.616115570068359e-06,
        -2.2649765014648438e-06
      ],
      "speed_mps": 6.9930754170600005e-06,
      "distance_m": 12.924026268439931,
      "bearing_deg": 7.7069919047362525,
      "source_confidence": 0.68994140625,
      "raw_box_9d": [
        12.807281494140625,
        1.7332038879394531,
        -1.375,
        2.1640625,
        4.95703125,
        1.861328125,
        -1.8359375,
        -6.616115570068359e-06,
        -2.2649765014648438e-06
      ]
    },
    {
      "detection_id": "sample_000020_det_0000",
      "class_id": 0,
      "class_name": "car",
      "class_group": "vehicle",
      "score": 0.685546875,
      "position_ego": [
        27.979400634765625,
        14.651519775390625,
        -1.287109375
      ],
      "size_xyz": [
        2.142578125,
        4.8046875,
        1.8271484375
      ],
      "yaw_rad": -2.3359375,
      "velocity_ego": [
        -6.616115570068359e-06,
        -2.2649765014648438e-06
      ],
      "speed_mps": 6.9930754170600005e-06,
      "distance_m": 31.583443314644867,
      "bearing_deg": 27.63897409588729,
      "source_confidence": 0.685546875,
      "raw_box_9d": [
        27.979400634765625,
        14.651519775390625,
        -1.287109375,
        2.142578125,
        4.8046875,
        1.8271484375,
        -2.3359375,
        -6.616115570068359e-06,
        -2.2649765014648438e-06
      ]
    },
    {
      "detection_id": "sample_000020_det_0002",
      "class_id": 0,
      "class_name": "car",
      "class_group": "vehicle",
      "score": 0.290283203125,
      "position_ego": [
        24.970680236816406,
        -4.537792205810547,
        -0.966796875
      ],
      "size_xyz": [
        2.2734375,
        5.11328125,
        1.9677734375
      ],
      "yaw_rad": 1.1455078125,
      "velocity_ego": [
        -6.616115570068359e-06,
        -2.2649765014648438e-06
      ],
      "speed_mps": 6.9930754170600005e-06,
      "distance_m": 25.379645970589273,
      "bearing_deg": -10.299667953556563,
      "source_confidence": 0.290283203125,
      "raw_box_9d": [
        24.970680236816406,
        -4.537792205810547,
        -0.966796875,
        2.2734375,
        5.11328125,
        1.9677734375,
        1.1455078125,
        -6.616115570068359e-06,
        -2.2649765014648438e-06
      ]
    },
    {
      "detection_id": "sample_000020_det_0003",
      "class_id": 0,
      "class_name": "car",
      "class_group": "vehicle",
      "score": 0.1749267578125,
      "position_ego": [
        19.177001953125,
        -8.03799819946289,
        -1.1103515625
      ],
      "size_xyz": [
        2.23828125,
        5.04296875,
        1.8642578125
      ],
      "yaw_rad": 1.3984375,
      "velocity_ego": [
        -6.616115570068359e-06,
        -2.2649765014648438e-06
      ],
      "speed_mps": 6.9930754170600005e-06,
      "distance_m": 20.793432111239568,
      "bearing_deg": -22.74088732281905,
      "source_confidence": 0.1749267578125,
      "raw_box_9d": [
        19.177001953125,
        -8.03799819946289,
        -1.1103515625,
        2.23828125,
        5.04296875,
        1.8642578125,
        1.3984375,
        -6.616115570068359e-06,
        -2.2649765014648438e-06
      ]
    },
    {
      "detection_id": "sample_000020_det_0006",
      "class_id": 0,
      "class_name": "car",
      "class_group": "vehicle",
      "score": 0.1080322265625,
      "position_ego": [
        45.347320556640625,
        13.039093017578125,
        -0.6708984375
      ],
      "size_xyz": [
        2.2265625,
        4.90625,
        2.0
      ],
      "yaw_rad": 0.89794921875,
      "velocity_ego": [
        -6.616115570068359e-06,
        -2.2649765014648438e-06
      ],
      "speed_mps": 6.9930754170600005e-06,
      "distance_m": 47.18471604648878,
      "bearing_deg": 16.04197199329908,
      "source_confidence": 0.1080322265625,
      "raw_box_9d": [
        45.347320556640625,
        13.039093017578125,
        -0.6708984375,
        2.2265625,
        4.90625,
        2.0,
        0.89794921875,
        -6.616115570068359e-06,
        -2.2649765014648438e-06
      ]
    }
  ],
  "class_names": [
    "car",
    "truck",
    "construction_vehicle",
    "bus",
    "trailer",
    "barrier",
    "motorcycle",
    "bicycle",
    "pedestrian",
    "traffic_cone"
  ],
  "raw_prediction_count": 200,
  "filtered_prediction_count": 5
}