{
  "active_object_count": 5,
  "front_free_space_m": 11.849716688850913,
  "left_side_occupancy": 0.5647576201844658,
  "right_side_occupancy": 0.45265006162259624,
  "rear_gap_m": null,
  "nearest_front_vehicle": {
    "track_id": 1,
    "class": "car",
    "distance_m": 13.057271394466024,
    "bearing_deg": 7.951011650301286,
    "position_ego": [
      12.931747938850913,
      1.8061648636727177,
      -1.375
    ],
    "velocity_ego": [
      -4.069353979358164,
      -1.804377574814502
    ],
    "risk_level": "high",
    "risk_score": 0.7020704645415049
  },
  "nearest_vru": null,
  "nearest_any_object": {
    "track_id": 1,
    "class": "car",
    "distance_m": 13.057271394466024,
    "bearing_deg": 7.951011650301286,
    "position_ego": [
      12.931747938850913,
      1.8061648636727177,
      -1.375
    ],
    "velocity_ego": [
      -4.069353979358164,
      -1.804377574814502
    ],
    "risk_level": "high",
    "risk_score": 0.7020704645415049
  },
  "abnormal_flags": [
    "high_risk_scene"
  ]
}