{
  "sample_name": "sample_000051",
  "sequence_index": 51,
  "frame_id": 726324,
  "timestamp": 5002.294624794275,
  "prediction_variant": "single",
  "source_sample_dir": "D:\\Agent-AI\\outputs\\s3a_ml_long_v1\\sample_000051",
  "source_prediction_dir": "D:\\Agent-AI\\outputs\\live_watch_compare_multilane\\lw_s3a_ml_long_v1\\inference\\sample_000051",
  "ego": {
    "frame_id": 726324,
    "timestamp": 5002.294624794275,
    "sample_name": "sample_000051",
    "town": "Carla/Maps/Town10HD_Opt",
    "weather": {
      "cloudiness": 20.0,
      "dust_storm": 0.0,
      "fog_density": 2.0,
      "fog_distance": 0.75,
      "fog_falloff": 0.10000000149011612,
      "mie_scattering_scale": 0.029999999329447746,
      "precipitation": 0.0,
      "precipitation_deposits": 0.0,
      "rayleigh_scattering_scale": 0.03310000151395798,
      "scattering_intensity": 1.0,
      "sun_altitude_angle": 45.0,
      "sun_azimuth_angle": 300.0,
      "wetness": 0.0,
      "wind_intensity": 10.0
    },
    "position_world": [
      103.6187744140625,
      37.35593795776367,
      -0.004446372855454683
    ],
    "velocity_world": [
      5.719242471968755e-05,
      -0.0001348724908893928,
      -2.651214572324534e-06
    ],
    "speed_mps": 0.00014652164066353808,
    "yaw_deg": -109.1600341796875,
    "route_progress_m": 15.600378589141895,
    "world_from_ego_bevfusion": [
      [
        -0.3282078206539154,
        -0.9446055293083191,
        -0.00010028148972196504,
        103.6187744140625
      ],
      [
        0.9446054697036743,
        -0.3282078504562378,
        0.0002318174665560946,
        37.35593795776367
      ],
      [
        -0.0002518892288208008,
        -1.864213845692575e-05,
        0.9999999403953552,
        -0.004446372855454683
      ],
      [
        0.0,
        0.0,
        0.0,
        1.0
      ]
    ]
  },
  "detections": [
    {
      "detection_id": "sample_000051_det_0000",
      "class_id": 0,
      "class_name": "car",
      "class_group": "vehicle",
      "score": 0.76318359375,
      "position_ego": [
        6.414554595947266,
        0.23452377319335938,
        -1.4345703125
      ],
      "size_xyz": [
        2.138671875,
        4.90625,
        1.775390625
      ],
      "yaw_rad": -1.69140625,
      "velocity_ego": [
        -6.616115570068359e-06,
        -2.2649765014648438e-06
      ],
      "speed_mps": 6.9930754170600005e-06,
      "distance_m": 6.418840398746571,
      "bearing_deg": 2.0938694532916626,
      "source_confidence": 0.76318359375,
      "raw_box_9d": [
        6.414554595947266,
        0.23452377319335938,
        -1.4345703125,
        2.138671875,
        4.90625,
        1.775390625,
        -1.69140625,
        -6.616115570068359e-06,
        -2.2649765014648438e-06
      ]
    },
    {
      "detection_id": "sample_000051_det_0001",
      "class_id": 0,
      "class_name": "car",
      "class_group": "vehicle",
      "score": 0.5732421875,
      "position_ego": [
        6.016117095947266,
        -3.189037322998047,
        -1.5302734375
      ],
      "size_xyz": [
        2.18359375,
        5.19921875,
        1.759765625
      ],
      "yaw_rad": -1.662109375,
      "velocity_ego": [
        -6.616115570068359e-06,
        -2.2649765014648438e-06
      ],
      "speed_mps": 6.9930754170600005e-06,
      "distance_m": 6.809083929547609,
      "bearing_deg": -27.927271949849708,
      "source_confidence": 0.5732421875,
      "raw_box_9d": [
        6.016117095947266,
        -3.189037322998047,
        -1.5302734375,
        2.18359375,
        5.19921875,
        1.759765625,
        -1.662109375,
        -6.616115570068359e-06,
        -2.2649765014648438e-06
      ]
    },
    {
      "detection_id": "sample_000051_det_0002",
      "class_id": 0,
      "class_name": "car",
      "class_group": "vehicle",
      "score": 0.2432861328125,
      "position_ego": [
        25.809967041015625,
        4.954105377197266,
        -1.255859375
      ],
      "size_xyz": [
        2.1875,
        5.07421875,
        1.8291015625
      ],
      "yaw_rad": 0.98876953125,
      "velocity_ego": [
        -6.616115570068359e-06,
        -2.2649765014648438e-06
      ],
      "speed_mps": 6.9930754170600005e-06,
      "distance_m": 26.281125522828884,
      "bearing_deg": 10.865510173579448,
      "source_confidence": 0.2432861328125,
      "raw_box_9d": [
        25.809967041015625,
        4.954105377197266,
        -1.255859375,
        2.1875,
        5.07421875,
        1.8291015625,
        0.98876953125,
        -6.616115570068359e-06,
        -2.2649765014648438e-06
      ]
    },
    {
      "detection_id": "sample_000051_det_0003",
      "class_id": 0,
      "class_name": "car",
      "class_group": "vehicle",
      "score": 0.128173828125,
      "position_ego": [
        35.70020294189453,
        21.668556213378906,
        -0.953125
      ],
      "size_xyz": [
        2.138671875,
        4.9140625,
        1.84765625
      ],
      "yaw_rad": -2.716796875,
      "velocity_ego": [
        -6.616115570068359e-06,
        -2.2649765014648438e-06
      ],
      "speed_mps": 6.9930754170600005e-06,
      "distance_m": 41.76159501820801,
      "bearing_deg": 31.25603027396597,
      "source_confidence": 0.128173828125,
      "raw_box_9d": [
        35.70020294189453,
        21.668556213378906,
        -0.953125,
        2.138671875,
        4.9140625,
        1.84765625,
        -2.716796875,
        -6.616115570068359e-06,
        -2.2649765014648438e-06
      ]
    }
  ],
  "class_names": [
    "car",
    "truck",
    "construction_vehicle",
    "bus",
    "trailer",
    "barrier",
    "motorcycle",
    "bicycle",
    "pedestrian",
    "traffic_cone"
  ],
  "raw_prediction_count": 200,
  "filtered_prediction_count": 4
}