{
  "sample_name": "sample_000119",
  "sequence_index": 119,
  "frame_id": 60120,
  "timestamp": 446.9197009280324,
  "prediction_variant": "single",
  "source_sample_dir": "D:\\Agent-AI\\outputs\\s3a_ml_long_v2\\sample_000119",
  "source_prediction_dir": "D:\\Agent-AI\\outputs\\live_watch_compare_multilane\\lw_s3a_ml_long_v2\\inference\\sample_000119",
  "ego": {
    "frame_id": 60120,
    "timestamp": 446.9197009280324,
    "sample_name": "sample_000119",
    "town": "Carla/Maps/Town10HD_Opt",
    "weather": {
      "cloudiness": 20.0,
      "dust_storm": 0.0,
      "fog_density": 2.0,
      "fog_distance": 0.75,
      "fog_falloff": 0.10000000149011612,
      "mie_scattering_scale": 0.029999999329447746,
      "precipitation": 0.0,
      "precipitation_deposits": 0.0,
      "rayleigh_scattering_scale": 0.03310000151395798,
      "scattering_intensity": 1.0,
      "sun_altitude_angle": 45.0,
      "sun_azimuth_angle": 300.0,
      "wetness": 0.0,
      "wind_intensity": 10.0
    },
    "position_world": [
      77.28752136230469,
      62.279911041259766,
      -0.004500579554587603
    ],
    "velocity_world": [
      1.5488447502320923e-07,
      -9.652492849454575e-08,
      -2.6988982426701114e-06
    ],
    "speed_mps": 2.705061549523764e-06,
    "yaw_deg": -161.72349548339844,
    "route_progress_m": 53.24160103577208,
    "world_from_ego_bevfusion": [
      [
        -0.9495541453361511,
        -0.3136030435562134,
        -1.5847393797230325e-06,
        77.28752136230469
      ],
      [
        0.3136030435562134,
        -0.9495541453361511,
        5.233815159044752e-07,
        62.279911041259766
      ],
      [
        -1.6689299400240998e-06,
        0.0,
        1.0,
        -0.004500579554587603
      ],
      [
        0.0,
        0.0,
        0.0,
        1.0
      ]
    ]
  },
  "detections": [
    {
      "detection_id": "sample_000119_det_0000",
      "class_id": 0,
      "class_name": "car",
      "class_group": "vehicle",
      "score": 0.52734375,
      "position_ego": [
        6.1125030517578125,
        0.24569320678710938,
        -1.5361328125
      ],
      "size_xyz": [
        2.1171875,
        4.9609375,
        1.76171875
      ],
      "yaw_rad": -1.72265625,
      "velocity_ego": [
        -6.616115570068359e-06,
        -2.2649765014648438e-06
      ],
      "speed_mps": 6.9930754170600005e-06,
      "distance_m": 6.117438901175058,
      "bearing_deg": 2.3017755154731034,
      "source_confidence": 0.52734375,
      "raw_box_9d": [
        6.1125030517578125,
        0.24569320678710938,
        -1.5361328125,
        2.1171875,
        4.9609375,
        1.76171875,
        -1.72265625,
        -6.616115570068359e-06,
        -2.2649765014648438e-06
      ]
    },
    {
      "detection_id": "sample_000119_det_0001",
      "class_id": 4,
      "class_name": "trailer",
      "class_group": "vehicle",
      "score": 0.1197509765625,
      "position_ego": [
        14.952247619628906,
        27.283798217773438,
        -0.10546875
      ],
      "size_xyz": [
        3.080078125,
        14.296875,
        3.046875
      ],
      "yaw_rad": -1.8740234375,
      "velocity_ego": [
        8.140625,
        1.51953125
      ],
      "speed_mps": 8.281228810409212,
      "distance_m": 31.112302294540584,
      "bearing_deg": 61.27608592013276,
      "source_confidence": 0.1197509765625,
      "raw_box_9d": [
        14.952247619628906,
        27.283798217773438,
        -0.10546875,
        3.080078125,
        14.296875,
        3.046875,
        -1.8740234375,
        8.140625,
        1.51953125
      ]
    }
  ],
  "class_names": [
    "car",
    "truck",
    "construction_vehicle",
    "bus",
    "trailer",
    "barrier",
    "motorcycle",
    "bicycle",
    "pedestrian",
    "traffic_cone"
  ],
  "raw_prediction_count": 200,
  "filtered_prediction_count": 2
}