{
  "active_object_count": 6,
  "front_free_space_m": 11.741543296524164,
  "left_side_occupancy": 0.5684134998815289,
  "right_side_occupancy": 0.08679715152271439,
  "rear_gap_m": null,
  "nearest_front_vehicle": {
    "track_id": 1,
    "class": "car",
    "distance_m": 12.947595003554133,
    "bearing_deg": 8.539832106271819,
    "position_ego": [
      12.804043296524164,
      1.9226782457797296,
      -1.416015625
    ],
    "velocity_ego": [
      -4.36509622149549,
      -1.6385120885408235
    ],
    "risk_level": "critical",
    "risk_score": 0.8528930374733441
  },
  "nearest_vru": null,
  "nearest_any_object": {
    "track_id": 1,
    "class": "car",
    "distance_m": 12.947595003554133,
    "bearing_deg": 8.539832106271819,
    "position_ego": [
      12.804043296524164,
      1.9226782457797296,
      -1.416015625
    ],
    "velocity_ego": [
      -4.36509622149549,
      -1.6385120885408235
    ],
    "risk_level": "critical",
    "risk_score": 0.8528930374733441
  },
  "abnormal_flags": [
    "high_risk_scene"
  ]
}