{
  "sample_name": "sample_000027",
  "sequence_index": 27,
  "frame_id": 726300,
  "timestamp": 4999.894624758512,
  "prediction_variant": "single",
  "source_sample_dir": "D:\\Agent-AI\\outputs\\s3a_ml_long_v1\\sample_000027",
  "source_prediction_dir": "D:\\Agent-AI\\outputs\\live_watch_compare_multilane\\lw_s3a_ml_long_v1\\inference\\sample_000027",
  "ego": {
    "frame_id": 726300,
    "timestamp": 4999.894624758512,
    "sample_name": "sample_000027",
    "town": "Carla/Maps/Town10HD_Opt",
    "weather": {
      "cloudiness": 20.0,
      "dust_storm": 0.0,
      "fog_density": 2.0,
      "fog_distance": 0.75,
      "fog_falloff": 0.10000000149011612,
      "mie_scattering_scale": 0.029999999329447746,
      "precipitation": 0.0,
      "precipitation_deposits": 0.0,
      "rayleigh_scattering_scale": 0.03310000151395798,
      "scattering_intensity": 1.0,
      "sun_altitude_angle": 45.0,
      "sun_azimuth_angle": 300.0,
      "wetness": 0.0,
      "wind_intensity": 10.0
    },
    "position_world": [
      104.83991241455078,
      33.63846206665039,
      -0.005582771264016628
    ],
    "velocity_world": [
      -0.8227894306182861,
      2.7471160888671875,
      -6.096839933888987e-05
    ],
    "speed_mps": 2.867687091815853,
    "yaw_deg": -104.16075134277344,
    "route_progress_m": 11.68483203037624,
    "world_from_ego_bevfusion": [
      [
        -0.2446400672197342,
        -0.9696091413497925,
        0.0030621339101344347,
        104.83991241455078
      ],
      [
        0.9696003794670105,
        -0.2446521371603012,
        -0.004525928758084774,
        33.63846206665039
      ],
      [
        0.005137539468705654,
        0.0018618227913975716,
        0.9999850988388062,
        -0.005582771264016628
      ],
      [
        0.0,
        0.0,
        0.0,
        1.0
      ]
    ]
  },
  "detections": [
    {
      "detection_id": "sample_000027_det_0000",
      "class_id": 0,
      "class_name": "car",
      "class_group": "vehicle",
      "score": 0.7314453125,
      "position_ego": [
        10.281890869140625,
        1.0916023254394531,
        -1.498046875
      ],
      "size_xyz": [
        2.185546875,
        5.046875,
        1.8173828125
      ],
      "yaw_rad": -1.775390625,
      "velocity_ego": [
        -6.616115570068359e-06,
        -2.2649765014648438e-06
      ],
      "speed_mps": 6.9930754170600005e-06,
      "distance_m": 10.339674824762247,
      "bearing_deg": 6.060246487624806,
      "source_confidence": 0.7314453125,
      "raw_box_9d": [
        10.281890869140625,
        1.0916023254394531,
        -1.498046875,
        2.185546875,
        5.046875,
        1.8173828125,
        -1.775390625,
        -6.616115570068359e-06,
        -2.2649765014648438e-06
      ]
    },
    {
      "detection_id": "sample_000027_det_0003",
      "class_id": 0,
      "class_name": "car",
      "class_group": "vehicle",
      "score": 0.650390625,
      "position_ego": [
        10.142730712890625,
        -2.3289527893066406,
        -1.51171875
      ],
      "size_xyz": [
        2.166015625,
        4.93359375,
        1.84375
      ],
      "yaw_rad": -1.7607421875,
      "velocity_ego": [
        -6.616115570068359e-06,
        -2.2649765014648438e-06
      ],
      "speed_mps": 6.9930754170600005e-06,
      "distance_m": 10.406680902623753,
      "bearing_deg": -12.931971409204547,
      "source_confidence": 0.650390625,
      "raw_box_9d": [
        10.142730712890625,
        -2.3289527893066406,
        -1.51171875,
        2.166015625,
        4.93359375,
        1.84375,
        -1.7607421875,
        -6.616115570068359e-06,
        -2.2649765014648438e-06
      ]
    },
    {
      "detection_id": "sample_000027_det_0001",
      "class_id": 0,
      "class_name": "car",
      "class_group": "vehicle",
      "score": 0.57421875,
      "position_ego": [
        29.150726318359375,
        7.422145843505859,
        -1.47265625
      ],
      "size_xyz": [
        2.146484375,
        4.98828125,
        1.83203125
      ],
      "yaw_rad": 0.8017578125,
      "velocity_ego": [
        0.136474609375,
        0.0771484375
      ],
      "speed_mps": 0.15677117213553723,
      "distance_m": 30.08077615039481,
      "bearing_deg": 14.284715416183662,
      "source_confidence": 0.57421875,
      "raw_box_9d": [
        29.150726318359375,
        7.422145843505859,
        -1.47265625,
        2.146484375,
        4.98828125,
        1.83203125,
        0.8017578125,
        0.136474609375,
        0.0771484375
      ]
    },
    {
      "detection_id": "sample_000027_det_0002",
      "class_id": 0,
      "class_name": "car",
      "class_group": "vehicle",
      "score": 0.54541015625,
      "position_ego": [
        37.5911865234375,
        25.132034301757812,
        -1.326171875
      ],
      "size_xyz": [
        2.1796875,
        5.08203125,
        1.853515625
      ],
      "yaw_rad": 0.28271484375,
      "velocity_ego": [
        -6.616115570068359e-06,
        -2.2649765014648438e-06
      ],
      "speed_mps": 6.9930754170600005e-06,
      "distance_m": 45.21854102450233,
      "bearing_deg": 33.76517786685284,
      "source_confidence": 0.54541015625,
      "raw_box_9d": [
        37.5911865234375,
        25.132034301757812,
        -1.326171875,
        2.1796875,
        5.08203125,
        1.853515625,
        0.28271484375,
        -6.616115570068359e-06,
        -2.2649765014648438e-06
      ]
    }
  ],
  "class_names": [
    "car",
    "truck",
    "construction_vehicle",
    "bus",
    "trailer",
    "barrier",
    "motorcycle",
    "bicycle",
    "pedestrian",
    "traffic_cone"
  ],
  "raw_prediction_count": 200,
  "filtered_prediction_count": 4
}