{
  "active_object_count": 5,
  "front_free_space_m": 9.121139613420937,
  "left_side_occupancy": 0.0,
  "right_side_occupancy": 0.6549085451610126,
  "rear_gap_m": null,
  "nearest_front_vehicle": {
    "track_id": 1,
    "class": "car",
    "distance_m": 10.379871257774132,
    "bearing_deg": 6.171014457494665,
    "position_ego": [
      10.319724812362331,
      1.1157988730406658,
      -1.498046875
    ],
    "velocity_ego": [
      -1.0769172165045204,
      -0.5359786102685087
    ],
    "risk_level": "high",
    "risk_score": 0.622150965566694
  },
  "nearest_vru": null,
  "nearest_any_object": {
    "track_id": 1,
    "class": "car",
    "distance_m": 10.379871257774132,
    "bearing_deg": 6.171014457494665,
    "position_ego": [
      10.319724812362331,
      1.1157988730406658,
      -1.498046875
    ],
    "velocity_ego": [
      -1.0769172165045204,
      -0.5359786102685087
    ],
    "risk_level": "high",
    "risk_score": 0.622150965566694
  },
  "abnormal_flags": [
    "high_risk_scene"
  ]
}