{
  "frame": 2203,
  "timestamp": 34.190632313489914,
  "sample_name": "sample_000026",
  "ego": {
    "frame_id": 2203,
    "timestamp": 34.190632313489914,
    "sample_name": "sample_000026",
    "town": "Carla/Maps/Town10HD_Opt",
    "weather": {
      "cloudiness": 20.0,
      "dust_storm": 0.0,
      "fog_density": 2.0,
      "fog_distance": 0.75,
      "fog_falloff": 0.10000000149011612,
      "mie_scattering_scale": 0.029999999329447746,
      "precipitation": 0.0,
      "precipitation_deposits": 0.0,
      "rayleigh_scattering_scale": 0.03310000151395798,
      "scattering_intensity": 1.0,
      "sun_altitude_angle": 45.0,
      "sun_azimuth_angle": 300.0,
      "wetness": 0.0,
      "wind_intensity": 10.0
    },
    "position_world": [
      -54.17226791381836,
      -21.28060531616211,
      -0.004172973334789276
    ],
    "velocity_world": [
      6.476405620574951,
      4.313414096832275,
      -0.00012077331484761089
    ],
    "speed_mps": 7.781347630555546,
    "yaw_deg": -30.60324478149414,
    "route_progress_m": 6.559889239636255,
    "world_from_ego_bevfusion": [
      [
        0.8607129454612732,
        -0.5089306831359863,
        0.01275815162807703,
        -54.17226791381836
      ],
      [
        0.5090899467468262,
        0.8604798913002014,
        -0.02004423551261425,
        -21.28060531616211
      ],
      [
        -0.0007770060328766704,
        0.023747380822896957,
        0.9997177124023438,
        -0.004172973334789276
      ],
      [
        0.0,
        0.0,
        0.0,
        1.0
      ]
    ],
    "position_world_carla": [
      -54.17226791381836,
      21.28060531616211,
      -0.004172973334789276
    ]
  },
  "scene": {
    "active_object_count": 1,
    "front_free_space_m": null,
    "left_side_occupancy": 0.0,
    "right_side_occupancy": 0.0,
    "rear_gap_m": null,
    "nearest_front_vehicle": null,
    "nearest_vru": null,
    "nearest_any_object": {
      "track_id": 4,
      "class": "car",
      "distance_m": 43.77014770403622,
      "bearing_deg": -15.205561502417678,
      "position_ego": [
        42.23780035968458,
        -11.480159006241005,
        -0.87451171875
      ],
      "velocity_ego": [
        -7.921598142425764,
        -13.640611908824045
      ],
      "risk_level": "low",
      "risk_score": 0.15000000000000002
    },
    "abnormal_flags": [],
    "lane_scene": {
      "current_lane_blocked": false,
      "front_object_in_current_lane": null,
      "front_object_count_current_lane": 0,
      "left_lane_occupancy_count": 0,
      "right_lane_occupancy_count": 0,
      "left_lane_available": false,
      "right_lane_available": false,
      "junction_active": true,
      "junction_ahead": true
    }
  },
  "risk_summary": {
    "highest_risk_level": "low",
    "highest_risk_score": 0.15000000000000002,
    "urgent_track_ids": [],
    "front_hazard_track_id": null,
    "nearest_front_vehicle_distance_m": 43.77014770403622,
    "nearest_vru_distance_m": null,
    "minimum_ttc_seconds": 5.331979683931613,
    "flags": []
  },
  "decision_context": {
    "recommended_maneuvers": [
      "keep_lane"
    ],
    "hard_constraints": [],
    "soft_constraints": [
      "prefer_keep_lane"
    ],
    "stage2_decision_intent": {
      "frame_id": 2203,
      "timestamp": 34.190632313489914,
      "maneuver": "keep_lane",
      "target_speed_mps": 8.0,
      "lane_preference": "keep_current",
      "constraints": [],
      "confidence": 0.6,
      "reasoning_tags": [
        "cruise"
      ]
    },
    "maneuver_validation_preview": {
      "frame_id": 2203,
      "requested_intent": {
        "frame_id": 2203,
        "timestamp": 34.190632313489914,
        "maneuver": "keep_lane",
        "target_speed_mps": 8.0,
        "lane_preference": "keep_current",
        "constraints": [],
        "confidence": 0.6,
        "reasoning_tags": [
          "cruise"
        ]
      },
      "valid_maneuvers": [
        "keep_lane",
        "slow_down"
      ],
      "invalid_maneuvers": [
        {
          "maneuver": "follow",
          "reason": "no_front_object_in_current_lane"
        },
        {
          "maneuver": "stop",
          "reason": "no_immediate_stop_condition"
        },
        {
          "maneuver": "yield",
          "reason": "no_vru_yield_condition"
        },
        {
          "maneuver": "lane_change_left",
          "reason": "no_left_lane"
        },
        {
          "maneuver": "lane_change_right",
          "reason": "no_right_lane"
        }
      ],
      "selected_behavior": "keep_lane",
      "selected_maneuver": "keep_lane",
      "lane_change_permission": {
        "left": false,
        "right": false,
        "left_reason": "no_left_lane",
        "right_reason": "no_right_lane"
      },
      "reasoning_tags": []
    }
  },
  "lane_context": {
    "frame_id": 2203,
    "sample_name": "sample_000026",
    "current_lane": {
      "exists": true,
      "role": "current_lane",
      "road_id": 296,
      "section_id": 0,
      "lane_id": -1,
      "lane_width_m": 3.5,
      "lane_type": "Driving",
      "lane_change": "NONE",
      "same_direction_as_ego": true,
      "transform_carla": {
        "location": {
          "x": -53.983821868896484,
          "y": 21.484094619750977,
          "z": 0.0
        },
        "rotation": {
          "roll": 0.0,
          "pitch": 0.0,
          "yaw": -33.46565246582031
        }
      },
      "transform_bevfusion_world": {
        "location": {
          "x": -53.983821868896484,
          "y": -21.484094619750977,
          "z": 0.0
        },
        "rotation": {
          "roll": 0.0,
          "pitch": 0.0,
          "yaw": -33.46565246582031
        }
      },
      "lane_change_allowed_from_current": false
    },
    "left_lane": {
      "exists": false,
      "role": "left_lane",
      "road_id": null,
      "section_id": null,
      "lane_id": null,
      "lane_width_m": null,
      "lane_type": null,
      "lane_change": null,
      "same_direction_as_ego": false,
      "transform_carla": null,
      "transform_bevfusion_world": null,
      "lane_change_allowed_from_current": false
    },
    "right_lane": {
      "exists": false,
      "role": "right_lane",
      "road_id": null,
      "section_id": null,
      "lane_id": null,
      "lane_width_m": null,
      "lane_type": null,
      "lane_change": null,
      "same_direction_as_ego": false,
      "transform_carla": null,
      "transform_bevfusion_world": null,
      "lane_change_allowed_from_current": false
    },
    "forward_corridor": {
      "horizon_m": 60.0,
      "sample_step_m": 5.0,
      "chain": [
        {
          "distance_m": 0.0,
          "road_id": 296,
          "section_id": 0,
          "lane_id": -1,
          "is_junction": true,
          "yaw_deg": -33.46565246582031,
          "position_carla": {
            "x": -53.983821868896484,
            "y": 21.484094619750977,
            "z": 0.0
          },
          "position_bevfusion_world": {
            "x": -53.983821868896484,
            "y": -21.484094619750977,
            "z": 0.0
          }
        },
        {
          "distance_m": 5.0,
          "road_id": 296,
          "section_id": 0,
          "lane_id": -1,
          "is_junction": true,
          "yaw_deg": -44.899234771728516,
          "position_carla": {
            "x": -49.95643615722656,
            "y": 17.98152732849121,
            "z": 0.0
          },
          "position_bevfusion_world": {
            "x": -49.95643615722656,
            "y": -17.98152732849121,
            "z": 0.0
          }
        },
        {
          "distance_m": 10.0,
          "road_id": 296,
          "section_id": 0,
          "lane_id": -1,
          "is_junction": true,
          "yaw_deg": -65.1515121459961,
          "position_carla": {
            "x": -46.745304107666016,
            "y": 13.407286643981934,
            "z": 0.0
          },