{
  "sample_name": "sample_000006",
  "sequence_index": 6,
  "frame_id": 726279,
  "timestamp": 4997.794624727219,
  "prediction_variant": "single",
  "source_sample_dir": "D:\\Agent-AI\\outputs\\s3a_ml_long_v1\\sample_000006",
  "source_prediction_dir": "D:\\Agent-AI\\outputs\\live_watch_compare_multilane\\lw_s3a_ml_long_v1\\inference\\sample_000006",
  "ego": {
    "frame_id": 726279,
    "timestamp": 4997.794624727219,
    "sample_name": "sample_000006",
    "town": "Carla/Maps/Town10HD_Opt",
    "weather": {
      "cloudiness": 20.0,
      "dust_storm": 0.0,
      "fog_density": 2.0,
      "fog_distance": 0.75,
      "fog_falloff": 0.10000000149011612,
      "mie_scattering_scale": 0.029999999329447746,
      "precipitation": 0.0,
      "precipitation_deposits": 0.0,
      "rayleigh_scattering_scale": 0.03310000151395798,
      "scattering_intensity": 1.0,
      "sun_altitude_angle": 45.0,
      "sun_azimuth_angle": 300.0,
      "wetness": 0.0,
      "wind_intensity": 10.0
    },
    "position_world": [
      106.33356475830078,
      23.703203201293945,
      -0.005285529885441065
    ],
    "velocity_world": [
      -0.3538435995578766,
      5.692280292510986,
      -0.0003399276756681502
    ],
    "speed_mps": 5.703267514066639,
    "yaw_deg": -91.85111999511719,
    "route_progress_m": 1.6151001064385384,
    "world_from_ego_bevfusion": [
      [
        -0.0323021300137043,
        -0.9994722008705139,
        0.003443341702222824,
        106.33356475830078
      ],
      [
        0.9994658827781677,
        -0.0323186069726944,
        -0.004842132329940796,
        23.703203201293945
      ],
      [
        0.004950860980898142,
        0.003285091370344162,
        0.9999822974205017,
        -0.005285529885441065
      ],
      [
        0.0,
        0.0,
        0.0,
        1.0
      ]
    ]
  },
  "detections": [
    {
      "detection_id": "sample_000006_det_0000",
      "class_id": 0,
      "class_name": "car",
      "class_group": "vehicle",
      "score": 0.71240234375,
      "position_ego": [
        19.795021057128906,
        4.467922210693359,
        -1.48046875
      ],
      "size_xyz": [
        2.123046875,
        4.87109375,
        1.822265625
      ],
      "yaw_rad": -2.048828125,
      "velocity_ego": [
        -6.616115570068359e-06,
        -2.2649765014648438e-06
      ],
      "speed_mps": 6.9930754170600005e-06,
      "distance_m": 20.29298370208245,
      "bearing_deg": 12.719064384301918,
      "source_confidence": 0.71240234375,
      "raw_box_9d": [
        19.795021057128906,
        4.467922210693359,
        -1.48046875,
        2.123046875,
        4.87109375,
        1.822265625,
        -2.048828125,
        -6.616115570068359e-06,
        -2.2649765014648438e-06
      ]
    },
    {
      "detection_id": "sample_000006_det_0001",
      "class_id": 0,
      "class_name": "car",
      "class_group": "vehicle",
      "score": 0.6669921875,
      "position_ego": [
        20.432815551757812,
        1.0586433410644531,
        -1.5146484375
      ],
      "size_xyz": [
        2.1484375,
        5.0,
        1.8515625
      ],
      "yaw_rad": -2.0234375,
      "velocity_ego": [
        -6.616115570068359e-06,
        -2.2649765014648438e-06
      ],
      "speed_mps": 6.9930754170600005e-06,
      "distance_m": 20.460221824206503,
      "bearing_deg": 2.965896123384723,
      "source_confidence": 0.6669921875,
      "raw_box_9d": [
        20.432815551757812,
        1.0586433410644531,
        -1.5146484375,
        2.1484375,
        5.0,
        1.8515625,
        -2.0234375,
        -6.616115570068359e-06,
        -2.2649765014648438e-06
      ]
    },
    {
      "detection_id": "sample_000006_det_0003",
      "class_id": 0,
      "class_name": "car",
      "class_group": "vehicle",
      "score": 0.3359375,
      "position_ego": [
        36.903167724609375,
        14.675193786621094,
        -1.359375
      ],
      "size_xyz": [
        2.1640625,
        5.0546875,
        1.8173828125
      ],
      "yaw_rad": 0.54833984375,
      "velocity_ego": [
        -6.616115570068359e-06,
        -2.2649765014648438e-06
      ],
      "speed_mps": 6.9930754170600005e-06,
      "distance_m": 39.71404160728965,
      "bearing_deg": 21.68611240475124,
      "source_confidence": 0.3359375,
      "raw_box_9d": [
        36.903167724609375,
        14.675193786621094,
        -1.359375,
        2.1640625,
        5.0546875,
        1.8173828125,
        0.54833984375,
        -6.616115570068359e-06,
        -2.2649765014648438e-06
      ]
    },
    {
      "detection_id": "sample_000006_det_0002",
      "class_id": 0,
      "class_name": "car",
      "class_group": "vehicle",
      "score": 0.31884765625,
      "position_ego": [
        41.30537414550781,
        33.52192687988281,
        -0.9951171875
      ],
      "size_xyz": [
        2.09375,
        4.77734375,
        1.828125
      ],
      "yaw_rad": 0.143310546875,
      "velocity_ego": [
        -0.003269195556640625,
        -0.1480712890625
      ],
      "speed_mps": 0.14810737417231457,
      "distance_m": 53.1963674985482,
      "bearing_deg": 39.0615173544808,
      "source_confidence": 0.31884765625,
      "raw_box_9d": [
        41.30537414550781,
        33.52192687988281,
        -0.9951171875,
        2.09375,
        4.77734375,
        1.828125,
        0.143310546875,
        -0.003269195556640625,
        -0.1480712890625
      ]
    },
    {
      "detection_id": "sample_000006_det_0004",
      "class_id": 0,
      "class_name": "car",
      "class_group": "vehicle",
      "score": 0.260009765625,
      "position_ego": [
        29.32470703125,
        -6.724803924560547,
        -1.2021484375
      ],
      "size_xyz": [
        2.208984375,
        4.91796875,
        1.88671875
      ],
      "yaw_rad": 1.2158203125,
      "velocity_ego": [
        -6.616115570068359e-06,
        -2.2649765014648438e-06
      ],
      "speed_mps": 6.9930754170600005e-06,
      "distance_m": 30.085900855590616,
      "bearing_deg": -12.915870670140105,
      "source_confidence": 0.260009765625,
      "raw_box_9d": [
        29.32470703125,
        -6.724803924560547,
        -1.2021484375,
        2.208984375,
        4.91796875,
        1.88671875,
        1.2158203125,
        -6.616115570068359e-06,
        -2.2649765014648438e-06
      ]
    }
  ],
  "class_names": [
    "car",
    "truck",
    "construction_vehicle",
    "bus",
    "trailer",
    "barrier",
    "motorcycle",
    "bicycle",
    "pedestrian",
    "traffic_cone"
  ],
  "raw_prediction_count": 200,
  "filtered_prediction_count": 5
}