{
  "active_object_count": 4,
  "front_free_space_m": 20.92485809326172,
  "left_side_occupancy": 0.2745631681093538,
  "right_side_occupancy": 0.0,
  "rear_gap_m": null,
  "nearest_front_vehicle": {
    "track_id": 2,
    "class": "car",
    "distance_m": 22.028792258888906,
    "bearing_deg": 3.4730325357892693,
    "position_ego": [
      21.98833465576172,
      1.3344764709472656,
      -1.666015625
    ],
    "velocity_ego": [
      -6.616115570068359e-06,
      -2.2649765014648438e-06
    ],
    "risk_level": "medium",
    "risk_score": 0.5347840580583333
  },
  "nearest_vru": null,
  "nearest_any_object": {
    "track_id": 1,
    "class": "car",
    "distance_m": 21.76310495671939,
    "bearing_deg": 12.390884304303523,
    "position_ego": [
      21.25616455078125,
      4.669925689697266,
      -1.6083984375
    ],
    "velocity_ego": [
      -6.616115570068359e-06,
      -2.2649765014648438e-06
    ],
    "risk_level": "low",
    "risk_score": 0.2867767128246046
  },
  "abnormal_flags": []
}