{
  "active_object_count": 6,
  "front_free_space_m": 5.271547458194124,
  "left_side_occupancy": 0.1273629159671945,
  "right_side_occupancy": 0.9013068430538705,
  "rear_gap_m": 36.815185546875,
  "nearest_front_vehicle": {
    "track_id": 1,
    "class": "car",
    "distance_m": 6.343099929260871,
    "bearing_deg": 2.0775950119311895,
    "position_ego": [
      6.338930270694124,
      0.22995594331736477,
      -1.390625
    ],
    "velocity_ego": [
      -0.01189068696708892,
      -0.036769940104686274
    ],
    "risk_level": "high",
    "risk_score": 0.6524267505305436
  },
  "nearest_vru": null,
  "nearest_any_object": {
    "track_id": 1,
    "class": "car",
    "distance_m": 6.343099929260871,
    "bearing_deg": 2.0775950119311895,
    "position_ego": [
      6.338930270694124,
      0.22995594331736477,
      -1.390625
    ],
    "velocity_ego": [
      -0.01189068696708892,
      -0.036769940104686274
    ],
    "risk_level": "high",
    "risk_score": 0.6524267505305436
  },
  "abnormal_flags": [
    "front_blocked",
    "high_risk_scene"
  ]
}