{
  "sample_name": "sample_000023",
  "sequence_index": 23,
  "frame_id": 60024,
  "timestamp": 437.31970078498125,
  "prediction_variant": "single",
  "source_sample_dir": "D:\\Agent-AI\\outputs\\s3a_ml_long_v2\\sample_000023",
  "source_prediction_dir": "D:\\Agent-AI\\outputs\\live_watch_compare_multilane\\lw_s3a_ml_long_v2\\inference\\sample_000023",
  "ego": {
    "frame_id": 60024,
    "timestamp": 437.31970078498125,
    "sample_name": "sample_000023",
    "town": "Carla/Maps/Town10HD_Opt",
    "weather": {
      "cloudiness": 20.0,
      "dust_storm": 0.0,
      "fog_density": 2.0,
      "fog_distance": 0.75,
      "fog_falloff": 0.10000000149011612,
      "mie_scattering_scale": 0.029999999329447746,
      "precipitation": 0.0,
      "precipitation_deposits": 0.0,
      "rayleigh_scattering_scale": 0.03310000151395798,
      "scattering_intensity": 1.0,
      "sun_altitude_angle": 45.0,
      "sun_azimuth_angle": 300.0,
      "wetness": 0.0,
      "wind_intensity": 10.0
    },
    "position_world": [
      103.93633270263672,
      36.662261962890625,
      -0.005329551640897989
    ],
    "velocity_world": [
      -2.884883403778076,
      7.971362590789795,
      -0.00018803596321959049
    ],
    "speed_mps": 8.477332943950868,
    "yaw_deg": -107.98237609863281,
    "route_progress_m": 14.844259942553618,
    "world_from_ego_bevfusion": [
      [
        -0.3087209165096283,
        -0.9510859251022339,
        0.011270548216998577,
        103.93633270263672
      ],
      [
        0.951140820980072,
        -0.30875447392463684,
        -0.0013262119609862566,
        36.662261962890625
      ],
      [
        0.004741173703223467,
        0.010310448706150055,
        0.9999355673789978,
        -0.005329551640897989
      ],
      [
        0.0,
        0.0,
        0.0,
        1.0
      ]
    ]
  },
  "detections": [
    {
      "detection_id": "sample_000023_det_0000",
      "class_id": 0,
      "class_name": "car",
      "class_group": "vehicle",
      "score": 0.75927734375,
      "position_ego": [
        10.636016845703125,
        -2.039318084716797,
        -1.5078125
      ],
      "size_xyz": [
        2.166015625,
        4.9453125,
        1.8173828125
      ],
      "yaw_rad": -1.732421875,
      "velocity_ego": [
        -6.616115570068359e-06,
        -2.2649765014648438e-06
      ],
      "speed_mps": 6.9930754170600005e-06,
      "distance_m": 10.829758658101927,
      "bearing_deg": -10.85399222671134,
      "source_confidence": 0.75927734375,
      "raw_box_9d": [
        10.636016845703125,
        -2.039318084716797,
        -1.5078125,
        2.166015625,
        4.9453125,
        1.8173828125,
        -1.732421875,
        -6.616115570068359e-06,
        -2.2649765014648438e-06
      ]
    },
    {
      "detection_id": "sample_000023_det_0001",
      "class_id": 0,
      "class_name": "car",
      "class_group": "vehicle",
      "score": 0.461181640625,
      "position_ego": [
        35.91606903076172,
        22.52227020263672,
        -1.591796875
      ],
      "size_xyz": [
        2.16796875,
        4.94921875,
        1.8427734375
      ],
      "yaw_rad": 0.4091796875,
      "velocity_ego": [
        -6.616115570068359e-06,
        -2.2649765014648438e-06
      ],
      "speed_mps": 6.9930754170600005e-06,
      "distance_m": 42.393592318922664,
      "bearing_deg": 32.091026912823786,
      "source_confidence": 0.461181640625,
      "raw_box_9d": [
        35.91606903076172,
        22.52227020263672,
        -1.591796875,
        2.16796875,
        4.94921875,
        1.8427734375,
        0.4091796875,
        -6.616115570068359e-06,
        -2.2649765014648438e-06
      ]
    },
    {
      "detection_id": "sample_000023_det_0002",
      "class_id": 0,
      "class_name": "car",
      "class_group": "vehicle",
      "score": 0.255615234375,
      "position_ego": [
        52.04656219482422,
        49.85303497314453,
        -1.6650390625
      ],
      "size_xyz": [
        2.18359375,
        4.8984375,
        1.9013671875
      ],
      "yaw_rad": 0.31005859375,
      "velocity_ego": [
        -6.616115570068359e-06,
        -2.2649765014648438e-06
      ],
      "speed_mps": 6.9930754170600005e-06,
      "distance_m": 72.07058853882961,
      "bearing_deg": 43.76682098599242,
      "source_confidence": 0.255615234375,
      "raw_box_9d": [
        52.04656219482422,
        49.85303497314453,
        -1.6650390625,
        2.18359375,
        4.8984375,
        1.9013671875,
        0.31005859375,
        -6.616115570068359e-06,
        -2.2649765014648438e-06
      ]
    },
    {
      "detection_id": "sample_000023_det_0003",
      "class_id": 0,
      "class_name": "car",
      "class_group": "vehicle",
      "score": 0.2100830078125,
      "position_ego": [
        49.082374572753906,
        50.50196075439453,
        -1.91796875
      ],
      "size_xyz": [
        2.21875,
        5.1015625,
        1.9384765625
      ],
      "yaw_rad": 0.246826171875,
      "velocity_ego": [
        -6.616115570068359e-06,
        -2.2649765014648438e-06
      ],
      "speed_mps": 6.9930754170600005e-06,
      "distance_m": 70.42391308169779,
      "bearing_deg": 45.81670262560561,
      "source_confidence": 0.2100830078125,
      "raw_box_9d": [
        49.082374572753906,
        50.50196075439453,
        -1.91796875,
        2.21875,
        5.1015625,
        1.9384765625,
        0.246826171875,
        -6.616115570068359e-06,
        -2.2649765014648438e-06
      ]
    },
    {
      "detection_id": "sample_000023_det_0004",
      "class_id": 0,
      "class_name": "car",
      "class_group": "vehicle",
      "score": 0.1341552734375,
      "position_ego": [
        30.804420471191406,
        -5.091640472412109,
        -1.3212890625
      ],
      "size_xyz": [
        2.240234375,
        5.1484375,
        1.9423828125
      ],
      "yaw_rad": 1.4609375,
      "velocity_ego": [
        -6.616115570068359e-06,
        -2.2649765014648438e-06
      ],
      "speed_mps": 6.9930754170600005e-06,
      "distance_m": 31.222381767992353,
      "bearing_deg": -9.385519572866022,
      "source_confidence": 0.1341552734375,
      "raw_box_9d": [
        30.804420471191406,
        -5.091640472412109,
        -1.3212890625,
        2.240234375,
        5.1484375,
        1.9423828125,
        1.4609375,
        -6.616115570068359e-06,
        -2.2649765014648438e-06
      ]
    }
  ],
  "class_names": [
    "car",
    "truck",
    "construction_vehicle",
    "bus",
    "trailer",
    "barrier",
    "motorcycle",
    "bicycle",
    "pedestrian",
    "traffic_cone"
  ],
  "raw_prediction_count": 200,
  "filtered_prediction_count": 5
}