{
  "active_object_count": 8,
  "front_free_space_m": 9.752503271435536,
  "left_side_occupancy": 0.0,
  "right_side_occupancy": 1.0,
  "rear_gap_m": null,
  "nearest_front_vehicle": {
    "track_id": 1,
    "class": "car",
    "distance_m": 11.01536435640527,
    "bearing_deg": -10.367882278638538,
    "position_ego": [
      10.835511083935536,
      -1.9824105160823382,
      -1.5078125
    ],
    "velocity_ego": [
      -5.0649699678936715,
      -1.309503248201536
    ],
    "risk_level": "critical",
    "risk_score": 0.8673847673269606
  },
  "nearest_vru": null,
  "nearest_any_object": {
    "track_id": 1,
    "class": "car",
    "distance_m": 11.01536435640527,
    "bearing_deg": -10.367882278638538,
    "position_ego": [
      10.835511083935536,
      -1.9824105160823382,
      -1.5078125
    ],
    "velocity_ego": [
      -5.0649699678936715,
      -1.309503248201536
    ],
    "risk_level": "critical",
    "risk_score": 0.8673847673269606
  },
  "abnormal_flags": [
    "high_risk_scene"
  ]
}