{
  "active_object_count": 10,
  "front_free_space_m": 5.250456401089687,
  "left_side_occupancy": 0.128739762870537,
  "right_side_occupancy": 1.0,
  "rear_gap_m": 15.09946060180664,
  "nearest_front_vehicle": {
    "track_id": 1,
    "class": "car",
    "distance_m": 6.319934770264084,
    "bearing_deg": 2.2850131201186086,
    "position_ego": [
      6.314909526089687,
      0.25197852625702544,
      -1.3916015625
    ],
    "velocity_ego": [
      -0.0068121961418108334,
      0.015637361985015856
    ],
    "risk_level": "high",
    "risk_score": 0.6526004892230194
  },
  "nearest_vru": null,
  "nearest_any_object": {
    "track_id": 1,
    "class": "car",
    "distance_m": 6.319934770264084,
    "bearing_deg": 2.2850131201186086,
    "position_ego": [
      6.314909526089687,
      0.25197852625702544,
      -1.3916015625
    ],
    "velocity_ego": [
      -0.0068121961418108334,
      0.015637361985015856
    ],
    "risk_level": "high",
    "risk_score": 0.6526004892230194
  },
  "abnormal_flags": [
    "front_blocked",
    "high_risk_scene"
  ]
}