{
  "active_object_count": 5,
  "front_free_space_m": 12.897661886317135,
  "left_side_occupancy": 0.0,
  "right_side_occupancy": 0.1663578960797777,
  "rear_gap_m": null,
  "nearest_front_vehicle": {
    "track_id": 1,
    "class": "car",
    "distance_m": 14.025973605837475,
    "bearing_deg": -4.505899605781273,
    "position_ego": [
      13.982622823817135,
      -1.101904968006619,
      -1.330078125
    ],
    "velocity_ego": [
      -4.390201063249576,
      -1.6424732846822478
    ],
    "risk_level": "high",
    "risk_score": 0.694805197956219
  },
  "nearest_vru": null,
  "nearest_any_object": {
    "track_id": 1,
    "class": "car",
    "distance_m": 14.025973605837475,
    "bearing_deg": -4.505899605781273,
    "position_ego": [
      13.982622823817135,
      -1.101904968006619,
      -1.330078125
    ],
    "velocity_ego": [
      -4.390201063249576,
      -1.6424732846822478
    ],
    "risk_level": "high",
    "risk_score": 0.694805197956219
  },
  "abnormal_flags": [
    "high_risk_scene"
  ]
}