{
  "sample_name": "sample_000047",
  "sequence_index": 47,
  "frame_id": 3967,
  "timestamp": 43.83108661696315,
  "prediction_variant": "single",
  "source_sample_dir": "D:\\Agent-AI\\outputs\\s3a_left_v3\\sample_000047",
  "source_prediction_dir": "D:\\Agent-AI\\outputs\\live_watch_compare_multilane\\lw_left_positive_v1\\inference\\sample_000047",
  "ego": {
    "frame_id": 3967,
    "timestamp": 43.83108661696315,
    "sample_name": "sample_000047",
    "town": "Carla/Maps/Town10HD_Opt",
    "weather": {
      "cloudiness": 20.0,
      "dust_storm": 0.0,
      "fog_density": 2.0,
      "fog_distance": 0.75,
      "fog_falloff": 0.10000000149011612,
      "mie_scattering_scale": 0.029999999329447746,
      "precipitation": 0.0,
      "precipitation_deposits": 0.0,
      "rayleigh_scattering_scale": 0.03310000151395798,
      "scattering_intensity": 1.0,
      "sun_altitude_angle": 45.0,
      "sun_azimuth_angle": 300.0,
      "wetness": 0.0,
      "wind_intensity": 10.0
    },
    "position_world": [
      106.45530700683594,
      39.65400314331055,
      -0.0035319137386977673
    ],
    "velocity_world": [
      -0.865557074546814,
      1.9806069135665894,
      -3.611564534367062e-05
    ],
    "speed_mps": 2.1614793074813714,
    "yaw_deg": -110.75471496582031,
    "route_progress_m": 18.956316498479904,
    "world_from_ego_bevfusion": [
      [
        -0.3543643057346344,
        -0.935107409954071,
        6.28059497103095e-05,
        106.45530700683594
      ],
      [
        0.9350963234901428,
        -0.35435977578163147,
        0.004889257717877626,
        39.65400314331055
      ],
      [
        -0.004549725446850061,
        0.001791308051906526,
        0.9999880194664001,
        -0.0035319137386977673
      ],
      [
        0.0,
        0.0,
        0.0,
        1.0
      ]
    ]
  },
  "detections": [
    {
      "detection_id": "sample_000047_det_0000",
      "class_id": 0,
      "class_name": "car",
      "class_group": "vehicle",
      "score": 0.7080078125,
      "position_ego": [
        5.741931915283203,
        0.12260818481445312,
        -1.421875
      ],
      "size_xyz": [
        2.15625,
        4.9453125,
        1.8720703125
      ],
      "yaw_rad": -1.6923828125,
      "velocity_ego": [
        -6.616115570068359e-06,
        -2.2649765014648438e-06
      ],
      "speed_mps": 6.9930754170600005e-06,
      "distance_m": 5.743240799995359,
      "bearing_deg": 1.2232579962471846,
      "source_confidence": 0.7080078125,
      "raw_box_9d": [
        5.741931915283203,
        0.12260818481445312,
        -1.421875,
        2.15625,
        4.9453125,
        1.8720703125,
        -1.6923828125,
        -6.616115570068359e-06,
        -2.2649765014648438e-06
      ]
    },
    {
      "detection_id": "sample_000047_det_0001",
      "class_id": 0,
      "class_name": "car",
      "class_group": "vehicle",
      "score": 0.6416015625,
      "position_ego": [
        22.76836395263672,
        10.551239013671875,
        -1.2880859375
      ],
      "size_xyz": [
        2.16015625,
        4.90234375,
        1.859375
      ],
      "yaw_rad": -2.125,
      "velocity_ego": [
        -6.616115570068359e-06,
        -2.2649765014648438e-06
      ],
      "speed_mps": 6.9930754170600005e-06,
      "distance_m": 25.094362749497318,
      "bearing_deg": 24.86379178680605,
      "source_confidence": 0.6416015625,
      "raw_box_9d": [
        22.76836395263672,
        10.551239013671875,
        -1.2880859375,
        2.16015625,
        4.90234375,
        1.859375,
        -2.125,
        -6.616115570068359e-06,
        -2.2649765014648438e-06
      ]
    },
    {
      "detection_id": "sample_000047_det_0002",
      "class_id": 0,
      "class_name": "car",
      "class_group": "vehicle",
      "score": 0.2122802734375,
      "position_ego": [
        28.563758850097656,
        -2.6568946838378906,
        -1.0283203125
      ],
      "size_xyz": [
        2.2578125,
        5.16015625,
        1.9599609375
      ],
      "yaw_rad": 1.171875,
      "velocity_ego": [
        -6.616115570068359e-06,
        -2.2649765014648438e-06
      ],
      "speed_mps": 6.9930754170600005e-06,
      "distance_m": 28.687059957540757,
      "bearing_deg": -5.314149598441571,
      "source_confidence": 0.2122802734375,
      "raw_box_9d": [
        28.563758850097656,
        -2.6568946838378906,
        -1.0283203125,
        2.2578125,
        5.16015625,
        1.9599609375,
        1.171875,
        -6.616115570068359e-06,
        -2.2649765014648438e-06
      ]
    }
  ],
  "class_names": [
    "car",
    "truck",
    "construction_vehicle",
    "bus",
    "trailer",
    "barrier",
    "motorcycle",
    "bicycle",
    "pedestrian",
    "traffic_cone"
  ],
  "raw_prediction_count": 200,
  "filtered_prediction_count": 3
}