{
  "active_object_count": 3,
  "front_free_space_m": 4.7048375757141,
  "left_side_occupancy": 0.1616309877486395,
  "right_side_occupancy": 0.04052602301620545,
  "rear_gap_m": null,
  "nearest_front_vehicle": {
    "track_id": 1,
    "class": "car",
    "distance_m": 5.784562419942185,
    "bearing_deg": 1.3475696886766997,
    "position_ego": [
      5.7829625757141,
      0.13603763485718595,
      -1.421875
    ],
    "velocity_ego": [
      -1.6379263868720357,
      -0.33042931900735384
    ],
    "risk_level": "high",
    "risk_score": 0.7566157818504337
  },
  "nearest_vru": null,
  "nearest_any_object": {
    "track_id": 1,
    "class": "car",
    "distance_m": 5.784562419942185,
    "bearing_deg": 1.3475696886766997,
    "position_ego": [
      5.7829625757141,
      0.13603763485718595,
      -1.421875
    ],
    "velocity_ego": [
      -1.6379263868720357,
      -0.33042931900735384
    ],
    "risk_level": "high",
    "risk_score": 0.7566157818504337
  },
  "abnormal_flags": [
    "front_blocked",
    "high_risk_scene"
  ]
}