{
  "frame": 60007,
  "timestamp": 435.6197007596493,
  "sample_name": "sample_000006",
  "ego": {
    "frame_id": 60007,
    "timestamp": 435.6197007596493,
    "sample_name": "sample_000006",
    "town": "Carla/Maps/Town10HD_Opt",
    "weather": {
      "cloudiness": 20.0,
      "dust_storm": 0.0,
      "fog_density": 2.0,
      "fog_distance": 0.75,
      "fog_falloff": 0.10000000149011612,
      "mie_scattering_scale": 0.029999999329447746,
      "precipitation": 0.0,
      "precipitation_deposits": 0.0,
      "rayleigh_scattering_scale": 0.03310000151395798,
      "scattering_intensity": 1.0,
      "sun_altitude_angle": 45.0,
      "sun_azimuth_angle": 300.0,
      "wetness": 0.0,
      "wind_intensity": 10.0
    },
    "position_world": [
      106.33378601074219,
      23.70038604736328,
      -0.005285072140395641
    ],
    "velocity_world": [
      -0.35356199741363525,
      5.686525821685791,
      -0.0003416919498704374
    ],
    "speed_mps": 5.697506658483847,
    "yaw_deg": -91.84999084472656,
    "route_progress_m": 1.6134372916556976,
    "world_from_ego_bevfusion": [
      [
        -0.032282471656799316,
        -0.9994728565216064,
        0.003441751468926668,
        106.33378601074219
      ],
      [
        0.9994665384292603,
        -0.03229893743991852,
        -0.0048404596745967865,
        23.70038604736328
      ],
      [
        0.00494907284155488,
        0.0032836536411195993,
        0.9999824166297913,
        -0.005285072140395641
      ],
      [
        0.0,
        0.0,
        0.0,
        1.0
      ]
    ],
    "position_world_carla": [
      106.33378601074219,
      -23.70038604736328,
      -0.005285072140395641
    ]
  },
  "scene": {
    "active_object_count": 3,
    "front_free_space_m": null,
    "left_side_occupancy": 0.19305771814556327,
    "right_side_occupancy": 0.0,
    "rear_gap_m": null,
    "nearest_front_vehicle": null,
    "nearest_vru": null,
    "nearest_any_object": {
      "track_id": 1,
      "class": "car",
      "distance_m": 24.208268455633103,
      "bearing_deg": 7.244377293808825,
      "position_ego": [
        24.015021822888265,
        3.0527018305430955,
        -1.544921875
      ],
      "velocity_ego": [
        -3.117333241101776,
        -0.872685366604511
      ],
      "risk_level": "low",
      "risk_score": 0.2684379865827517
    },
    "abnormal_flags": [],
    "lane_scene": {
      "current_lane_blocked": false,
      "front_object_in_current_lane": null,
      "front_object_count_current_lane": 0,
      "left_lane_occupancy_count": 0,
      "right_lane_occupancy_count": 0,
      "left_lane_available": false,
      "right_lane_available": true,
      "junction_active": false,
      "junction_ahead": false
    }
  },
  "risk_summary": {
    "highest_risk_level": "low",
    "highest_risk_score": 0.2684379865827517,
    "urgent_track_ids": [],
    "front_hazard_track_id": null,
    "nearest_front_vehicle_distance_m": 24.208268455633103,
    "nearest_vru_distance_m": null,
    "minimum_ttc_seconds": 7.703706971796351,
    "flags": []
  },
  "decision_context": {
    "recommended_maneuvers": [
      "keep_lane"
    ],
    "hard_constraints": [],
    "soft_constraints": [
      "prefer_right_if_replan"
    ],
    "stage2_decision_intent": {
      "frame_id": 60007,
      "timestamp": 435.6197007596493,
      "maneuver": "keep_lane",
      "target_speed_mps": 8.0,
      "lane_preference": "prefer_right",
      "constraints": [],
      "confidence": 0.6,
      "reasoning_tags": [
        "cruise"
      ]
    },
    "maneuver_validation_preview": {
      "frame_id": 60007,
      "requested_intent": {
        "frame_id": 60007,
        "timestamp": 435.6197007596493,
        "maneuver": "keep_lane",
        "target_speed_mps": 8.0,
        "lane_preference": "prefer_right",
        "constraints": [],
        "confidence": 0.6,
        "reasoning_tags": [
          "cruise"
        ]
      },
      "valid_maneuvers": [
        "keep_lane",
        "lane_change_right"
      ],
      "invalid_maneuvers": [
        {
          "maneuver": "follow",
          "reason": "no_front_object_in_current_lane"
        },
        {
          "maneuver": "slow_down",
          "reason": "scene_not_constrained"
        },
        {
          "maneuver": "stop",
          "reason": "no_immediate_stop_condition"
        },
        {
          "maneuver": "yield",
          "reason": "no_vru_yield_condition"
        },
        {
          "maneuver": "lane_change_left",
          "reason": "no_left_lane"
        }
      ],
      "selected_behavior": "keep_lane",
      "selected_maneuver": "keep_lane",
      "lane_change_permission": {
        "left": false,
        "right": true,
        "left_reason": "no_left_lane",
        "right_reason": null
      },
      "reasoning_tags": []
    }
  },
  "lane_context": {
    "frame_id": 60007,
    "sample_name": "sample_000006",
    "current_lane": {
      "exists": true,
      "role": "current_lane",
      "road_id": 10,
      "section_id": 0,
      "lane_id": -1,
      "lane_width_m": 3.5,
      "lane_type": "Driving",
      "lane_change": "Right",
      "same_direction_as_ego": true,
      "transform_carla": {
        "location": {
          "x": 106.48139953613281,
          "y": -23.748363494873047,
          "z": 0.0
        },
        "rotation": {
          "roll": 0.0,
          "pitch": 0.0,
          "yaw": -90.67820739746094
        }
      },
      "transform_bevfusion_world": {
        "location": {
          "x": 106.48139953613281,
          "y": 23.748363494873047,
          "z": 0.0
        },
        "rotation": {
          "roll": 0.0,
          "pitch": 0.0,
          "yaw": -90.67820739746094
        }
      },
      "lane_change_allowed_from_current": false
    },
    "left_lane": {
      "exists": false,
      "role": "left_lane",
      "road_id": null,
      "section_id": null,
      "lane_id": null,
      "lane_width_m": null,
      "lane_type": null,
      "lane_change": null,
      "same_direction_as_ego": false,
      "transform_carla": null,
      "transform_bevfusion_world": null,
      "lane_change_allowed_from_current": false
    },
    "right_lane": {
      "exists": true,
      "role": "right_lane",
      "road_id": 10,
      "section_id": 0,
      "lane_id": -2,
      "lane_width_m": 3.5,
      "lane_type": "Driving",
      "lane_change": "Left",
      "same_direction_as_ego": true,
      "transform_carla": {
        "location": {
          "x": 109.98115539550781,
          "y": -23.789793014526367,
          "z": 0.0
        },
        "rotation": {
          "roll": 0.0,
          "pitch": 0.0,
          "yaw": -90.67820739746094
        }
      },
      "transform_bevfusion_world": {
        "location": {
          "x": 109.98115539550781,
          "y": 23.789793014526367,
          "z": 0.0
        },
        "rotation": {
          "roll": 0.0,
          "pitch": 0.0,
          "yaw": -90.67820739746094
        }
      },
      "lane_change_allowed_from_current": true
    },
    "forward_corridor": {
      "horizon_m": 60.0,
      "sample_step_m": 5.0,
      "chain": [
        {
          "distance_m": 0.0,
          "road_id": 10,
          "section_id": 0,
          "lane_id": -1,
          "is_junction": false,
          "yaw_deg": -90.67820739746094,
          "position_carla": {
            "x": 106.48139953613281,
            "y": -23.748363494873047,
            "z": 0.0
          },
          "position_bevfusion_world": {
            "x": 106.48139953613281,
            "y": 23.748363494873047,
            "z": 0.0
          }
        },
        {
          "distance_m": 5.0,
          "road_id": 10,
          "section_id": 0,
          "lane_id": -1,
          "is_junction": false,
          "yaw_deg": -97.94693756103516,
          "position_carla": {
            "x": 106.08898162841797,
            "y": -28.952098846435547,
            "z": 0.0
          },