{
  "sample_name": "sample_000078",
  "sequence_index": 78,
  "frame_id": 60079,
  "timestamp": 442.81970086693764,
  "prediction_variant": "single",
  "source_sample_dir": "D:\\Agent-AI\\outputs\\s3a_ml_long_v2\\sample_000078",
  "source_prediction_dir": "D:\\Agent-AI\\outputs\\live_watch_compare_multilane\\lw_s3a_ml_long_v2\\inference\\sample_000078",
  "ego": {
    "frame_id": 60079,
    "timestamp": 442.81970086693764,
    "sample_name": "sample_000078",
    "town": "Carla/Maps/Town10HD_Opt",
    "weather": {
      "cloudiness": 20.0,
      "dust_storm": 0.0,
      "fog_density": 2.0,
      "fog_distance": 0.75,
      "fog_falloff": 0.10000000149011612,
      "mie_scattering_scale": 0.029999999329447746,
      "precipitation": 0.0,
      "precipitation_deposits": 0.0,
      "rayleigh_scattering_scale": 0.03310000151395798,
      "scattering_intensity": 1.0,
      "sun_altitude_angle": 45.0,
      "sun_azimuth_angle": 300.0,
      "wetness": 0.0,
      "wind_intensity": 10.0
    },
    "position_world": [
      79.71773529052734,
      61.471458435058594,
      -0.004377441480755806
    ],
    "velocity_world": [
      -2.9810118675231934,
      1.0243264436721802,
      3.843307240458671e-06
    ],
    "speed_mps": 3.15209080096608,
    "yaw_deg": -158.27593994140625,
    "route_progress_m": 50.67854118716345,
    "world_from_ego_bevfusion": [
      [
        -0.9289770126342773,
        -0.37013718485832214,
        0.0003992730053141713,
        79.71773529052734
      ],
      [
        0.37013694643974304,
        -0.9289737343788147,
        0.002554787788540125,
        61.471458435058594
      ],
      [
        -0.0005747078685089946,
        0.0025211249012500048,
        0.9999966621398926,
        -0.004377441480755806
      ],
      [
        0.0,
        0.0,
        0.0,
        1.0
      ]
    ]
  },
  "detections": [
    {
      "detection_id": "sample_000078_det_0000",
      "class_id": 0,
      "class_name": "car",
      "class_group": "vehicle",
      "score": 0.7587890625,
      "position_ego": [
        8.69766616821289,
        0.7918243408203125,
        -1.3974609375
      ],
      "size_xyz": [
        2.15625,
        5.109375,
        1.75
      ],
      "yaw_rad": -1.7734375,
      "velocity_ego": [
        -6.616115570068359e-06,
        -2.2649765014648438e-06
      ],
      "speed_mps": 6.9930754170600005e-06,
      "distance_m": 8.733635128650077,
      "bearing_deg": 5.201794789131341,
      "source_confidence": 0.7587890625,
      "raw_box_9d": [
        8.69766616821289,
        0.7918243408203125,
        -1.3974609375,
        2.15625,
        5.109375,
        1.75,
        -1.7734375,
        -6.616115570068359e-06,
        -2.2649765014648438e-06
      ]
    },
    {
      "detection_id": "sample_000078_det_0001",
      "class_id": 0,
      "class_name": "car",
      "class_group": "vehicle",
      "score": 0.73388671875,
      "position_ego": [
        -26.222972869873047,
        4.415409088134766,
        -1.333984375
      ],
      "size_xyz": [
        2.154296875,
        5.0390625,
        1.7734375
      ],
      "yaw_rad": -0.8720703125,
      "velocity_ego": [
        -6.616115570068359e-06,
        -2.2649765014648438e-06
      ],
      "speed_mps": 6.9930754170600005e-06,
      "distance_m": 26.592106790355686,
      "bearing_deg": 170.44222284574857,
      "source_confidence": 0.73388671875,
      "raw_box_9d": [
        -26.222972869873047,
        4.415409088134766,
        -1.333984375,
        2.154296875,
        5.0390625,
        1.7734375,
        -0.8720703125,
        -6.616115570068359e-06,
        -2.2649765014648438e-06
      ]
    },
    {
      "detection_id": "sample_000078_det_0002",
      "class_id": 0,
      "class_name": "car",
      "class_group": "vehicle",
      "score": 0.57861328125,
      "position_ego": [
        40.03520965576172,
        5.681049346923828,
        -0.97314453125
      ],
      "size_xyz": [
        2.20703125,
        5.01953125,
        1.884765625
      ],
      "yaw_rad": 1.2099609375,
      "velocity_ego": [
        -6.616115570068359e-06,
        -2.2649765014648438e-06
      ],
      "speed_mps": 6.9930754170600005e-06,
      "distance_m": 40.43627497511337,
      "bearing_deg": 8.076426214898511,
      "source_confidence": 0.57861328125,
      "raw_box_9d": [
        40.03520965576172,
        5.681049346923828,
        -0.97314453125,
        2.20703125,
        5.01953125,
        1.884765625,
        1.2099609375,
        -6.616115570068359e-06,
        -2.2649765014648438e-06
      ]
    },
    {
      "detection_id": "sample_000078_det_0003",
      "class_id": 0,
      "class_name": "car",
      "class_group": "vehicle",
      "score": 0.47119140625,
      "position_ego": [
        38.473243713378906,
        8.453907012939453,
        -1.23828125
      ],
      "size_xyz": [
        2.193359375,
        5.05859375,
        1.841796875
      ],
      "yaw_rad": 1.236328125,
      "velocity_ego": [
        -6.616115570068359e-06,
        -2.2649765014648438e-06
      ],
      "speed_mps": 6.9930754170600005e-06,
      "distance_m": 39.391103381505786,
      "bearing_deg": 12.392919387168787,
      "source_confidence": 0.47119140625,
      "raw_box_9d": [
        38.473243713378906,
        8.453907012939453,
        -1.23828125,
        2.193359375,
        5.05859375,
        1.841796875,
        1.236328125,
        -6.616115570068359e-06,
        -2.2649765014648438e-06
      ]
    },
    {
      "detection_id": "sample_000078_det_0004",
      "class_id": 0,
      "class_name": "car",
      "class_group": "vehicle",
      "score": 0.36962890625,
      "position_ego": [
        46.16133117675781,
        15.28253173828125,
        -0.908203125
      ],
      "size_xyz": [
        2.1875,
        4.94921875,
        1.8115234375
      ],
      "yaw_rad": 1.19140625,
      "velocity_ego": [
        -6.616115570068359e-06,
        -2.2649765014648438e-06
      ],
      "speed_mps": 6.9930754170600005e-06,
      "distance_m": 48.62534598686046,
      "bearing_deg": 18.318046125644063,
      "source_confidence": 0.36962890625,
      "raw_box_9d": [
        46.16133117675781,
        15.28253173828125,
        -0.908203125,
        2.1875,
        4.94921875,
        1.8115234375,
        1.19140625,
        -6.616115570068359e-06,
        -2.2649765014648438e-06
      ]
    },
    {
      "detection_id": "sample_000078_det_0005",
      "class_id": 0,
      "class_name": "car",
      "class_group": "vehicle",
      "score": 0.1893310546875,
      "position_ego": [
        20.075027465820312,
        35.294532775878906,
        -0.7158203125
      ],
      "size_xyz": [
        2.294921875,
        5.3125,
        2.103515625
      ],
      "yaw_rad": 1.1591796875,
      "velocity_ego": [
        -6.616115570068359e-06,
        -2.2649765014648438e-06
      ],
      "speed_mps": 6.9930754170600005e-06,
      "distance_m": 40.604319617757795,
      "bearing_deg": 60.36939772361362,
      "source_confidence": 0.1893310546875,
      "raw_box_9d": [
        20.075027465820312,
        35.294532775878906,
        -0.7158203125,
        2.294921875,
        5.3125,
        2.103515625,
        1.1591796875,
        -6.616115570068359e-06,
        -2.2649765014648438e-06
      ]
    },
    {
      "detection_id": "sample_000078_det_0006",
      "class_id": 0,
      "class_name": "car",
      "class_group": "vehicle",
      "score": 0.1640625,
      "position_ego": [
        -30.370750427246094,
        -6.3617401123046875,
        -1.18359375
      ],
      "size_xyz": [
        2.197265625,
        4.96484375,
        1.8828125
      ],
      "yaw_rad": -1.1103515625,
      "velocity_ego": [
        -6.616115570068359e-06,
        -2.2649765014648438e-06
      ],
      "speed_mps": 6.9930754170600005e-06,
      "distance_m": 31.029892342233083,
      "bearing_deg": -168.16934604474864,
      "source_confidence": 0.1640625,