{
  "sample_name": "sample_000026",
  "sequence_index": 26,
  "frame_id": 60027,
  "timestamp": 437.6197007894516,
  "prediction_variant": "single",
  "source_sample_dir": "D:\\Agent-AI\\outputs\\s3a_ml_long_v2\\sample_000026",
  "source_prediction_dir": "D:\\Agent-AI\\outputs\\live_watch_compare_multilane\\lw_s3a_ml_long_v2\\inference\\sample_000026",
  "ego": {
    "frame_id": 60027,
    "timestamp": 437.6197007894516,
    "sample_name": "sample_000026",
    "town": "Carla/Maps/Town10HD_Opt",
    "weather": {
      "cloudiness": 20.0,
      "dust_storm": 0.0,
      "fog_density": 2.0,
      "fog_distance": 0.75,
      "fog_falloff": 0.10000000149011612,
      "mie_scattering_scale": 0.029999999329447746,
      "precipitation": 0.0,
      "precipitation_deposits": 0.0,
      "rayleigh_scattering_scale": 0.03310000151395798,
      "scattering_intensity": 1.0,
      "sun_altitude_angle": 45.0,
      "sun_azimuth_angle": 300.0,
      "wetness": 0.0,
      "wind_intensity": 10.0
    },
    "position_world": [
      103.05265045166016,
      38.99132537841797,
      -0.004211692605167627
    ],
    "velocity_world": [
      -3.142866373062134,
      7.27131986618042,
      -0.0001126384740928188
    ],
    "speed_mps": 7.921470927038879,
    "yaw_deg": -111.50608825683594,
    "route_progress_m": 17.335673942155253,
    "world_from_ego_bevfusion": [
      [
        -0.36660003662109375,
        -0.9303203225135803,
        0.01041785255074501,
        103.05265045166016
      ],
      [
        0.9303784370422363,
        -0.3665703237056732,
        0.004702666774392128,
        38.99132537841797
      ],
      [
        -0.0005561112775467336,
        0.011416543275117874,
        0.9999346733093262,
        -0.004211692605167627
      ],
      [
        0.0,
        0.0,
        0.0,
        1.0
      ]
    ]
  },
  "detections": [
    {
      "detection_id": "sample_000026_det_0000",
      "class_id": 0,
      "class_name": "car",
      "class_group": "vehicle",
      "score": 0.783203125,
      "position_ego": [
        8.013355255126953,
        -2.6478843688964844,
        -1.4248046875
      ],
      "size_xyz": [
        2.162109375,
        5.05859375,
        1.7919921875
      ],
      "yaw_rad": -1.6337890625,
      "velocity_ego": [
        -6.616115570068359e-06,
        -2.2649765014648438e-06
      ],
      "speed_mps": 6.9930754170600005e-06,
      "distance_m": 8.439499634215117,
      "bearing_deg": -18.285307137145708,
      "source_confidence": 0.783203125,
      "raw_box_9d": [
        8.013355255126953,
        -2.6478843688964844,
        -1.4248046875,
        2.162109375,
        5.05859375,
        1.7919921875,
        -1.6337890625,
        -6.616115570068359e-06,
        -2.2649765014648438e-06
      ]
    },
    {
      "detection_id": "sample_000026_det_0001",
      "class_id": 0,
      "class_name": "car",
      "class_group": "vehicle",
      "score": 0.339111328125,
      "position_ego": [
        52.60151672363281,
        46.51847839355469,
        -1.189453125
      ],
      "size_xyz": [
        2.1875,
        5.0078125,
        1.9013671875
      ],
      "yaw_rad": 0.39892578125,
      "velocity_ego": [
        -6.616115570068359e-06,
        -2.2649765014648438e-06
      ],
      "speed_mps": 6.9930754170600005e-06,
      "distance_m": 70.22028477354843,
      "bearing_deg": 41.48813697206815,
      "source_confidence": 0.339111328125,
      "raw_box_9d": [
        52.60151672363281,
        46.51847839355469,
        -1.189453125,
        2.1875,
        5.0078125,
        1.9013671875,
        0.39892578125,
        -6.616115570068359e-06,
        -2.2649765014648438e-06
      ]
    },
    {
      "detection_id": "sample_000026_det_0002",
      "class_id": 0,
      "class_name": "car",
      "class_group": "vehicle",
      "score": 0.308349609375,
      "position_ego": [
        34.918212890625,
        20.46709442138672,
        -1.34765625
      ],
      "size_xyz": [
        2.216796875,
        5.265625,
        1.8759765625
      ],
      "yaw_rad": -1.544921875,
      "velocity_ego": [
        0.0491943359375,
        0.0347900390625
      ],
      "speed_mps": 0.060253045618473756,
      "distance_m": 40.47448017614271,
      "bearing_deg": 30.376435881192833,
      "source_confidence": 0.308349609375,
      "raw_box_9d": [
        34.918212890625,
        20.46709442138672,
        -1.34765625,
        2.216796875,
        5.265625,
        1.8759765625,
        -1.544921875,
        0.0491943359375,
        0.0347900390625
      ]
    },
    {
      "detection_id": "sample_000026_det_0003",
      "class_id": 0,
      "class_name": "car",
      "class_group": "vehicle",
      "score": 0.15771484375,
      "position_ego": [
        49.659523010253906,
        47.241729736328125,
        -1.1552734375
      ],
      "size_xyz": [
        2.1953125,
        5.05859375,
        1.9091796875
      ],
      "yaw_rad": 0.380126953125,
      "velocity_ego": [
        -0.09173583984375,
        -0.65966796875
      ],
      "speed_mps": 0.6660159857740572,
      "distance_m": 68.54085828238662,
      "bearing_deg": 43.570703580827505,
      "source_confidence": 0.15771484375,
      "raw_box_9d": [
        49.659523010253906,
        47.241729736328125,
        -1.1552734375,
        2.1953125,
        5.05859375,
        1.9091796875,
        0.380126953125,
        -0.09173583984375,
        -0.65966796875
      ]
    },
    {
      "detection_id": "sample_000026_det_0004",
      "class_id": 0,
      "class_name": "car",
      "class_group": "vehicle",
      "score": 0.105712890625,
      "position_ego": [
        27.991119384765625,
        -6.859165191650391,
        -1.0380859375
      ],
      "size_xyz": [
        2.23046875,
        5.109375,
        1.9091796875
      ],
      "yaw_rad": 1.595703125,
      "velocity_ego": [
        -6.616115570068359e-06,
        -2.2649765014648438e-06
      ],
      "speed_mps": 6.9930754170600005e-06,
      "distance_m": 28.819280205073657,
      "bearing_deg": -13.768890040289852,
      "source_confidence": 0.105712890625,
      "raw_box_9d": [
        27.991119384765625,
        -6.859165191650391,
        -1.0380859375,
        2.23046875,
        5.109375,
        1.9091796875,
        1.595703125,
        -6.616115570068359e-06,
        -2.2649765014648438e-06
      ]
    }
  ],
  "class_names": [
    "car",
    "truck",
    "construction_vehicle",
    "bus",
    "trailer",
    "barrier",
    "motorcycle",
    "bicycle",
    "pedestrian",
    "traffic_cone"
  ],
  "raw_prediction_count": 200,
  "filtered_prediction_count": 5
}