{
  "active_object_count": 10,
  "front_free_space_m": 5.0645833101249025,
  "left_side_occupancy": 0.03214504928434081,
  "right_side_occupancy": 0.11659604930962009,
  "rear_gap_m": 27.626811202985486,
  "nearest_front_vehicle": {
    "track_id": 2,
    "class": "car",
    "distance_m": 6.147374036196758,
    "bearing_deg": 2.2324405472313193,
    "position_ego": [
      6.1427083101249025,
      0.23946222589057636,
      -1.48046875
    ],
    "velocity_ego": [
      0.09880275688383829,
      -0.016517296508235833
    ],
    "risk_level": "high",
    "risk_score": 0.6538946947285244
  },
  "nearest_vru": null,
  "nearest_any_object": {
    "track_id": 2,
    "class": "car",
    "distance_m": 6.147374036196758,
    "bearing_deg": 2.2324405472313193,
    "position_ego": [
      6.1427083101249025,
      0.23946222589057636,
      -1.48046875
    ],
    "velocity_ego": [
      0.09880275688383829,
      -0.016517296508235833
    ],
    "risk_level": "high",
    "risk_score": 0.6538946947285244
  },
  "abnormal_flags": [
    "front_blocked",
    "high_risk_scene"
  ]
}