{
  "sample_name": "sample_000048",
  "sequence_index": 48,
  "frame_id": 60049,
  "timestamp": 439.81970082223415,
  "prediction_variant": "single",
  "source_sample_dir": "D:\\Agent-AI\\outputs\\s3a_ml_long_v2\\sample_000048",
  "source_prediction_dir": "D:\\Agent-AI\\outputs\\live_watch_compare_multilane\\lw_s3a_ml_long_v2\\inference\\sample_000048",
  "ego": {
    "frame_id": 60049,
    "timestamp": 439.81970082223415,
    "sample_name": "sample_000048",
    "town": "Carla/Maps/Town10HD_Opt",
    "weather": {
      "cloudiness": 20.0,
      "dust_storm": 0.0,
      "fog_density": 2.0,
      "fog_distance": 0.75,
      "fog_falloff": 0.10000000149011612,
      "mie_scattering_scale": 0.029999999329447746,
      "precipitation": 0.0,
      "precipitation_deposits": 0.0,
      "rayleigh_scattering_scale": 0.03310000151395798,
      "scattering_intensity": 1.0,
      "sun_altitude_angle": 45.0,
      "sun_azimuth_angle": 300.0,
      "wetness": 0.0,
      "wind_intensity": 10.0
    },
    "position_world": [
      93.02560424804688,
      53.35886764526367,
      -0.004254722502082586
    ],
    "velocity_world": [
      -5.800467014312744,
      5.473267555236816,
      8.00037378212437e-05
    ],
    "speed_mps": 7.975090928744248,
    "yaw_deg": -135.90907287597656,
    "route_progress_m": 34.990765459990676,
    "world_from_ego_bevfusion": [
      [
        -0.7182363867759705,
        -0.6957752108573914,
        0.005775827914476395,
        93.02560424804688
      ],
      [
        0.6957990527153015,
        -0.7182064652442932,
        0.00656512938439846,
        53.35886764526367
      ],
      [
        -0.00041961667011491954,
        0.008734130300581455,
        0.999961793422699,
        -0.004254722502082586
      ],
      [
        0.0,
        0.0,
        0.0,
        1.0
      ]
    ]
  },
  "detections": [
    {
      "detection_id": "sample_000048_det_0001",
      "class_id": 0,
      "class_name": "car",
      "class_group": "vehicle",
      "score": 0.65966796875,
      "position_ego": [
        -10.74169921875,
        -2.4603500366210938,
        -1.416015625
      ],
      "size_xyz": [
        2.150390625,
        5.078125,
        1.7548828125
      ],
      "yaw_rad": -1.2744140625,
      "velocity_ego": [
        0.06591796875,
        -0.0300750732421875
      ],
      "speed_mps": 0.07245473507403721,
      "distance_m": 11.01986499049765,
      "bearing_deg": -167.09912577067817,
      "source_confidence": 0.65966796875,
      "raw_box_9d": [
        -10.74169921875,
        -2.4603500366210938,
        -1.416015625,
        2.150390625,
        5.078125,
        1.7548828125,
        -1.2744140625,
        0.06591796875,
        -0.0300750732421875
      ]
    },
    {
      "detection_id": "sample_000048_det_0000",
      "class_id": 0,
      "class_name": "car",
      "class_group": "vehicle",
      "score": 0.63916015625,
      "position_ego": [
        22.93462371826172,
        7.527229309082031,
        -1.4267578125
      ],
      "size_xyz": [
        2.177734375,
        5.16796875,
        1.79296875
      ],
      "yaw_rad": -2.20703125,
      "velocity_ego": [
        -6.616115570068359e-06,
        -2.2649765014648438e-06
      ],
      "speed_mps": 6.9930754170600005e-06,
      "distance_m": 24.138271399786618,
      "bearing_deg": 18.170029451445007,
      "source_confidence": 0.63916015625,
      "raw_box_9d": [
        22.93462371826172,
        7.527229309082031,
        -1.4267578125,
        2.177734375,
        5.16796875,
        1.79296875,
        -2.20703125,
        -6.616115570068359e-06,
        -2.2649765014648438e-06
      ]
    },
    {
      "detection_id": "sample_000048_det_0002",
      "class_id": 0,
      "class_name": "car",
      "class_group": "vehicle",
      "score": 0.46142578125,
      "position_ego": [
        49.96033477783203,
        23.888092041015625,
        -1.0859375
      ],
      "size_xyz": [
        2.216796875,
        5.0,
        1.8193359375
      ],
      "yaw_rad": 0.76953125,
      "velocity_ego": [
        -6.616115570068359e-06,
        -2.2649765014648438e-06
      ],
      "speed_mps": 6.9930754170600005e-06,
      "distance_m": 55.377576621526934,
      "bearing_deg": 25.55438250261572,
      "source_confidence": 0.46142578125,
      "raw_box_9d": [
        49.96033477783203,
        23.888092041015625,
        -1.0859375,
        2.216796875,
        5.0,
        1.8193359375,
        0.76953125,
        -6.616115570068359e-06,
        -2.2649765014648438e-06
      ]
    },
    {
      "detection_id": "sample_000048_det_0004",
      "class_id": 0,
      "class_name": "car",
      "class_group": "vehicle",
      "score": 0.33544921875,
      "position_ego": [
        47.655731201171875,
        25.867095947265625,
        -1.169921875
      ],
      "size_xyz": [
        2.212890625,
        5.09375,
        1.8427734375
      ],
      "yaw_rad": 0.78515625,
      "velocity_ego": [
        -4.7147274017333984e-05,
        -0.0007719993591308594
      ],
      "speed_mps": 0.0007734377001063002,
      "distance_m": 54.22338396912712,
      "bearing_deg": 28.49270581495627,
      "source_confidence": 0.33544921875,
      "raw_box_9d": [
        47.655731201171875,
        25.867095947265625,
        -1.169921875,
        2.212890625,
        5.09375,
        1.8427734375,
        0.78515625,
        -4.7147274017333984e-05,
        -0.0007719993591308594
      ]
    },
    {
      "detection_id": "sample_000048_det_0003",
      "class_id": 0,
      "class_name": "car",
      "class_group": "vehicle",
      "score": 0.3212890625,
      "position_ego": [
        52.05469512939453,
        35.13726806640625,
        -1.0478515625
      ],
      "size_xyz": [
        2.185546875,
        4.9765625,
        1.8427734375
      ],
      "yaw_rad": 0.7509765625,
      "velocity_ego": [
        -0.109619140625,
        -0.0799560546875
      ],
      "speed_mps": 0.13568097387826347,
      "distance_m": 62.80381272012634,
      "bearing_deg": 34.01961377820445,
      "source_confidence": 0.3212890625,
      "raw_box_9d": [
        52.05469512939453,
        35.13726806640625,
        -1.0478515625,
        2.185546875,
        4.9765625,
        1.8427734375,
        0.7509765625,
        -0.109619140625,
        -0.0799560546875
      ]
    },
    {
      "detection_id": "sample_000048_det_0005",
      "class_id": 0,
      "class_name": "car",
      "class_group": "vehicle",
      "score": 0.273193359375,
      "position_ego": [
        25.402442932128906,
        -8.09707260131836,
        -1.1328125
      ],
      "size_xyz": [
        2.26171875,
        5.0234375,
        1.8681640625
      ],
      "yaw_rad": 1.2509765625,
      "velocity_ego": [
        -6.616115570068359e-06,
        -2.2649765014648438e-06
      ],
      "speed_mps": 6.9930754170600005e-06,
      "distance_m": 26.661708340447472,
      "bearing_deg": -17.67977089657144,
      "source_confidence": 0.273193359375,
      "raw_box_9d": [
        25.402442932128906,
        -8.09707260131836,
        -1.1328125,
        2.26171875,
        5.0234375,
        1.8681640625,
        1.2509765625,
        -6.616115570068359e-06,
        -2.2649765014648438e-06
      ]
    }
  ],
  "class_names": [
    "car",
    "truck",
    "construction_vehicle",
    "bus",
    "trailer",
    "barrier",
    "motorcycle",
    "bicycle",
    "pedestrian",
    "traffic_cone"
  ],
  "raw_prediction_count": 200,
  "filtered_prediction_count": 6
}