{
  "sample_name": "sample_000033",
  "sequence_index": 33,
  "frame_id": 60034,
  "timestamp": 438.3197007998824,
  "prediction_variant": "single",
  "source_sample_dir": "D:\\Agent-AI\\outputs\\s3a_ml_long_v2\\sample_000033",
  "source_prediction_dir": "D:\\Agent-AI\\outputs\\live_watch_compare_multilane\\lw_s3a_ml_long_v2\\inference\\sample_000033",
  "ego": {
    "frame_id": 60034,
    "timestamp": 438.3197007998824,
    "sample_name": "sample_000033",
    "town": "Carla/Maps/Town10HD_Opt",
    "weather": {
      "cloudiness": 20.0,
      "dust_storm": 0.0,
      "fog_density": 2.0,
      "fog_distance": 0.75,
      "fog_falloff": 0.10000000149011612,
      "mie_scattering_scale": 0.029999999329447746,
      "precipitation": 0.0,
      "precipitation_deposits": 0.0,
      "rayleigh_scattering_scale": 0.03310000151395798,
      "scattering_intensity": 1.0,
      "sun_altitude_angle": 45.0,
      "sun_azimuth_angle": 300.0,
      "wetness": 0.0,
      "wind_intensity": 10.0
    },
    "position_world": [
      100.54862976074219,
      44.01094055175781,
      -0.0043802643194794655
    ],
    "velocity_world": [
      -4.128286361694336,
      6.924645900726318,
      -0.00012074470578227192
    ],
    "speed_mps": 8.06185271195006,
    "yaw_deg": -118.9577407836914,
    "route_progress_m": 22.94880261137794,
    "world_from_ego_bevfusion": [
      [
        -0.48416441679000854,
        -0.8749260902404785,
        0.009436018764972687,
        100.54862976074219
      ],
      [
        0.8749769330024719,
        -0.4841393232345581,
        0.00493678217753768,
        44.01094055175781
      ],
      [
        0.0002490281767677516,
        0.010646513663232327,
        0.9999432563781738,
        -0.0043802643194794655
      ],
      [
        0.0,
        0.0,
        0.0,
        1.0
      ]
    ]
  },
  "detections": [
    {
      "detection_id": "sample_000033_det_0000",
      "class_id": 0,
      "class_name": "car",
      "class_group": "vehicle",
      "score": 0.76318359375,
      "position_ego": [
        1.9992218017578125,
        -3.367565155029297,
        -1.44921875
      ],
      "size_xyz": [
        2.181640625,
        5.14453125,
        1.7744140625
      ],
      "yaw_rad": -1.5859375,
      "velocity_ego": [
        -6.616115570068359e-06,
        -2.2649765014648438e-06
      ],
      "speed_mps": 6.9930754170600005e-06,
      "distance_m": 3.9162970885763055,
      "bearing_deg": -59.303674096075106,
      "source_confidence": 0.76318359375,
      "raw_box_9d": [
        1.9992218017578125,
        -3.367565155029297,
        -1.44921875,
        2.181640625,
        5.14453125,
        1.7744140625,
        -1.5859375,
        -6.616115570068359e-06,
        -2.2649765014648438e-06
      ]
    },
    {
      "detection_id": "sample_000033_det_0001",
      "class_id": 0,
      "class_name": "car",
      "class_group": "vehicle",
      "score": 0.53271484375,
      "position_ego": [
        31.593605041503906,
        15.900680541992188,
        -1.3203125
      ],
      "size_xyz": [
        2.19140625,
        5.09375,
        1.8115234375
      ],
      "yaw_rad": -2.4921875,
      "velocity_ego": [
        -6.616115570068359e-06,
        -2.2649765014648438e-06
      ],
      "speed_mps": 6.9930754170600005e-06,
      "distance_m": 35.36930196112202,
      "bearing_deg": 26.715561159427406,
      "source_confidence": 0.53271484375,
      "raw_box_9d": [
        31.593605041503906,
        15.900680541992188,
        -1.3203125,
        2.19140625,
        5.09375,
        1.8115234375,
        -2.4921875,
        -6.616115570068359e-06,
        -2.2649765014648438e-06
      ]
    },
    {
      "detection_id": "sample_000033_det_0002",
      "class_id": 0,
      "class_name": "car",
      "class_group": "vehicle",
      "score": 0.236083984375,
      "position_ego": [
        52.652496337890625,
        39.593849182128906,
        -1.1748046875
      ],
      "size_xyz": [
        2.27734375,
        5.12890625,
        1.890625
      ],
      "yaw_rad": 0.53173828125,
      "velocity_ego": [
        -0.004207611083984375,
        -0.0037384033203125
      ],
      "speed_mps": 0.005628467857187397,
      "distance_m": 65.87835960062117,
      "bearing_deg": 36.94259027163311,
      "source_confidence": 0.236083984375,
      "raw_box_9d": [
        52.652496337890625,
        39.593849182128906,
        -1.1748046875,
        2.27734375,
        5.12890625,
        1.890625,
        0.53173828125,
        -0.004207611083984375,
        -0.0037384033203125
      ]
    },
    {
      "detection_id": "sample_000033_det_0004",
      "class_id": 0,
      "class_name": "car",
      "class_group": "vehicle",
      "score": 0.2293701171875,
      "position_ego": [
        51.416236877441406,
        50.94097137451172,
        -1.283203125
      ],
      "size_xyz": [
        2.251953125,
        5.14453125,
        1.9091796875
      ],
      "yaw_rad": 0.5166015625,
      "velocity_ego": [
        -6.616115570068359e-06,
        -2.2649765014648438e-06
      ],
      "speed_mps": 6.9930754170600005e-06,
      "distance_m": 72.37825625984635,
      "bearing_deg": 44.733965860915305,
      "source_confidence": 0.2293701171875,
      "raw_box_9d": [
        51.416236877441406,
        50.94097137451172,
        -1.283203125,
        2.251953125,
        5.14453125,
        1.9091796875,
        0.5166015625,
        -6.616115570068359e-06,
        -2.2649765014648438e-06
      ]
    },
    {
      "detection_id": "sample_000033_det_0003",
      "class_id": 0,
      "class_name": "car",
      "class_group": "vehicle",
      "score": 0.22021484375,
      "position_ego": [
        49.723976135253906,
        40.6728515625,
        -1.271484375
      ],
      "size_xyz": [
        2.203125,
        4.98046875,
        1.8828125
      ],
      "yaw_rad": 0.51513671875,
      "velocity_ego": [
        -6.616115570068359e-06,
        -2.2649765014648438e-06
      ],
      "speed_mps": 6.9930754170600005e-06,
      "distance_m": 64.23982142662337,
      "bearing_deg": 39.28222665344736,
      "source_confidence": 0.22021484375,
      "raw_box_9d": [
        49.723976135253906,
        40.6728515625,
        -1.271484375,
        2.203125,
        4.98046875,
        1.8828125,
        0.51513671875,
        -6.616115570068359e-06,
        -2.2649765014648438e-06
      ]
    }
  ],
  "class_names": [
    "car",
    "truck",
    "construction_vehicle",
    "bus",
    "trailer",
    "barrier",
    "motorcycle",
    "bicycle",
    "pedestrian",
    "traffic_cone"
  ],
  "raw_prediction_count": 200,
  "filtered_prediction_count": 5
}