{
  "sample_name": "sample_000065",
  "sequence_index": 65,
  "frame_id": 60066,
  "timestamp": 441.5197008475661,
  "prediction_variant": "single",
  "source_sample_dir": "D:\\Agent-AI\\outputs\\s3a_ml_long_v2\\sample_000065",
  "source_prediction_dir": "D:\\Agent-AI\\outputs\\live_watch_compare_multilane\\lw_s3a_ml_long_v2\\inference\\sample_000065",
  "ego": {
    "frame_id": 60066,
    "timestamp": 441.5197008475661,
    "sample_name": "sample_000065",
    "town": "Carla/Maps/Town10HD_Opt",
    "weather": {
      "cloudiness": 20.0,
      "dust_storm": 0.0,
      "fog_density": 2.0,
      "fog_distance": 0.75,
      "fog_falloff": 0.10000000149011612,
      "mie_scattering_scale": 0.029999999329447746,
      "precipitation": 0.0,
      "precipitation_deposits": 0.0,
      "rayleigh_scattering_scale": 0.03310000151395798,
      "scattering_intensity": 1.0,
      "sun_altitude_angle": 45.0,
      "sun_azimuth_angle": 300.0,
      "wetness": 0.0,
      "wind_intensity": 10.0
    },
    "position_world": [
      82.76831817626953,
      60.23354721069336,
      0.0006235122564248741
    ],
    "velocity_world": [
      -1.6478625535964966,
      0.7764461636543274,
      -0.0013228702591732144
    ],
    "speed_mps": 1.82162602928944,
    "yaw_deg": -153.59666442871094,
    "route_progress_m": 47.385648868970776,
    "world_from_ego_bevfusion": [
      [
        -0.8954155445098877,
        -0.4447658061981201,
        -0.02035832405090332,
        82.76831817626953
      ],
      [
        0.44455307722091675,
        -0.8956393003463745,
        0.014243705198168755,
        60.23354721069336
      ],
      [
        -0.024568825960159302,
        0.0037036791909486055,
        0.9996913075447083,
        0.0006235122564248741
      ],
      [
        0.0,
        0.0,
        0.0,
        1.0
      ]
    ]
  },
  "detections": [
    {
      "detection_id": "sample_000065_det_0001",
      "class_id": 0,
      "class_name": "car",
      "class_group": "vehicle",
      "score": 0.69873046875,
      "position_ego": [
        11.733879089355469,
        1.7235374450683594,
        -1.17578125
      ],
      "size_xyz": [
        2.119140625,
        4.91796875,
        1.763671875
      ],
      "yaw_rad": -1.87109375,
      "velocity_ego": [
        -6.616115570068359e-06,
        -2.2649765014648438e-06
      ],
      "speed_mps": 6.9930754170600005e-06,
      "distance_m": 11.85978498153176,
      "bearing_deg": 8.35616896877611,
      "source_confidence": 0.69873046875,
      "raw_box_9d": [
        11.733879089355469,
        1.7235374450683594,
        -1.17578125,
        2.119140625,
        4.91796875,
        1.763671875,
        -1.87109375,
        -6.616115570068359e-06,
        -2.2649765014648438e-06
      ]
    },
    {
      "detection_id": "sample_000065_det_0000",
      "class_id": 0,
      "class_name": "car",
      "class_group": "vehicle",
      "score": 0.681640625,
      "position_ego": [
        -23.22538948059082,
        2.4818878173828125,
        -1.9453125
      ],
      "size_xyz": [
        2.130859375,
        5.05859375,
        1.76953125
      ],
      "yaw_rad": -0.998046875,
      "velocity_ego": [
        0.080810546875,
        -0.06170654296875
      ],
      "speed_mps": 0.1016761620606854,
      "distance_m": 23.357621532664922,
      "bearing_deg": 173.9004641398137,
      "source_confidence": 0.681640625,
      "raw_box_9d": [
        -23.22538948059082,
        2.4818878173828125,
        -1.9453125,
        2.130859375,
        5.05859375,
        1.76953125,
        -0.998046875,
        0.080810546875,
        -0.06170654296875
      ]
    },
    {
      "detection_id": "sample_000065_det_0002",
      "class_id": 0,
      "class_name": "car",
      "class_group": "vehicle",
      "score": 0.55908203125,
      "position_ego": [
        42.651275634765625,
        9.241958618164062,
        -0.0107421875
      ],
      "size_xyz": [
        2.17578125,
        4.98828125,
        1.8173828125
      ],
      "yaw_rad": -2.02734375,
      "velocity_ego": [
        -6.616115570068359e-06,
        -2.2649765014648438e-06
      ],
      "speed_mps": 6.9930754170600005e-06,
      "distance_m": 43.641094307689045,
      "bearing_deg": 12.226211907589272,
      "source_confidence": 0.55908203125,
      "raw_box_9d": [
        42.651275634765625,
        9.241958618164062,
        -0.0107421875,
        2.17578125,
        4.98828125,
        1.8173828125,
        -2.02734375,
        -6.616115570068359e-06,
        -2.2649765014648438e-06
      ]
    },
    {
      "detection_id": "sample_000065_det_0004",
      "class_id": 0,
      "class_name": "car",
      "class_group": "vehicle",
      "score": 0.424072265625,
      "position_ego": [
        47.91474914550781,
        19.313385009765625,
        0.166015625
      ],
      "size_xyz": [
        2.166015625,
        4.921875,
        1.796875
      ],
      "yaw_rad": 1.0810546875,
      "velocity_ego": [
        -6.616115570068359e-06,
        -2.2649765014648438e-06
      ],
      "speed_mps": 6.9930754170600005e-06,
      "distance_m": 51.66072034159397,
      "bearing_deg": 21.953283187425356,
      "source_confidence": 0.424072265625,
      "raw_box_9d": [
        47.91474914550781,
        19.313385009765625,
        0.166015625,
        2.166015625,
        4.921875,
        1.796875,
        1.0810546875,
        -6.616115570068359e-06,
        -2.2649765014648438e-06
      ]
    },
    {
      "detection_id": "sample_000065_det_0003",
      "class_id": 0,
      "class_name": "car",
      "class_group": "vehicle",
      "score": 0.398681640625,
      "position_ego": [
        40.905616760253906,
        11.811843872070312,
        -0.14208984375
      ],
      "size_xyz": [
        2.158203125,
        5.00390625,
        1.798828125
      ],
      "yaw_rad": -2.0234375,
      "velocity_ego": [
        -6.616115570068359e-06,
        -2.2649765014648438e-06
      ],
      "speed_mps": 6.9930754170600005e-06,
      "distance_m": 42.57686153528616,
      "bearing_deg": 16.106521857901324,
      "source_confidence": 0.398681640625,
      "raw_box_9d": [
        40.905616760253906,
        11.811843872070312,
        -0.14208984375,
        2.158203125,
        5.00390625,
        1.798828125,
        -2.0234375,
        -6.616115570068359e-06,
        -2.2649765014648438e-06
      ]
    },
    {
      "detection_id": "sample_000065_det_0005",
      "class_id": 0,
      "class_name": "car",
      "class_group": "vehicle",
      "score": 0.2081298828125,
      "position_ego": [
        20.14720916748047,
        36.933013916015625,
        -0.345703125
      ],
      "size_xyz": [
        2.22265625,
        4.96875,
        2.076171875
      ],
      "yaw_rad": 1.1025390625,
      "velocity_ego": [
        -0.0004639625549316406,
        -0.0086822509765625
      ],
      "speed_mps": 0.008694638766067235,
      "distance_m": 42.07086348244843,
      "bearing_deg": 61.38723421116276,
      "source_confidence": 0.2081298828125,
      "raw_box_9d": [
        20.14720916748047,
        36.933013916015625,
        -0.345703125,
        2.22265625,
        4.96875,
        2.076171875,
        1.1025390625,
        -0.0004639625549316406,
        -0.0086822509765625
      ]
    },
    {
      "detection_id": "sample_000065_det_0006",
      "class_id": 0,
      "class_name": "car",
      "class_group": "vehicle",
      "score": 0.1685791015625,
      "position_ego": [
        15.58740234375,
        -13.090866088867188,
        -0.849609375
      ],
      "size_xyz": [
        2.140625,
        4.9140625,
        1.7451171875
      ],
      "yaw_rad": 2.029296875,
      "velocity_ego": [
        -6.616115570068359e-06,
        -2.2649765014648438e-06
      ],
      "speed_mps": 6.9930754170600005e-06,
      "distance_m": 20.355291370614076,
      "bearing_deg": -40.02475921800564,
      "source_confidence": 0.1685791015625,