{
  "active_object_count": 2,
  "front_free_space_m": 5.367835725036988,
  "left_side_occupancy": 0.0,
  "right_side_occupancy": 0.7729043299157021,
  "rear_gap_m": null,
  "nearest_front_vehicle": {
    "track_id": 1,
    "class": "car",
    "distance_m": 6.43536488664322,
    "bearing_deg": 2.033483523170296,
    "position_ego": [
      6.431312287536988,
      0.2283494786862182,
      -1.4765625
    ],
    "velocity_ego": [
      -0.008372379372417861,
      -0.0003887718771143167
    ],
    "risk_level": "high",
    "risk_score": 0.6517347633501759
  },
  "nearest_vru": null,
  "nearest_any_object": {
    "track_id": 1,
    "class": "car",
    "distance_m": 6.43536488664322,
    "bearing_deg": 2.033483523170296,
    "position_ego": [
      6.431312287536988,
      0.2283494786862182,
      -1.4765625
    ],
    "velocity_ego": [
      -0.008372379372417861,
      -0.0003887718771143167
    ],
    "risk_level": "high",
    "risk_score": 0.6517347633501759
  },
  "abnormal_flags": [
    "front_blocked",
    "high_risk_scene"
  ]
}