{
  "sample_name": "sample_000041",
  "sequence_index": 41,
  "frame_id": 3961,
  "timestamp": 43.23108660802245,
  "prediction_variant": "single",
  "source_sample_dir": "D:\\Agent-AI\\outputs\\s3a_left_v3\\sample_000041",
  "source_prediction_dir": "D:\\Agent-AI\\outputs\\live_watch_compare_multilane\\lw_left_positive_v1\\inference\\sample_000041",
  "ego": {
    "frame_id": 3961,
    "timestamp": 43.23108660802245,
    "sample_name": "sample_000041",
    "town": "Carla/Maps/Town10HD_Opt",
    "weather": {
      "cloudiness": 20.0,
      "dust_storm": 0.0,
      "fog_density": 2.0,
      "fog_distance": 0.75,
      "fog_falloff": 0.10000000149011612,
      "mie_scattering_scale": 0.029999999329447746,
      "precipitation": 0.0,
      "precipitation_deposits": 0.0,
      "rayleigh_scattering_scale": 0.03310000151395798,
      "scattering_intensity": 1.0,
      "sun_altitude_angle": 45.0,
      "sun_azimuth_angle": 300.0,
      "wetness": 0.0,
      "wind_intensity": 10.0
    },
    "position_world": [
      107.10187530517578,
      37.96990203857422,
      -0.004161147866398096
    ],
    "velocity_world": [
      -1.0184321403503418,
      2.7308154106140137,
      2.651214572324534e-06
    ],
    "speed_mps": 2.9145423022067445,
    "yaw_deg": -108.6897201538086,
    "route_progress_m": 17.15204233924681,
    "world_from_ego_bevfusion": [
      [
        -0.32044267654418945,
        -0.9472677111625671,
        0.0006590784178115427,
        107.10187530517578
      ],
      [
        0.9472665786743164,
        -0.32044094800949097,
        0.0019097835756838322,
        37.96990203857422
      ],
      [
        -0.001597880502231419,
        0.0012362991692498326,
        0.9999979734420776,
        -0.004161147866398096
      ],
      [
        0.0,
        0.0,
        0.0,
        1.0
      ]
    ]
  },
  "detections": [
    {
      "detection_id": "sample_000041_det_0000",
      "class_id": 0,
      "class_name": "car",
      "class_group": "vehicle",
      "score": 0.80517578125,
      "position_ego": [
        7.582767486572266,
        0.39426422119140625,
        -1.462890625
      ],
      "size_xyz": [
        2.18359375,
        5.09375,
        1.8076171875
      ],
      "yaw_rad": -1.740234375,
      "velocity_ego": [
        -6.616115570068359e-06,
        -2.2649765014648438e-06
      ],
      "speed_mps": 6.9930754170600005e-06,
      "distance_m": 7.593010406388835,
      "bearing_deg": 2.9764003913393235,
      "source_confidence": 0.80517578125,
      "raw_box_9d": [
        7.582767486572266,
        0.39426422119140625,
        -1.462890625,
        2.18359375,
        5.09375,
        1.8076171875,
        -1.740234375,
        -6.616115570068359e-06,
        -2.2649765014648438e-06
      ]
    },
    {
      "detection_id": "sample_000041_det_0001",
      "class_id": 0,
      "class_name": "car",
      "class_group": "vehicle",
      "score": 0.59814453125,
      "position_ego": [
        24.13872528076172,
        11.466217041015625,
        -1.421875
      ],
      "size_xyz": [
        2.158203125,
        5.0625,
        1.853515625
      ],
      "yaw_rad": -2.21875,
      "velocity_ego": [
        -6.616115570068359e-06,
        -2.2649765014648438e-06
      ],
      "speed_mps": 6.9930754170600005e-06,
      "distance_m": 26.72362609025508,
      "bearing_deg": 25.408342737929352,
      "source_confidence": 0.59814453125,
      "raw_box_9d": [
        24.13872528076172,
        11.466217041015625,
        -1.421875,
        2.158203125,
        5.0625,
        1.853515625,
        -2.21875,
        -6.616115570068359e-06,
        -2.2649765014648438e-06
      ]
    },
    {
      "detection_id": "sample_000041_det_0002",
      "class_id": 0,
      "class_name": "car",
      "class_group": "vehicle",
      "score": 0.10235595703125,
      "position_ego": [
        30.56426239013672,
        -1.4370460510253906,
        -1.197265625
      ],
      "size_xyz": [
        2.2421875,
        5.0703125,
        1.8974609375
      ],
      "yaw_rad": 1.20703125,
      "velocity_ego": [
        -6.616115570068359e-06,
        -2.2649765014648438e-06
      ],
      "speed_mps": 6.9930754170600005e-06,
      "distance_m": 30.598026681567124,
      "bearing_deg": -2.691904727326635,
      "source_confidence": 0.10235595703125,
      "raw_box_9d": [
        30.56426239013672,
        -1.4370460510253906,
        -1.197265625,
        2.2421875,
        5.0703125,
        1.8974609375,
        1.20703125,
        -6.616115570068359e-06,
        -2.2649765014648438e-06
      ]
    }
  ],
  "class_names": [
    "car",
    "truck",
    "construction_vehicle",
    "bus",
    "trailer",
    "barrier",
    "motorcycle",
    "bicycle",
    "pedestrian",
    "traffic_cone"
  ],
  "raw_prediction_count": 200,
  "filtered_prediction_count": 3
}