{
  "active_object_count": 5,
  "front_free_space_m": 6.561915755226558,
  "left_side_occupancy": 0.10753476009149787,
  "right_side_occupancy": 0.14449962874028277,
  "rear_gap_m": null,
  "nearest_front_vehicle": {
    "track_id": 1,
    "class": "car",
    "distance_m": 7.664141389284628,
    "bearing_deg": 2.989313418029248,
    "position_ego": [
      7.653712630226558,
      0.39968263516966596,
      -1.462890625
    ],
    "velocity_ego": [
      -1.9826731012069057,
      -0.44643837487258864
    ],
    "risk_level": "high",
    "risk_score": 0.7425189395803653
  },
  "nearest_vru": null,
  "nearest_any_object": {
    "track_id": 1,
    "class": "car",
    "distance_m": 7.664141389284628,
    "bearing_deg": 2.989313418029248,
    "position_ego": [
      7.653712630226558,
      0.39968263516966596,
      -1.462890625
    ],
    "velocity_ego": [
      -1.9826731012069057,
      -0.44643837487258864
    ],
    "risk_level": "high",
    "risk_score": 0.7425189395803653
  },
  "abnormal_flags": [
    "front_blocked",
    "high_risk_scene"
  ]
}