{
  "active_object_count": 5,
  "front_free_space_m": 18.82616225949531,
  "left_side_occupancy": 0.3382208667414571,
  "right_side_occupancy": 0.0,
  "rear_gap_m": null,
  "nearest_front_vehicle": {
    "track_id": 2,
    "class": "car",
    "distance_m": 19.917214789066556,
    "bearing_deg": 2.488771843271544,
    "position_ego": [
      19.89842788449531,
      0.8648772625934045,
      -1.5390625
    ],
    "velocity_ego": [
      -3.5311079728641257,
      -1.1239661119513813
    ],
    "risk_level": "medium",
    "risk_score": 0.5506208890820008
  },
  "nearest_vru": null,
  "nearest_any_object": {
    "track_id": 1,
    "class": "car",
    "distance_m": 19.853373997756286,
    "bearing_deg": 12.523711613966,
    "position_ego": [
      19.380989783545054,
      4.305077711831414,
      -1.5390625
    ],
    "velocity_ego": [
      -3.062271574077678,
      -0.9499169786935132
    ],
    "risk_level": "low",
    "risk_score": 0.3010996950168278
  },
  "abnormal_flags": []
}