{
  "frame": 60005,
  "timestamp": 435.41970075666904,
  "sample_name": "sample_000004",
  "ego": {
    "frame_id": 60005,
    "timestamp": 435.41970075666904,
    "sample_name": "sample_000004",
    "town": "Carla/Maps/Town10HD_Opt",
    "weather": {
      "cloudiness": 20.0,
      "dust_storm": 0.0,
      "fog_density": 2.0,
      "fog_distance": 0.75,
      "fog_falloff": 0.10000000149011612,
      "mie_scattering_scale": 0.029999999329447746,
      "precipitation": 0.0,
      "precipitation_deposits": 0.0,
      "rayleigh_scattering_scale": 0.03310000151395798,
      "scattering_intensity": 1.0,
      "sun_altitude_angle": 45.0,
      "sun_azimuth_angle": 300.0,
      "wetness": 0.0,
      "wind_intensity": 10.0
    },
    "position_world": [
      106.37305450439453,
      22.623016357421875,
      -0.006188621278852224
    ],
    "velocity_world": [
      -0.14111506938934326,
      5.366470813751221,
      0.0006293106125667691
    ],
    "speed_mps": 5.36832588929587,
    "yaw_deg": -91.226806640625,
    "route_progress_m": 0.5352922680288437,
    "world_from_ego_bevfusion": [
      [
        -0.021409248933196068,
        -0.9997705221176147,
        0.0006803743308410048,
        106.37305450439453
      ],
      [
        0.9997270703315735,
        -0.02141467109322548,
        -0.009336067363619804,
        22.623016357421875
      ],
      [
        0.009348494932055473,
        0.00048031049664132297,
        0.9999561905860901,
        -0.006188621278852224
      ],
      [
        0.0,
        0.0,
        0.0,
        1.0
      ]
    ],
    "position_world_carla": [
      106.37305450439453,
      -22.623016357421875,
      -0.006188621278852224
    ]
  },
  "scene": {
    "active_object_count": 2,
    "front_free_space_m": null,
    "left_side_occupancy": 0.1545516311987315,
    "right_side_occupancy": 0.0,
    "rear_gap_m": null,
    "nearest_front_vehicle": null,
    "nearest_vru": null,
    "nearest_any_object": {
      "track_id": 1,
      "class": "car",
      "distance_m": 25.363451064038056,
      "bearing_deg": 7.536458743314344,
      "position_ego": [
        25.144351518730033,
        3.3265953436496867,
        -1.6953125
      ],
      "velocity_ego": [
        -1.1383945267153142,
        0.03394641996789855
      ],
      "risk_level": "low",
      "risk_score": 0.2597741170197146
    },
    "abnormal_flags": [],
    "lane_scene": {
      "current_lane_blocked": false,
      "front_object_in_current_lane": null,
      "front_object_count_current_lane": 0,
      "left_lane_occupancy_count": 0,
      "right_lane_occupancy_count": 0,
      "left_lane_available": false,
      "right_lane_available": true,
      "junction_active": false,
      "junction_ahead": false
    }
  },
  "risk_summary": {
    "highest_risk_level": "low",
    "highest_risk_score": 0.2597741170197146,
    "urgent_track_ids": [],
    "front_hazard_track_id": null,
    "nearest_front_vehicle_distance_m": 25.363451064038056,
    "nearest_vru_distance_m": null,
    "minimum_ttc_seconds": 22.087554822738575,
    "flags": []
  },
  "decision_context": {
    "recommended_maneuvers": [
      "keep_lane"
    ],
    "hard_constraints": [],
    "soft_constraints": [
      "prefer_right_if_replan"
    ],
    "stage2_decision_intent": {
      "frame_id": 60005,
      "timestamp": 435.41970075666904,
      "maneuver": "keep_lane",
      "target_speed_mps": 8.0,
      "lane_preference": "prefer_right",
      "constraints": [],
      "confidence": 0.6,
      "reasoning_tags": [
        "cruise"
      ]
    },
    "maneuver_validation_preview": {
      "frame_id": 60005,
      "requested_intent": {
        "frame_id": 60005,
        "timestamp": 435.41970075666904,
        "maneuver": "keep_lane",
        "target_speed_mps": 8.0,
        "lane_preference": "prefer_right",
        "constraints": [],
        "confidence": 0.6,
        "reasoning_tags": [
          "cruise"
        ]
      },
      "valid_maneuvers": [
        "keep_lane",
        "lane_change_right"
      ],
      "invalid_maneuvers": [
        {
          "maneuver": "follow",
          "reason": "no_front_object_in_current_lane"
        },
        {
          "maneuver": "slow_down",
          "reason": "scene_not_constrained"
        },
        {
          "maneuver": "stop",
          "reason": "no_immediate_stop_condition"
        },
        {
          "maneuver": "yield",
          "reason": "no_vru_yield_condition"
        },
        {
          "maneuver": "lane_change_left",
          "reason": "no_left_lane"
        }
      ],
      "selected_behavior": "keep_lane",
      "selected_maneuver": "keep_lane",
      "lane_change_permission": {
        "left": false,
        "right": true,
        "left_reason": "no_left_lane",
        "right_reason": null
      },
      "reasoning_tags": []
    }
  },
  "lane_context": {
    "frame_id": 60005,
    "sample_name": "sample_000004",
    "current_lane": {
      "exists": true,
      "role": "current_lane",
      "road_id": 0,
      "section_id": 0,
      "lane_id": -1,
      "lane_width_m": 3.5,
      "lane_type": "Driving",
      "lane_change": "Right",
      "same_direction_as_ego": true,
      "transform_carla": {
        "location": {
          "x": 106.47913360595703,
          "y": -22.608585357666016,
          "z": 0.0
        },
        "rotation": {
          "roll": 0.0,
          "pitch": 0.0,
          "yaw": -89.1551513671875
        }
      },
      "transform_bevfusion_world": {
        "location": {
          "x": 106.47913360595703,
          "y": 22.608585357666016,
          "z": 0.0
        },
        "rotation": {
          "roll": 0.0,
          "pitch": 0.0,
          "yaw": -89.1551513671875
        }
      },
      "lane_change_allowed_from_current": false
    },
    "left_lane": {
      "exists": false,
      "role": "left_lane",
      "road_id": null,
      "section_id": null,
      "lane_id": null,
      "lane_width_m": null,
      "lane_type": null,
      "lane_change": null,
      "same_direction_as_ego": false,
      "transform_carla": null,
      "transform_bevfusion_world": null,
      "lane_change_allowed_from_current": false
    },
    "right_lane": {
      "exists": true,
      "role": "right_lane",
      "road_id": 0,
      "section_id": 0,
      "lane_id": -2,
      "lane_width_m": 3.5,
      "lane_type": "Driving",
      "lane_change": "Left",
      "same_direction_as_ego": true,
      "transform_carla": {
        "location": {
          "x": 109.97875213623047,
          "y": -22.556978225708008,
          "z": 0.0
        },
        "rotation": {
          "roll": 0.0,
          "pitch": 0.0,
          "yaw": -89.1551513671875
        }
      },
      "transform_bevfusion_world": {
        "location": {
          "x": 109.97875213623047,
          "y": 22.556978225708008,
          "z": 0.0
        },
        "rotation": {
          "roll": 0.0,
          "pitch": 0.0,
          "yaw": -89.1551513671875
        }
      },
      "lane_change_allowed_from_current": true
    },
    "forward_corridor": {
      "horizon_m": 60.0,
      "sample_step_m": 5.0,
      "chain": [
        {
          "distance_m": 0.0,
          "road_id": 0,
          "section_id": 0,
          "lane_id": -1,
          "is_junction": false,
          "yaw_deg": -89.1551513671875,
          "position_carla": {
            "x": 106.47913360595703,
            "y": -22.608585357666016,
            "z": 0.0
          },
          "position_bevfusion_world": {
            "x": 106.47913360595703,
            "y": 22.608585357666016,
            "z": 0.0
          }
        },
        {
          "distance_m": 5.0,
          "road_id": 10,
          "section_id": 0,
          "lane_id": -1,
          "is_junction": false,
          "yaw_deg": -96.35757446289062,
          "position_carla": {
            "x": 106.23114013671875,
            "y": -27.819183349609375,
            "z": 0.0
          },