{
  "active_object_count": 7,
  "front_free_space_m": 10.374180871258186,
  "left_side_occupancy": 0.0,
  "right_side_occupancy": 1.0,
  "rear_gap_m": null,
  "nearest_front_vehicle": {
    "track_id": 1,
    "class": "car",
    "distance_m": 11.546920562729577,
    "bearing_deg": 7.303289751706149,
    "position_ego": [
      11.45324207381644,
      1.4678625550602464,
      -1.158203125
    ],
    "velocity_ego": [
      -2.26735229312699,
      -0.6094658835132132
    ],
    "risk_level": "high",
    "risk_score": 0.6133980957795282
  },
  "nearest_vru": null,
  "nearest_any_object": {
    "track_id": 1,
    "class": "car",
    "distance_m": 11.546920562729577,
    "bearing_deg": 7.303289751706149,
    "position_ego": [
      11.45324207381644,
      1.4678625550602464,
      -1.158203125
    ],
    "velocity_ego": [
      -2.26735229312699,
      -0.6094658835132132
    ],
    "risk_level": "high",
    "risk_score": 0.6133980957795282
  },
  "abnormal_flags": [
    "high_risk_scene"
  ]
}