{
  "sample_name": "sample_000046",
  "sequence_index": 46,
  "frame_id": 60047,
  "timestamp": 439.6197008192539,
  "prediction_variant": "single",
  "source_sample_dir": "D:\\Agent-AI\\outputs\\s3a_ml_long_v2\\sample_000046",
  "source_prediction_dir": "D:\\Agent-AI\\outputs\\live_watch_compare_multilane\\lw_s3a_ml_long_v2\\inference\\sample_000046",
  "ego": {
    "frame_id": 60047,
    "timestamp": 439.6197008192539,
    "sample_name": "sample_000046",
    "town": "Carla/Maps/Town10HD_Opt",
    "weather": {
      "cloudiness": 20.0,
      "dust_storm": 0.0,
      "fog_density": 2.0,
      "fog_distance": 0.75,
      "fog_falloff": 0.10000000149011612,
      "mie_scattering_scale": 0.029999999329447746,
      "precipitation": 0.0,
      "precipitation_deposits": 0.0,
      "rayleigh_scattering_scale": 0.03310000151395798,
      "scattering_intensity": 1.0,
      "sun_altitude_angle": 45.0,
      "sun_azimuth_angle": 300.0,
      "wetness": 0.0,
      "wind_intensity": 10.0
    },
    "position_world": [
      94.20052337646484,
      52.21697998046875,
      -0.004818534944206476
    ],
    "velocity_world": [
      -5.966428279876709,
      5.862035274505615,
      -0.00015144348435569555
    ],
    "speed_mps": 8.364312524134652,
    "yaw_deg": -133.64268493652344,
    "route_progress_m": 33.35234646416893,
    "world_from_ego_bevfusion": [
      [
        -0.6901569366455078,
        -0.7235981225967407,
        0.009441409260034561,
        94.20052337646484
      ],
      [
        0.7236559987068176,
        -0.6901365518569946,
        0.005791950039565563,
        52.21697998046875
      ],
      [
        0.002324817469343543,
        0.010829688049852848,
        0.9999386668205261,
        -0.004818534944206476
      ],
      [
        0.0,
        0.0,
        0.0,
        1.0
      ]
    ]
  },
  "detections": [
    {
      "detection_id": "sample_000046_det_0000",
      "class_id": 0,
      "class_name": "car",
      "class_group": "vehicle",
      "score": 0.67333984375,
      "position_ego": [
        -8.948143005371094,
        -2.7957992553710938,
        -1.408203125
      ],
      "size_xyz": [
        2.1796875,
        5.1171875,
        1.7802734375
      ],
      "yaw_rad": -1.32421875,
      "velocity_ego": [
        -6.616115570068359e-06,
        -2.2649765014648438e-06
      ],
      "speed_mps": 6.9930754170600005e-06,
      "distance_m": 9.374740354852777,
      "bearing_deg": -162.64886548354104,
      "source_confidence": 0.67333984375,
      "raw_box_9d": [
        -8.948143005371094,
        -2.7957992553710938,
        -1.408203125,
        2.1796875,
        5.1171875,
        1.7802734375,
        -1.32421875,
        -6.616115570068359e-06,
        -2.2649765014648438e-06
      ]
    },
    {
      "detection_id": "sample_000046_det_0001",
      "class_id": 0,
      "class_name": "car",
      "class_group": "vehicle",
      "score": 0.61376953125,
      "position_ego": [
        24.21819305419922,
        8.48672103881836,
        -1.509765625
      ],
      "size_xyz": [
        2.19140625,
        5.15234375,
        1.8134765625
      ],
      "yaw_rad": -2.251953125,
      "velocity_ego": [
        2.664327621459961e-05,
        3.445148468017578e-05
      ],
      "speed_mps": 4.355191114194457e-05,
      "distance_m": 25.6621376506554,
      "bearing_deg": 19.311864602182503,
      "source_confidence": 0.61376953125,
      "raw_box_9d": [
        24.21819305419922,
        8.48672103881836,
        -1.509765625,
        2.19140625,
        5.15234375,
        1.8134765625,
        -2.251953125,
        2.664327621459961e-05,
        3.445148468017578e-05
      ]
    },
    {
      "detection_id": "sample_000046_det_0002",
      "class_id": 0,
      "class_name": "car",
      "class_group": "vehicle",
      "score": 0.3916015625,
      "position_ego": [
        50.65221405029297,
        25.96875,
        -1.439453125
      ],
      "size_xyz": [
        2.27734375,
        5.1484375,
        1.8369140625
      ],
      "yaw_rad": 0.73779296875,
      "velocity_ego": [
        -6.616115570068359e-06,
        -2.2649765014648438e-06
      ],
      "speed_mps": 6.9930754170600005e-06,
      "distance_m": 56.921197850705816,
      "bearing_deg": 27.143640933829893,
      "source_confidence": 0.3916015625,
      "raw_box_9d": [
        50.65221405029297,
        25.96875,
        -1.439453125,
        2.27734375,
        5.1484375,
        1.8369140625,
        0.73779296875,
        -6.616115570068359e-06,
        -2.2649765014648438e-06
      ]
    },
    {
      "detection_id": "sample_000046_det_0003",
      "class_id": 0,
      "class_name": "car",
      "class_group": "vehicle",
      "score": 0.328857421875,
      "position_ego": [
        48.219215393066406,
        27.993896484375,
        -1.453125
      ],
      "size_xyz": [
        2.2265625,
        5.0625,
        1.8408203125
      ],
      "yaw_rad": 0.71044921875,
      "velocity_ego": [
        -1.4599609375,
        -2.013671875
      ],
      "speed_mps": 2.4872395057959125,
      "distance_m": 55.75617430832961,
      "bearing_deg": 30.13751307696254,
      "source_confidence": 0.328857421875,
      "raw_box_9d": [
        48.219215393066406,
        27.993896484375,
        -1.453125,
        2.2265625,
        5.0625,
        1.8408203125,
        0.71044921875,
        -1.4599609375,
        -2.013671875
      ]
    },
    {
      "detection_id": "sample_000046_det_0004",
      "class_id": 0,
      "class_name": "car",
      "class_group": "vehicle",
      "score": 0.29443359375,
      "position_ego": [
        52.27031707763672,
        37.227394104003906,
        -1.5126953125
      ],
      "size_xyz": [
        2.259765625,
        5.23828125,
        1.8759765625
      ],
      "yaw_rad": 0.7177734375,
      "velocity_ego": [
        -0.66650390625,
        -0.916015625
      ],
      "speed_mps": 1.132833651641162,
      "distance_m": 64.17215065097558,
      "bearing_deg": 35.45881451068561,
      "source_confidence": 0.29443359375,
      "raw_box_9d": [
        52.27031707763672,
        37.227394104003906,
        -1.5126953125,
        2.259765625,
        5.23828125,
        1.8759765625,
        0.7177734375,
        -0.66650390625,
        -0.916015625
      ]
    },
    {
      "detection_id": "sample_000046_det_0005",
      "class_id": 0,
      "class_name": "car",
      "class_group": "vehicle",
      "score": 0.152099609375,
      "position_ego": [
        32.78496551513672,
        -3.305225372314453,
        -1.345703125
      ],
      "size_xyz": [
        2.255859375,
        4.9609375,
        1.8994140625
      ],
      "yaw_rad": 0.982421875,
      "velocity_ego": [
        -0.0001055598258972168,
        -0.0007548332214355469
      ],
      "speed_mps": 0.000762178502075607,
      "distance_m": 32.951152917470054,
      "bearing_deg": -5.7568388183199914,
      "source_confidence": 0.152099609375,
      "raw_box_9d": [
        32.78496551513672,
        -3.305225372314453,
        -1.345703125,
        2.255859375,
        4.9609375,
        1.8994140625,
        0.982421875,
        -0.0001055598258972168,
        -0.0007548332214355469
      ]
    }
  ],
  "class_names": [
    "car",
    "truck",
    "construction_vehicle",
    "bus",
    "trailer",
    "barrier",
    "motorcycle",
    "bicycle",
    "pedestrian",
    "traffic_cone"
  ],
  "raw_prediction_count": 200,
  "filtered_prediction_count": 6
}