{
  "sample_name": "sample_000014",
  "sequence_index": 14,
  "frame_id": 60015,
  "timestamp": 436.4197007715702,
  "prediction_variant": "single",
  "source_sample_dir": "D:\\Agent-AI\\outputs\\s3a_ml_long_v2\\sample_000014",
  "source_prediction_dir": "D:\\Agent-AI\\outputs\\live_watch_compare_multilane\\lw_s3a_ml_long_v2\\inference\\sample_000014",
  "ego": {
    "frame_id": 60015,
    "timestamp": 436.4197007715702,
    "sample_name": "sample_000014",
    "town": "Carla/Maps/Town10HD_Opt",
    "weather": {
      "cloudiness": 20.0,
      "dust_storm": 0.0,
      "fog_density": 2.0,
      "fog_distance": 0.75,
      "fog_falloff": 0.10000000149011612,
      "mie_scattering_scale": 0.029999999329447746,
      "precipitation": 0.0,
      "precipitation_deposits": 0.0,
      "rayleigh_scattering_scale": 0.03310000151395798,
      "scattering_intensity": 1.0,
      "sun_altitude_angle": 45.0,
      "sun_azimuth_angle": 300.0,
      "wetness": 0.0,
      "wind_intensity": 10.0
    },
    "position_world": [
      105.68063354492188,
      29.94137954711914,
      -0.005075187422335148
    ],
    "velocity_world": [
      -1.4599920511245728,
      8.35333251953125,
      7.499694766011089e-05
    ],
    "speed_mps": 8.479961142412728,
    "yaw_deg": -98.89319610595703,
    "route_progress_m": 7.892400886395109,
    "world_from_ego_bevfusion": [
      [
        -0.1545921415090561,
        -0.9879252910614014,
        0.01024165190756321,
        105.68063354492188
      ],
      [
        0.9879723787307739,
        -0.15461890399456024,
        -0.0018694993341341615,
        29.94137954711914
      ],
      [
        0.0034304787404835224,
        0.009829459711909294,
        0.9999457597732544,
        -0.005075187422335148
      ],
      [
        0.0,
        0.0,
        0.0,
        1.0
      ]
    ]
  },
  "detections": [
    {
      "detection_id": "sample_000014_det_0000",
      "class_id": 0,
      "class_name": "car",
      "class_group": "vehicle",
      "score": 0.81884765625,
      "position_ego": [
        17.67095947265625,
        0.3381614685058594,
        -1.5107421875
      ],
      "size_xyz": [
        2.1171875,
        4.8046875,
        1.81640625
      ],
      "yaw_rad": -1.9296875,
      "velocity_ego": [
        -6.616115570068359e-06,
        -2.2649765014648438e-06
      ],
      "speed_mps": 6.9930754170600005e-06,
      "distance_m": 17.674194800981507,
      "bearing_deg": 1.0963106087831584,
      "source_confidence": 0.81884765625,
      "raw_box_9d": [
        17.67095947265625,
        0.3381614685058594,
        -1.5107421875,
        2.1171875,
        4.8046875,
        1.81640625,
        -1.9296875,
        -6.616115570068359e-06,
        -2.2649765014648438e-06
      ]
    },
    {
      "detection_id": "sample_000014_det_0001",
      "class_id": 0,
      "class_name": "car",
      "class_group": "vehicle",
      "score": 0.416748046875,
      "position_ego": [
        38.86787414550781,
        28.79443359375,
        -1.6298828125
      ],
      "size_xyz": [
        2.15234375,
        4.89453125,
        1.859375
      ],
      "yaw_rad": -2.857421875,
      "velocity_ego": [
        -6.616115570068359e-06,
        -2.2649765014648438e-06
      ],
      "speed_mps": 6.9930754170600005e-06,
      "distance_m": 48.371800117174814,
      "bearing_deg": 36.53210644908658,
      "source_confidence": 0.416748046875,
      "raw_box_9d": [
        38.86787414550781,
        28.79443359375,
        -1.6298828125,
        2.15234375,
        4.89453125,
        1.859375,
        -2.857421875,
        -6.616115570068359e-06,
        -2.2649765014648438e-06
      ]
    },
    {
      "detection_id": "sample_000014_det_0002",
      "class_id": 0,
      "class_name": "car",
      "class_group": "vehicle",
      "score": 0.1741943359375,
      "position_ego": [
        27.622268676757812,
        -6.675144195556641,
        -1.1435546875
      ],
      "size_xyz": [
        2.240234375,
        5.0234375,
        1.9091796875
      ],
      "yaw_rad": 1.1982421875,
      "velocity_ego": [
        -6.616115570068359e-06,
        -2.2649765014648438e-06
      ],
      "speed_mps": 6.9930754170600005e-06,
      "distance_m": 28.41737631947167,
      "bearing_deg": -13.58552594725325,
      "source_confidence": 0.1741943359375,
      "raw_box_9d": [
        27.622268676757812,
        -6.675144195556641,
        -1.1435546875,
        2.240234375,
        5.0234375,
        1.9091796875,
        1.1982421875,
        -6.616115570068359e-06,
        -2.2649765014648438e-06
      ]
    }
  ],
  "class_names": [
    "car",
    "truck",
    "construction_vehicle",
    "bus",
    "trailer",
    "barrier",
    "motorcycle",
    "bicycle",
    "pedestrian",
    "traffic_cone"
  ],
  "raw_prediction_count": 200,
  "filtered_prediction_count": 3
}