{
  "highest_risk_level": "low",
  "highest_risk_score": 0.27546922679254787,
  "urgent_track_ids": [],
  "front_hazard_track_id": null,
  "nearest_front_vehicle_distance_m": 23.270769760993616,
  "nearest_vru_distance_m": 41.33811553105617,
  "minimum_ttc_seconds": 9.181474036185179,
  "flags": []
}