{
  "active_object_count": 3,
  "front_free_space_m": null,
  "left_side_occupancy": 0.22430767463354617,
  "right_side_occupancy": 0.0,
  "rear_gap_m": null,
  "nearest_front_vehicle": null,
  "nearest_vru": {
    "track_id": 3,
    "class": "motorcycle",
    "distance_m": 41.33811553105617,
    "bearing_deg": 17.3817202760157,
    "position_ego": [
      39.450438857078545,
      12.349197125435099,
      -1.46875
    ],
    "velocity_ego": [
      -5.9604644775390625e-06,
      0.0001499652862548828
    ],
    "risk_level": "low",
    "risk_score": 0.2125
  },
  "nearest_any_object": {
    "track_id": 1,
    "class": "car",
    "distance_m": 23.270769760993616,
    "bearing_deg": 12.604512854184458,
    "position_ego": [
      22.709934367183603,
      5.07814989020488,
      -1.59765625
    ],
    "velocity_ego": [
      -2.473451896469053,
      -0.29265999412764876
    ],
    "risk_level": "low",
    "risk_score": 0.27546922679254787
  },
  "abnormal_flags": []
}