{
  "sample_name": "sample_000059",
  "sequence_index": 59,
  "frame_id": 726332,
  "timestamp": 5003.0946248061955,
  "prediction_variant": "single",
  "source_sample_dir": "D:\\Agent-AI\\outputs\\s3a_ml_long_v1\\sample_000059",
  "source_prediction_dir": "D:\\Agent-AI\\outputs\\live_watch_compare_multilane\\lw_s3a_ml_long_v1\\inference\\sample_000059",
  "ego": {
    "frame_id": 726332,
    "timestamp": 5003.0946248061955,
    "sample_name": "sample_000059",
    "town": "Carla/Maps/Town10HD_Opt",
    "weather": {
      "cloudiness": 20.0,
      "dust_storm": 0.0,
      "fog_density": 2.0,
      "fog_distance": 0.75,
      "fog_falloff": 0.10000000149011612,
      "mie_scattering_scale": 0.029999999329447746,
      "precipitation": 0.0,
      "precipitation_deposits": 0.0,
      "rayleigh_scattering_scale": 0.03310000151395798,
      "scattering_intensity": 1.0,
      "sun_altitude_angle": 45.0,
      "sun_azimuth_angle": 300.0,
      "wetness": 0.0,
      "wind_intensity": 10.0
    },
    "position_world": [
      103.61872100830078,
      37.35603713989258,
      -0.004497947636991739
    ],
    "velocity_world": [
      2.5247741177736316e-06,
      -5.3043850130052306e-06,
      -4.577636616431846e-07
    ],
    "speed_mps": 5.8924131119512565e-06,
    "yaw_deg": -109.1600341796875,
    "route_progress_m": 15.600496807283763,
    "world_from_ego_bevfusion": [
      [
        -0.3282078504562378,
        -0.9446055293083191,
        -5.388301815401064e-06,
        103.61872100830078
      ],
      [
        0.9446055293083191,
        -0.3282078504562378,
        1.2262215932423715e-05,
        37.35603713989258
      ],
      [
        -1.3351439520192798e-05,
        -1.0652642004060908e-06,
        1.0,
        -0.004497947636991739
      ],
      [
        0.0,
        0.0,
        0.0,
        1.0
      ]
    ]
  },
  "detections": [
    {
      "detection_id": "sample_000059_det_0000",
      "class_id": 0,
      "class_name": "car",
      "class_group": "vehicle",
      "score": 0.65283203125,
      "position_ego": [
        6.465091705322266,
        0.22752761840820312,
        -1.466796875
      ],
      "size_xyz": [
        2.138671875,
        4.93359375,
        1.787109375
      ],
      "yaw_rad": -1.685546875,
      "velocity_ego": [
        -6.616115570068359e-06,
        -2.2649765014648438e-06
      ],
      "speed_mps": 6.9930754170600005e-06,
      "distance_m": 6.469094185074543,
      "bearing_deg": 2.0155930828728597,
      "source_confidence": 0.65283203125,
      "raw_box_9d": [
        6.465091705322266,
        0.22752761840820312,
        -1.466796875,
        2.138671875,
        4.93359375,
        1.787109375,
        -1.685546875,
        -6.616115570068359e-06,
        -2.2649765014648438e-06
      ]
    },
    {
      "detection_id": "sample_000059_det_0001",
      "class_id": 0,
      "class_name": "car",
      "class_group": "vehicle",
      "score": 0.1357421875,
      "position_ego": [
        6.026222229003906,
        -3.1834678649902344,
        -1.62109375
      ],
      "size_xyz": [
        2.17578125,
        5.125,
        1.80078125
      ],
      "yaw_rad": -1.640625,
      "velocity_ego": [
        -6.616115570068359e-06,
        -2.2649765014648438e-06
      ],
      "speed_mps": 6.9930754170600005e-06,
      "distance_m": 6.815410625983316,
      "bearing_deg": -27.846116076868096,
      "source_confidence": 0.1357421875,
      "raw_box_9d": [
        6.026222229003906,
        -3.1834678649902344,
        -1.62109375,
        2.17578125,
        5.125,
        1.80078125,
        -1.640625,
        -6.616115570068359e-06,
        -2.2649765014648438e-06
      ]
    }
  ],
  "class_names": [
    "car",
    "truck",
    "construction_vehicle",
    "bus",
    "trailer",
    "barrier",
    "motorcycle",
    "bicycle",
    "pedestrian",
    "traffic_cone"
  ],
  "raw_prediction_count": 200,
  "filtered_prediction_count": 2
}