{
  "active_object_count": 2,
  "front_free_space_m": null,
  "left_side_occupancy": 0.17266707141341087,
  "right_side_occupancy": 0.0,
  "rear_gap_m": null,
  "nearest_front_vehicle": null,
  "nearest_vru": null,
  "nearest_any_object": {
    "track_id": 1,
    "class": "car",
    "distance_m": 24.819987857597674,
    "bearing_deg": 7.571777317793558,
    "position_ego": [
      24.60357162852541,
      3.270483201503348,
      -1.541015625
    ],
    "velocity_ego": [
      -2.419818144126854,
      -0.1789479957184959
    ],
    "risk_level": "low",
    "risk_score": 0.26385009106801743
  },
  "abnormal_flags": []
}