{
  "active_object_count": 3,
  "front_free_space_m": null,
  "left_side_occupancy": 0.19305771814556327,
  "right_side_occupancy": 0.0,
  "rear_gap_m": null,
  "nearest_front_vehicle": null,
  "nearest_vru": null,
  "nearest_any_object": {
    "track_id": 1,
    "class": "car",
    "distance_m": 24.208268455633103,
    "bearing_deg": 7.244377293808825,
    "position_ego": [
      24.015021822888265,
      3.0527018305430955,
      -1.544921875
    ],
    "velocity_ego": [
      -3.117333241101776,
      -0.872685366604511
    ],
    "risk_level": "low",
    "risk_score": 0.2684379865827517
  },
  "abnormal_flags": []
}