{
  "active_object_count": 4,
  "front_free_space_m": 5.376647621685295,
  "left_side_occupancy": 0.12277885061219396,
  "right_side_occupancy": 0.7727500684343569,
  "rear_gap_m": null,
  "nearest_front_vehicle": {
    "track_id": 1,
    "class": "car",
    "distance_m": 6.448418870192797,
    "bearing_deg": 2.11392963851064,
    "position_ego": [
      6.444030434185295,
      0.2378606498608506,
      -1.4375
    ],
    "velocity_ego": [
      0.04958847365091068,
      0.056916453495095554
    ],
    "risk_level": "high",
    "risk_score": 0.651636858473554
  },
  "nearest_vru": null,
  "nearest_any_object": {
    "track_id": 1,
    "class": "car",
    "distance_m": 6.448418870192797,
    "bearing_deg": 2.11392963851064,
    "position_ego": [
      6.444030434185295,
      0.2378606498608506,
      -1.4375
    ],
    "velocity_ego": [
      0.04958847365091068,
      0.056916453495095554
    ],
    "risk_level": "high",
    "risk_score": 0.651636858473554
  },
  "abnormal_flags": [
    "front_blocked",
    "high_risk_scene"
  ]
}