{
  "active_object_count": 4,
  "front_free_space_m": 5.356033040287695,
  "left_side_occupancy": 0.12481462725739612,
  "right_side_occupancy": 0.7730546920155189,
  "rear_gap_m": null,
  "nearest_front_vehicle": {
    "track_id": 1,
    "class": "car",
    "distance_m": 6.434910294856763,
    "bearing_deg": 1.9383204038823172,
    "position_ego": [
      6.431228352787695,
      0.2176519633571845,
      -1.458984375
    ],
    "velocity_ego": [
      0.1925020366908941,
      -0.06312354394618792
    ],
    "risk_level": "high",
    "risk_score": 0.6517381727885744
  },
  "nearest_vru": null,
  "nearest_any_object": {
    "track_id": 1,
    "class": "car",
    "distance_m": 6.434910294856763,
    "bearing_deg": 1.9383204038823172,
    "position_ego": [
      6.431228352787695,
      0.2176519633571845,
      -1.458984375
    ],
    "velocity_ego": [
      0.1925020366908941,
      -0.06312354394618792
    ],
    "risk_level": "high",
    "risk_score": 0.6517381727885744
  },
  "abnormal_flags": [
    "front_blocked",
    "high_risk_scene"
  ]
}