{
  "sample_name": "sample_000056",
  "sequence_index": 56,
  "frame_id": 60057,
  "timestamp": 440.6197008341551,
  "prediction_variant": "single",
  "source_sample_dir": "D:\\Agent-AI\\outputs\\s3a_ml_long_v2\\sample_000056",
  "source_prediction_dir": "D:\\Agent-AI\\outputs\\live_watch_compare_multilane\\lw_s3a_ml_long_v2\\inference\\sample_000056",
  "ego": {
    "frame_id": 60057,
    "timestamp": 440.6197008341551,
    "sample_name": "sample_000056",
    "town": "Carla/Maps/Town10HD_Opt",
    "weather": {
      "cloudiness": 20.0,
      "dust_storm": 0.0,
      "fog_density": 2.0,
      "fog_distance": 0.75,
      "fog_falloff": 0.10000000149011612,
      "mie_scattering_scale": 0.029999999329447746,
      "precipitation": 0.0,
      "precipitation_deposits": 0.0,
      "rayleigh_scattering_scale": 0.03310000151395798,
      "scattering_intensity": 1.0,
      "sun_altitude_angle": 45.0,
      "sun_azimuth_angle": 300.0,
      "wetness": 0.0,
      "wind_intensity": 10.0
    },
    "position_world": [
      87.98162841796875,
      57.299598693847656,
      -0.003998908679932356
    ],
    "velocity_world": [
      -6.535897254943848,
      4.246816635131836,
      9.269713700632565e-06
    ],
    "speed_mps": 7.794447027191919,
    "yaw_deg": -145.70909118652344,
    "route_progress_m": 41.398823819394316,
    "world_from_ego_bevfusion": [
      [
        -0.8261866569519043,
        -0.5633748769760132,
        0.0049305809661746025,
        87.98162841796875
      ],
      [
        0.5633941888809204,
        -0.8261266946792603,
        0.010081649757921696,
        57.299598693847656
      ],
      [
        -0.0016064635710790753,
        0.011107184924185276,
        0.9999369978904724,
        -0.003998908679932356
      ],
      [
        0.0,
        0.0,
        0.0,
        1.0
      ]
    ]
  },
  "detections": [
    {
      "detection_id": "sample_000056_det_0000",
      "class_id": 0,
      "class_name": "car",
      "class_group": "vehicle",
      "score": 0.728515625,
      "position_ego": [
        -17.310203552246094,
        -0.2079315185546875,
        -1.482421875
      ],
      "size_xyz": [
        2.158203125,
        5.00390625,
        1.814453125
      ],
      "yaw_rad": -1.119140625,
      "velocity_ego": [
        -6.616115570068359e-06,
        -2.2649765014648438e-06
      ],
      "speed_mps": 6.9930754170600005e-06,
      "distance_m": 17.311452352029907,
      "bearing_deg": -179.31179171578697,
      "source_confidence": 0.728515625,
      "raw_box_9d": [
        -17.310203552246094,
        -0.2079315185546875,
        -1.482421875,
        2.158203125,
        5.00390625,
        1.814453125,
        -1.119140625,
        -6.616115570068359e-06,
        -2.2649765014648438e-06
      ]
    },
    {
      "detection_id": "sample_000056_det_0001",
      "class_id": 0,
      "class_name": "car",
      "class_group": "vehicle",
      "score": 0.630859375,
      "position_ego": [
        17.45947265625,
        3.8805389404296875,
        -1.3671875
      ],
      "size_xyz": [
        2.1796875,
        5.1171875,
        1.7685546875
      ],
      "yaw_rad": -2.0625,
      "velocity_ego": [
        -6.616115570068359e-06,
        -2.2649765014648438e-06
      ],
      "speed_mps": 6.9930754170600005e-06,
      "distance_m": 17.885518385065964,
      "bearing_deg": 12.530859545277362,
      "source_confidence": 0.630859375,
      "raw_box_9d": [
        17.45947265625,
        3.8805389404296875,
        -1.3671875,
        2.1796875,
        5.1171875,
        1.7685546875,
        -2.0625,
        -6.616115570068359e-06,
        -2.2649765014648438e-06
      ]
    },
    {
      "detection_id": "sample_000056_det_0002",
      "class_id": 0,
      "class_name": "car",
      "class_group": "vehicle",
      "score": 0.415283203125,
      "position_ego": [
        45.18061828613281,
        17.904640197753906,
        -1.1025390625
      ],
      "size_xyz": [
        2.224609375,
        5.05859375,
        1.8623046875
      ],
      "yaw_rad": 0.9921875,
      "velocity_ego": [
        -6.616115570068359e-06,
        -2.2649765014648438e-06
      ],
      "speed_mps": 6.9930754170600005e-06,
      "distance_m": 48.59901654692473,
      "bearing_deg": 21.617941897219097,
      "source_confidence": 0.415283203125,
      "raw_box_9d": [
        45.18061828613281,
        17.904640197753906,
        -1.1025390625,
        2.224609375,
        5.05859375,
        1.8623046875,
        0.9921875,
        -6.616115570068359e-06,
        -2.2649765014648438e-06
      ]
    },
    {
      "detection_id": "sample_000056_det_0003",
      "class_id": 0,
      "class_name": "car",
      "class_group": "vehicle",
      "score": 0.411865234375,
      "position_ego": [
        46.92656707763672,
        15.563819885253906,
        -1.0498046875
      ],
      "size_xyz": [
        2.248046875,
        5.07421875,
        1.8447265625
      ],
      "yaw_rad": 0.9658203125,
      "velocity_ego": [
        -6.616115570068359e-06,
        -2.2649765014648438e-06
      ],
      "speed_mps": 6.9930754170600005e-06,
      "distance_m": 49.44021831578581,
      "bearing_deg": 18.348788214824978,
      "source_confidence": 0.411865234375,
      "raw_box_9d": [
        46.92656707763672,
        15.563819885253906,
        -1.0498046875,
        2.248046875,
        5.07421875,
        1.8447265625,
        0.9658203125,
        -6.616115570068359e-06,
        -2.2649765014648438e-06
      ]
    },
    {
      "detection_id": "sample_000056_det_0004",
      "class_id": 0,
      "class_name": "car",
      "class_group": "vehicle",
      "score": 0.256103515625,
      "position_ego": [
        50.914459228515625,
        26.23828125,
        -1.0634765625
      ],
      "size_xyz": [
        2.228515625,
        4.9765625,
        1.8427734375
      ],
      "yaw_rad": 0.96240234375,
      "velocity_ego": [
        -6.616115570068359e-06,
        -2.2649765014648438e-06
      ],
      "speed_mps": 6.9930754170600005e-06,
      "distance_m": 57.27765324702367,
      "bearing_deg": 27.263883403682062,
      "source_confidence": 0.256103515625,
      "raw_box_9d": [
        50.914459228515625,
        26.23828125,
        -1.0634765625,
        2.228515625,
        4.9765625,
        1.8427734375,
        0.96240234375,
        -6.616115570068359e-06,
        -2.2649765014648438e-06
      ]
    }
  ],
  "class_names": [
    "car",
    "truck",
    "construction_vehicle",
    "bus",
    "trailer",
    "barrier",
    "motorcycle",
    "bicycle",
    "pedestrian",
    "traffic_cone"
  ],
  "raw_prediction_count": 200,
  "filtered_prediction_count": 5
}