{
  "sample_name": "sample_000059",
  "sequence_index": 59,
  "frame_id": 60060,
  "timestamp": 440.91970083862543,
  "prediction_variant": "single",
  "source_sample_dir": "D:\\Agent-AI\\outputs\\s3a_ml_long_v2\\sample_000059",
  "source_prediction_dir": "D:\\Agent-AI\\outputs\\live_watch_compare_multilane\\lw_s3a_ml_long_v2\\inference\\sample_000059",
  "ego": {
    "frame_id": 60060,
    "timestamp": 440.91970083862543,
    "sample_name": "sample_000059",
    "town": "Carla/Maps/Town10HD_Opt",
    "weather": {
      "cloudiness": 20.0,
      "dust_storm": 0.0,
      "fog_density": 2.0,
      "fog_distance": 0.75,
      "fog_falloff": 0.10000000149011612,
      "mie_scattering_scale": 0.029999999329447746,
      "precipitation": 0.0,
      "precipitation_deposits": 0.0,
      "rayleigh_scattering_scale": 0.03310000151395798,
      "scattering_intensity": 1.0,
      "sun_altitude_angle": 45.0,
      "sun_azimuth_angle": 300.0,
      "wetness": 0.0,
      "wind_intensity": 10.0
    },
    "position_world": [
      85.98161315917969,
      58.529911041259766,
      -0.00437305448576808
    ],
    "velocity_world": [
      -6.935099124908447,
      3.9289817810058594,
      1.1291504051769152e-05
    ],
    "speed_mps": 7.970727551981023,
    "yaw_deg": -149.14285278320312,
    "route_progress_m": 43.74746858098247,
    "world_from_ego_bevfusion": [
      [
        -0.8584487438201904,
        -0.5128670334815979,
        0.005762751679867506,
        85.98161315917969
      ],
      [
        0.5128993988037109,
        -0.8583979606628418,
        0.009335883893072605,
        58.529911041259766
      ],
      [
        0.00015866756439208984,
        0.01097008865326643,
        0.9999397993087769,
        -0.00437305448576808
      ],
      [
        0.0,
        0.0,
        0.0,
        1.0
      ]
    ]
  },
  "detections": [
    {
      "detection_id": "sample_000059_det_0000",
      "class_id": 0,
      "class_name": "car",
      "class_group": "vehicle",
      "score": 0.7470703125,
      "position_ego": [
        -19.637474060058594,
        0.8670234680175781,
        -1.435546875
      ],
      "size_xyz": [
        2.12890625,
        4.96875,
        1.8125
      ],
      "yaw_rad": -1.0732421875,
      "velocity_ego": [
        0.11529541015625,
        -0.0849609375
      ],
      "speed_mps": 0.14321798945655123,
      "distance_m": 19.65660492439036,
      "bearing_deg": 177.47194859116797,
      "source_confidence": 0.7470703125,
      "raw_box_9d": [
        -19.637474060058594,
        0.8670234680175781,
        -1.435546875,
        2.12890625,
        4.96875,
        1.8125,
        -1.0732421875,
        0.11529541015625,
        -0.0849609375
      ]
    },
    {
      "detection_id": "sample_000059_det_0001",
      "class_id": 0,
      "class_name": "car",
      "class_group": "vehicle",
      "score": 0.7197265625,
      "position_ego": [
        15.278839111328125,
        2.8800315856933594,
        -1.435546875
      ],
      "size_xyz": [
        2.14453125,
        4.92578125,
        1.857421875
      ],
      "yaw_rad": -1.9501953125,
      "velocity_ego": [
        -6.616115570068359e-06,
        -2.2649765014648438e-06
      ],
      "speed_mps": 6.9930754170600005e-06,
      "distance_m": 15.547910037186394,
      "bearing_deg": 10.674887976527787,
      "source_confidence": 0.7197265625,
      "raw_box_9d": [
        15.278839111328125,
        2.8800315856933594,
        -1.435546875,
        2.14453125,
        4.92578125,
        1.857421875,
        -1.9501953125,
        -6.616115570068359e-06,
        -2.2649765014648438e-06
      ]
    },
    {
      "detection_id": "sample_000059_det_0003",
      "class_id": 0,
      "class_name": "car",
      "class_group": "vehicle",
      "score": 0.474609375,
      "position_ego": [
        45.483551025390625,
        12.666946411132812,
        -1.0947265625
      ],
      "size_xyz": [
        2.21875,
        5.02734375,
        1.8408203125
      ],
      "yaw_rad": 1.0390625,
      "velocity_ego": [
        -6.616115570068359e-06,
        -2.2649765014648438e-06
      ],
      "speed_mps": 6.9930754170600005e-06,
      "distance_m": 47.21445695188946,
      "bearing_deg": 15.562259751423165,
      "source_confidence": 0.474609375,
      "raw_box_9d": [
        45.483551025390625,
        12.666946411132812,
        -1.0947265625,
        2.21875,
        5.02734375,
        1.8408203125,
        1.0390625,
        -6.616115570068359e-06,
        -2.2649765014648438e-06
      ]
    },
    {
      "detection_id": "sample_000059_det_0004",
      "class_id": 0,
      "class_name": "car",
      "class_group": "vehicle",
      "score": 0.435791015625,
      "position_ego": [
        43.614776611328125,
        15.119537353515625,
        -1.1982421875
      ],
      "size_xyz": [
        2.2265625,
        5.01953125,
        1.861328125
      ],
      "yaw_rad": 1.0029296875,
      "velocity_ego": [
        -6.616115570068359e-06,
        -2.2649765014648438e-06
      ],
      "speed_mps": 6.9930754170600005e-06,
      "distance_m": 46.16112161376074,
      "bearing_deg": 19.11943094913687,
      "source_confidence": 0.435791015625,
      "raw_box_9d": [
        43.614776611328125,
        15.119537353515625,
        -1.1982421875,
        2.2265625,
        5.01953125,
        1.861328125,
        1.0029296875,
        -6.616115570068359e-06,
        -2.2649765014648438e-06
      ]
    },
    {
      "detection_id": "sample_000059_det_0002",
      "class_id": 0,
      "class_name": "car",
      "class_group": "vehicle",
      "score": 0.432373046875,
      "position_ego": [
        49.97827911376953,
        23.067832946777344,
        -1.134765625
      ],
      "size_xyz": [
        2.205078125,
        4.9453125,
        1.841796875
      ],
      "yaw_rad": 1.033203125,
      "velocity_ego": [
        -6.616115570068359e-06,
        -2.2649765014648438e-06
      ],
      "speed_mps": 6.9930754170600005e-06,
      "distance_m": 55.045011581743516,
      "bearing_deg": 24.776024123821948,
      "source_confidence": 0.432373046875,
      "raw_box_9d": [
        49.97827911376953,
        23.067832946777344,
        -1.134765625,
        2.205078125,
        4.9453125,
        1.841796875,
        1.033203125,
        -6.616115570068359e-06,
        -2.2649765014648438e-06
      ]
    },
    {
      "detection_id": "sample_000059_det_0005",
      "class_id": 0,
      "class_name": "car",
      "class_group": "vehicle",
      "score": 0.14794921875,
      "position_ego": [
        -27.652585983276367,
        -8.249046325683594,
        -0.99951171875
      ],
      "size_xyz": [
        2.279296875,
        5.1484375,
        1.9482421875
      ],
      "yaw_rad": -1.5986328125,
      "velocity_ego": [
        -6.616115570068359e-06,
        -2.2649765014648438e-06
      ],
      "speed_mps": 6.9930754170600005e-06,
      "distance_m": 28.856754440611763,
      "bearing_deg": -163.38962530404038,
      "source_confidence": 0.14794921875,
      "raw_box_9d": [
        -27.652585983276367,
        -8.249046325683594,
        -0.99951171875,
        2.279296875,
        5.1484375,
        1.9482421875,
        -1.5986328125,
        -6.616115570068359e-06,
        -2.2649765014648438e-06
      ]
    },
    {
      "detection_id": "sample_000059_det_0006",
      "class_id": 0,
      "class_name": "car",
      "class_group": "vehicle",
      "score": 0.11358642578125,
      "position_ego": [
        -27.321569442749023,
        -6.786693572998047,
        -0.955078125
      ],
      "size_xyz": [
        2.251953125,
        5.08203125,
        1.91796875
      ],
      "yaw_rad": -0.91064453125,
      "velocity_ego": [
        -6.616115570068359e-06,
        -2.2649765014648438e-06
      ],
      "speed_mps": 6.9930754170600005e-06,
      "distance_m": 28.151862575480333,
      "bearing_deg": -166.05003860731654,
      "source_confidence": 0.11358642578125,