{
  "active_object_count": 7,
  "front_free_space_m": null,
  "left_side_occupancy": 0.47589669728914397,
  "right_side_occupancy": 0.10698525155492455,
  "rear_gap_m": 19.460200068587568,
  "nearest_front_vehicle": null,
  "nearest_vru": null,
  "nearest_any_object": {
    "track_id": 2,
    "class": "car",
    "distance_m": 15.723099081325682,
    "bearing_deg": 10.84457558766507,
    "position_ego": [
      15.442302967628553,
      2.9582298384599657,
      -1.435546875
    ],
    "velocity_ego": [
      -4.3822983877303905,
      -2.129047118517287
    ],
    "risk_level": "medium",
    "risk_score": 0.43207675689005737
  },
  "abnormal_flags": []
}