{
  "active_object_count": 12,
  "front_free_space_m": 5.039766145390974,
  "left_side_occupancy": 0.03113575596901419,
  "right_side_occupancy": 0.11254687971352784,
  "rear_gap_m": 27.617205345402247,
  "nearest_front_vehicle": {
    "track_id": 2,
    "class": "car",
    "distance_m": 6.100506724445433,
    "bearing_deg": 2.5525764873998877,
    "position_ego": [
      6.094453645390974,
      0.2716929501930852,
      -1.423828125
    ],
    "velocity_ego": [
      -1.014678810423269,
      -0.3551308267544714
    ],
    "risk_level": "high",
    "risk_score": 0.6542461995666593
  },
  "nearest_vru": {
    "track_id": 40,
    "class": "motorcycle",
    "distance_m": 58.71542317210184,
    "bearing_deg": 152.14860870972157,
    "position_ego": [
      -51.913963317871094,
      27.4306640625,
      -1.673828125
    ],
    "velocity_ego": [
      -0.0005574226379394531,
      0.0006656646728515625
    ],
    "risk_level": "low",
    "risk_score": 0.15
  },
  "nearest_any_object": {
    "track_id": 2,
    "class": "car",
    "distance_m": 6.100506724445433,
    "bearing_deg": 2.5525764873998877,
    "position_ego": [
      6.094453645390974,
      0.2716929501930852,
      -1.423828125
    ],
    "velocity_ego": [
      -1.014678810423269,
      -0.3551308267544714
    ],
    "risk_level": "high",
    "risk_score": 0.6542461995666593
  },
  "abnormal_flags": [
    "front_blocked",
    "high_risk_scene"
  ]
}