{
  "sample_name": "sample_000058",
  "sequence_index": 58,
  "frame_id": 60059,
  "timestamp": 440.8197008371353,
  "prediction_variant": "single",
  "source_sample_dir": "D:\\Agent-AI\\outputs\\s3a_ml_long_v2\\sample_000058",
  "source_prediction_dir": "D:\\Agent-AI\\outputs\\live_watch_compare_multilane\\lw_s3a_ml_long_v2\\inference\\sample_000058",
  "ego": {
    "frame_id": 60059,
    "timestamp": 440.8197008371353,
    "sample_name": "sample_000058",
    "town": "Carla/Maps/Town10HD_Opt",
    "weather": {
      "cloudiness": 20.0,
      "dust_storm": 0.0,
      "fog_density": 2.0,
      "fog_distance": 0.75,
      "fog_falloff": 0.10000000149011612,
      "mie_scattering_scale": 0.029999999329447746,
      "precipitation": 0.0,
      "precipitation_deposits": 0.0,
      "rayleigh_scattering_scale": 0.03310000151395798,
      "scattering_intensity": 1.0,
      "sun_altitude_angle": 45.0,
      "sun_azimuth_angle": 300.0,
      "wetness": 0.0,
      "wind_intensity": 10.0
    },
    "position_world": [
      86.6694107055664,
      58.12880325317383,
      -0.004072990268468857
    ],
    "velocity_world": [
      -6.787387371063232,
      3.9460878372192383,
      -0.00010818480950547382
    ],
    "speed_mps": 7.851129635639843,
    "yaw_deg": -147.83627319335938,
    "route_progress_m": 42.95125697438609,
    "world_from_ego_bevfusion": [
      [
        -0.8465297818183899,
        -0.5323154926300049,
        0.005251910537481308,
        86.6694107055664
      ],
      [
        0.5323400497436523,
        -0.8464641571044922,
        0.010608715936541557,
        58.12880325317383
      ],
      [
        -0.0012016294058412313,
        0.011776396073400974,
        0.9999299645423889,
        -0.004072990268468857
      ],
      [
        0.0,
        0.0,
        0.0,
        1.0
      ]
    ]
  },
  "detections": [
    {
      "detection_id": "sample_000058_det_0000",
      "class_id": 0,
      "class_name": "car",
      "class_group": "vehicle",
      "score": 0.75244140625,
      "position_ego": [
        -18.809616088867188,
        0.4335212707519531,
        -1.462890625
      ],
      "size_xyz": [
        2.146484375,
        4.9609375,
        1.798828125
      ],
      "yaw_rad": -1.09375,
      "velocity_ego": [
        0.03778076171875,
        -0.0288543701171875
      ],
      "speed_mps": 0.04753904322668483,
      "distance_m": 18.814611292895894,
      "bearing_deg": 178.67968903513415,
      "source_confidence": 0.75244140625,
      "raw_box_9d": [
        -18.809616088867188,
        0.4335212707519531,
        -1.462890625,
        2.146484375,
        4.9609375,
        1.798828125,
        -1.09375,
        0.03778076171875,
        -0.0288543701171875
      ]
    },
    {
      "detection_id": "sample_000058_det_0001",
      "class_id": 0,
      "class_name": "car",
      "class_group": "vehicle",
      "score": 0.74658203125,
      "position_ego": [
        16.04839324951172,
        3.2529449462890625,
        -1.3994140625
      ],
      "size_xyz": [
        2.154296875,
        4.921875,
        1.8125
      ],
      "yaw_rad": -1.9765625,
      "velocity_ego": [
        -6.616115570068359e-06,
        -2.2649765014648438e-06
      ],
      "speed_mps": 6.9930754170600005e-06,
      "distance_m": 16.374754248982207,
      "bearing_deg": 11.45838287629863,
      "source_confidence": 0.74658203125,
      "raw_box_9d": [
        16.04839324951172,
        3.2529449462890625,
        -1.3994140625,
        2.154296875,
        4.921875,
        1.8125,
        -1.9765625,
        -6.616115570068359e-06,
        -2.2649765014648438e-06
      ]
    },
    {
      "detection_id": "sample_000058_det_0002",
      "class_id": 0,
      "class_name": "car",
      "class_group": "vehicle",
      "score": 0.46728515625,
      "position_ego": [
        50.28633117675781,
        24.24114990234375,
        -1.1416015625
      ],
      "size_xyz": [
        2.181640625,
        4.9140625,
        1.8125
      ],
      "yaw_rad": 1.015625,
      "velocity_ego": [
        -6.616115570068359e-06,
        -2.2649765014648438e-06
      ],
      "speed_mps": 6.9930754170600005e-06,
      "distance_m": 55.82426400595413,
      "bearing_deg": 25.736968252432302,
      "source_confidence": 0.46728515625,
      "raw_box_9d": [
        50.28633117675781,
        24.24114990234375,
        -1.1416015625,
        2.181640625,
        4.9140625,
        1.8125,
        1.015625,
        -6.616115570068359e-06,
        -2.2649765014648438e-06
      ]
    },
    {
      "detection_id": "sample_000058_det_0003",
      "class_id": 0,
      "class_name": "car",
      "class_group": "vehicle",
      "score": 0.43896484375,
      "position_ego": [
        43.99321746826172,
        16.213478088378906,
        -1.1611328125
      ],
      "size_xyz": [
        2.14453125,
        4.8046875,
        1.8466796875
      ],
      "yaw_rad": 0.9765625,
      "velocity_ego": [
        -6.616115570068359e-06,
        -2.2649765014648438e-06
      ],
      "speed_mps": 6.9930754170600005e-06,
      "distance_m": 46.885819337323206,
      "bearing_deg": 20.231109533293704,
      "source_confidence": 0.43896484375,
      "raw_box_9d": [
        43.99321746826172,
        16.213478088378906,
        -1.1611328125,
        2.14453125,
        4.8046875,
        1.8466796875,
        0.9765625,
        -6.616115570068359e-06,
        -2.2649765014648438e-06
      ]
    },
    {
      "detection_id": "sample_000058_det_0004",
      "class_id": 0,
      "class_name": "car",
      "class_group": "vehicle",
      "score": 0.2108154296875,
      "position_ego": [
        45.87554168701172,
        13.777442932128906,
        -1.197265625
      ],
      "size_xyz": [
        2.234375,
        4.9375,
        1.8798828125
      ],
      "yaw_rad": 1.0302734375,
      "velocity_ego": [
        -6.616115570068359e-06,
        -2.2649765014648438e-06
      ],
      "speed_mps": 6.9930754170600005e-06,
      "distance_m": 47.89972086374637,
      "bearing_deg": 16.71617838231739,
      "source_confidence": 0.2108154296875,
      "raw_box_9d": [
        45.87554168701172,
        13.777442932128906,
        -1.197265625,
        2.234375,
        4.9375,
        1.8798828125,
        1.0302734375,
        -6.616115570068359e-06,
        -2.2649765014648438e-06
      ]
    },
    {
      "detection_id": "sample_000058_det_0005",
      "class_id": 0,
      "class_name": "car",
      "class_group": "vehicle",
      "score": 0.1654052734375,
      "position_ego": [
        -26.552635192871094,
        -9.111034393310547,
        -1.1474609375
      ],
      "size_xyz": [
        2.224609375,
        5.09375,
        1.9072265625
      ],
      "yaw_rad": -2.08203125,
      "velocity_ego": [
        -6.616115570068359e-06,
        -2.2649765014648438e-06
      ],
      "speed_mps": 6.9930754170600005e-06,
      "distance_m": 28.072288531606826,
      "bearing_deg": -161.06131226201538,
      "source_confidence": 0.1654052734375,
      "raw_box_9d": [
        -26.552635192871094,
        -9.111034393310547,
        -1.1474609375,
        2.224609375,
        5.09375,
        1.9072265625,
        -2.08203125,
        -6.616115570068359e-06,
        -2.2649765014648438e-06
      ]
    }
  ],
  "class_names": [
    "car",
    "truck",
    "construction_vehicle",
    "bus",
    "trailer",
    "barrier",
    "motorcycle",
    "bicycle",
    "pedestrian",
    "traffic_cone"
  ],
  "raw_prediction_count": 200,
  "filtered_prediction_count": 6
}