{
  "frame": 2193,
  "timestamp": 33.69063230603933,
  "sample_name": "sample_000016",
  "ego": {
    "frame_id": 2193,
    "timestamp": 33.69063230603933,
    "sample_name": "sample_000016",
    "town": "Carla/Maps/Town10HD_Opt",
    "weather": {
      "cloudiness": 20.0,
      "dust_storm": 0.0,
      "fog_density": 2.0,
      "fog_distance": 0.75,
      "fog_falloff": 0.10000000149011612,
      "mie_scattering_scale": 0.029999999329447746,
      "precipitation": 0.0,
      "precipitation_deposits": 0.0,
      "rayleigh_scattering_scale": 0.03310000151395798,
      "scattering_intensity": 1.0,
      "sun_altitude_angle": 45.0,
      "sun_azimuth_angle": 300.0,
      "wetness": 0.0,
      "wind_intensity": 10.0
    },
    "position_world": [
      -57.8112678527832,
      -23.05552101135254,
      -0.006519469898194075
    ],
    "velocity_world": [
      7.572556972503662,
      2.787813663482666,
      -0.0002910613839048892
    ],
    "speed_mps": 8.069419075053123,
    "yaw_deg": -17.365793228149414,
    "route_progress_m": 2.501468777372116,
    "world_from_ego_bevfusion": [
      [
        0.954367458820343,
        -0.2985844016075134,
        -0.0054866475984454155,
        -57.8112678527832
      ],
      [
        0.29845499992370605,
        0.9542693495750427,
        -0.017166830599308014,
        -23.05552101135254
      ],
      [
        0.010361486114561558,
        0.01474594697356224,
        0.9998375773429871,
        -0.006519469898194075
      ],
      [
        0.0,
        0.0,
        0.0,
        1.0
      ]
    ],
    "position_world_carla": [
      -57.8112678527832,
      23.05552101135254,
      -0.006519469898194075
    ]
  },
  "scene": {
    "active_object_count": 2,
    "front_free_space_m": 46.62068668331291,
    "left_side_occupancy": 0.0,
    "right_side_occupancy": 0.0,
    "rear_gap_m": null,
    "nearest_front_vehicle": {
      "track_id": 4,
      "class": "car",
      "distance_m": 47.6889280642854,
      "bearing_deg": -1.0292599166924892,
      "position_ego": [
        47.68123355831291,
        -0.8566366080210946,
        -1.732421875
      ],
      "velocity_ego": [
        -3.614395107278825,
        -5.1306471955117345
      ],
      "risk_level": "medium",
      "risk_score": 0.39999999999999997
    },
    "nearest_vru": {
      "track_id": 3,
      "class": "bicycle",
      "distance_m": 32.41267267616616,
      "bearing_deg": -41.84341012990607,
      "position_ego": [
        24.14649429321304,
        -21.622399574518052,
        -0.9111328125
      ],
      "velocity_ego": [
        0.0001983642578125,
        0.00020492076873779297
      ],
      "risk_level": "low",
      "risk_score": 0.2608692116894407
    },
    "nearest_any_object": {
      "track_id": 3,
      "class": "bicycle",
      "distance_m": 32.41267267616616,
      "bearing_deg": -41.84341012990607,
      "position_ego": [
        24.14649429321304,
        -21.622399574518052,
        -0.9111328125
      ],
      "velocity_ego": [
        0.0001983642578125,
        0.00020492076873779297
      ],
      "risk_level": "low",
      "risk_score": 0.2608692116894407
    },
    "abnormal_flags": [],
    "lane_scene": {
      "current_lane_blocked": false,
      "front_object_in_current_lane": null,
      "front_object_count_current_lane": 0,
      "left_lane_occupancy_count": 0,
      "right_lane_occupancy_count": 0,
      "left_lane_available": false,
      "right_lane_available": false,
      "junction_active": true,
      "junction_ahead": true
    }
  },
  "risk_summary": {
    "highest_risk_level": "medium",
    "highest_risk_score": 0.39999999999999997,
    "urgent_track_ids": [],
    "front_hazard_track_id": null,
    "nearest_front_vehicle_distance_m": 47.6889280642854,
    "nearest_vru_distance_m": 32.41267267616616,
    "minimum_ttc_seconds": 13.19203688116177,
    "flags": []
  },
  "decision_context": {
    "recommended_maneuvers": [
      "keep_lane"
    ],
    "hard_constraints": [],
    "soft_constraints": [
      "prefer_keep_lane"
    ],
    "stage2_decision_intent": {
      "frame_id": 2193,
      "timestamp": 33.69063230603933,
      "maneuver": "slow_down",
      "target_speed_mps": 6.455535260042499,
      "lane_preference": "keep_current",
      "constraints": [],
      "confidence": 0.65,
      "reasoning_tags": [
        "medium_risk_scene"
      ]
    },
    "maneuver_validation_preview": {
      "frame_id": 2193,
      "requested_intent": {
        "frame_id": 2193,
        "timestamp": 33.69063230603933,
        "maneuver": "slow_down",
        "target_speed_mps": 6.455535260042499,
        "lane_preference": "keep_current",
        "constraints": [],
        "confidence": 0.65,
        "reasoning_tags": [
          "medium_risk_scene"
        ]
      },
      "valid_maneuvers": [
        "keep_lane",
        "slow_down",
        "yield"
      ],
      "invalid_maneuvers": [
        {
          "maneuver": "follow",
          "reason": "no_front_object_in_current_lane"
        },
        {
          "maneuver": "stop",
          "reason": "no_immediate_stop_condition"
        },
        {
          "maneuver": "lane_change_left",
          "reason": "no_left_lane"
        },
        {
          "maneuver": "lane_change_right",
          "reason": "no_right_lane"
        }
      ],
      "selected_behavior": "slow_down",
      "selected_maneuver": "slow_down",
      "lane_change_permission": {
        "left": false,
        "right": false,
        "left_reason": "no_left_lane",
        "right_reason": "no_right_lane"
      },
      "reasoning_tags": []
    }
  },
  "lane_context": {
    "frame_id": 2193,
    "sample_name": "sample_000016",
    "current_lane": {
      "exists": true,
      "role": "current_lane",
      "road_id": 296,
      "section_id": 0,
      "lane_id": -1,
      "lane_width_m": 3.5,
      "lane_type": "Driving",
      "lane_change": "NONE",
      "same_direction_as_ego": true,
      "transform_carla": {
        "location": {
          "x": -57.62800598144531,
          "y": 23.34273338317871,
          "z": 0.0
        },
        "rotation": {
          "roll": 0.0,
          "pitch": 0.0,
          "yaw": -20.580110549926758
        }
      },
      "transform_bevfusion_world": {
        "location": {
          "x": -57.62800598144531,
          "y": -23.34273338317871,
          "z": 0.0
        },
        "rotation": {
          "roll": 0.0,
          "pitch": 0.0,
          "yaw": -20.580110549926758
        }
      },
      "lane_change_allowed_from_current": false
    },
    "left_lane": {
      "exists": false,
      "role": "left_lane",
      "road_id": null,
      "section_id": null,
      "lane_id": null,
      "lane_width_m": null,
      "lane_type": null,
      "lane_change": null,
      "same_direction_as_ego": false,
      "transform_carla": null,
      "transform_bevfusion_world": null,
      "lane_change_allowed_from_current": false
    },
    "right_lane": {
      "exists": false,
      "role": "right_lane",
      "road_id": null,
      "section_id": null,
      "lane_id": null,
      "lane_width_m": null,
      "lane_type": null,
      "lane_change": null,
      "same_direction_as_ego": false,
      "transform_carla": null,
      "transform_bevfusion_world": null,
      "lane_change_allowed_from_current": false
    },
    "forward_corridor": {
      "horizon_m": 60.0,
      "sample_step_m": 5.0,
      "chain": [
        {
          "distance_m": 0.0,
          "road_id": 296,
          "section_id": 0,
          "lane_id": -1,
          "is_junction": true,
          "yaw_deg": -20.580110549926758,
          "position_carla": {
            "x": -57.62800598144531,
            "y": 23.34273338317871,
            "z": 0.0
          },
          "position_bevfusion_world": {
            "x": -57.62800598144531,
            "y": -23.34273338317871,
            "z": 0.0
          }
        },
        {
          "distance_m": 5.0,
          "road_id": 296,