{
  "sample_name": "sample_000021",
  "sequence_index": 21,
  "frame_id": 2198,
  "timestamp": 33.940632309764624,
  "prediction_variant": "bridge_minimal",
  "source_sample_dir": "/workspace/Agent-AI/outputs/samples/sample_000021",
  "source_prediction_dir": "/workspace/Agent-AI/outputs/live_watch_compare/live_20260401_095649/inference/sample_000021/bridge_minimal",
  "ego": {
    "frame_id": 2198,
    "timestamp": 33.940632309764624,
    "sample_name": "sample_000021",
    "town": "Carla/Maps/Town10HD_Opt",
    "weather": {
      "cloudiness": 20.0,
      "dust_storm": 0.0,
      "fog_density": 2.0,
      "fog_distance": 0.75,
      "fog_falloff": 0.10000000149011612,
      "mie_scattering_scale": 0.029999999329447746,
      "precipitation": 0.0,
      "precipitation_deposits": 0.0,
      "rayleigh_scattering_scale": 0.03310000151395798,
      "scattering_intensity": 1.0,
      "sun_altitude_angle": 45.0,
      "sun_azimuth_angle": 300.0,
      "wetness": 0.0,
      "wind_intensity": 10.0
    },
    "position_world": [
      -55.89299774169922,
      -22.25520896911621,
      -0.00548694608733058
    ],
    "velocity_world": [
      7.3545379638671875,
      3.694119453430176,
      -0.00013384818157646805
    ],
    "speed_mps": 8.230172976073487,
    "yaw_deg": -23.432598114013672,
    "route_progress_m": 4.581008433561447,
    "world_from_ego_bevfusion": [
      [
        0.9175149202346802,
        -0.3976900279521942,
        0.0029948600567877293,
        -55.89299774169922
      ],
      [
        0.3976640999317169,
        0.9172999262809753,
        -0.020592765882611275,
        -22.25520896911621
      ],
      [
        0.005442353431135416,
        0.02008512057363987,
        0.999783456325531,
        -0.00548694608733058
      ],
      [
        0.0,
        0.0,
        0.0,
        1.0
      ]
    ]
  },
  "detections": [
    {
      "detection_id": "sample_000021_det_0000",
      "class_id": 0,
      "class_name": "car",
      "class_group": "vehicle",
      "score": 0.373046875,
      "position_ego": [
        45.18281555175781,
        -6.1145477294921875,
        -1.4375
      ],
      "size_xyz": [
        2.103515625,
        4.87890625,
        1.7685546875
      ],
      "yaw_rad": 2.01171875,
      "velocity_ego": [
        -1.521484375,
        0.53076171875
      ],
      "speed_mps": 1.6114039547734749,
      "distance_m": 45.59467639012701,
      "bearing_deg": -7.70696296826142,
      "source_confidence": 0.373046875,
      "raw_box_9d": [
        45.18281555175781,
        -6.1145477294921875,
        -1.4375,
        2.103515625,
        4.87890625,
        1.7685546875,
        2.01171875,
        -1.521484375,
        0.53076171875
      ]
    }
  ],
  "class_names": [
    "car",
    "truck",
    "construction_vehicle",
    "bus",
    "trailer",
    "barrier",
    "motorcycle",
    "bicycle",
    "pedestrian",
    "traffic_cone"
  ],
  "raw_prediction_count": 200,
  "filtered_prediction_count": 1
}