{
  "active_object_count": 1,
  "front_free_space_m": null,
  "left_side_occupancy": 0.0,
  "right_side_occupancy": 0.0,
  "rear_gap_m": null,
  "nearest_front_vehicle": null,
  "nearest_vru": null,
  "nearest_any_object": {
    "track_id": 4,
    "class": "car",
    "distance_m": 45.66770873087826,
    "bearing_deg": -7.402997524409735,
    "position_ego": [
      45.287042022365334,
      -5.88416906562435,
      -1.4375
    ],
    "velocity_ego": [
      -6.768018461431398,
      -13.060411428325144
    ],
    "risk_level": "low",
    "risk_score": 0.15000000000000002
  },
  "abnormal_flags": []
}