{
  "active_object_count": 10,
  "front_free_space_m": 5.058055186676254,
  "left_side_occupancy": 0.031946875750755166,
  "right_side_occupancy": 0.04515652749731902,
  "rear_gap_m": 27.598615190015373,
  "nearest_front_vehicle": {
    "track_id": 2,
    "class": "car",
    "distance_m": 6.138024961835964,
    "bearing_deg": 2.2600274341830695,
    "position_ego": [
      6.133250499176254,
      0.24205112368178544,
      -1.517578125
    ],
    "velocity_ego": [
      0.01029909385097072,
      0.005557617017966768
    ],
    "risk_level": "high",
    "risk_score": 0.6539648127862303
  },
  "nearest_vru": null,
  "nearest_any_object": {
    "track_id": 2,
    "class": "car",
    "distance_m": 6.138024961835964,
    "bearing_deg": 2.2600274341830695,
    "position_ego": [
      6.133250499176254,
      0.24205112368178544,
      -1.517578125
    ],
    "velocity_ego": [
      0.01029909385097072,
      0.005557617017966768
    ],
    "risk_level": "high",
    "risk_score": 0.6539648127862303
  },
  "abnormal_flags": [
    "front_blocked",
    "high_risk_scene"
  ]
}