{
  "sample_name": "sample_000012",
  "sequence_index": 12,
  "frame_id": 726285,
  "timestamp": 4998.39462473616,
  "prediction_variant": "single",
  "source_sample_dir": "D:\\Agent-AI\\outputs\\s3a_ml_long_v1\\sample_000012",
  "source_prediction_dir": "D:\\Agent-AI\\outputs\\live_watch_compare_multilane\\lw_s3a_ml_long_v1\\inference\\sample_000012",
  "ego": {
    "frame_id": 726285,
    "timestamp": 4998.39462473616,
    "sample_name": "sample_000012",
    "town": "Carla/Maps/Town10HD_Opt",
    "weather": {
      "cloudiness": 20.0,
      "dust_storm": 0.0,
      "fog_density": 2.0,
      "fog_distance": 0.75,
      "fog_falloff": 0.10000000149011612,
      "mie_scattering_scale": 0.029999999329447746,
      "precipitation": 0.0,
      "precipitation_deposits": 0.0,
      "rayleigh_scattering_scale": 0.03310000151395798,
      "scattering_intensity": 1.0,
      "sun_altitude_angle": 45.0,
      "sun_azimuth_angle": 300.0,
      "wetness": 0.0,
      "wind_intensity": 10.0
    },
    "position_world": [
      105.95050811767578,
      28.16753578186035,
      -0.005703735165297985
    ],
    "velocity_world": [
      -1.00889253616333,
      8.240443229675293,
      8.398055797442794e-05
    ],
    "speed_mps": 8.301973788086794,
    "yaw_deg": -96.37039184570312,
    "route_progress_m": 6.0969143875830865,
    "world_from_ego_bevfusion": [
      [
        -0.11095307767391205,
        -0.9938027858734131,
        0.006740091368556023,
        105.95050811767578
      ],
      [
        0.9938049912452698,
        -0.11099191009998322,
        -0.005688892677426338,
        28.16753578186035
      ],
      [
        0.0064017330296337605,
        0.00606713630259037,
        0.9999610781669617,
        -0.005703735165297985
      ],
      [
        0.0,
        0.0,
        0.0,
        1.0
      ]
    ]
  },
  "detections": [
    {
      "detection_id": "sample_000012_det_0000",
      "class_id": 0,
      "class_name": "car",
      "class_group": "vehicle",
      "score": 0.8310546875,
      "position_ego": [
        15.896255493164062,
        -0.4019508361816406,
        -1.4912109375
      ],
      "size_xyz": [
        2.119140625,
        4.86328125,
        1.810546875
      ],
      "yaw_rad": -1.8896484375,
      "velocity_ego": [
        -6.616115570068359e-06,
        -2.2649765014648438e-06
      ],
      "speed_mps": 6.9930754170600005e-06,
      "distance_m": 15.901336521772494,
      "bearing_deg": -1.4484656517704737,
      "source_confidence": 0.8310546875,
      "raw_box_9d": [
        15.896255493164062,
        -0.4019508361816406,
        -1.4912109375,
        2.119140625,
        4.86328125,
        1.810546875,
        -1.8896484375,
        -6.616115570068359e-06,
        -2.2649765014648438e-06
      ]
    },
    {
      "detection_id": "sample_000012_det_0002",
      "class_id": 0,
      "class_name": "car",
      "class_group": "vehicle",
      "score": 0.56494140625,
      "position_ego": [
        15.632080078125,
        3.0392608642578125,
        -1.55078125
      ],
      "size_xyz": [
        2.17578125,
        5.08984375,
        1.8173828125
      ],
      "yaw_rad": -1.9755859375,
      "velocity_ego": [
        -6.616115570068359e-06,
        -2.2649765014648438e-06
      ],
      "speed_mps": 6.9930754170600005e-06,
      "distance_m": 15.92479306521506,
      "bearing_deg": 11.002445083170125,
      "source_confidence": 0.56494140625,
      "raw_box_9d": [
        15.632080078125,
        3.0392608642578125,
        -1.55078125,
        2.17578125,
        5.08984375,
        1.8173828125,
        -1.9755859375,
        -6.616115570068359e-06,
        -2.2649765014648438e-06
      ]
    },
    {
      "detection_id": "sample_000012_det_0001",
      "class_id": 0,
      "class_name": "car",
      "class_group": "vehicle",
      "score": 0.46044921875,
      "position_ego": [
        39.34321594238281,
        30.529541015625,
        -1.5390625
      ],
      "size_xyz": [
        2.1171875,
        4.8203125,
        1.8408203125
      ],
      "yaw_rad": -2.91015625,
      "velocity_ego": [
        -6.616115570068359e-06,
        -2.2649765014648438e-06
      ],
      "speed_mps": 6.9930754170600005e-06,
      "distance_m": 49.7990111881119,
      "bearing_deg": 37.810740634570976,
      "source_confidence": 0.46044921875,
      "raw_box_9d": [
        39.34321594238281,
        30.529541015625,
        -1.5390625,
        2.1171875,
        4.8203125,
        1.8408203125,
        -2.91015625,
        -6.616115570068359e-06,
        -2.2649765014648438e-06
      ]
    },
    {
      "detection_id": "sample_000012_det_0003",
      "class_id": 0,
      "class_name": "car",
      "class_group": "vehicle",
      "score": 0.437744140625,
      "position_ego": [
        33.316444396972656,
        11.7557373046875,
        -1.552734375
      ],
      "size_xyz": [
        2.16796875,
        4.921875,
        1.8330078125
      ],
      "yaw_rad": 0.697265625,
      "velocity_ego": [
        -6.616115570068359e-06,
        -2.2649765014648438e-06
      ],
      "speed_mps": 6.9930754170600005e-06,
      "distance_m": 35.32963100335739,
      "bearing_deg": 19.43543505572251,
      "source_confidence": 0.437744140625,
      "raw_box_9d": [
        33.316444396972656,
        11.7557373046875,
        -1.552734375,
        2.16796875,
        4.921875,
        1.8330078125,
        0.697265625,
        -6.616115570068359e-06,
        -2.2649765014648438e-06
      ]
    },
    {
      "detection_id": "sample_000012_det_0004",
      "class_id": 0,
      "class_name": "car",
      "class_group": "vehicle",
      "score": 0.1533203125,
      "position_ego": [
        35.03093719482422,
        -1.5491447448730469,
        -1.361328125
      ],
      "size_xyz": [
        2.2421875,
        5.0625,
        1.9501953125
      ],
      "yaw_rad": 0.9873046875,
      "velocity_ego": [
        -6.616115570068359e-06,
        -2.2649765014648438e-06
      ],
      "speed_mps": 6.9930754170600005e-06,
      "distance_m": 35.06517375100666,
      "bearing_deg": -2.532095092029489,
      "source_confidence": 0.1533203125,
      "raw_box_9d": [
        35.03093719482422,
        -1.5491447448730469,
        -1.361328125,
        2.2421875,
        5.0625,
        1.9501953125,
        0.9873046875,
        -6.616115570068359e-06,
        -2.2649765014648438e-06
      ]
    },
    {
      "detection_id": "sample_000012_det_0005",
      "class_id": 0,
      "class_name": "car",
      "class_group": "vehicle",
      "score": 0.1048583984375,
      "position_ego": [
        29.525833129882812,
        -5.1284332275390625,
        -1.1015625
      ],
      "size_xyz": [
        2.251953125,
        5.203125,
        1.931640625
      ],
      "yaw_rad": 0.86181640625,
      "velocity_ego": [
        -0.049072265625,
        -0.057159423828125
      ],
      "speed_mps": 0.0753345006350595,
      "distance_m": 29.967910327265265,
      "bearing_deg": -9.853574130503358,
      "source_confidence": 0.1048583984375,
      "raw_box_9d": [
        29.525833129882812,
        -5.1284332275390625,
        -1.1015625,
        2.251953125,
        5.203125,
        1.931640625,
        0.86181640625,
        -0.049072265625,
        -0.057159423828125
      ]
    }
  ],
  "class_names": [
    "car",
    "truck",
    "construction_vehicle",
    "bus",
    "trailer",
    "barrier",
    "motorcycle",
    "bicycle",
    "pedestrian",
    "traffic_cone"
  ],
  "raw_prediction_count": 200,
  "filtered_prediction_count": 6
}