{
  "sample_name": "sample_000106",
  "sequence_index": 106,
  "frame_id": 60107,
  "timestamp": 445.6197009086609,
  "prediction_variant": "single",
  "source_sample_dir": "D:\\Agent-AI\\outputs\\s3a_ml_long_v2\\sample_000106",
  "source_prediction_dir": "D:\\Agent-AI\\outputs\\live_watch_compare_multilane\\lw_s3a_ml_long_v2\\inference\\sample_000106",
  "ego": {
    "frame_id": 60107,
    "timestamp": 445.6197009086609,
    "sample_name": "sample_000106",
    "town": "Carla/Maps/Town10HD_Opt",
    "weather": {
      "cloudiness": 20.0,
      "dust_storm": 0.0,
      "fog_density": 2.0,
      "fog_distance": 0.75,
      "fog_falloff": 0.10000000149011612,
      "mie_scattering_scale": 0.029999999329447746,
      "precipitation": 0.0,
      "precipitation_deposits": 0.0,
      "rayleigh_scattering_scale": 0.03310000151395798,
      "scattering_intensity": 1.0,
      "sun_altitude_angle": 45.0,
      "sun_azimuth_angle": 300.0,
      "wetness": 0.0,
      "wind_intensity": 10.0
    },
    "position_world": [
      77.28752899169922,
      62.279911041259766,
      -0.00449729897081852
    ],
    "velocity_world": [
      1.2165742191427853e-05,
      -2.992676172652864e-06,
      2.7656553811539197e-06
    ],
    "speed_mps": 1.2830052354918805e-05,
    "yaw_deg": -161.72349548339844,
    "route_progress_m": 53.24159340637755,
    "world_from_ego_bevfusion": [
      [
        -0.9495541453361511,
        -0.3136030435562134,
        -1.5216543033602647e-05,
        77.28752899169922
      ],
      [
        0.3136030435562134,
        -0.9495541453361511,
        3.342681793583324e-06,
        62.279911041259766
      ],
      [
        -1.5497207641601562e-05,
        -1.597896812199906e-06,
        1.0,
        -0.00449729897081852
      ],
      [
        0.0,
        0.0,
        0.0,
        1.0
      ]
    ]
  },
  "detections": [
    {
      "detection_id": "sample_000106_det_0000",
      "class_id": 0,
      "class_name": "car",
      "class_group": "vehicle",
      "score": 0.54296875,
      "position_ego": [
        6.124366760253906,
        0.2430572509765625,
        -1.529296875
      ],
      "size_xyz": [
        2.130859375,
        4.96875,
        1.77734375
      ],
      "yaw_rad": -1.72265625,
      "velocity_ego": [
        -6.616115570068359e-06,
        -2.2649765014648438e-06
      ],
      "speed_mps": 6.9930754170600005e-06,
      "distance_m": 6.129187959375631,
      "bearing_deg": 2.2727002867444677,
      "source_confidence": 0.54296875,
      "raw_box_9d": [
        6.124366760253906,
        0.2430572509765625,
        -1.529296875,
        2.130859375,
        4.96875,
        1.77734375,
        -1.72265625,
        -6.616115570068359e-06,
        -2.2649765014648438e-06
      ]
    },
    {
      "detection_id": "sample_000106_det_0001",
      "class_id": 0,
      "class_name": "car",
      "class_group": "vehicle",
      "score": 0.301513671875,
      "position_ego": [
        36.217681884765625,
        5.999855041503906,
        -1.1845703125
      ],
      "size_xyz": [
        2.1796875,
        5.00390625,
        1.7822265625
      ],
      "yaw_rad": 1.265625,
      "velocity_ego": [
        -0.0162353515625,
        -0.0133819580078125
      ],
      "speed_mps": 0.02103956844806538,
      "distance_m": 36.711289021568554,
      "bearing_deg": 9.4062463061511,
      "source_confidence": 0.301513671875,
      "raw_box_9d": [
        36.217681884765625,
        5.999855041503906,
        -1.1845703125,
        2.1796875,
        5.00390625,
        1.7822265625,
        1.265625,
        -0.0162353515625,
        -0.0133819580078125
      ]
    },
    {
      "detection_id": "sample_000106_det_0002",
      "class_id": 4,
      "class_name": "trailer",
      "class_group": "vehicle",
      "score": 0.12164306640625,
      "position_ego": [
        14.947708129882812,
        27.276275634765625,
        -0.0927734375
      ],
      "size_xyz": [
        3.09765625,
        14.3828125,
        3.091796875
      ],
      "yaw_rad": -1.8642578125,
      "velocity_ego": [
        8.09375,
        1.3232421875
      ],
      "speed_mps": 8.2012047254827,
      "distance_m": 31.103523768857343,
      "bearing_deg": 61.276759411808044,
      "source_confidence": 0.12164306640625,
      "raw_box_9d": [
        14.947708129882812,
        27.276275634765625,
        -0.0927734375,
        3.09765625,
        14.3828125,
        3.091796875,
        -1.8642578125,
        8.09375,
        1.3232421875
      ]
    }
  ],
  "class_names": [
    "car",
    "truck",
    "construction_vehicle",
    "bus",
    "trailer",
    "barrier",
    "motorcycle",
    "bicycle",
    "pedestrian",
    "traffic_cone"
  ],
  "raw_prediction_count": 200,
  "filtered_prediction_count": 3
}