{
  "sample_name": "sample_000104",
  "sequence_index": 104,
  "frame_id": 60105,
  "timestamp": 445.41970090568066,
  "prediction_variant": "single",
  "source_sample_dir": "D:\\Agent-AI\\outputs\\s3a_ml_long_v2\\sample_000104",
  "source_prediction_dir": "D:\\Agent-AI\\outputs\\live_watch_compare_multilane\\lw_s3a_ml_long_v2\\inference\\sample_000104",
  "ego": {
    "frame_id": 60105,
    "timestamp": 445.41970090568066,
    "sample_name": "sample_000104",
    "town": "Carla/Maps/Town10HD_Opt",
    "weather": {
      "cloudiness": 20.0,
      "dust_storm": 0.0,
      "fog_density": 2.0,
      "fog_distance": 0.75,
      "fog_falloff": 0.10000000149011612,
      "mie_scattering_scale": 0.029999999329447746,
      "precipitation": 0.0,
      "precipitation_deposits": 0.0,
      "rayleigh_scattering_scale": 0.03310000151395798,
      "scattering_intensity": 1.0,
      "sun_altitude_angle": 45.0,
      "sun_azimuth_angle": 300.0,
      "wetness": 0.0,
      "wind_intensity": 10.0
    },
    "position_world": [
      77.28753662109375,
      62.2799072265625,
      -0.004493980202823877
    ],
    "velocity_world": [
      1.0134134754480328e-05,
      -1.9475883163977414e-06,
      6.00814814788464e-07
    ],
    "speed_mps": 1.0337057894478697e-05,
    "yaw_deg": -161.72349548339844,
    "route_progress_m": 53.24158487645515,
    "world_from_ego_bevfusion": [
      [
        -0.9495541453361511,
        -0.3136030435562134,
        -3.0319890356622636e-05,
        77.28753662109375
      ],
      [
        0.3136030435562134,
        -0.9495541453361511,
        6.647979716944974e-06,
        62.2799072265625
      ],
      [
        -3.0875205993652344e-05,
        -3.195793624399812e-06,
        1.0,
        -0.004493980202823877
      ],
      [
        0.0,
        0.0,
        0.0,
        1.0
      ]
    ]
  },
  "detections": [
    {
      "detection_id": "sample_000104_det_0000",
      "class_id": 0,
      "class_name": "car",
      "class_group": "vehicle",
      "score": 0.55615234375,
      "position_ego": [
        6.142093658447266,
        0.24364089965820312,
        -1.529296875
      ],
      "size_xyz": [
        2.146484375,
        4.99609375,
        1.7880859375
      ],
      "yaw_rad": -1.7216796875,
      "velocity_ego": [
        -6.616115570068359e-06,
        -2.2649765014648438e-06
      ],
      "speed_mps": 6.9930754170600005e-06,
      "distance_m": 6.146924059814337,
      "bearing_deg": 2.2715837834932304,
      "source_confidence": 0.55615234375,
      "raw_box_9d": [
        6.142093658447266,
        0.24364089965820312,
        -1.529296875,
        2.146484375,
        4.99609375,
        1.7880859375,
        -1.7216796875,
        -6.616115570068359e-06,
        -2.2649765014648438e-06
      ]
    },
    {
      "detection_id": "sample_000104_det_0001",
      "class_id": 0,
      "class_name": "car",
      "class_group": "vehicle",
      "score": 0.232666015625,
      "position_ego": [
        36.206764221191406,
        5.9953155517578125,
        -1.2265625
      ],
      "size_xyz": [
        2.197265625,
        5.01953125,
        1.7978515625
      ],
      "yaw_rad": 1.2548828125,
      "velocity_ego": [
        -6.616115570068359e-06,
        -2.2649765014648438e-06
      ],
      "speed_mps": 6.9930754170600005e-06,
      "distance_m": 36.69977634719448,
      "bearing_deg": 9.402040206376824,
      "source_confidence": 0.232666015625,
      "raw_box_9d": [
        36.206764221191406,
        5.9953155517578125,
        -1.2265625,
        2.197265625,
        5.01953125,
        1.7978515625,
        1.2548828125,
        -6.616115570068359e-06,
        -2.2649765014648438e-06
      ]
    },
    {
      "detection_id": "sample_000104_det_0002",
      "class_id": 0,
      "class_name": "car",
      "class_group": "vehicle",
      "score": 0.11798095703125,
      "position_ego": [
        48.895896911621094,
        -2.0992698669433594,
        -1.185546875
      ],
      "size_xyz": [
        2.298828125,
        5.14453125,
        1.98828125
      ],
      "yaw_rad": 2.287109375,
      "velocity_ego": [
        -6.616115570068359e-06,
        -2.2649765014648438e-06
      ],
      "speed_mps": 6.9930754170600005e-06,
      "distance_m": 48.94094061995676,
      "bearing_deg": -2.458396098133981,
      "source_confidence": 0.11798095703125,
      "raw_box_9d": [
        48.895896911621094,
        -2.0992698669433594,
        -1.185546875,
        2.298828125,
        5.14453125,
        1.98828125,
        2.287109375,
        -6.616115570068359e-06,
        -2.2649765014648438e-06
      ]
    },
    {
      "detection_id": "sample_000104_det_0004",
      "class_id": 0,
      "class_name": "car",
      "class_group": "vehicle",
      "score": 0.11273193359375,
      "position_ego": [
        44.37422180175781,
        12.545219421386719,
        -1.16796875
      ],
      "size_xyz": [
        2.27734375,
        5.11328125,
        1.919921875
      ],
      "yaw_rad": 1.25,
      "velocity_ego": [
        -6.616115570068359e-06,
        -2.2649765014648438e-06
      ],
      "speed_mps": 6.9930754170600005e-06,
      "distance_m": 46.11349141891489,
      "bearing_deg": 15.786347199155758,
      "source_confidence": 0.11273193359375,
      "raw_box_9d": [
        44.37422180175781,
        12.545219421386719,
        -1.16796875,
        2.27734375,
        5.11328125,
        1.919921875,
        1.25,
        -6.616115570068359e-06,
        -2.2649765014648438e-06
      ]
    }
  ],
  "class_names": [
    "car",
    "truck",
    "construction_vehicle",
    "bus",
    "trailer",
    "barrier",
    "motorcycle",
    "bicycle",
    "pedestrian",
    "traffic_cone"
  ],
  "raw_prediction_count": 200,
  "filtered_prediction_count": 4
}