{
  "active_object_count": 2,
  "front_free_space_m": null,
  "left_side_occupancy": 0.1545516311987315,
  "right_side_occupancy": 0.0,
  "rear_gap_m": null,
  "nearest_front_vehicle": null,
  "nearest_vru": null,
  "nearest_any_object": {
    "track_id": 1,
    "class": "car",
    "distance_m": 25.363451064038056,
    "bearing_deg": 7.536458743314344,
    "position_ego": [
      25.144351518730033,
      3.3265953436496867,
      -1.6953125
    ],
    "velocity_ego": [
      -1.1383945267153142,
      0.03394641996789855
    ],
    "risk_level": "low",
    "risk_score": 0.2597741170197146
  },
  "abnormal_flags": []
}