{
  "active_object_count": 7,
  "front_free_space_m": 10.72075456810683,
  "left_side_occupancy": 0.8261183075224147,
  "right_side_occupancy": 0.32149028764619747,
  "rear_gap_m": 23.176780661773805,
  "nearest_front_vehicle": {
    "track_id": 2,
    "class": "car",
    "distance_m": 11.907555555920567,
    "bearing_deg": 8.383197469279867,
    "position_ego": [
      11.78032488060683,
      1.7360371610914354,
      -1.17578125
    ],
    "velocity_ego": [
      -2.7593815578962,
      -0.9003294556738518
    ],
    "risk_level": "high",
    "risk_score": 0.7106933333305958
  },
  "nearest_vru": null,
  "nearest_any_object": {
    "track_id": 2,
    "class": "car",
    "distance_m": 11.907555555920567,
    "bearing_deg": 8.383197469279867,
    "position_ego": [
      11.78032488060683,
      1.7360371610914354,
      -1.17578125
    ],
    "velocity_ego": [
      -2.7593815578962,
      -0.9003294556738518
    ],
    "risk_level": "high",
    "risk_score": 0.7106933333305958
  },
  "abnormal_flags": [
    "high_risk_scene"
  ]
}