{
  "sample_name": "sample_000066",
  "sequence_index": 66,
  "frame_id": 60067,
  "timestamp": 441.61970084905624,
  "prediction_variant": "single",
  "source_sample_dir": "D:\\Agent-AI\\outputs\\s3a_ml_long_v2\\sample_000066",
  "source_prediction_dir": "D:\\Agent-AI\\outputs\\live_watch_compare_multilane\\lw_s3a_ml_long_v2\\inference\\sample_000066",
  "ego": {
    "frame_id": 60067,
    "timestamp": 441.61970084905624,
    "sample_name": "sample_000066",
    "town": "Carla/Maps/Town10HD_Opt",
    "weather": {
      "cloudiness": 20.0,
      "dust_storm": 0.0,
      "fog_density": 2.0,
      "fog_distance": 0.75,
      "fog_falloff": 0.10000000149011612,
      "mie_scattering_scale": 0.029999999329447746,
      "precipitation": 0.0,
      "precipitation_deposits": 0.0,
      "rayleigh_scattering_scale": 0.03310000151395798,
      "scattering_intensity": 1.0,
      "sun_altitude_angle": 45.0,
      "sun_azimuth_angle": 300.0,
      "wetness": 0.0,
      "wind_intensity": 10.0
    },
    "position_world": [
      82.70211029052734,
      60.26426696777344,
      0.0017766570672392845
    ],
    "velocity_world": [
      -0.4506688117980957,
      0.17138688266277313,
      -0.0006077861762605608
    ],
    "speed_mps": 0.4821578692507327,
    "yaw_deg": -153.69696044921875,
    "route_progress_m": 47.45863645428163,
    "world_from_ego_bevfusion": [
      [
        -0.8960570096969604,
        -0.4431793689727783,
        -0.025958333164453506,
        82.70211029052734
      ],
      [
        0.4429181218147278,
        -0.8964300751686096,
        0.01538613997399807,
        60.26426696777344
      ],
      [
        -0.030088650062680244,
        0.0022894435096532106,
        0.999544620513916,
        0.0017766570672392845
      ],
      [
        0.0,
        0.0,
        0.0,
        1.0
      ]
    ]
  },
  "detections": [
    {
      "detection_id": "sample_000066_det_0000",
      "class_id": 0,
      "class_name": "car",
      "class_group": "vehicle",
      "score": 0.69921875,
      "position_ego": [
        11.634963989257812,
        1.7100601196289062,
        -1.0791015625
      ],
      "size_xyz": [
        2.10546875,
        4.875,
        1.7900390625
      ],
      "yaw_rad": -1.861328125,
      "velocity_ego": [
        -6.616115570068359e-06,
        -2.2649765014648438e-06
      ],
      "speed_mps": 6.9930754170600005e-06,
      "distance_m": 11.75996142187853,
      "bearing_deg": 8.361239407994765,
      "source_confidence": 0.69921875,
      "raw_box_9d": [
        11.634963989257812,
        1.7100601196289062,
        -1.0791015625,
        2.10546875,
        4.875,
        1.7900390625,
        -1.861328125,
        -6.616115570068359e-06,
        -2.2649765014648438e-06
      ]
    },
    {
      "detection_id": "sample_000066_det_0001",
      "class_id": 0,
      "class_name": "car",
      "class_group": "vehicle",
      "score": 0.66943359375,
      "position_ego": [
        -23.30375862121582,
        2.5223159790039062,
        -2.048828125
      ],
      "size_xyz": [
        2.134765625,
        5.0234375,
        1.796875
      ],
      "yaw_rad": -1.0234375,
      "velocity_ego": [
        0.317626953125,
        -0.1627197265625
      ],
      "speed_mps": 0.3568817602008342,
      "distance_m": 23.43986441457862,
      "bearing_deg": 173.8225568112893,
      "source_confidence": 0.66943359375,
      "raw_box_9d": [
        -23.30375862121582,
        2.5223159790039062,
        -2.048828125,
        2.134765625,
        5.0234375,
        1.796875,
        -1.0234375,
        0.317626953125,
        -0.1627197265625
      ]
    },
    {
      "detection_id": "sample_000066_det_0004",
      "class_id": 0,
      "class_name": "car",
      "class_group": "vehicle",
      "score": 0.492919921875,
      "position_ego": [
        42.57451629638672,
        9.186111450195312,
        0.2265625
      ],
      "size_xyz": [
        2.203125,
        5.078125,
        1.83203125
      ],
      "yaw_rad": -2.0078125,
      "velocity_ego": [
        -6.616115570068359e-06,
        -2.2649765014648438e-06
      ],
      "speed_mps": 6.9930754170600005e-06,
      "distance_m": 43.55426593855885,
      "bearing_deg": 12.175795196254764,
      "source_confidence": 0.492919921875,
      "raw_box_9d": [
        42.57451629638672,
        9.186111450195312,
        0.2265625,
        2.203125,
        5.078125,
        1.83203125,
        -2.0078125,
        -6.616115570068359e-06,
        -2.2649765014648438e-06
      ]
    },
    {
      "detection_id": "sample_000066_det_0003",
      "class_id": 0,
      "class_name": "car",
      "class_group": "vehicle",
      "score": 0.49267578125,
      "position_ego": [
        40.77129364013672,
        11.7132568359375,
        0.1376953125
      ],
      "size_xyz": [
        2.15625,
        4.89453125,
        1.798828125
      ],
      "yaw_rad": -2.009765625,
      "velocity_ego": [
        -6.616115570068359e-06,
        -2.2649765014648438e-06
      ],
      "speed_mps": 6.9930754170600005e-06,
      "distance_m": 42.42049941708477,
      "bearing_deg": 16.028922493051585,
      "source_confidence": 0.49267578125,
      "raw_box_9d": [
        40.77129364013672,
        11.7132568359375,
        0.1376953125,
        2.15625,
        4.89453125,
        1.798828125,
        -2.009765625,
        -6.616115570068359e-06,
        -2.2649765014648438e-06
      ]
    },
    {
      "detection_id": "sample_000066_det_0002",
      "class_id": 0,
      "class_name": "car",
      "class_group": "vehicle",
      "score": 0.426513671875,
      "position_ego": [
        20.255279541015625,
        36.88379669189453,
        -0.20068359375
      ],
      "size_xyz": [
        2.208984375,
        4.96484375,
        2.03125
      ],
      "yaw_rad": 1.12109375,
      "velocity_ego": [
        -0.0002646446228027344,
        -0.0048980712890625
      ],
      "speed_mps": 0.004905215502821133,
      "distance_m": 42.079577085490016,
      "bearing_deg": 61.22596282473843,
      "source_confidence": 0.426513671875,
      "raw_box_9d": [
        20.255279541015625,
        36.88379669189453,
        -0.20068359375,
        2.208984375,
        4.96484375,
        2.03125,
        1.12109375,
        -0.0002646446228027344,
        -0.0048980712890625
      ]
    },
    {
      "detection_id": "sample_000066_det_0005",
      "class_id": 0,
      "class_name": "car",
      "class_group": "vehicle",
      "score": 0.343994140625,
      "position_ego": [
        47.852203369140625,
        19.200592041015625,
        0.34521484375
      ],
      "size_xyz": [
        2.19140625,
        4.9375,
        1.8447265625
      ],
      "yaw_rad": 1.4814453125,
      "velocity_ego": [
        -6.616115570068359e-06,
        -2.2649765014648438e-06
      ],
      "speed_mps": 6.9930754170600005e-06,
      "distance_m": 51.56060610589354,
      "bearing_deg": 21.86301616870559,
      "source_confidence": 0.343994140625,
      "raw_box_9d": [
        47.852203369140625,
        19.200592041015625,
        0.34521484375,
        2.19140625,
        4.9375,
        1.8447265625,
        1.4814453125,
        -6.616115570068359e-06,
        -2.2649765014648438e-06
      ]
    }
  ],
  "class_names": [
    "car",
    "truck",
    "construction_vehicle",
    "bus",
    "trailer",
    "barrier",
    "motorcycle",
    "bicycle",
    "pedestrian",
    "traffic_cone"
  ],
  "raw_prediction_count": 200,
  "filtered_prediction_count": 6
}