{
  "sample_name": "sample_000081",
  "sequence_index": 81,
  "frame_id": 60082,
  "timestamp": 443.119700871408,
  "prediction_variant": "single",
  "source_sample_dir": "D:\\Agent-AI\\outputs\\s3a_ml_long_v2\\sample_000081",
  "source_prediction_dir": "D:\\Agent-AI\\outputs\\live_watch_compare_multilane\\lw_s3a_ml_long_v2\\inference\\sample_000081",
  "ego": {
    "frame_id": 60082,
    "timestamp": 443.119700871408,
    "sample_name": "sample_000081",
    "town": "Carla/Maps/Town10HD_Opt",
    "weather": {
      "cloudiness": 20.0,
      "dust_storm": 0.0,
      "fog_density": 2.0,
      "fog_distance": 0.75,
      "fog_falloff": 0.10000000149011612,
      "mie_scattering_scale": 0.029999999329447746,
      "precipitation": 0.0,
      "precipitation_deposits": 0.0,
      "rayleigh_scattering_scale": 0.03310000151395798,
      "scattering_intensity": 1.0,
      "sun_altitude_angle": 45.0,
      "sun_azimuth_angle": 300.0,
      "wetness": 0.0,
      "wind_intensity": 10.0
    },
    "position_world": [
      78.73614501953125,
      61.81365966796875,
      -0.004681205842643976
    ],
    "velocity_world": [
      -3.0687801837921143,
      1.0361970663070679,
      1.799583333195187e-05
    ],
    "speed_mps": 3.2389992554772817,
    "yaw_deg": -159.66827392578125,
    "route_progress_m": 51.71807346765648,
    "world_from_ego_bevfusion": [
      [
        -0.9376962780952454,
        -0.3474538028240204,
        0.0012296155327931046,
        78.73614501953125
      ],
      [
        0.3474549353122711,
        -0.9376962780952454,
        0.0008811051957309246,
        61.81365966796875
      ],
      [
        0.0008468626183457673,
        0.0012534450506791472,
        0.9999988675117493,
        -0.004681205842643976
      ],
      [
        0.0,
        0.0,
        0.0,
        1.0
      ]
    ]
  },
  "detections": [
    {
      "detection_id": "sample_000081_det_0000",
      "class_id": 0,
      "class_name": "car",
      "class_group": "vehicle",
      "score": 0.7529296875,
      "position_ego": [
        -27.154172897338867,
        4.992336273193359,
        -1.298828125
      ],
      "size_xyz": [
        2.134765625,
        4.9609375,
        1.75
      ],
      "yaw_rad": -0.87060546875,
      "velocity_ego": [
        -6.616115570068359e-06,
        -2.2649765014648438e-06
      ],
      "speed_mps": 6.9930754170600005e-06,
      "distance_m": 27.609283351858572,
      "bearing_deg": 169.58241974229367,
      "source_confidence": 0.7529296875,
      "raw_box_9d": [
        -27.154172897338867,
        4.992336273193359,
        -1.298828125,
        2.134765625,
        4.9609375,
        1.75,
        -0.87060546875,
        -6.616115570068359e-06,
        -2.2649765014648438e-06
      ]
    },
    {
      "detection_id": "sample_000081_det_0001",
      "class_id": 0,
      "class_name": "car",
      "class_group": "vehicle",
      "score": 0.69140625,
      "position_ego": [
        7.597415924072266,
        0.5274925231933594,
        -1.4892578125
      ],
      "size_xyz": [
        2.142578125,
        4.94921875,
        1.79296875
      ],
      "yaw_rad": -1.7646484375,
      "velocity_ego": [
        -6.616115570068359e-06,
        -2.2649765014648438e-06
      ],
      "speed_mps": 6.9930754170600005e-06,
      "distance_m": 7.615705947932321,
      "bearing_deg": 3.9717018439805476,
      "source_confidence": 0.69140625,
      "raw_box_9d": [
        7.597415924072266,
        0.5274925231933594,
        -1.4892578125,
        2.142578125,
        4.94921875,
        1.79296875,
        -1.7646484375,
        -6.616115570068359e-06,
        -2.2649765014648438e-06
      ]
    },
    {
      "detection_id": "sample_000081_det_0002",
      "class_id": 0,
      "class_name": "car",
      "class_group": "vehicle",
      "score": 0.58056640625,
      "position_ego": [
        37.5941162109375,
        7.391162872314453,
        -1.341796875
      ],
      "size_xyz": [
        2.169921875,
        4.91796875,
        1.791015625
      ],
      "yaw_rad": 1.3173828125,
      "velocity_ego": [
        -6.616115570068359e-06,
        -2.2649765014648438e-06
      ],
      "speed_mps": 6.9930754170600005e-06,
      "distance_m": 38.31379467354485,
      "bearing_deg": 11.122731688683409,
      "source_confidence": 0.58056640625,
      "raw_box_9d": [
        37.5941162109375,
        7.391162872314453,
        -1.341796875,
        2.169921875,
        4.91796875,
        1.791015625,
        1.3173828125,
        -6.616115570068359e-06,
        -2.2649765014648438e-06
      ]
    },
    {
      "detection_id": "sample_000081_det_0003",
      "class_id": 0,
      "class_name": "car",
      "class_group": "vehicle",
      "score": 0.56103515625,
      "position_ego": [
        39.028564453125,
        4.721485137939453,
        -1.2509765625
      ],
      "size_xyz": [
        2.16796875,
        4.9375,
        1.796875
      ],
      "yaw_rad": -1.9111328125,
      "velocity_ego": [
        -6.616115570068359e-06,
        -2.2649765014648438e-06
      ],
      "speed_mps": 6.9930754170600005e-06,
      "distance_m": 39.31311823271611,
      "bearing_deg": 6.897844004248143,
      "source_confidence": 0.56103515625,
      "raw_box_9d": [
        39.028564453125,
        4.721485137939453,
        -1.2509765625,
        2.16796875,
        4.9375,
        1.796875,
        -1.9111328125,
        -6.616115570068359e-06,
        -2.2649765014648438e-06
      ]
    },
    {
      "detection_id": "sample_000081_det_0004",
      "class_id": 0,
      "class_name": "car",
      "class_group": "vehicle",
      "score": 0.408447265625,
      "position_ego": [
        45.313507080078125,
        14.202690124511719,
        -1.1494140625
      ],
      "size_xyz": [
        2.169921875,
        4.875,
        1.8623046875
      ],
      "yaw_rad": -1.9560546875,
      "velocity_ego": [
        -6.616115570068359e-06,
        -2.2649765014648438e-06
      ],
      "speed_mps": 6.9930754170600005e-06,
      "distance_m": 47.487159639940494,
      "bearing_deg": 17.4026455282582,
      "source_confidence": 0.408447265625,
      "raw_box_9d": [
        45.313507080078125,
        14.202690124511719,
        -1.1494140625,
        2.169921875,
        4.875,
        1.8623046875,
        -1.9560546875,
        -6.616115570068359e-06,
        -2.2649765014648438e-06
      ]
    },
    {
      "detection_id": "sample_000081_det_0005",
      "class_id": 0,
      "class_name": "car",
      "class_group": "vehicle",
      "score": 0.348388671875,
      "position_ego": [
        19.918365478515625,
        34.77685546875,
        -0.61962890625
      ],
      "size_xyz": [
        2.25,
        5.125,
        2.064453125
      ],
      "yaw_rad": 1.1875,
      "velocity_ego": [
        -6.616115570068359e-06,
        -2.2649765014648438e-06
      ],
      "speed_mps": 6.9930754170600005e-06,
      "distance_m": 40.07706276200952,
      "bearing_deg": 60.1981731550953,
      "source_confidence": 0.348388671875,
      "raw_box_9d": [
        19.918365478515625,
        34.77685546875,
        -0.61962890625,
        2.25,
        5.125,
        2.064453125,
        1.1875,
        -6.616115570068359e-06,
        -2.2649765014648438e-06
      ]
    },
    {
      "detection_id": "sample_000081_det_0006",
      "class_id": 0,
      "class_name": "car",
      "class_group": "vehicle",
      "score": 0.14599609375,
      "position_ego": [
        50.359718322753906,
        -0.30059814453125,
        -1.171875
      ],
      "size_xyz": [
        2.1796875,
        4.94140625,
        1.8994140625
      ],
      "yaw_rad": 2.38671875,
      "velocity_ego": [
        -6.616115570068359e-06,
        -2.2649765014648438e-06
      ],
      "speed_mps": 6.9930754170600005e-06,
      "distance_m": 50.36061545286764,
      "bearing_deg": -0.3419955679225614,
      "source_confidence": 0.14599609375,