{
  "active_object_count": 10,
  "front_free_space_m": 5.223449297338199,
  "left_side_occupancy": 0.12729506207615782,
  "right_side_occupancy": 1.0,
  "rear_gap_m": null,
  "nearest_front_vehicle": {
    "track_id": 1,
    "class": "car",
    "distance_m": 6.283230613340336,
    "bearing_deg": 2.3072629995743545,
    "position_ego": [
      6.278136797338199,
      0.2529531465019579,
      -1.4111328125
    ],
    "velocity_ego": [
      -0.6984970619891832,
      -0.1294908836457585
    ],
    "risk_level": "high",
    "risk_score": 0.6528757703999475
  },
  "nearest_vru": {
    "track_id": 19,
    "class": "pedestrian",
    "distance_m": 28.992414060134095,
    "bearing_deg": -39.42248695587539,
    "position_ego": [
      22.39618759154024,
      -18.4111611366258,
      -0.5703125
    ],
    "velocity_ego": [
      -0.004192352294921875,
      0.0004687309265136719
    ],
    "risk_level": "low",
    "risk_score": 0.28267336036664514
  },
  "nearest_any_object": {
    "track_id": 1,
    "class": "car",
    "distance_m": 6.283230613340336,
    "bearing_deg": 2.3072629995743545,
    "position_ego": [
      6.278136797338199,
      0.2529531465019579,
      -1.4111328125
    ],
    "velocity_ego": [
      -0.6984970619891832,
      -0.1294908836457585
    ],
    "risk_level": "high",
    "risk_score": 0.6528757703999475
  },
  "abnormal_flags": [
    "front_blocked",
    "high_risk_scene"
  ]
}