{
  "active_object_count": 3,
  "front_free_space_m": 46.961036682128906,
  "left_side_occupancy": 0.0,
  "right_side_occupancy": 0.14867078317838378,
  "rear_gap_m": 7.186067962663742,
  "nearest_front_vehicle": {
    "track_id": 4,
    "class": "car",
    "distance_m": 48.01683598708854,
    "bearing_deg": -0.1359870312716147,
    "position_ego": [
      48.016700744628906,
      -0.11396408081054688,
      -1.72265625
    ],
    "velocity_ego": [
      -2.025390625,
      0.54443359375
    ],
    "risk_level": "medium",
    "risk_score": 0.39999999999999997
  },
  "nearest_vru": {
    "track_id": 3,
    "class": "bicycle",
    "distance_m": 32.41267212249282,
    "bearing_deg": -41.84343531854457,
    "position_ego": [
      24.146484375,
      -21.62240982055664,
      -0.9111328125
    ],
    "velocity_ego": [
      0.0001983642578125,
      0.00020492076873779297
    ],
    "risk_level": "low",
    "risk_score": 0.30690495908130383
  },
  "nearest_any_object": {
    "track_id": 2,
    "class": "car",
    "distance_m": 25.539876504648486,
    "bearing_deg": -106.34178401132678,
    "position_ego": [
      -7.186067962663742,
      -24.508074569591827,
      -0.6533203125
    ],
    "velocity_ego": [
      -0.0115814208984375,
      0.07403564453125
    ],
    "risk_level": "low",
    "risk_score": 0.1346832872828659
  },
  "abnormal_flags": []
}