{
  "active_object_count": 6,
  "front_free_space_m": 12.30674544920345,
  "left_side_occupancy": 0.8219964974698585,
  "right_side_occupancy": 0.0,
  "rear_gap_m": 21.705894955738803,
  "nearest_front_vehicle": {
    "track_id": 2,
    "class": "car",
    "distance_m": 13.570901241673551,
    "bearing_deg": 9.695651104876015,
    "position_ego": [
      13.37705794920345,
      2.2855373842730056,
      -1.373046875
    ],
    "velocity_ego": [
      -3.8069889852574237,
      -1.231768775711536
    ],
    "risk_level": "high",
    "risk_score": 0.6982182406874484
  },
  "nearest_vru": null,
  "nearest_any_object": {
    "track_id": 2,
    "class": "car",
    "distance_m": 13.570901241673551,
    "bearing_deg": 9.695651104876015,
    "position_ego": [
      13.37705794920345,
      2.2855373842730056,
      -1.373046875
    ],
    "velocity_ego": [
      -3.8069889852574237,
      -1.231768775711536
    ],
    "risk_level": "high",
    "risk_score": 0.6982182406874484
  },
  "abnormal_flags": [
    "high_risk_scene"
  ]
}