{
  "sample_name": "sample_000050",
  "sequence_index": 50,
  "frame_id": 726323,
  "timestamp": 5002.194624792784,
  "prediction_variant": "single",
  "source_sample_dir": "D:\\Agent-AI\\outputs\\s3a_ml_long_v1\\sample_000050",
  "source_prediction_dir": "D:\\Agent-AI\\outputs\\live_watch_compare_multilane\\lw_s3a_ml_long_v1\\inference\\sample_000050",
  "ego": {
    "frame_id": 726323,
    "timestamp": 5002.194624792784,
    "sample_name": "sample_000050",
    "town": "Carla/Maps/Town10HD_Opt",
    "weather": {
      "cloudiness": 20.0,
      "dust_storm": 0.0,
      "fog_density": 2.0,
      "fog_distance": 0.75,
      "fog_falloff": 0.10000000149011612,
      "mie_scattering_scale": 0.029999999329447746,
      "precipitation": 0.0,
      "precipitation_deposits": 0.0,
      "rayleigh_scattering_scale": 0.03310000151395798,
      "scattering_intensity": 1.0,
      "sun_altitude_angle": 45.0,
      "sun_azimuth_angle": 300.0,
      "wetness": 0.0,
      "wind_intensity": 10.0
    },
    "position_world": [
      103.61878967285156,
      37.355918884277344,
      -0.004434280097484589
    ],
    "velocity_world": [
      0.00010372232645750046,
      -0.00025335585814900696,
      -5.607604634860763e-06
    ],
    "speed_mps": 0.00027382285714292907,
    "yaw_deg": -109.1600341796875,
    "route_progress_m": 15.600354163161375,
    "world_from_ego_bevfusion": [
      [
        -0.3282078206539154,
        -0.9446055293083191,
        -0.00012249979772605002,
        103.61878967285156
      ],
      [
        0.9446054697036743,
        -0.3282078504562378,
        0.0002827806456480175,
        37.355918884277344
      ],
      [
        -0.00030732154846191406,
        -2.290315751451999e-05,
        0.9999999403953552,
        -0.004434280097484589
      ],
      [
        0.0,
        0.0,
        0.0,
        1.0
      ]
    ]
  },
  "detections": [
    {
      "detection_id": "sample_000050_det_0000",
      "class_id": 0,
      "class_name": "car",
      "class_group": "vehicle",
      "score": 0.8212890625,
      "position_ego": [
        6.362403869628906,
        0.23672103881835938,
        -1.408203125
      ],
      "size_xyz": [
        2.1015625,
        4.859375,
        1.7333984375
      ],
      "yaw_rad": -1.6728515625,
      "velocity_ego": [
        -6.616115570068359e-06,
        -2.2649765014648438e-06
      ],
      "speed_mps": 6.9930754170600005e-06,
      "distance_m": 6.366806094933953,
      "bearing_deg": 2.1307768931705096,
      "source_confidence": 0.8212890625,
      "raw_box_9d": [
        6.362403869628906,
        0.23672103881835938,
        -1.408203125,
        2.1015625,
        4.859375,
        1.7333984375,
        -1.6728515625,
        -6.616115570068359e-06,
        -2.2649765014648438e-06
      ]
    },
    {
      "detection_id": "sample_000050_det_0001",
      "class_id": 0,
      "class_name": "car",
      "class_group": "vehicle",
      "score": 0.708984375,
      "position_ego": [
        5.987110137939453,
        -3.1899147033691406,
        -1.470703125
      ],
      "size_xyz": [
        2.138671875,
        5.04296875,
        1.7265625
      ],
      "yaw_rad": -1.6328125,
      "velocity_ego": [
        -6.616115570068359e-06,
        -2.2649765014648438e-06
      ],
      "speed_mps": 6.9930754170600005e-06,
      "distance_m": 6.783881161885724,
      "bearing_deg": -28.04856000706535,
      "source_confidence": 0.708984375,
      "raw_box_9d": [
        5.987110137939453,
        -3.1899147033691406,
        -1.470703125,
        2.138671875,
        5.04296875,
        1.7265625,
        -1.6328125,
        -6.616115570068359e-06,
        -2.2649765014648438e-06
      ]
    },
    {
      "detection_id": "sample_000050_det_0002",
      "class_id": 0,
      "class_name": "car",
      "class_group": "vehicle",
      "score": 0.427490234375,
      "position_ego": [
        25.742141723632812,
        4.943851470947266,
        -1.2880859375
      ],
      "size_xyz": [
        2.146484375,
        4.98828125,
        1.8095703125
      ],
      "yaw_rad": 0.99072265625,
      "velocity_ego": [
        -6.616115570068359e-06,
        -2.2649765014648438e-06
      ],
      "speed_mps": 6.9930754170600005e-06,
      "distance_m": 26.212583388258103,
      "bearing_deg": 10.87144527958022,
      "source_confidence": 0.427490234375,
      "raw_box_9d": [
        25.742141723632812,
        4.943851470947266,
        -1.2880859375,
        2.146484375,
        4.98828125,
        1.8095703125,
        0.99072265625,
        -6.616115570068359e-06,
        -2.2649765014648438e-06
      ]
    },
    {
      "detection_id": "sample_000050_det_0003",
      "class_id": 0,
      "class_name": "car",
      "class_group": "vehicle",
      "score": 0.2705078125,
      "position_ego": [
        35.696990966796875,
        21.753738403320312,
        -0.97265625
      ],
      "size_xyz": [
        2.123046875,
        4.984375,
        1.8369140625
      ],
      "yaw_rad": -2.6953125,
      "velocity_ego": [
        0.10845947265625,
        0.1209716796875
      ],
      "speed_mps": 0.16247339626931834,
      "distance_m": 41.803113503705326,
      "bearing_deg": 31.358120499113515,
      "source_confidence": 0.2705078125,
      "raw_box_9d": [
        35.696990966796875,
        21.753738403320312,
        -0.97265625,
        2.123046875,
        4.984375,
        1.8369140625,
        -2.6953125,
        0.10845947265625,
        0.1209716796875
      ]
    }
  ],
  "class_names": [
    "car",
    "truck",
    "construction_vehicle",
    "bus",
    "trailer",
    "barrier",
    "motorcycle",
    "bicycle",
    "pedestrian",
    "traffic_cone"
  ],
  "raw_prediction_count": 200,
  "filtered_prediction_count": 4
}