{
  "sample_name": "sample_000023",
  "sequence_index": 23,
  "frame_id": 726296,
  "timestamp": 4999.494624752551,
  "prediction_variant": "single",
  "source_sample_dir": "D:\\Agent-AI\\outputs\\s3a_ml_long_v1\\sample_000023",
  "source_prediction_dir": "D:\\Agent-AI\\outputs\\live_watch_compare_multilane\\lw_s3a_ml_long_v1\\inference\\sample_000023",
  "ego": {
    "frame_id": 726296,
    "timestamp": 4999.494624752551,
    "sample_name": "sample_000023",
    "town": "Carla/Maps/Town10HD_Opt",
    "weather": {
      "cloudiness": 20.0,
      "dust_storm": 0.0,
      "fog_density": 2.0,
      "fog_distance": 0.75,
      "fog_falloff": 0.10000000149011612,
      "mie_scattering_scale": 0.029999999329447746,
      "precipitation": 0.0,
      "precipitation_deposits": 0.0,
      "rayleigh_scattering_scale": 0.03310000151395798,
      "scattering_intensity": 1.0,
      "sun_altitude_angle": 45.0,
      "sun_azimuth_angle": 300.0,
      "wetness": 0.0,
      "wind_intensity": 10.0
    },
    "position_world": [
      105.05764770507812,
      32.86460876464844,
      -0.002890739357098937
    ],
    "velocity_world": [
      -0.3048126995563507,
      1.2157162427902222,
      0.0006971263792365789
    ],
    "speed_mps": 1.2533464208988643,
    "yaw_deg": -102.81532287597656,
    "route_progress_m": 10.88083777606444,
    "world_from_ego_bevfusion": [
      [
        -0.2218024581670761,
        -0.9750910997390747,
        -0.0010517735499888659,
        105.05764770507812
      ],
      [
        0.9750601649284363,
        -0.22180382907390594,
        0.007797560188919306,
        32.86460876464844
      ],
      [
        -0.007836618460714817,
        0.0007039755000732839,
        0.9999690651893616,
        -0.002890739357098937
      ],
      [
        0.0,
        0.0,
        0.0,
        1.0
      ]
    ]
  },
  "detections": [
    {
      "detection_id": "sample_000023_det_0000",
      "class_id": 0,
      "class_name": "car",
      "class_group": "vehicle",
      "score": 0.82421875,
      "position_ego": [
        10.992042541503906,
        -2.056346893310547,
        -1.3662109375
      ],
      "size_xyz": [
        2.123046875,
        4.90625,
        1.7607421875
      ],
      "yaw_rad": -1.7578125,
      "velocity_ego": [
        -6.616115570068359e-06,
        -2.2649765014648438e-06
      ],
      "speed_mps": 6.9930754170600005e-06,
      "distance_m": 11.182734986570127,
      "bearing_deg": -10.59618282119169,
      "source_confidence": 0.82421875,
      "raw_box_9d": [
        10.992042541503906,
        -2.056346893310547,
        -1.3662109375,
        2.123046875,
        4.90625,
        1.7607421875,
        -1.7578125,
        -6.616115570068359e-06,
        -2.2649765014648438e-06
      ]
    },
    {
      "detection_id": "sample_000023_det_0001",
      "class_id": 0,
      "class_name": "car",
      "class_group": "vehicle",
      "score": 0.75146484375,
      "position_ego": [
        10.973808288574219,
        1.3814964294433594,
        -1.3896484375
      ],
      "size_xyz": [
        2.103515625,
        4.796875,
        1.7822265625
      ],
      "yaw_rad": -1.80859375,
      "velocity_ego": [
        -6.616115570068359e-06,
        -2.2649765014648438e-06
      ],
      "speed_mps": 6.9930754170600005e-06,
      "distance_m": 11.060424980033316,
      "bearing_deg": 7.175238606554509,
      "source_confidence": 0.75146484375,
      "raw_box_9d": [
        10.973808288574219,
        1.3814964294433594,
        -1.3896484375,
        2.103515625,
        4.796875,
        1.7822265625,
        -1.80859375,
        -6.616115570068359e-06,
        -2.2649765014648438e-06
      ]
    },
    {
      "detection_id": "sample_000023_det_0002",
      "class_id": 0,
      "class_name": "car",
      "class_group": "vehicle",
      "score": 0.64453125,
      "position_ego": [
        29.676162719726562,
        8.12710189819336,
        -1.162109375
      ],
      "size_xyz": [
        2.103515625,
        4.8203125,
        1.7724609375
      ],
      "yaw_rad": -2.30859375,
      "velocity_ego": [
        -6.616115570068359e-06,
        -2.2649765014648438e-06
      ],
      "speed_mps": 6.9930754170600005e-06,
      "distance_m": 30.768887191955884,
      "bearing_deg": 15.315487101780109,
      "source_confidence": 0.64453125,
      "raw_box_9d": [
        29.676162719726562,
        8.12710189819336,
        -1.162109375,
        2.103515625,
        4.8203125,
        1.7724609375,
        -2.30859375,
        -6.616115570068359e-06,
        -2.2649765014648438e-06
      ]
    },
    {
      "detection_id": "sample_000023_det_0003",
      "class_id": 0,
      "class_name": "car",
      "class_group": "vehicle",
      "score": 0.352294921875,
      "position_ego": [
        37.69365692138672,
        25.925689697265625,
        -0.767578125
      ],
      "size_xyz": [
        2.15625,
        5.05859375,
        1.828125
      ],
      "yaw_rad": 0.231689453125,
      "velocity_ego": [
        -6.616115570068359e-06,
        -2.2649765014648438e-06
      ],
      "speed_mps": 6.9930754170600005e-06,
      "distance_m": 45.748804994077275,
      "bearing_deg": 34.52018550495947,
      "source_confidence": 0.352294921875,
      "raw_box_9d": [
        37.69365692138672,
        25.925689697265625,
        -0.767578125,
        2.15625,
        5.05859375,
        1.828125,
        0.231689453125,
        -6.616115570068359e-06,
        -2.2649765014648438e-06
      ]
    },
    {
      "detection_id": "sample_000023_det_0004",
      "class_id": 0,
      "class_name": "car",
      "class_group": "vehicle",
      "score": 0.2205810546875,
      "position_ego": [
        30.0322265625,
        -5.688133239746094,
        -0.97509765625
      ],
      "size_xyz": [
        2.228515625,
        5.07421875,
        1.8994140625
      ],
      "yaw_rad": 1.396484375,
      "velocity_ego": [
        -6.616115570068359e-06,
        -2.2649765014648438e-06
      ],
      "speed_mps": 6.9930754170600005e-06,
      "distance_m": 30.566149447623182,
      "bearing_deg": -10.724838144234074,
      "source_confidence": 0.2205810546875,
      "raw_box_9d": [
        30.0322265625,
        -5.688133239746094,
        -0.97509765625,
        2.228515625,
        5.07421875,
        1.8994140625,
        1.396484375,
        -6.616115570068359e-06,
        -2.2649765014648438e-06
      ]
    },
    {
      "detection_id": "sample_000023_det_0005",
      "class_id": 0,
      "class_name": "car",
      "class_group": "vehicle",
      "score": 0.197509765625,
      "position_ego": [
        23.97539520263672,
        -8.530956268310547,
        -1.0234375
      ],
      "size_xyz": [
        2.201171875,
        5.02734375,
        1.9140625
      ],
      "yaw_rad": 1.244140625,
      "velocity_ego": [
        -6.616115570068359e-06,
        -2.2649765014648438e-06
      ],
      "speed_mps": 6.9930754170600005e-06,
      "distance_m": 25.44792309746402,
      "bearing_deg": -19.5866418471595,
      "source_confidence": 0.197509765625,
      "raw_box_9d": [
        23.97539520263672,
        -8.530956268310547,
        -1.0234375,
        2.201171875,
        5.02734375,
        1.9140625,
        1.244140625,
        -6.616115570068359e-06,
        -2.2649765014648438e-06
      ]
    }
  ],
  "class_names": [
    "car",
    "truck",
    "construction_vehicle",
    "bus",
    "trailer",
    "barrier",
    "motorcycle",
    "bicycle",
    "pedestrian",
    "traffic_cone"
  ],
  "raw_prediction_count": 200,
  "filtered_prediction_count": 6
}