{
  "active_object_count": 2,
  "front_free_space_m": 5.396142018525753,
  "left_side_occupancy": 0.0,
  "right_side_occupancy": 0.7727640468250638,
  "rear_gap_m": null,
  "nearest_front_vehicle": {
    "track_id": 1,
    "class": "car",
    "distance_m": 6.469470363774058,
    "bearing_deg": 2.0129966304823257,
    "position_ego": [
      6.465477956025753,
      0.22724785564643002,
      -1.466796875
    ],
    "velocity_ego": [
      -0.007502866432325967,
      7.807571642810297e-05
    ],
    "risk_level": "high",
    "risk_score": 0.6514789722716946
  },
  "nearest_vru": null,
  "nearest_any_object": {
    "track_id": 1,
    "class": "car",
    "distance_m": 6.469470363774058,
    "bearing_deg": 2.0129966304823257,
    "position_ego": [
      6.465477956025753,
      0.22724785564643002,
      -1.466796875
    ],
    "velocity_ego": [
      -0.007502866432325967,
      7.807571642810297e-05
    ],
    "risk_level": "high",
    "risk_score": 0.6514789722716946
  },
  "abnormal_flags": [
    "front_blocked",
    "high_risk_scene"
  ]
}