{
  "sample_name": "sample_000013",
  "sequence_index": 13,
  "frame_id": 726286,
  "timestamp": 4998.49462473765,
  "prediction_variant": "single",
  "source_sample_dir": "D:\\Agent-AI\\outputs\\s3a_ml_long_v1\\sample_000013",
  "source_prediction_dir": "D:\\Agent-AI\\outputs\\live_watch_compare_multilane\\lw_s3a_ml_long_v1\\inference\\sample_000013",
  "ego": {
    "frame_id": 726286,
    "timestamp": 4998.49462473765,
    "sample_name": "sample_000013",
    "town": "Carla/Maps/Town10HD_Opt",
    "weather": {
      "cloudiness": 20.0,
      "dust_storm": 0.0,
      "fog_density": 2.0,
      "fog_distance": 0.75,
      "fog_falloff": 0.10000000149011612,
      "mie_scattering_scale": 0.029999999329447746,
      "precipitation": 0.0,
      "precipitation_deposits": 0.0,
      "rayleigh_scattering_scale": 0.03310000151395798,
      "scattering_intensity": 1.0,
      "sun_altitude_angle": 45.0,
      "sun_azimuth_angle": 300.0,
      "wetness": 0.0,
      "wind_intensity": 10.0
    },
    "position_world": [
      105.83585357666016,
      28.97779083251953,
      -0.005110053811222315
    ],
    "velocity_world": [
      -1.2807084321975708,
      7.964110374450684,
      -3.989219476352446e-05
    ],
    "speed_mps": 8.066428462853084,
    "yaw_deg": -97.50009155273438,
    "route_progress_m": 6.915241284913373,
    "world_from_ego_bevfusion": [
      [
        -0.13052688539028168,
        -0.9913980960845947,
        0.009617209434509277,
        105.83585357666016
      ],
      [
        0.9914380311965942,
        -0.13055558502674103,
        -0.0024168193340301514,
        28.97779083251953
      ],
      [
        0.0036516105756163597,
        0.009219407103955746,
        0.9999508261680603,
        -0.005110053811222315
      ],
      [
        0.0,
        0.0,
        0.0,
        1.0
      ]
    ]
  },
  "detections": [
    {
      "detection_id": "sample_000013_det_0000",
      "class_id": 0,
      "class_name": "car",
      "class_group": "vehicle",
      "score": 0.80029296875,
      "position_ego": [
        14.819900512695312,
        2.676105499267578,
        -1.498046875
      ],
      "size_xyz": [
        2.12890625,
        4.8359375,
        1.7724609375
      ],
      "yaw_rad": -1.96875,
      "velocity_ego": [
        -6.616115570068359e-06,
        -2.2649765014648438e-06
      ],
      "speed_mps": 6.9930754170600005e-06,
      "distance_m": 15.059581396884742,
      "bearing_deg": 10.235889025525543,
      "source_confidence": 0.80029296875,
      "raw_box_9d": [
        14.819900512695312,
        2.676105499267578,
        -1.498046875,
        2.12890625,
        4.8359375,
        1.7724609375,
        -1.96875,
        -6.616115570068359e-06,
        -2.2649765014648438e-06
      ]
    },
    {
      "detection_id": "sample_000013_det_0002",
      "class_id": 0,
      "class_name": "car",
      "class_group": "vehicle",
      "score": 0.7001953125,
      "position_ego": [
        15.087013244628906,
        -0.7311019897460938,
        -1.4580078125
      ],
      "size_xyz": [
        2.109375,
        4.90234375,
        1.794921875
      ],
      "yaw_rad": -1.8876953125,
      "velocity_ego": [
        -6.616115570068359e-06,
        -2.2649765014648438e-06
      ],
      "speed_mps": 6.9930754170600005e-06,
      "distance_m": 15.104717103044953,
      "bearing_deg": -2.7743274832725615,
      "source_confidence": 0.7001953125,
      "raw_box_9d": [
        15.087013244628906,
        -0.7311019897460938,
        -1.4580078125,
        2.109375,
        4.90234375,
        1.794921875,
        -1.8876953125,
        -6.616115570068359e-06,
        -2.2649765014648438e-06
      ]
    },
    {
      "detection_id": "sample_000013_det_0001",
      "class_id": 0,
      "class_name": "car",
      "class_group": "vehicle",
      "score": 0.60546875,
      "position_ego": [
        39.165016174316406,
        29.774200439453125,
        -1.4990234375
      ],
      "size_xyz": [
        2.126953125,
        4.80859375,
        1.828125
      ],
      "yaw_rad": -2.904296875,
      "velocity_ego": [
        -6.616115570068359e-06,
        -2.2649765014648438e-06
      ],
      "speed_mps": 6.9930754170600005e-06,
      "distance_m": 49.197576197849386,
      "bearing_deg": 37.24298248381842,
      "source_confidence": 0.60546875,
      "raw_box_9d": [
        39.165016174316406,
        29.774200439453125,
        -1.4990234375,
        2.126953125,
        4.80859375,
        1.828125,
        -2.904296875,
        -6.616115570068359e-06,
        -2.2649765014648438e-06
      ]
    },
    {
      "detection_id": "sample_000013_det_0003",
      "class_id": 0,
      "class_name": "car",
      "class_group": "vehicle",
      "score": 0.431640625,
      "position_ego": [
        32.771705627441406,
        11.150100708007812,
        -1.39453125
      ],
      "size_xyz": [
        2.185546875,
        4.9609375,
        1.841796875
      ],
      "yaw_rad": 0.6669921875,
      "velocity_ego": [
        -6.616115570068359e-06,
        -2.2649765014648438e-06
      ],
      "speed_mps": 6.9930754170600005e-06,
      "distance_m": 34.61660635490416,
      "bearing_deg": 18.790132122706876,
      "source_confidence": 0.431640625,
      "raw_box_9d": [
        32.771705627441406,
        11.150100708007812,
        -1.39453125,
        2.185546875,
        4.9609375,
        1.841796875,
        0.6669921875,
        -6.616115570068359e-06,
        -2.2649765014648438e-06
      ]
    },
    {
      "detection_id": "sample_000013_det_0004",
      "class_id": 0,
      "class_name": "car",
      "class_group": "vehicle",
      "score": 0.1715087890625,
      "position_ego": [
        28.76982879638672,
        -6.266143798828125,
        -1.2734375
      ],
      "size_xyz": [
        2.15625,
        4.86328125,
        1.853515625
      ],
      "yaw_rad": -1.8310546875,
      "velocity_ego": [
        -6.616115570068359e-06,
        -2.2649765014648438e-06
      ],
      "speed_mps": 6.9930754170600005e-06,
      "distance_m": 29.4443136629298,
      "bearing_deg": -12.28727442809712,
      "source_confidence": 0.1715087890625,
      "raw_box_9d": [
        28.76982879638672,
        -6.266143798828125,
        -1.2734375,
        2.15625,
        4.86328125,
        1.853515625,
        -1.8310546875,
        -6.616115570068359e-06,
        -2.2649765014648438e-06
      ]
    }
  ],
  "class_names": [
    "car",
    "truck",
    "construction_vehicle",
    "bus",
    "trailer",
    "barrier",
    "motorcycle",
    "bicycle",
    "pedestrian",
    "traffic_cone"
  ],
  "raw_prediction_count": 200,
  "filtered_prediction_count": 5
}