{
  "sample_name": "sample_000112",
  "sequence_index": 112,
  "frame_id": 60113,
  "timestamp": 446.2197009176016,
  "prediction_variant": "single",
  "source_sample_dir": "D:\\Agent-AI\\outputs\\s3a_ml_long_v2\\sample_000112",
  "source_prediction_dir": "D:\\Agent-AI\\outputs\\live_watch_compare_multilane\\lw_s3a_ml_long_v2\\inference\\sample_000112",
  "ego": {
    "frame_id": 60113,
    "timestamp": 446.2197009176016,
    "sample_name": "sample_000112",
    "town": "Carla/Maps/Town10HD_Opt",
    "weather": {
      "cloudiness": 20.0,
      "dust_storm": 0.0,
      "fog_density": 2.0,
      "fog_distance": 0.75,
      "fog_falloff": 0.10000000149011612,
      "mie_scattering_scale": 0.029999999329447746,
      "precipitation": 0.0,
      "precipitation_deposits": 0.0,
      "rayleigh_scattering_scale": 0.03310000151395798,
      "scattering_intensity": 1.0,
      "sun_altitude_angle": 45.0,
      "sun_azimuth_angle": 300.0,
      "wetness": 0.0,
      "wind_intensity": 10.0
    },
    "position_world": [
      77.28752136230469,
      62.279911041259766,
      -0.004500579554587603
    ],
    "velocity_world": [
      1.3778521861240733e-06,
      4.0602390782851216e-08,
      -2.7561186470848043e-06
    ],
    "speed_mps": 3.0816091896528253e-06,
    "yaw_deg": -161.72349548339844,
    "route_progress_m": 53.24160103577208,
    "world_from_ego_bevfusion": [
      [
        -0.9495541453361511,
        -0.3136030435562134,
        -1.5847393797230325e-06,
        77.28752136230469
      ],
      [
        0.3136030435562134,
        -0.9495541453361511,
        5.233815159044752e-07,
        62.279911041259766
      ],
      [
        -1.6689299400240998e-06,
        0.0,
        1.0,
        -0.004500579554587603
      ],
      [
        0.0,
        0.0,
        0.0,
        1.0
      ]
    ]
  },
  "detections": [
    {
      "detection_id": "sample_000112_det_0000",
      "class_id": 0,
      "class_name": "car",
      "class_group": "vehicle",
      "score": 0.5283203125,
      "position_ego": [
        6.113674163818359,
        0.24547195434570312,
        -1.5322265625
      ],
      "size_xyz": [
        2.12109375,
        4.9609375,
        1.765625
      ],
      "yaw_rad": -1.724609375,
      "velocity_ego": [
        -6.616115570068359e-06,
        -2.2649765014648438e-06
      ],
      "speed_mps": 6.9930754170600005e-06,
      "distance_m": 6.118600188091261,
      "bearing_deg": 2.299264889777523,
      "source_confidence": 0.5283203125,
      "raw_box_9d": [
        6.113674163818359,
        0.24547195434570312,
        -1.5322265625,
        2.12109375,
        4.9609375,
        1.765625,
        -1.724609375,
        -6.616115570068359e-06,
        -2.2649765014648438e-06
      ]
    },
    {
      "detection_id": "sample_000112_det_0001",
      "class_id": 4,
      "class_name": "trailer",
      "class_group": "vehicle",
      "score": 0.1201171875,
      "position_ego": [
        14.946685791015625,
        27.28321075439453,
        -0.0830078125
      ],
      "size_xyz": [
        3.095703125,
        14.4140625,
        3.083984375
      ],
      "yaw_rad": -1.869140625,
      "velocity_ego": [
        8.09375,
        1.4423828125
      ],
      "speed_mps": 8.221268590691793,
      "distance_m": 31.10911450369582,
      "bearing_deg": 61.28454901593788,
      "source_confidence": 0.1201171875,
      "raw_box_9d": [
        14.946685791015625,
        27.28321075439453,
        -0.0830078125,
        3.095703125,
        14.4140625,
        3.083984375,
        -1.869140625,
        8.09375,
        1.4423828125
      ]
    },
    {
      "detection_id": "sample_000112_det_0002",
      "class_id": 0,
      "class_name": "car",
      "class_group": "vehicle",
      "score": 0.11175537109375,
      "position_ego": [
        26.435157775878906,
        -8.66766357421875,
        -1.05078125
      ],
      "size_xyz": [
        2.236328125,
        5.1953125,
        1.8408203125
      ],
      "yaw_rad": 1.451171875,
      "velocity_ego": [
        -1.408203125,
        -0.2249755859375
      ],
      "speed_mps": 1.426061027981512,
      "distance_m": 27.819884228217944,
      "bearing_deg": -18.15348620962478,
      "source_confidence": 0.11175537109375,
      "raw_box_9d": [
        26.435157775878906,
        -8.66766357421875,
        -1.05078125,
        2.236328125,
        5.1953125,
        1.8408203125,
        1.451171875,
        -1.408203125,
        -0.2249755859375
      ]
    }
  ],
  "class_names": [
    "car",
    "truck",
    "construction_vehicle",
    "bus",
    "trailer",
    "barrier",
    "motorcycle",
    "bicycle",
    "pedestrian",
    "traffic_cone"
  ],
  "raw_prediction_count": 200,
  "filtered_prediction_count": 3
}