{
  "active_object_count": 12,
  "front_free_space_m": 5.05161314383415,
  "left_side_occupancy": 0.031584508058687844,
  "right_side_occupancy": 0.11925379656693047,
  "rear_gap_m": 27.597365525572542,
  "nearest_front_vehicle": {
    "track_id": 2,
    "class": "car",
    "distance_m": 6.118764130657364,
    "bearing_deg": 2.4575293916655765,
    "position_ego": [
      6.11313658133415,
      0.26236544088997754,
      -1.466796875
    ],
    "velocity_ego": [
      -0.015308685524564877,
      -0.0013244384827552844
    ],
    "risk_level": "high",
    "risk_score": 0.6541092690200698
  },
  "nearest_vru": null,
  "nearest_any_object": {
    "track_id": 2,
    "class": "car",
    "distance_m": 6.118764130657364,
    "bearing_deg": 2.4575293916655765,
    "position_ego": [
      6.11313658133415,
      0.26236544088997754,
      -1.466796875
    ],
    "velocity_ego": [
      -0.015308685524564877,
      -0.0013244384827552844
    ],
    "risk_level": "high",
    "risk_score": 0.6541092690200698
  },
  "abnormal_flags": [
    "front_blocked",
    "high_risk_scene"
  ]
}