{
  "active_object_count": 8,
  "front_free_space_m": 5.263011938655303,
  "left_side_occupancy": 0.1267998417131011,
  "right_side_occupancy": 0.9543661252823057,
  "rear_gap_m": 15.160195700919266,
  "nearest_front_vehicle": {
    "track_id": 1,
    "class": "car",
    "distance_m": 6.338166167450324,
    "bearing_deg": 2.239668282754583,
    "position_ego": [
      6.333324438655303,
      0.24769319922723698,
      -1.41015625
    ],
    "velocity_ego": [
      0.025145459779939837,
      -0.04740227213058343
    ],
    "risk_level": "high",
    "risk_score": 0.6524637537441226
  },
  "nearest_vru": null,
  "nearest_any_object": {
    "track_id": 1,
    "class": "car",
    "distance_m": 6.338166167450324,
    "bearing_deg": 2.239668282754583,
    "position_ego": [
      6.333324438655303,
      0.24769319922723698,
      -1.41015625
    ],
    "velocity_ego": [
      0.025145459779939837,
      -0.04740227213058343
    ],
    "risk_level": "high",
    "risk_score": 0.6524637537441226
  },
  "abnormal_flags": [
    "front_blocked",
    "high_risk_scene"
  ]
}