{
  "active_object_count": 6,
  "front_free_space_m": 14.204603362980302,
  "left_side_occupancy": 0.49180367972540606,
  "right_side_occupancy": 0.01203098021210447,
  "rear_gap_m": null,
  "nearest_front_vehicle": {
    "track_id": 2,
    "class": "car",
    "distance_m": 15.273645897963611,
    "bearing_deg": -2.4842907331518704,
    "position_ego": [
      15.259290862980302,
      -0.6620433334355997,
      -1.4580078125
    ],
    "velocity_ego": [
      -4.861760403500715,
      -1.7345897736536706
    ],
    "risk_level": "high",
    "risk_score": 0.685447655765273
  },
  "nearest_vru": null,
  "nearest_any_object": {
    "track_id": 1,
    "class": "car",
    "distance_m": 15.24588960823782,
    "bearing_deg": 10.409790284303876,
    "position_ego": [
      14.994951575366157,
      2.754737228665915,
      -1.498046875
    ],
    "velocity_ego": [
      -4.555063173170878,
      -1.793848357367527
    ],
    "risk_level": "medium",
    "risk_score": 0.4356558279382164
  },
  "abnormal_flags": [
    "high_risk_scene"
  ]
}