{
  "sample_name": "sample_000034",
  "sequence_index": 34,
  "frame_id": 60035,
  "timestamp": 438.4197008013725,
  "prediction_variant": "single",
  "source_sample_dir": "D:\\Agent-AI\\outputs\\s3a_ml_long_v2\\sample_000034",
  "source_prediction_dir": "D:\\Agent-AI\\outputs\\live_watch_compare_multilane\\lw_s3a_ml_long_v2\\inference\\sample_000034",
  "ego": {
    "frame_id": 60035,
    "timestamp": 438.4197008013725,
    "sample_name": "sample_000034",
    "town": "Carla/Maps/Town10HD_Opt",
    "weather": {
      "cloudiness": 20.0,
      "dust_storm": 0.0,
      "fog_density": 2.0,
      "fog_distance": 0.75,
      "fog_falloff": 0.10000000149011612,
      "mie_scattering_scale": 0.029999999329447746,
      "precipitation": 0.0,
      "precipitation_deposits": 0.0,
      "rayleigh_scattering_scale": 0.03310000151395798,
      "scattering_intensity": 1.0,
      "sun_altitude_angle": 45.0,
      "sun_azimuth_angle": 300.0,
      "wetness": 0.0,
      "wind_intensity": 10.0
    },
    "position_world": [
      100.14320373535156,
      44.69049835205078,
      -0.004012146033346653
    ],
    "velocity_world": [
      -4.087700843811035,
      6.650024890899658,
      -3.176688915118575e-05
    ],
    "speed_mps": 7.805903486406144,
    "yaw_deg": -120.26342010498047,
    "route_progress_m": 23.740111063249305,
    "world_from_ego_bevfusion": [
      [
        -0.5039756298065186,
        -0.8636792302131653,
        0.008168780244886875,
        100.14320373535156
      ],
      [
        0.8637164831161499,
        -0.5039355158805847,
        0.0065379696898162365,
        44.69049835205078
      ],
      [
        -0.0015301697421818972,
        0.010350488126277924,
        0.9999452233314514,
        -0.004012146033346653
      ],
      [
        0.0,
        0.0,
        0.0,
        1.0
      ]
    ]
  },
  "detections": [
    {
      "detection_id": "sample_000034_det_0000",
      "class_id": 0,
      "class_name": "car",
      "class_group": "vehicle",
      "score": 0.62841796875,
      "position_ego": [
        1.1579627990722656,
        -3.4089813232421875,
        -1.42578125
      ],
      "size_xyz": [
        2.19140625,
        5.07421875,
        1.84765625
      ],
      "yaw_rad": -1.55078125,
      "velocity_ego": [
        -6.616115570068359e-06,
        -2.2649765014648438e-06
      ],
      "speed_mps": 6.9930754170600005e-06,
      "distance_m": 3.600282142589568,
      "bearing_deg": -71.23840281854291,
      "source_confidence": 0.62841796875,
      "raw_box_9d": [
        1.1579627990722656,
        -3.4089813232421875,
        -1.42578125,
        2.19140625,
        5.07421875,
        1.84765625,
        -1.55078125,
        -6.616115570068359e-06,
        -2.2649765014648438e-06
      ]
    },
    {
      "detection_id": "sample_000034_det_0001",
      "class_id": 0,
      "class_name": "car",
      "class_group": "vehicle",
      "score": 0.5048828125,
      "position_ego": [
        31.12060546875,
        15.137260437011719,
        -1.291015625
      ],
      "size_xyz": [
        2.220703125,
        5.11328125,
        1.8662109375
      ],
      "yaw_rad": 0.634765625,
      "velocity_ego": [
        -6.616115570068359e-06,
        -2.2649765014648438e-06
      ],
      "speed_mps": 6.9930754170600005e-06,
      "distance_m": 34.60677301164488,
      "bearing_deg": 25.93858306925482,
      "source_confidence": 0.5048828125,
      "raw_box_9d": [
        31.12060546875,
        15.137260437011719,
        -1.291015625,
        2.220703125,
        5.11328125,
        1.8662109375,
        0.634765625,
        -6.616115570068359e-06,
        -2.2649765014648438e-06
      ]
    },
    {
      "detection_id": "sample_000034_det_0002",
      "class_id": 0,
      "class_name": "car",
      "class_group": "vehicle",
      "score": 0.29150390625,
      "position_ego": [
        52.707130432128906,
        38.35517883300781,
        -1.0205078125
      ],
      "size_xyz": [
        2.234375,
        5.1015625,
        1.8828125
      ],
      "yaw_rad": 0.52099609375,
      "velocity_ego": [
        -0.004329681396484375,
        -0.00384521484375
      ],
      "speed_mps": 0.005790666471975244,
      "distance_m": 65.18559151914984,
      "bearing_deg": 36.04352413215594,
      "source_confidence": 0.29150390625,
      "raw_box_9d": [
        52.707130432128906,
        38.35517883300781,
        -1.0205078125,
        2.234375,
        5.1015625,
        1.8828125,
        0.52099609375,
        -0.004329681396484375,
        -0.00384521484375
      ]
    },
    {
      "detection_id": "sample_000034_det_0003",
      "class_id": 0,
      "class_name": "car",
      "class_group": "vehicle",
      "score": 0.1966552734375,
      "position_ego": [
        51.733009338378906,
        49.778907775878906,
        -0.98876953125
      ],
      "size_xyz": [
        2.26171875,
        5.1875,
        1.919921875
      ],
      "yaw_rad": 0.53271484375,
      "velocity_ego": [
        -0.4345703125,
        -0.66748046875
      ],
      "speed_mps": 0.7964807170729667,
      "distance_m": 71.79306313679795,
      "bearing_deg": 43.89719405409329,
      "source_confidence": 0.1966552734375,
      "raw_box_9d": [
        51.733009338378906,
        49.778907775878906,
        -0.98876953125,
        2.26171875,
        5.1875,
        1.919921875,
        0.53271484375,
        -0.4345703125,
        -0.66748046875
      ]
    },
    {
      "detection_id": "sample_000034_det_0004",
      "class_id": 0,
      "class_name": "car",
      "class_group": "vehicle",
      "score": 0.1964111328125,
      "position_ego": [
        49.90576934814453,
        39.594146728515625,
        -0.95166015625
      ],
      "size_xyz": [
        2.28125,
        5.23828125,
        1.912109375
      ],
      "yaw_rad": 0.52880859375,
      "velocity_ego": [
        -0.0014772415161132812,
        -0.0026226043701171875
      ],
      "speed_mps": 0.003010032587711707,
      "distance_m": 63.704648726677924,
      "bearing_deg": 38.42771572099739,
      "source_confidence": 0.1964111328125,
      "raw_box_9d": [
        49.90576934814453,
        39.594146728515625,
        -0.95166015625,
        2.28125,
        5.23828125,
        1.912109375,
        0.52880859375,
        -0.0014772415161132812,
        -0.0026226043701171875
      ]
    }
  ],
  "class_names": [
    "car",
    "truck",
    "construction_vehicle",
    "bus",
    "trailer",
    "barrier",
    "motorcycle",
    "bicycle",
    "pedestrian",
    "traffic_cone"
  ],
  "raw_prediction_count": 200,
  "filtered_prediction_count": 5
}