{
  "sample_name": "sample_000072",
  "sequence_index": 72,
  "frame_id": 60073,
  "timestamp": 442.21970085799694,
  "prediction_variant": "single",
  "source_sample_dir": "D:\\Agent-AI\\outputs\\s3a_ml_long_v2\\sample_000072",
  "source_prediction_dir": "D:\\Agent-AI\\outputs\\live_watch_compare_multilane\\lw_s3a_ml_long_v2\\inference\\sample_000072",
  "ego": {
    "frame_id": 60073,
    "timestamp": 442.21970085799694,
    "sample_name": "sample_000072",
    "town": "Carla/Maps/Town10HD_Opt",
    "weather": {
      "cloudiness": 20.0,
      "dust_storm": 0.0,
      "fog_density": 2.0,
      "fog_distance": 0.75,
      "fog_falloff": 0.10000000149011612,
      "mie_scattering_scale": 0.029999999329447746,
      "precipitation": 0.0,
      "precipitation_deposits": 0.0,
      "rayleigh_scattering_scale": 0.03310000151395798,
      "scattering_intensity": 1.0,
      "sun_altitude_angle": 45.0,
      "sun_azimuth_angle": 300.0,
      "wetness": 0.0,
      "wind_intensity": 10.0
    },
    "position_world": [
      81.53194427490234,
      60.75664520263672,
      -0.005787543952465057
    ],
    "velocity_world": [
      -3.306334972381592,
      1.3485795259475708,
      -6.202697841217741e-05
    ],
    "speed_mps": 3.570786704809726,
    "yaw_deg": -155.8469696044922,
    "route_progress_m": 48.72818005328805,
    "world_from_ego_bevfusion": [
      [
        -0.9124388098716736,
        -0.40916478633880615,
        0.006291828118264675,
        81.53194427490234
      ],
      [
        0.4091675877571106,
        -0.9124588370323181,
        -0.0008919313549995422,
        60.75664520263672
      ],
      [
        0.006105980835855007,
        0.0017605791799724102,
        0.9999797940254211,
        -0.005787543952465057
      ],
      [
        0.0,
        0.0,
        0.0,
        1.0
      ]
    ]
  },
  "detections": [
    {
      "detection_id": "sample_000072_det_0000",
      "class_id": 0,
      "class_name": "car",
      "class_group": "vehicle",
      "score": 0.7421875,
      "position_ego": [
        -24.355735778808594,
        3.340320587158203,
        -1.2587890625
      ],
      "size_xyz": [
        2.103515625,
        4.85546875,
        1.7705078125
      ],
      "yaw_rad": -0.94921875,
      "velocity_ego": [
        0.108642578125,
        -0.08294677734375
      ],
      "speed_mps": 0.13668715248098617,
      "distance_m": 24.583726465939414,
      "bearing_deg": 172.19076418081357,
      "source_confidence": 0.7421875,
      "raw_box_9d": [
        -24.355735778808594,
        3.340320587158203,
        -1.2587890625,
        2.103515625,
        4.85546875,
        1.7705078125,
        -0.94921875,
        0.108642578125,
        -0.08294677734375
      ]
    },
    {
      "detection_id": "sample_000072_det_0002",
      "class_id": 0,
      "class_name": "car",
      "class_group": "vehicle",
      "score": 0.6689453125,
      "position_ego": [
        10.613456726074219,
        1.2483406066894531,
        -1.59375
      ],
      "size_xyz": [
        2.142578125,
        4.96875,
        1.8447265625
      ],
      "yaw_rad": -1.794921875,
      "velocity_ego": [
        -6.616115570068359e-06,
        -2.2649765014648438e-06
      ],
      "speed_mps": 6.9930754170600005e-06,
      "distance_m": 10.686618639521102,
      "bearing_deg": 6.708232141939116,
      "source_confidence": 0.6689453125,
      "raw_box_9d": [
        10.613456726074219,
        1.2483406066894531,
        -1.59375,
        2.142578125,
        4.96875,
        1.8447265625,
        -1.794921875,
        -6.616115570068359e-06,
        -2.2649765014648438e-06
      ]
    },
    {
      "detection_id": "sample_000072_det_0001",
      "class_id": 0,
      "class_name": "car",
      "class_group": "vehicle",
      "score": 0.654296875,
      "position_ego": [
        41.613800048828125,
        7.488025665283203,
        -1.5234375
      ],
      "size_xyz": [
        2.138671875,
        4.8515625,
        1.7724609375
      ],
      "yaw_rad": -1.95703125,
      "velocity_ego": [
        -6.616115570068359e-06,
        -2.2649765014648438e-06
      ],
      "speed_mps": 6.9930754170600005e-06,
      "distance_m": 42.282134322521934,
      "bearing_deg": 10.200695152942895,
      "source_confidence": 0.654296875,
      "raw_box_9d": [
        41.613800048828125,
        7.488025665283203,
        -1.5234375,
        2.138671875,
        4.8515625,
        1.7724609375,
        -1.95703125,
        -6.616115570068359e-06,
        -2.2649765014648438e-06
      ]
    },
    {
      "detection_id": "sample_000072_det_0004",
      "class_id": 0,
      "class_name": "car",
      "class_group": "vehicle",
      "score": 0.5458984375,
      "position_ego": [
        47.39063262939453,
        17.249786376953125,
        -1.3798828125
      ],
      "size_xyz": [
        2.15234375,
        4.796875,
        1.8037109375
      ],
      "yaw_rad": 1.15234375,
      "velocity_ego": [
        -6.616115570068359e-06,
        -2.2649765014648438e-06
      ],
      "speed_mps": 6.9930754170600005e-06,
      "distance_m": 50.43240219407312,
      "bearing_deg": 20.00107474668416,
      "source_confidence": 0.5458984375,
      "raw_box_9d": [
        47.39063262939453,
        17.249786376953125,
        -1.3798828125,
        2.15234375,
        4.796875,
        1.8037109375,
        1.15234375,
        -6.616115570068359e-06,
        -2.2649765014648438e-06
      ]
    },
    {
      "detection_id": "sample_000072_det_0003",
      "class_id": 0,
      "class_name": "car",
      "class_group": "vehicle",
      "score": 0.53466796875,
      "position_ego": [
        39.83650207519531,
        10.040702819824219,
        -1.51171875
      ],
      "size_xyz": [
        2.126953125,
        4.78125,
        1.751953125
      ],
      "yaw_rad": 1.1796875,
      "velocity_ego": [
        -6.616115570068359e-06,
        -2.2649765014648438e-06
      ],
      "speed_mps": 6.9930754170600005e-06,
      "distance_m": 41.08238808422736,
      "bearing_deg": 14.146618815319735,
      "source_confidence": 0.53466796875,
      "raw_box_9d": [
        39.83650207519531,
        10.040702819824219,
        -1.51171875,
        2.126953125,
        4.78125,
        1.751953125,
        1.1796875,
        -6.616115570068359e-06,
        -2.2649765014648438e-06
      ]
    },
    {
      "detection_id": "sample_000072_det_0005",
      "class_id": 0,
      "class_name": "car",
      "class_group": "vehicle",
      "score": 0.342529296875,
      "position_ego": [
        20.596145629882812,
        36.197174072265625,
        -0.90185546875
      ],
      "size_xyz": [
        2.28515625,
        5.16796875,
        2.072265625
      ],
      "yaw_rad": 1.1416015625,
      "velocity_ego": [
        -0.00013971328735351562,
        -0.00252532958984375
      ],
      "speed_mps": 0.0025291914399672337,
      "distance_m": 41.646567993356186,
      "bearing_deg": 60.36017929046214,
      "source_confidence": 0.342529296875,
      "raw_box_9d": [
        20.596145629882812,
        36.197174072265625,
        -0.90185546875,
        2.28515625,
        5.16796875,
        2.072265625,
        1.1416015625,
        -0.00013971328735351562,
        -0.00252532958984375
      ]
    },
    {
      "detection_id": "sample_000072_det_0006",
      "class_id": 0,
      "class_name": "car",
      "class_group": "vehicle",
      "score": 0.21337890625,
      "position_ego": [
        -16.0140380859375,
        -13.045604705810547,
        -1.08984375
      ],
      "size_xyz": [
        2.19140625,
        5.04296875,
        1.853515625
      ],
      "yaw_rad": -1.7470703125,
      "velocity_ego": [
        -6.616115570068359e-06,
        -2.2649765014648438e-06
      ],
      "speed_mps": 6.9930754170600005e-06,
      "distance_m": 20.655198327736365,
      "bearing_deg": -140.8325154416985,
      "source_confidence": 0.21337890625,