{
  "active_object_count": 2,
  "front_free_space_m": 5.384827010340685,
  "left_side_occupancy": 0.0,
  "right_side_occupancy": 0.7732303670762247,
  "rear_gap_m": null,
  "nearest_front_vehicle": {
    "track_id": 1,
    "class": "car",
    "distance_m": 6.450362754863208,
    "bearing_deg": 2.0209946048753853,
    "position_ego": [
      6.446350447840685,
      0.227476532747161,
      -1.48046875
    ],
    "velocity_ego": [
      -0.0018576777330422325,
      0.0009093932130460857
    ],
    "risk_level": "high",
    "risk_score": 0.651622279338526
  },
  "nearest_vru": null,
  "nearest_any_object": {
    "track_id": 1,
    "class": "car",
    "distance_m": 6.450362754863208,
    "bearing_deg": 2.0209946048753853,
    "position_ego": [
      6.446350447840685,
      0.227476532747161,
      -1.48046875
    ],
    "velocity_ego": [
      -0.0018576777330422325,
      0.0009093932130460857
    ],
    "risk_level": "high",
    "risk_score": 0.651622279338526
  },
  "abnormal_flags": [
    "front_blocked",
    "high_risk_scene"
  ]
}