{
  "sample_name": "sample_000052",
  "sequence_index": 52,
  "frame_id": 726325,
  "timestamp": 5002.394624795765,
  "prediction_variant": "single",
  "source_sample_dir": "D:\\Agent-AI\\outputs\\s3a_ml_long_v1\\sample_000052",
  "source_prediction_dir": "D:\\Agent-AI\\outputs\\live_watch_compare_multilane\\lw_s3a_ml_long_v1\\inference\\sample_000052",
  "ego": {
    "frame_id": 726325,
    "timestamp": 5002.394624795765,
    "sample_name": "sample_000052",
    "town": "Carla/Maps/Town10HD_Opt",
    "weather": {
      "cloudiness": 20.0,
      "dust_storm": 0.0,
      "fog_density": 2.0,
      "fog_distance": 0.75,
      "fog_falloff": 0.10000000149011612,
      "mie_scattering_scale": 0.029999999329447746,
      "precipitation": 0.0,
      "precipitation_deposits": 0.0,
      "rayleigh_scattering_scale": 0.03310000151395798,
      "scattering_intensity": 1.0,
      "sun_altitude_angle": 45.0,
      "sun_azimuth_angle": 300.0,
      "wetness": 0.0,
      "wind_intensity": 10.0
    },
    "position_world": [
      103.61875915527344,
      37.355953216552734,
      -0.004463004879653454
    ],
    "velocity_world": [
      5.0844297220464796e-05,
      -0.00012322919792495668,
      -2.19345088225964e-06
    ],
    "speed_mps": 0.0001333243751451474,
    "yaw_deg": -109.1600341796875,
    "route_progress_m": 15.600400168328333,
    "world_from_ego_bevfusion": [
      [
        -0.3282078504562378,
        -0.9446055293083191,
        -6.958942685741931e-05,
        103.61875915527344
      ],
      [
        0.9446055293083191,
        -0.3282078504562378,
        0.00016133491590153426,
        37.355953216552734
      ],
      [
        -0.0001752376410877332,
        -1.2783173588104546e-05,
        1.0,
        -0.004463004879653454
      ],
      [
        0.0,
        0.0,
        0.0,
        1.0
      ]
    ]
  },
  "detections": [
    {
      "detection_id": "sample_000052_det_0000",
      "class_id": 0,
      "class_name": "car",
      "class_group": "vehicle",
      "score": 0.7646484375,
      "position_ego": [
        6.437549591064453,
        0.2117462158203125,
        -1.458984375
      ],
      "size_xyz": [
        2.150390625,
        4.9140625,
        1.779296875
      ],
      "yaw_rad": -1.677734375,
      "velocity_ego": [
        -6.616115570068359e-06,
        -2.2649765014648438e-06
      ],
      "speed_mps": 6.9930754170600005e-06,
      "distance_m": 6.441031066322249,
      "bearing_deg": 1.8839143477618348,
      "source_confidence": 0.7646484375,
      "raw_box_9d": [
        6.437549591064453,
        0.2117462158203125,
        -1.458984375,
        2.150390625,
        4.9140625,
        1.779296875,
        -1.677734375,
        -6.616115570068359e-06,
        -2.2649765014648438e-06
      ]
    },
    {
      "detection_id": "sample_000052_det_0001",
      "class_id": 0,
      "class_name": "car",
      "class_group": "vehicle",
      "score": 0.68798828125,
      "position_ego": [
        6.011135101318359,
        -3.1970176696777344,
        -1.486328125
      ],
      "size_xyz": [
        2.171875,
        5.12890625,
        1.7333984375
      ],
      "yaw_rad": -1.6318359375,
      "velocity_ego": [
        -6.616115570068359e-06,
        -2.2649765014648438e-06
      ],
      "speed_mps": 6.9930754170600005e-06,
      "distance_m": 6.808426190136259,
      "bearing_deg": -28.006244795490442,
      "source_confidence": 0.68798828125,
      "raw_box_9d": [
        6.011135101318359,
        -3.1970176696777344,
        -1.486328125,
        2.171875,
        5.12890625,
        1.7333984375,
        -1.6318359375,
        -6.616115570068359e-06,
        -2.2649765014648438e-06
      ]
    },
    {
      "detection_id": "sample_000052_det_0002",
      "class_id": 0,
      "class_name": "car",
      "class_group": "vehicle",
      "score": 0.364990234375,
      "position_ego": [
        25.775245666503906,
        4.958278656005859,
        -1.33984375
      ],
      "size_xyz": [
        2.181640625,
        5.0078125,
        1.8369140625
      ],
      "yaw_rad": 0.98876953125,
      "velocity_ego": [
        -6.616115570068359e-06,
        -2.2649765014648438e-06
      ],
      "speed_mps": 6.9930754170600005e-06,
      "distance_m": 26.247815459562187,
      "bearing_deg": 10.888743833896857,
      "source_confidence": 0.364990234375,
      "raw_box_9d": [
        25.775245666503906,
        4.958278656005859,
        -1.33984375,
        2.181640625,
        5.0078125,
        1.8369140625,
        0.98876953125,
        -6.616115570068359e-06,
        -2.2649765014648438e-06
      ]
    },
    {
      "detection_id": "sample_000052_det_0003",
      "class_id": 0,
      "class_name": "car",
      "class_group": "vehicle",
      "score": 0.12890625,
      "position_ego": [
        35.69535827636719,
        21.778053283691406,
        -0.9326171875
      ],
      "size_xyz": [
        2.16796875,
        5.171875,
        1.859375
      ],
      "yaw_rad": -2.572265625,
      "velocity_ego": [
        0.3583984375,
        0.73193359375
      ],
      "speed_mps": 0.8149700765440603,
      "distance_m": 41.814377997352985,
      "bearing_deg": 31.3877353409344,
      "source_confidence": 0.12890625,
      "raw_box_9d": [
        35.69535827636719,
        21.778053283691406,
        -0.9326171875,
        2.16796875,
        5.171875,
        1.859375,
        -2.572265625,
        0.3583984375,
        0.73193359375
      ]
    }
  ],
  "class_names": [
    "car",
    "truck",
    "construction_vehicle",
    "bus",
    "trailer",
    "barrier",
    "motorcycle",
    "bicycle",
    "pedestrian",
    "traffic_cone"
  ],
  "raw_prediction_count": 200,
  "filtered_prediction_count": 4
}