{
  "frame": 2189,
  "timestamp": 33.4906323030591,
  "sample_name": "sample_000012",
  "ego": {
    "frame_id": 2189,
    "timestamp": 33.4906323030591,
    "sample_name": "sample_000012",
    "town": "Carla/Maps/Town10HD_Opt",
    "weather": {
      "cloudiness": 20.0,
      "dust_storm": 0.0,
      "fog_density": 2.0,
      "fog_distance": 0.75,
      "fog_falloff": 0.10000000149011612,
      "mie_scattering_scale": 0.029999999329447746,
      "precipitation": 0.0,
      "precipitation_deposits": 0.0,
      "rayleigh_scattering_scale": 0.03310000151395798,
      "scattering_intensity": 1.0,
      "sun_altitude_angle": 45.0,
      "sun_azimuth_angle": 300.0,
      "wetness": 0.0,
      "wind_intensity": 10.0
    },
    "position_world": [
      -59.24892044067383,
      -23.51900863647461,
      -0.006324462592601776
    ],
    "velocity_world": [
      6.71343469619751,
      1.9530786275863647,
      -0.0004180431133136153
    ],
    "speed_mps": 6.991760988506632,
    "yaw_deg": -13.308917045593262,
    "route_progress_m": 0.9905779787153512,
    "world_from_ego_bevfusion": [
      [
        0.9730982780456543,
        -0.2302858829498291,
        -0.006936998106539249,
        -59.24892044067383
      ],
      [
        0.23019060492515564,
        0.9730672836303711,
        -0.012336956337094307,
        -23.51900863647461
      ],
      [
        0.009591192938387394,
        0.010408240370452404,
        0.9998998045921326,
        -0.006324462592601776
      ],
      [
        0.0,
        0.0,
        0.0,
        1.0
      ]
    ],
    "position_world_carla": [
      -59.24892044067383,
      23.51900863647461,
      -0.006324462592601776
    ]
  },
  "scene": {
    "active_object_count": 1,
    "front_free_space_m": null,
    "left_side_occupancy": 0.0,
    "right_side_occupancy": 0.0,
    "rear_gap_m": null,
    "nearest_front_vehicle": null,
    "nearest_vru": null,
    "nearest_any_object": {
      "track_id": 1,
      "class": "car",
      "distance_m": 51.65244936480578,
      "bearing_deg": 4.041065781551552,
      "position_ego": [
        51.524030903827395,
        3.640022638015446,
        -1.6025390625
      ],
      "velocity_ego": [
        -1.4105043484196134,
        -3.691201843452451
      ],
      "risk_level": "low",
      "risk_score": 0.1275
    },
    "abnormal_flags": [],
    "lane_scene": {
      "current_lane_blocked": false,
      "front_object_in_current_lane": null,
      "front_object_count_current_lane": 0,
      "left_lane_occupancy_count": 0,
      "right_lane_occupancy_count": 0,
      "left_lane_available": false,
      "right_lane_available": false,
      "junction_active": true,
      "junction_ahead": true
    }
  },
  "risk_summary": {
    "highest_risk_level": "low",
    "highest_risk_score": 0.1275,
    "urgent_track_ids": [],
    "front_hazard_track_id": null,
    "nearest_front_vehicle_distance_m": 51.65244936480578,
    "nearest_vru_distance_m": null,
    "minimum_ttc_seconds": 36.52879975985684,
    "flags": []
  },
  "decision_context": {
    "recommended_maneuvers": [
      "keep_lane"
    ],
    "hard_constraints": [],
    "soft_constraints": [
      "prefer_keep_lane"
    ],
    "stage2_decision_intent": {
      "frame_id": 2189,
      "timestamp": 33.4906323030591,
      "maneuver": "keep_lane",
      "target_speed_mps": 8.0,
      "lane_preference": "keep_current",
      "constraints": [],
      "confidence": 0.6,
      "reasoning_tags": [
        "cruise"
      ]
    },
    "maneuver_validation_preview": {
      "frame_id": 2189,
      "requested_intent": {
        "frame_id": 2189,
        "timestamp": 33.4906323030591,
        "maneuver": "keep_lane",
        "target_speed_mps": 8.0,
        "lane_preference": "keep_current",
        "constraints": [],
        "confidence": 0.6,
        "reasoning_tags": [
          "cruise"
        ]
      },
      "valid_maneuvers": [
        "keep_lane",
        "slow_down"
      ],
      "invalid_maneuvers": [
        {
          "maneuver": "follow",
          "reason": "no_front_object_in_current_lane"
        },
        {
          "maneuver": "stop",
          "reason": "no_immediate_stop_condition"
        },
        {
          "maneuver": "yield",
          "reason": "no_vru_yield_condition"
        },
        {
          "maneuver": "lane_change_left",
          "reason": "no_left_lane"
        },
        {
          "maneuver": "lane_change_right",
          "reason": "no_right_lane"
        }
      ],
      "selected_behavior": "keep_lane",
      "selected_maneuver": "keep_lane",
      "lane_change_permission": {
        "left": false,
        "right": false,
        "left_reason": "no_left_lane",
        "right_reason": "no_right_lane"
      },
      "reasoning_tags": []
    }
  },
  "lane_context": {
    "frame_id": 2189,
    "sample_name": "sample_000012",
    "current_lane": {
      "exists": true,
      "role": "current_lane",
      "road_id": 296,
      "section_id": 0,
      "lane_id": -1,
      "lane_width_m": 3.5,
      "lane_type": "Driving",
      "lane_change": "NONE",
      "same_direction_as_ego": true,
      "transform_carla": {
        "location": {
          "x": -59.12586975097656,
          "y": 23.832387924194336,
          "z": 0.0
        },
        "rotation": {
          "roll": 0.0,
          "pitch": 0.0,
          "yaw": -15.625214576721191
        }
      },
      "transform_bevfusion_world": {
        "location": {
          "x": -59.12586975097656,
          "y": -23.832387924194336,
          "z": 0.0
        },
        "rotation": {
          "roll": 0.0,
          "pitch": 0.0,
          "yaw": -15.625214576721191
        }
      },
      "lane_change_allowed_from_current": false
    },
    "left_lane": {
      "exists": false,
      "role": "left_lane",
      "road_id": null,
      "section_id": null,
      "lane_id": null,
      "lane_width_m": null,
      "lane_type": null,
      "lane_change": null,
      "same_direction_as_ego": false,
      "transform_carla": null,
      "transform_bevfusion_world": null,
      "lane_change_allowed_from_current": false
    },
    "right_lane": {
      "exists": false,
      "role": "right_lane",
      "road_id": null,
      "section_id": null,
      "lane_id": null,
      "lane_width_m": null,
      "lane_type": null,
      "lane_change": null,
      "same_direction_as_ego": false,
      "transform_carla": null,
      "transform_bevfusion_world": null,
      "lane_change_allowed_from_current": false
    },
    "forward_corridor": {
      "horizon_m": 60.0,
      "sample_step_m": 5.0,
      "chain": [
        {
          "distance_m": 0.0,
          "road_id": 296,
          "section_id": 0,
          "lane_id": -1,
          "is_junction": true,
          "yaw_deg": -15.625214576721191,
          "position_carla": {
            "x": -59.12586975097656,
            "y": 23.832387924194336,
            "z": 0.0
          },
          "position_bevfusion_world": {
            "x": -59.12586975097656,
            "y": -23.832387924194336,
            "z": 0.0
          }
        },
        {
          "distance_m": 5.0,
          "road_id": 296,
          "section_id": 0,
          "lane_id": -1,
          "is_junction": true,
          "yaw_deg": -33.010562896728516,
          "position_carla": {
            "x": -54.10491943359375,
            "y": 21.563453674316406,
            "z": 0.0
          },
          "position_bevfusion_world": {
            "x": -54.10491943359375,
            "y": -21.563453674316406,
            "z": 0.0
          }
        },
        {
          "distance_m": 10.0,
          "road_id": 296,
          "section_id": 0,
          "lane_id": -1,
          "is_junction": true,
          "yaw_deg": -44.899234771728516,
          "position_carla": {
            "x": -50.04914474487305,
            "y": 18.07391357421875,
            "z": 0.0
          },
          "position_bevfusion_world": {
            "x": -50.04914474487305,