{
  "active_object_count": 6,
  "front_free_space_m": 5.710733953571448,
  "left_side_occupancy": 0.11411347194231058,
  "right_side_occupancy": 0.7619521475022523,
  "rear_gap_m": null,
  "nearest_front_vehicle": {
    "track_id": 1,
    "class": "car",
    "distance_m": 6.798417817016556,
    "bearing_deg": 2.879262574477964,
    "position_ego": [
      6.789835516071448,
      0.3414944793447405,
      -1.44140625
    ],
    "velocity_ego": [
      -1.8284173482461343,
      -0.32542777719903915
    ],
    "risk_level": "high",
    "risk_score": 0.7490118663723758
  },
  "nearest_vru": null,
  "nearest_any_object": {
    "track_id": 1,
    "class": "car",
    "distance_m": 6.798417817016556,
    "bearing_deg": 2.879262574477964,
    "position_ego": [
      6.789835516071448,
      0.3414944793447405,
      -1.44140625
    ],
    "velocity_ego": [
      -1.8284173482461343,
      -0.32542777719903915
    ],
    "risk_level": "high",
    "risk_score": 0.7490118663723758
  },
  "abnormal_flags": [
    "front_blocked",
    "high_risk_scene"
  ]
}