{
  "active_object_count": 11,
  "front_free_space_m": 5.028433126101339,
  "left_side_occupancy": 0.03192272642859151,
  "right_side_occupancy": 0.2578038880139192,
  "rear_gap_m": 21.749706268310547,
  "nearest_front_vehicle": {
    "track_id": 2,
    "class": "car",
    "distance_m": 6.089649576195844,
    "bearing_deg": 2.446889574056055,
    "position_ego": [
      6.084097188601339,
      0.2599872314470496,
      -1.42578125
    ],
    "velocity_ego": [
      -0.027459856371084612,
      -0.0016010874155698296
    ],
    "risk_level": "high",
    "risk_score": 0.6543276281785312
  },
  "nearest_vru": null,
  "nearest_any_object": {
    "track_id": 2,
    "class": "car",
    "distance_m": 6.089649576195844,
    "bearing_deg": 2.446889574056055,
    "position_ego": [
      6.084097188601339,
      0.2599872314470496,
      -1.42578125
    ],
    "velocity_ego": [
      -0.027459856371084612,
      -0.0016010874155698296
    ],
    "risk_level": "high",
    "risk_score": 0.6543276281785312
  },
  "abnormal_flags": [
    "front_blocked",
    "high_risk_scene"
  ]
}