{
  "sample_name": "sample_000088",
  "sequence_index": 88,
  "frame_id": 60089,
  "timestamp": 443.8197008818388,
  "prediction_variant": "single",
  "source_sample_dir": "D:\\Agent-AI\\outputs\\s3a_ml_long_v2\\sample_000088",
  "source_prediction_dir": "D:\\Agent-AI\\outputs\\live_watch_compare_multilane\\lw_s3a_ml_long_v2\\inference\\sample_000088",
  "ego": {
    "frame_id": 60089,
    "timestamp": 443.8197008818388,
    "sample_name": "sample_000088",
    "town": "Carla/Maps/Town10HD_Opt",
    "weather": {
      "cloudiness": 20.0,
      "dust_storm": 0.0,
      "fog_density": 2.0,
      "fog_distance": 0.75,
      "fog_falloff": 0.10000000149011612,
      "mie_scattering_scale": 0.029999999329447746,
      "precipitation": 0.0,
      "precipitation_deposits": 0.0,
      "rayleigh_scattering_scale": 0.03310000151395798,
      "scattering_intensity": 1.0,
      "sun_altitude_angle": 45.0,
      "sun_azimuth_angle": 300.0,
      "wetness": 0.0,
      "wind_intensity": 10.0
    },
    "position_world": [
      77.29234313964844,
      62.27842712402344,
      -0.0015938186552375555
    ],
    "velocity_world": [
      0.003306243335828185,
      -0.0012346761068329215,
      -0.00017168998601846397
    ],
    "speed_mps": 0.003533432825991093,
    "yaw_deg": -161.72244262695312,
    "route_progress_m": 53.23655080101011,
    "world_from_ego_bevfusion": [
      [
        -0.9494596123695374,
        -0.31360888481140137,
        -0.013263290748000145,
        77.29234313964844
      ],
      [
        0.3135911524295807,
        -0.9495518207550049,
        0.003449502866715193,
        62.27842712402344
      ],
      [
        -0.013675977475941181,
        -0.0008840866503305733,
        0.999906063079834,
        -0.0015938186552375555
      ],
      [
        0.0,
        0.0,
        0.0,
        1.0
      ]
    ]
  },
  "detections": [
    {
      "detection_id": "sample_000088_det_0002",
      "class_id": 0,
      "class_name": "car",
      "class_group": "vehicle",
      "score": 0.6533203125,
      "position_ego": [
        -28.424339294433594,
        5.977443695068359,
        -1.65625
      ],
      "size_xyz": [
        2.123046875,
        4.93359375,
        1.74609375
      ],
      "yaw_rad": -0.8408203125,
      "velocity_ego": [
        0.1571044921875,
        -0.28173828125
      ],
      "speed_mps": 0.3225806574907993,
      "distance_m": 29.046047880095394,
      "bearing_deg": 168.12413529237804,
      "source_confidence": 0.6533203125,
      "raw_box_9d": [
        -28.424339294433594,
        5.977443695068359,
        -1.65625,
        2.123046875,
        4.93359375,
        1.74609375,
        -0.8408203125,
        0.1571044921875,
        -0.28173828125
      ]
    },
    {
      "detection_id": "sample_000088_det_0001",
      "class_id": 0,
      "class_name": "car",
      "class_group": "vehicle",
      "score": 0.646484375,
      "position_ego": [
        6.085254669189453,
        0.2660560607910156,
        -1.419921875
      ],
      "size_xyz": [
        2.109375,
        4.94921875,
        1.7744140625
      ],
      "yaw_rad": -1.7392578125,
      "velocity_ego": [
        -6.616115570068359e-06,
        -2.2649765014648438e-06
      ],
      "speed_mps": 6.9930754170600005e-06,
      "distance_m": 6.091068068604691,
      "bearing_deg": 2.5034592844976005,
      "source_confidence": 0.646484375,
      "raw_box_9d": [
        6.085254669189453,
        0.2660560607910156,
        -1.419921875,
        2.109375,
        4.94921875,
        1.7744140625,
        -1.7392578125,
        -6.616115570068359e-06,
        -2.2649765014648438e-06
      ]
    },
    {
      "detection_id": "sample_000088_det_0000",
      "class_id": 0,
      "class_name": "car",
      "class_group": "vehicle",
      "score": 0.62353515625,
      "position_ego": [
        37.58745574951172,
        3.294239044189453,
        -0.60302734375
      ],
      "size_xyz": [
        2.162109375,
        4.9609375,
        1.7880859375
      ],
      "yaw_rad": 1.251953125,
      "velocity_ego": [
        -6.616115570068359e-06,
        -2.2649765014648438e-06
      ],
      "speed_mps": 6.9930754170600005e-06,
      "distance_m": 37.73153641984068,
      "bearing_deg": 5.00871754219417,
      "source_confidence": 0.62353515625,
      "raw_box_9d": [
        37.58745574951172,
        3.294239044189453,
        -0.60302734375,
        2.162109375,
        4.9609375,
        1.7880859375,
        1.251953125,
        -6.616115570068359e-06,
        -2.2649765014648438e-06
      ]
    },
    {
      "detection_id": "sample_000088_det_0003",
      "class_id": 0,
      "class_name": "car",
      "class_group": "vehicle",
      "score": 0.56591796875,
      "position_ego": [
        36.13799285888672,
        6.052738189697266,
        -0.69970703125
      ],
      "size_xyz": [
        2.138671875,
        4.8515625,
        1.8095703125
      ],
      "yaw_rad": 1.271484375,
      "velocity_ego": [
        -6.616115570068359e-06,
        -2.2649765014648438e-06
      ],
      "speed_mps": 6.9930754170600005e-06,
      "distance_m": 36.64137234686997,
      "bearing_deg": 9.508192683778248,
      "source_confidence": 0.56591796875,
      "raw_box_9d": [
        36.13799285888672,
        6.052738189697266,
        -0.69970703125,
        2.138671875,
        4.8515625,
        1.8095703125,
        1.271484375,
        -6.616115570068359e-06,
        -2.2649765014648438e-06
      ]
    },
    {
      "detection_id": "sample_000088_det_0004",
      "class_id": 0,
      "class_name": "car",
      "class_group": "vehicle",
      "score": 0.412353515625,
      "position_ego": [
        19.619094848632812,
        34.039527893066406,
        -0.4638671875
      ],
      "size_xyz": [
        2.337890625,
        5.40625,
        2.2265625
      ],
      "yaw_rad": 1.21875,
      "velocity_ego": [
        -6.616115570068359e-06,
        -2.2649765014648438e-06
      ],
      "speed_mps": 6.9930754170600005e-06,
      "distance_m": 39.28865411111071,
      "bearing_deg": 60.04248026178179,
      "source_confidence": 0.412353515625,
      "raw_box_9d": [
        19.619094848632812,
        34.039527893066406,
        -0.4638671875,
        2.337890625,
        5.40625,
        2.2265625,
        1.21875,
        -6.616115570068359e-06,
        -2.2649765014648438e-06
      ]
    },
    {
      "detection_id": "sample_000088_det_0005",
      "class_id": 0,
      "class_name": "car",
      "class_group": "vehicle",
      "score": 0.355712890625,
      "position_ego": [
        44.39795684814453,
        12.511817932128906,
        -0.498046875
      ],
      "size_xyz": [
        2.173828125,
        4.9453125,
        1.828125
      ],
      "yaw_rad": 1.271484375,
      "velocity_ego": [
        -6.616115570068359e-06,
        -2.2649765014648438e-06
      ],
      "speed_mps": 6.9930754170600005e-06,
      "distance_m": 46.12726048939441,
      "bearing_deg": 15.738402668250446,
      "source_confidence": 0.355712890625,
      "raw_box_9d": [
        44.39795684814453,
        12.511817932128906,
        -0.498046875,
        2.173828125,
        4.9453125,
        1.828125,
        1.271484375,
        -6.616115570068359e-06,
        -2.2649765014648438e-06
      ]
    },
    {
      "detection_id": "sample_000088_det_0008",
      "class_id": 0,
      "class_name": "car",
      "class_group": "vehicle",
      "score": 0.1473388671875,
      "position_ego": [
        26.51513671875,
        -8.6348876953125,
        -0.720703125
      ],
      "size_xyz": [
        2.185546875,
        4.8515625,
        1.7958984375
      ],
      "yaw_rad": 1.34765625,
      "velocity_ego": [
        -6.616115570068359e-06,
        -2.2649765014648438e-06
      ],
      "speed_mps": 6.9930754170600005e-06,
      "distance_m": 27.885726827978928,
      "bearing_deg": -18.038295548561454,
      "source_confidence": 0.1473388671875,