{
  "active_object_count": 8,
  "front_free_space_m": 5.262770963877202,
  "left_side_occupancy": 0.1276765771415156,
  "right_side_occupancy": 0.9628423717732113,
  "rear_gap_m": 15.152138343095825,
  "nearest_front_vehicle": {
    "track_id": 1,
    "class": "car",
    "distance_m": 6.331718400381829,
    "bearing_deg": 2.381970982971282,
    "position_ego": [
      6.326247526377202,
      0.2631542071489016,
      -1.419921875
    ],
    "velocity_ego": [
      -0.002377868319123941,
      0.024424719446547845
    ],
    "risk_level": "high",
    "risk_score": 0.6525121119971363
  },
  "nearest_vru": null,
  "nearest_any_object": {
    "track_id": 1,
    "class": "car",
    "distance_m": 6.331718400381829,
    "bearing_deg": 2.381970982971282,
    "position_ego": [
      6.326247526377202,
      0.2631542071489016,
      -1.419921875
    ],
    "velocity_ego": [
      -0.002377868319123941,
      0.024424719446547845
    ],
    "risk_level": "high",
    "risk_score": 0.6525121119971363
  },
  "abnormal_flags": [
    "front_blocked",
    "high_risk_scene"
  ]
}