{
  "active_object_count": 6,
  "front_free_space_m": 5.061424574328221,
  "left_side_occupancy": 0.0,
  "right_side_occupancy": 0.0723975388264324,
  "rear_gap_m": null,
  "nearest_front_vehicle": {
    "track_id": 2,
    "class": "car",
    "distance_m": 6.131680198315805,
    "bearing_deg": 2.273354542571523,
    "position_ego": [
      6.126854261828221,
      0.2432260445254949,
      -1.529296875
    ],
    "velocity_ego": [
      -0.04692048444417379,
      -0.0034649122626526207
    ],
    "risk_level": "high",
    "risk_score": 0.6540123985126315
  },
  "nearest_vru": null,
  "nearest_any_object": {
    "track_id": 2,
    "class": "car",
    "distance_m": 6.131680198315805,
    "bearing_deg": 2.273354542571523,
    "position_ego": [
      6.126854261828221,
      0.2432260445254949,
      -1.529296875
    ],
    "velocity_ego": [
      -0.04692048444417379,
      -0.0034649122626526207
    ],
    "risk_level": "high",
    "risk_score": 0.6540123985126315
  },
  "abnormal_flags": [
    "front_blocked",
    "high_risk_scene"
  ]
}