{
  "active_object_count": 6,
  "front_free_space_m": null,
  "left_side_occupancy": 0.26584526076874704,
  "right_side_occupancy": 0.7111249683518776,
  "rear_gap_m": 12.960475391403236,
  "nearest_front_vehicle": null,
  "nearest_vru": null,
  "nearest_any_object": {
    "track_id": 1,
    "class": "car",
    "distance_m": 13.085435933112333,
    "bearing_deg": -172.07542098670964,
    "position_ego": [
      -12.960475391403236,
      -1.804081813116733,
      -1.484375
    ],
    "velocity_ego": [
      -4.834312234949664,
      1.3807602389126596
    ],
    "risk_level": "low",
    "risk_score": 0.2518592305016575
  },
  "abnormal_flags": []
}