{
  "active_object_count": 3,
  "front_free_space_m": 5.3944813496664175,
  "left_side_occupancy": 0.12068264181795574,
  "right_side_occupancy": 0.7725605808505508,
  "rear_gap_m": null,
  "nearest_front_vehicle": {
    "track_id": 1,
    "class": "car",
    "distance_m": 6.4746546669873775,
    "bearing_deg": 2.0144661549135874,
    "position_ego": [
      6.4706532246664175,
      0.22759592012053803,
      -1.46875
    ],
    "velocity_ego": [
      0.02123891789127308,
      -0.003905976305024462
    ],
    "risk_level": "high",
    "risk_score": 0.6514400899975947
  },
  "nearest_vru": null,
  "nearest_any_object": {
    "track_id": 1,
    "class": "car",
    "distance_m": 6.4746546669873775,
    "bearing_deg": 2.0144661549135874,
    "position_ego": [
      6.4706532246664175,
      0.22759592012053803,
      -1.46875
    ],
    "velocity_ego": [
      0.02123891789127308,
      -0.003905976305024462
    ],
    "risk_level": "high",
    "risk_score": 0.6514400899975947
  },
  "abnormal_flags": [
    "front_blocked",
    "high_risk_scene"
  ]
}