{
  "active_object_count": 7,
  "front_free_space_m": null,
  "left_side_occupancy": 0.31923708328043965,
  "right_side_occupancy": 0.4274214233298381,
  "rear_gap_m": 14.382713979482661,
  "nearest_front_vehicle": null,
  "nearest_vru": null,
  "nearest_any_object": {
    "track_id": 1,
    "class": "car",
    "distance_m": 14.701204759827387,
    "bearing_deg": -175.30291885097017,
    "position_ego": [
      -14.651831642245627,
      -1.2038483781860676,
      -1.392578125
    ],
    "velocity_ego": [
      -5.104391044300044,
      1.8662264100829877
    ],
    "risk_level": "low",
    "risk_score": 0.2397409643012946
  },
  "abnormal_flags": []
}