{
  "sample_name": "sample_000018",
  "sequence_index": 18,
  "frame_id": 3938,
  "timestamp": 40.93108657374978,
  "prediction_variant": "single",
  "source_sample_dir": "D:\\Agent-AI\\outputs\\s3a_left_v3\\sample_000018",
  "source_prediction_dir": "D:\\Agent-AI\\outputs\\live_watch_compare_multilane\\lw_left_positive_v1\\inference\\sample_000018",
  "ego": {
    "frame_id": 3938,
    "timestamp": 40.93108657374978,
    "sample_name": "sample_000018",
    "town": "Carla/Maps/Town10HD_Opt",
    "weather": {
      "cloudiness": 20.0,
      "dust_storm": 0.0,
      "fog_density": 2.0,
      "fog_distance": 0.75,
      "fog_falloff": 0.10000000149011612,
      "mie_scattering_scale": 0.029999999329447746,
      "precipitation": 0.0,
      "precipitation_deposits": 0.0,
      "rayleigh_scattering_scale": 0.03310000151395798,
      "scattering_intensity": 1.0,
      "sun_altitude_angle": 45.0,
      "sun_azimuth_angle": 300.0,
      "wetness": 0.0,
      "wind_intensity": 10.0
    },
    "position_world": [
      108.93626403808594,
      31.50701904296875,
      -0.003723487723618746
    ],
    "velocity_world": [
      -1.3800729513168335,
      7.5650153160095215,
      3.797531098825857e-05
    ],
    "speed_mps": 7.6898672344753205,
    "yaw_deg": -99.70575714111328,
    "route_progress_m": 10.425936799334634,
    "world_from_ego_bevfusion": [
      [
        -0.16858768463134766,
        -0.9856632351875305,
        0.006803322583436966,
        108.93626403808594
      ],
      [
        0.9856823682785034,
        -0.16856257617473602,
        0.004113872069865465,
        31.50701904296875
      ],
      [
        -0.002908106427639723,
        0.007399463560432196,
        0.999968409538269,
        -0.003723487723618746
      ],
      [
        0.0,
        0.0,
        0.0,
        1.0
      ]
    ]
  },
  "detections": [
    {
      "detection_id": "sample_000018_det_0000",
      "class_id": 0,
      "class_name": "car",
      "class_group": "vehicle",
      "score": 0.73583984375,
      "position_ego": [
        14.099609375,
        2.335254669189453,
        -1.427734375
      ],
      "size_xyz": [
        2.162109375,
        4.91796875,
        1.8427734375
      ],
      "yaw_rad": -1.90234375,
      "velocity_ego": [
        -6.616115570068359e-06,
        -2.2649765014648438e-06
      ],
      "speed_mps": 6.9930754170600005e-06,
      "distance_m": 14.291689854511922,
      "bearing_deg": 9.4042695281647,
      "source_confidence": 0.73583984375,
      "raw_box_9d": [
        14.099609375,
        2.335254669189453,
        -1.427734375,
        2.162109375,
        4.91796875,
        1.8427734375,
        -1.90234375,
        -6.616115570068359e-06,
        -2.2649765014648438e-06
      ]
    },
    {
      "detection_id": "sample_000018_det_0001",
      "class_id": 0,
      "class_name": "car",
      "class_group": "vehicle",
      "score": 0.409423828125,
      "position_ego": [
        28.712554931640625,
        15.806182861328125,
        -1.326171875
      ],
      "size_xyz": [
        2.166015625,
        5.0,
        1.8623046875
      ],
      "yaw_rad": 0.72412109375,
      "velocity_ego": [
        -6.616115570068359e-06,
        -2.2649765014648438e-06
      ],
      "speed_mps": 6.9930754170600005e-06,
      "distance_m": 32.775695680614064,
      "bearing_deg": 28.83266322803332,
      "source_confidence": 0.409423828125,
      "raw_box_9d": [
        28.712554931640625,
        15.806182861328125,
        -1.326171875,
        2.166015625,
        5.0,
        1.8623046875,
        0.72412109375,
        -6.616115570068359e-06,
        -2.2649765014648438e-06
      ]
    },
    {
      "detection_id": "sample_000018_det_0002",
      "class_id": 0,
      "class_name": "car",
      "class_group": "vehicle",
      "score": 0.1934814453125,
      "position_ego": [
        26.53594207763672,
        -3.6503868103027344,
        -0.97509765625
      ],
      "size_xyz": [
        2.228515625,
        5.01953125,
        1.892578125
      ],
      "yaw_rad": 1.2158203125,
      "velocity_ego": [
        -6.616115570068359e-06,
        -2.2649765014648438e-06
      ],
      "speed_mps": 6.9930754170600005e-06,
      "distance_m": 26.78584599770041,
      "bearing_deg": -7.832667896227109,
      "source_confidence": 0.1934814453125,
      "raw_box_9d": [
        26.53594207763672,
        -3.6503868103027344,
        -0.97509765625,
        2.228515625,
        5.01953125,
        1.892578125,
        1.2158203125,
        -6.616115570068359e-06,
        -2.2649765014648438e-06
      ]
    }
  ],
  "class_names": [
    "car",
    "truck",
    "construction_vehicle",
    "bus",
    "trailer",
    "barrier",
    "motorcycle",
    "bicycle",
    "pedestrian",
    "traffic_cone"
  ],
  "raw_prediction_count": 200,
  "filtered_prediction_count": 3
}