{
  "active_object_count": 4,
  "front_free_space_m": 13.172784910068621,
  "left_side_occupancy": 0.5182459861529347,
  "right_side_occupancy": 0.31307075005455676,
  "rear_gap_m": null,
  "nearest_front_vehicle": {
    "track_id": 1,
    "class": "car",
    "distance_m": 14.452620415411957,
    "bearing_deg": 9.513725160157545,
    "position_ego": [
      14.253839597568621,
      2.3887849628560787,
      -1.427734375
    ],
    "velocity_ego": [
      -4.751337792525616,
      -1.659293198845148
    ],
    "risk_level": "high",
    "risk_score": 0.8416053468844104
  },
  "nearest_vru": null,
  "nearest_any_object": {
    "track_id": 1,
    "class": "car",
    "distance_m": 14.452620415411957,
    "bearing_deg": 9.513725160157545,
    "position_ego": [
      14.253839597568621,
      2.3887849628560787,
      -1.427734375
    ],
    "velocity_ego": [
      -4.751337792525616,
      -1.659293198845148
    ],
    "risk_level": "high",
    "risk_score": 0.8416053468844104
  },
  "abnormal_flags": [
    "high_risk_scene"
  ]
}