{
  "sample_name": "sample_000049",
  "sequence_index": 49,
  "frame_id": 3969,
  "timestamp": 44.03108661994338,
  "prediction_variant": "single",
  "source_sample_dir": "D:\\Agent-AI\\outputs\\s3a_left_v3\\sample_000049",
  "source_prediction_dir": "D:\\Agent-AI\\outputs\\live_watch_compare_multilane\\lw_left_positive_v1\\inference\\sample_000049",
  "ego": {
    "frame_id": 3969,
    "timestamp": 44.03108661994338,
    "sample_name": "sample_000049",
    "town": "Carla/Maps/Town10HD_Opt",
    "weather": {
      "cloudiness": 20.0,
      "dust_storm": 0.0,
      "fog_density": 2.0,
      "fog_distance": 0.75,
      "fog_falloff": 0.10000000149011612,
      "mie_scattering_scale": 0.029999999329447746,
      "precipitation": 0.0,
      "precipitation_deposits": 0.0,
      "rayleigh_scattering_scale": 0.03310000151395798,
      "scattering_intensity": 1.0,
      "sun_altitude_angle": 45.0,
      "sun_azimuth_angle": 300.0,
      "wetness": 0.0,
      "wind_intensity": 10.0
    },
    "position_world": [
      106.42098999023438,
      39.73572540283203,
      -0.0015016937395557761
    ],
    "velocity_world": [
      0.0013731723884120584,
      -0.003920567687600851,
      -0.00015361786063294858
    ],
    "speed_mps": 0.0041569281745614285,
    "yaw_deg": -110.90447235107422,
    "route_progress_m": 19.0459314625649,
    "world_from_ego_bevfusion": [
      [
        -0.3567753732204437,
        -0.9341721534729004,
        -0.005796792916953564,
        106.42098999023438
      ],
      [
        0.9340835213661194,
        -0.3568215072154999,
        0.01290028914809227,
        39.73572540283203
      ],
      [
        -0.014119512401521206,
        -0.0008121831342577934,
        0.9998999834060669,
        -0.0015016937395557761
      ],
      [
        0.0,
        0.0,
        0.0,
        1.0
      ]
    ]
  },
  "detections": [
    {
      "detection_id": "sample_000049_det_0001",
      "class_id": 0,
      "class_name": "car",
      "class_group": "vehicle",
      "score": 0.65380859375,
      "position_ego": [
        5.641078948974609,
        0.09389877319335938,
        -1.4189453125
      ],
      "size_xyz": [
        2.177734375,
        4.96875,
        1.8720703125
      ],
      "yaw_rad": -1.650390625,
      "velocity_ego": [
        -6.616115570068359e-06,
        -2.2649765014648438e-06
      ],
      "speed_mps": 6.9930754170600005e-06,
      "distance_m": 5.6418603924744275,
      "bearing_deg": 0.9536307948647605,
      "source_confidence": 0.65380859375,
      "raw_box_9d": [
        5.641078948974609,
        0.09389877319335938,
        -1.4189453125,
        2.177734375,
        4.96875,
        1.8720703125,
        -1.650390625,
        -6.616115570068359e-06,
        -2.2649765014648438e-06
      ]
    },
    {
      "detection_id": "sample_000049_det_0000",
      "class_id": 0,
      "class_name": "car",
      "class_group": "vehicle",
      "score": 0.64892578125,
      "position_ego": [
        22.69951629638672,
        10.543914794921875,
        -1.0703125
      ],
      "size_xyz": [
        2.14453125,
        4.9609375,
        1.8173828125
      ],
      "yaw_rad": -2.171875,
      "velocity_ego": [
        -6.616115570068359e-06,
        -2.2649765014648438e-06
      ],
      "speed_mps": 6.9930754170600005e-06,
      "distance_m": 25.02882696597063,
      "bearing_deg": 24.91484654068046,
      "source_confidence": 0.64892578125,
      "raw_box_9d": [
        22.69951629638672,
        10.543914794921875,
        -1.0703125,
        2.14453125,
        4.9609375,
        1.8173828125,
        -2.171875,
        -6.616115570068359e-06,
        -2.2649765014648438e-06
      ]
    },
    {
      "detection_id": "sample_000049_det_0002",
      "class_id": 0,
      "class_name": "car",
      "class_group": "vehicle",
      "score": 0.249267578125,
      "position_ego": [
        22.960845947265625,
        -6.095798492431641,
        -0.7294921875
      ],
      "size_xyz": [
        2.25,
        5.1484375,
        1.9111328125
      ],
      "yaw_rad": 1.38671875,
      "velocity_ego": [
        -0.08160400390625,
        -0.03070068359375
      ],
      "speed_mps": 0.08718798900453442,
      "distance_m": 23.756245618245238,
      "bearing_deg": -14.86827828946817,
      "source_confidence": 0.249267578125,
      "raw_box_9d": [
        22.960845947265625,
        -6.095798492431641,
        -0.7294921875,
        2.25,
        5.1484375,
        1.9111328125,
        1.38671875,
        -0.08160400390625,
        -0.03070068359375
      ]
    },
    {
      "detection_id": "sample_000049_det_0003",
      "class_id": 0,
      "class_name": "car",
      "class_group": "vehicle",
      "score": 0.209716796875,
      "position_ego": [
        34.17085266113281,
        1.1042022705078125,
        -0.548828125
      ],
      "size_xyz": [
        2.23046875,
        5.0703125,
        1.890625
      ],
      "yaw_rad": 1.1923828125,
      "velocity_ego": [
        -6.532669067382812e-05,
        -5.447864532470703e-05
      ],
      "speed_mps": 8.5061738230589e-05,
      "distance_m": 34.18868868855666,
      "bearing_deg": 1.8508207363896623,
      "source_confidence": 0.209716796875,
      "raw_box_9d": [
        34.17085266113281,
        1.1042022705078125,
        -0.548828125,
        2.23046875,
        5.0703125,
        1.890625,
        1.1923828125,
        -6.532669067382812e-05,
        -5.447864532470703e-05
      ]
    },
    {
      "detection_id": "sample_000049_det_0005",
      "class_id": 0,
      "class_name": "car",
      "class_group": "vehicle",
      "score": 0.1414794921875,
      "position_ego": [
        28.595733642578125,
        -2.5022430419921875,
        -0.775390625
      ],
      "size_xyz": [
        2.255859375,
        5.19921875,
        1.9111328125
      ],
      "yaw_rad": 1.1123046875,
      "velocity_ego": [
        -6.616115570068359e-06,
        -2.2649765014648438e-06
      ],
      "speed_mps": 6.9930754170600005e-06,
      "distance_m": 28.705003096994655,
      "bearing_deg": -5.000875947157006,
      "source_confidence": 0.1414794921875,
      "raw_box_9d": [
        28.595733642578125,
        -2.5022430419921875,
        -0.775390625,
        2.255859375,
        5.19921875,
        1.9111328125,
        1.1123046875,
        -6.616115570068359e-06,
        -2.2649765014648438e-06
      ]
    },
    {
      "detection_id": "sample_000049_det_0004",
      "class_id": 0,
      "class_name": "car",
      "class_group": "vehicle",
      "score": 0.1190185546875,
      "position_ego": [
        52.667877197265625,
        50.35737609863281,
        0.11767578125
      ],
      "size_xyz": [
        2.205078125,
        5.02734375,
        1.9365234375
      ],
      "yaw_rad": 0.3671875,
      "velocity_ego": [
        -1.4501953125,
        -3.3515625
      ],
      "speed_mps": 3.6518539997928756,
      "distance_m": 72.86817286034697,
      "bearing_deg": 43.71526863435475,
      "source_confidence": 0.1190185546875,
      "raw_box_9d": [
        52.667877197265625,
        50.35737609863281,
        0.11767578125,
        2.205078125,
        5.02734375,
        1.9365234375,
        0.3671875,
        -1.4501953125,
        -3.3515625
      ]
    }
  ],
  "class_names": [
    "car",
    "truck",
    "construction_vehicle",
    "bus",
    "trailer",
    "barrier",
    "motorcycle",
    "bicycle",
    "pedestrian",
    "traffic_cone"
  ],
  "raw_prediction_count": 200,
  "filtered_prediction_count": 6
}