{
  "active_object_count": 8,
  "front_free_space_m": 4.539612295910905,
  "left_side_occupancy": 0.1660978019238305,
  "right_side_occupancy": 0.25283198564834586,
  "rear_gap_m": 17.808323568105706,
  "nearest_front_vehicle": {
    "track_id": 1,
    "class": "car",
    "distance_m": 5.629163465686659,
    "bearing_deg": 0.8931872634980925,
    "position_ego": [
      5.628479483410905,
      0.08774980480863243,
      -1.4189453125
    ],
    "velocity_ego": [
      -0.5443105239708256,
      -0.12233712205139749
    ],
    "risk_level": "high",
    "risk_score": 0.6577812740073501
  },
  "nearest_vru": null,
  "nearest_any_object": {
    "track_id": 1,
    "class": "car",
    "distance_m": 5.629163465686659,
    "bearing_deg": 0.8931872634980925,
    "position_ego": [
      5.628479483410905,
      0.08774980480863243,
      -1.4189453125
    ],
    "velocity_ego": [
      -0.5443105239708256,
      -0.12233712205139749
    ],
    "risk_level": "high",
    "risk_score": 0.6577812740073501
  },
  "abnormal_flags": [
    "front_blocked",
    "high_risk_scene"
  ]
}