{
  "active_object_count": 5,
  "front_free_space_m": 5.056032135870964,
  "left_side_occupancy": 0.0,
  "right_side_occupancy": 0.07285801395719649,
  "rear_gap_m": null,
  "nearest_front_vehicle": {
    "track_id": 2,
    "class": "car",
    "distance_m": 6.117323110721179,
    "bearing_deg": 2.234226762179592,
    "position_ego": [
      6.112672760870964,
      0.23848219948159532,
      -1.5234375
    ],
    "velocity_ego": [
      -0.07065266516838042,
      -0.018840154609990237
    ],
    "risk_level": "high",
    "risk_score": 0.6541200766695912
  },
  "nearest_vru": null,
  "nearest_any_object": {
    "track_id": 2,
    "class": "car",
    "distance_m": 6.117323110721179,
    "bearing_deg": 2.234226762179592,
    "position_ego": [
      6.112672760870964,
      0.23848219948159532,
      -1.5234375
    ],
    "velocity_ego": [
      -0.07065266516838042,
      -0.018840154609990237
    ],
    "risk_level": "high",
    "risk_score": 0.6541200766695912
  },
  "abnormal_flags": [
    "front_blocked",
    "high_risk_scene"
  ]
}