{
  "active_object_count": 2,
  "front_free_space_m": 5.393703377915212,
  "left_side_occupancy": 0.0,
  "right_side_occupancy": 0.7726008078881615,
  "rear_gap_m": null,
  "nearest_front_vehicle": {
    "track_id": 1,
    "class": "car",
    "distance_m": 6.470918568953074,
    "bearing_deg": 2.0078735647846986,
    "position_ego": [
      6.466945565415212,
      0.22672048865994945,
      -1.4677734375
    ],
    "velocity_ego": [
      -0.005339848490907739,
      -0.004757573754793048
    ],
    "risk_level": "high",
    "risk_score": 0.651468110732852
  },
  "nearest_vru": null,
  "nearest_any_object": {
    "track_id": 1,
    "class": "car",
    "distance_m": 6.470918568953074,
    "bearing_deg": 2.0078735647846986,
    "position_ego": [
      6.466945565415212,
      0.22672048865994945,
      -1.4677734375
    ],
    "velocity_ego": [
      -0.005339848490907739,
      -0.004757573754793048
    ],
    "risk_level": "high",
    "risk_score": 0.651468110732852
  },
  "abnormal_flags": [
    "front_blocked",
    "high_risk_scene"
  ]
}