{
  "sample_name": "sample_000079",
  "sequence_index": 79,
  "frame_id": 60080,
  "timestamp": 442.91970086842775,
  "prediction_variant": "single",
  "source_sample_dir": "D:\\Agent-AI\\outputs\\s3a_ml_long_v2\\sample_000079",
  "source_prediction_dir": "D:\\Agent-AI\\outputs\\live_watch_compare_multilane\\lw_s3a_ml_long_v2\\inference\\sample_000079",
  "ego": {
    "frame_id": 60080,
    "timestamp": 442.91970086842775,
    "sample_name": "sample_000079",
    "town": "Carla/Maps/Town10HD_Opt",
    "weather": {
      "cloudiness": 20.0,
      "dust_storm": 0.0,
      "fog_density": 2.0,
      "fog_distance": 0.75,
      "fog_falloff": 0.10000000149011612,
      "mie_scattering_scale": 0.029999999329447746,
      "precipitation": 0.0,
      "precipitation_deposits": 0.0,
      "rayleigh_scattering_scale": 0.03310000151395798,
      "scattering_intensity": 1.0,
      "sun_altitude_angle": 45.0,
      "sun_azimuth_angle": 300.0,
      "wetness": 0.0,
      "wind_intensity": 10.0
    },
    "position_world": [
      79.39879608154297,
      61.58372116088867,
      -0.004892120137810707
    ],
    "velocity_world": [
      -3.3413522243499756,
      1.1442614793777466,
      -6.0272213886491954e-06
    ],
    "speed_mps": 3.531850650918383,
    "yaw_deg": -158.80099487304688,
    "route_progress_m": 51.01666119343101,
    "world_from_ego_bevfusion": [
      [
        -0.932328462600708,
        -0.3616037964820862,
        0.0025069471448659897,
        79.39879608154297
      ],
      [
        0.36160773038864136,
        -0.9323293566703796,
        0.0013462684582918882,
        61.58372116088867
      ],
      [
        0.001850484637543559,
        0.0021616960875689983,
        0.9999959468841553,
        -0.004892120137810707
      ],
      [
        0.0,
        0.0,
        0.0,
        1.0
      ]
    ]
  },
  "detections": [
    {
      "detection_id": "sample_000079_det_0000",
      "class_id": 0,
      "class_name": "car",
      "class_group": "vehicle",
      "score": 0.69677734375,
      "position_ego": [
        -26.553808212280273,
        4.682521820068359,
        -1.2939453125
      ],
      "size_xyz": [
        2.1484375,
        4.984375,
        1.767578125
      ],
      "yaw_rad": -0.8828125,
      "velocity_ego": [
        -6.616115570068359e-06,
        -2.2649765014648438e-06
      ],
      "speed_mps": 6.9930754170600005e-06,
      "distance_m": 26.96350758284203,
      "bearing_deg": 169.99922782758264,
      "source_confidence": 0.69677734375,
      "raw_box_9d": [
        -26.553808212280273,
        4.682521820068359,
        -1.2939453125,
        2.1484375,
        4.984375,
        1.767578125,
        -0.8828125,
        -6.616115570068359e-06,
        -2.2649765014648438e-06
      ]
    },
    {
      "detection_id": "sample_000079_det_0002",
      "class_id": 0,
      "class_name": "car",
      "class_group": "vehicle",
      "score": 0.59716796875,
      "position_ego": [
        8.379199981689453,
        0.6975593566894531,
        -1.4921875
      ],
      "size_xyz": [
        2.18359375,
        5.08984375,
        1.916015625
      ],
      "yaw_rad": -1.765625,
      "velocity_ego": [
        -6.616115570068359e-06,
        -2.2649765014648438e-06
      ],
      "speed_mps": 6.9930754170600005e-06,
      "distance_m": 8.408185380285662,
      "bearing_deg": 4.758838537438832,
      "source_confidence": 0.59716796875,
      "raw_box_9d": [
        8.379199981689453,
        0.6975593566894531,
        -1.4921875,
        2.18359375,
        5.08984375,
        1.916015625,
        -1.765625,
        -6.616115570068359e-06,
        -2.2649765014648438e-06
      ]
    },
    {
      "detection_id": "sample_000079_det_0001",
      "class_id": 0,
      "class_name": "car",
      "class_group": "vehicle",
      "score": 0.591796875,
      "position_ego": [
        38.198516845703125,
        8.041629791259766,
        -1.443359375
      ],
      "size_xyz": [
        2.16796875,
        4.8828125,
        1.8056640625
      ],
      "yaw_rad": -1.88671875,
      "velocity_ego": [
        -6.616115570068359e-06,
        -2.2649765014648438e-06
      ],
      "speed_mps": 6.9930754170600005e-06,
      "distance_m": 39.035810468224454,
      "bearing_deg": 11.888423595488856,
      "source_confidence": 0.591796875,
      "raw_box_9d": [
        38.198516845703125,
        8.041629791259766,
        -1.443359375,
        2.16796875,
        4.8828125,
        1.8056640625,
        -1.88671875,
        -6.616115570068359e-06,
        -2.2649765014648438e-06
      ]
    },
    {
      "detection_id": "sample_000079_det_0004",
      "class_id": 0,
      "class_name": "car",
      "class_group": "vehicle",
      "score": 0.52734375,
      "position_ego": [
        39.593849182128906,
        5.292774200439453,
        -1.263671875
      ],
      "size_xyz": [
        2.17578125,
        4.86328125,
        1.837890625
      ],
      "yaw_rad": 1.22265625,
      "velocity_ego": [
        -6.616115570068359e-06,
        -2.2649765014648438e-06
      ],
      "speed_mps": 6.9930754170600005e-06,
      "distance_m": 39.946043005459344,
      "bearing_deg": 7.613971040563184,
      "source_confidence": 0.52734375,
      "raw_box_9d": [
        39.593849182128906,
        5.292774200439453,
        -1.263671875,
        2.17578125,
        4.86328125,
        1.837890625,
        1.22265625,
        -6.616115570068359e-06,
        -2.2649765014648438e-06
      ]
    },
    {
      "detection_id": "sample_000079_det_0003",
      "class_id": 0,
      "class_name": "car",
      "class_group": "vehicle",
      "score": 0.45654296875,
      "position_ego": [
        45.96837615966797,
        14.8341064453125,
        -1.1484375
      ],
      "size_xyz": [
        2.18359375,
        4.85546875,
        1.8447265625
      ],
      "yaw_rad": 1.234375,
      "velocity_ego": [
        -6.616115570068359e-06,
        -2.2649765014648438e-06
      ],
      "speed_mps": 6.9930754170600005e-06,
      "distance_m": 48.30261194581088,
      "bearing_deg": 17.885016193567566,
      "source_confidence": 0.45654296875,
      "raw_box_9d": [
        45.96837615966797,
        14.8341064453125,
        -1.1484375,
        2.18359375,
        4.85546875,
        1.8447265625,
        1.234375,
        -6.616115570068359e-06,
        -2.2649765014648438e-06
      ]
    },
    {
      "detection_id": "sample_000079_det_0005",
      "class_id": 0,
      "class_name": "car",
      "class_group": "vehicle",
      "score": 0.342529296875,
      "position_ego": [
        20.1199951171875,
        35.12267303466797,
        -0.7919921875
      ],
      "size_xyz": [
        2.283203125,
        5.2109375,
        2.1171875
      ],
      "yaw_rad": 1.16796875,
      "velocity_ego": [
        -6.616115570068359e-06,
        -2.2649765014648438e-06
      ],
      "speed_mps": 6.9930754170600005e-06,
      "distance_m": 40.47735619597507,
      "bearing_deg": 60.19379621596053,
      "source_confidence": 0.342529296875,
      "raw_box_9d": [
        20.1199951171875,
        35.12267303466797,
        -0.7919921875,
        2.283203125,
        5.2109375,
        2.1171875,
        1.16796875,
        -6.616115570068359e-06,
        -2.2649765014648438e-06
      ]
    },
    {
      "detection_id": "sample_000079_det_0006",
      "class_id": 0,
      "class_name": "car",
      "class_group": "vehicle",
      "score": 0.181884765625,
      "position_ego": [
        -30.786840438842773,
        -6.4243621826171875,
        -1.0537109375
      ],
      "size_xyz": [
        2.197265625,
        5.01953125,
        1.859375
      ],
      "yaw_rad": -1.5,
      "velocity_ego": [
        -6.616115570068359e-06,
        -2.2649765014648438e-06
      ],
      "speed_mps": 6.9930754170600005e-06,
      "distance_m": 31.44999163211664,
      "bearing_deg": -168.2130963873458,
      "source_confidence": 0.181884765625,