{
  "sample_name": "sample_000022",
  "sequence_index": 22,
  "frame_id": 3942,
  "timestamp": 41.331086579710245,
  "prediction_variant": "single",
  "source_sample_dir": "D:\\Agent-AI\\outputs\\s3a_left_v3\\sample_000022",
  "source_prediction_dir": "D:\\Agent-AI\\outputs\\live_watch_compare_multilane\\lw_left_positive_v1\\inference\\sample_000022",
  "ego": {
    "frame_id": 3942,
    "timestamp": 41.331086579710245,
    "sample_name": "sample_000022",
    "town": "Carla/Maps/Town10HD_Opt",
    "weather": {
      "cloudiness": 20.0,
      "dust_storm": 0.0,
      "fog_density": 2.0,
      "fog_distance": 0.75,
      "fog_falloff": 0.10000000149011612,
      "mie_scattering_scale": 0.029999999329447746,
      "precipitation": 0.0,
      "precipitation_deposits": 0.0,
      "rayleigh_scattering_scale": 0.03310000151395798,
      "scattering_intensity": 1.0,
      "sun_altitude_angle": 45.0,
      "sun_azimuth_angle": 300.0,
      "wetness": 0.0,
      "wind_intensity": 10.0
    },
    "position_world": [
      108.48057556152344,
      33.5961799621582,
      0.001029701204970479
    ],
    "velocity_world": [
      -0.3117463290691376,
      1.38787841796875,
      -0.0018206691602244973
    ],
    "speed_mps": 1.4224611037169748,
    "yaw_deg": -103.32063293457031,
    "route_progress_m": 12.564313144271987,
    "world_from_ego_bevfusion": [
      [
        -0.23032009601593018,
        -0.9731109142303467,
        -0.002785119228065014,
        108.48057556152344
      ],
      [
        0.9727576971054077,
        -0.23031215369701385,
        0.026434188708662987,
        33.5961799621582
      ],
      [
        -0.026364846155047417,
        0.003379078581929207,
        0.9996466636657715,
        0.001029701204970479
      ],
      [
        0.0,
        0.0,
        0.0,
        1.0
      ]
    ]
  },
  "detections": [
    {
      "detection_id": "sample_000022_det_0000",
      "class_id": 0,
      "class_name": "car",
      "class_group": "vehicle",
      "score": 0.6865234375,
      "position_ego": [
        12.053619384765625,
        1.4560585021972656,
        -1.140625
      ],
      "size_xyz": [
        2.1328125,
        4.84765625,
        1.884765625
      ],
      "yaw_rad": -1.830078125,
      "velocity_ego": [
        -6.616115570068359e-06,
        -2.2649765014648438e-06
      ],
      "speed_mps": 6.9930754170600005e-06,
      "distance_m": 12.141245678867493,
      "bearing_deg": 6.887867371816048,
      "source_confidence": 0.6865234375,
      "raw_box_9d": [
        12.053619384765625,
        1.4560585021972656,
        -1.140625,
        2.1328125,
        4.84765625,
        1.884765625,
        -1.830078125,
        -6.616115570068359e-06,
        -2.2649765014648438e-06
      ]
    },
    {
      "detection_id": "sample_000022_det_0001",
      "class_id": 0,
      "class_name": "car",
      "class_group": "vehicle",
      "score": 0.52880859375,
      "position_ego": [
        27.409645080566406,
        13.9874267578125,
        -0.591796875
      ],
      "size_xyz": [
        2.09375,
        4.7890625,
        1.8125
      ],
      "yaw_rad": -2.3515625,
      "velocity_ego": [
        -6.616115570068359e-06,
        -2.2649765014648438e-06
      ],
      "speed_mps": 6.9930754170600005e-06,
      "distance_m": 30.772337427432895,
      "bearing_deg": 27.035693157408875,
      "source_confidence": 0.52880859375,
      "raw_box_9d": [
        27.409645080566406,
        13.9874267578125,
        -0.591796875,
        2.09375,
        4.7890625,
        1.8125,
        -2.3515625,
        -6.616115570068359e-06,
        -2.2649765014648438e-06
      ]
    },
    {
      "detection_id": "sample_000022_det_0002",
      "class_id": 0,
      "class_name": "car",
      "class_group": "vehicle",
      "score": 0.18505859375,
      "position_ego": [
        18.260047912597656,
        -8.141563415527344,
        -0.705078125
      ],
      "size_xyz": [
        2.251953125,
        5.1640625,
        1.8994140625
      ],
      "yaw_rad": 1.443359375,
      "velocity_ego": [
        -0.61474609375,
        0.00943756103515625
      ],
      "speed_mps": 0.6148185320394759,
      "distance_m": 19.992858840581437,
      "bearing_deg": -24.030542928374903,
      "source_confidence": 0.18505859375,
      "raw_box_9d": [
        18.260047912597656,
        -8.141563415527344,
        -0.705078125,
        2.251953125,
        5.1640625,
        1.8994140625,
        1.443359375,
        -0.61474609375,
        0.00943756103515625
      ]
    },
    {
      "detection_id": "sample_000022_det_0003",
      "class_id": 0,
      "class_name": "car",
      "class_group": "vehicle",
      "score": 0.159423828125,
      "position_ego": [
        34.73701477050781,
        2.251758575439453,
        -0.06689453125
      ],
      "size_xyz": [
        2.25,
        5.09375,
        1.91796875
      ],
      "yaw_rad": 0.69677734375,
      "velocity_ego": [
        -0.0308990478515625,
        -0.1700439453125
      ],
      "speed_mps": 0.1728285118132238,
      "distance_m": 34.80992116981225,
      "bearing_deg": 3.7088969240537577,
      "source_confidence": 0.159423828125,
      "raw_box_9d": [
        34.73701477050781,
        2.251758575439453,
        -0.06689453125,
        2.25,
        5.09375,
        1.91796875,
        0.69677734375,
        -0.0308990478515625,
        -0.1700439453125
      ]
    }
  ],
  "class_names": [
    "car",
    "truck",
    "construction_vehicle",
    "bus",
    "trailer",
    "barrier",
    "motorcycle",
    "bicycle",
    "pedestrian",
    "traffic_cone"
  ],
  "raw_prediction_count": 200,
  "filtered_prediction_count": 4
}