{
  "active_object_count": 6,
  "front_free_space_m": 10.995107292395062,
  "left_side_occupancy": 0.0,
  "right_side_occupancy": 0.5093840623204382,
  "rear_gap_m": null,
  "nearest_front_vehicle": {
    "track_id": 1,
    "class": "car",
    "distance_m": 12.15021884662717,
    "bearing_deg": 6.927634255134415,
    "position_ego": [
      12.061513542395062,
      1.4655064269919171,
      -1.140625
    ],
    "velocity_ego": [
      -2.4680144607495844,
      -1.04207240038851
    ],
    "risk_level": "high",
    "risk_score": 0.7088733586502962
  },
  "nearest_vru": null,
  "nearest_any_object": {
    "track_id": 1,
    "class": "car",
    "distance_m": 12.15021884662717,
    "bearing_deg": 6.927634255134415,
    "position_ego": [
      12.061513542395062,
      1.4655064269919171,
      -1.140625
    ],
    "velocity_ego": [
      -2.4680144607495844,
      -1.04207240038851
    ],
    "risk_level": "high",
    "risk_score": 0.7088733586502962
  },
  "abnormal_flags": [
    "high_risk_scene"
  ]
}