{
  "active_object_count": 5,
  "front_free_space_m": null,
  "left_side_occupancy": 0.0,
  "right_side_occupancy": 0.8662407388021827,
  "rear_gap_m": null,
  "nearest_front_vehicle": null,
  "nearest_vru": null,
  "nearest_any_object": {
    "track_id": 1,
    "class": "car",
    "distance_m": 4.0127778359345205,
    "bearing_deg": -56.89143088499374,
    "position_ego": [
      2.1918885761276643,
      -3.361251319138213,
      -1.44921875
    ],
    "velocity_ego": [
      -5.356827374714246,
      -0.2744736912353607
    ],
    "risk_level": "high",
    "risk_score": 0.8199041662304911
  },
  "abnormal_flags": [
    "high_risk_scene"
  ]
}