{
  "active_object_count": 6,
  "front_free_space_m": null,
  "left_side_occupancy": 0.44932000390961246,
  "right_side_occupancy": 0.06999012095581303,
  "rear_gap_m": 18.656672296511474,
  "nearest_front_vehicle": null,
  "nearest_vru": null,
  "nearest_any_object": {
    "track_id": 2,
    "class": "car",
    "distance_m": 16.520399882711626,
    "bearing_deg": 11.580429578039347,
    "position_ego": [
      16.184108546061097,
      3.3163598800507774,
      -1.3994140625
    ],
    "velocity_ego": [
      -4.2062347997316465,
      -2.064763786768432
    ],
    "risk_level": "medium",
    "risk_score": 0.4260970008796628
  },
  "abnormal_flags": []
}