{
  "sample_name": "sample_000022",
  "sequence_index": 22,
  "frame_id": 60023,
  "timestamp": 437.21970078349113,
  "prediction_variant": "single",
  "source_sample_dir": "D:\\Agent-AI\\outputs\\s3a_ml_long_v2\\sample_000022",
  "source_prediction_dir": "D:\\Agent-AI\\outputs\\live_watch_compare_multilane\\lw_s3a_ml_long_v2\\inference\\sample_000022",
  "ego": {
    "frame_id": 60023,
    "timestamp": 437.21970078349113,
    "sample_name": "sample_000022",
    "town": "Carla/Maps/Town10HD_Opt",
    "weather": {
      "cloudiness": 20.0,
      "dust_storm": 0.0,
      "fog_density": 2.0,
      "fog_distance": 0.75,
      "fog_falloff": 0.10000000149011612,
      "mie_scattering_scale": 0.029999999329447746,
      "precipitation": 0.0,
      "precipitation_deposits": 0.0,
      "rayleigh_scattering_scale": 0.03310000151395798,
      "scattering_intensity": 1.0,
      "sun_altitude_angle": 45.0,
      "sun_azimuth_angle": 300.0,
      "wetness": 0.0,
      "wind_intensity": 10.0
    },
    "position_world": [
      104.20433044433594,
      35.871639251708984,
      -0.0049179838970303535
    ],
    "velocity_world": [
      -2.4312784671783447,
      7.72320556640625,
      6.335258512990549e-05
    ],
    "speed_mps": 8.096852426094173,
    "yaw_deg": -106.81403350830078,
    "route_progress_m": 14.009450346901957,
    "world_from_ego_bevfusion": [
      [
        -0.28926512598991394,
        -0.9572232961654663,
        0.00701446458697319,
        104.20433044433594
      ],
      [
        0.9572451710700989,
        -0.289277046918869,
        -0.0007277227705344558,
        35.871639251708984
      ],
      [
        0.0027257169131189585,
        0.006504057440906763,
        0.9999751448631287,
        -0.0049179838970303535
      ],
      [
        0.0,
        0.0,
        0.0,
        1.0
      ]
    ]
  },
  "detections": [
    {
      "detection_id": "sample_000022_det_0001",
      "class_id": 0,
      "class_name": "car",
      "class_group": "vehicle",
      "score": 0.61572265625,
      "position_ego": [
        11.533889770507812,
        -1.7667465209960938,
        -1.486328125
      ],
      "size_xyz": [
        2.1796875,
        5.00390625,
        1.927734375
      ],
      "yaw_rad": -1.7568359375,
      "velocity_ego": [
        -6.616115570068359e-06,
        -2.2649765014648438e-06
      ],
      "speed_mps": 6.9930754170600005e-06,
      "distance_m": 11.668419194889964,
      "bearing_deg": -8.708801805477878,
      "source_confidence": 0.61572265625,
      "raw_box_9d": [
        11.533889770507812,
        -1.7667465209960938,
        -1.486328125,
        2.1796875,
        5.00390625,
        1.927734375,
        -1.7568359375,
        -6.616115570068359e-06,
        -2.2649765014648438e-06
      ]
    },
    {
      "detection_id": "sample_000022_det_0000",
      "class_id": 0,
      "class_name": "car",
      "class_group": "vehicle",
      "score": 0.521484375,
      "position_ego": [
        36.37068176269531,
        23.30083465576172,
        -1.3154296875
      ],
      "size_xyz": [
        2.142578125,
        4.875,
        1.822265625
      ],
      "yaw_rad": -2.79296875,
      "velocity_ego": [
        -6.616115570068359e-06,
        -2.2649765014648438e-06
      ],
      "speed_mps": 6.9930754170600005e-06,
      "distance_m": 43.19439069530213,
      "bearing_deg": 32.645608119812984,
      "source_confidence": 0.521484375,
      "raw_box_9d": [
        36.37068176269531,
        23.30083465576172,
        -1.3154296875,
        2.142578125,
        4.875,
        1.822265625,
        -2.79296875,
        -6.616115570068359e-06,
        -2.2649765014648438e-06
      ]
    },
    {
      "detection_id": "sample_000022_det_0002",
      "class_id": 0,
      "class_name": "car",
      "class_group": "vehicle",
      "score": 0.302978515625,
      "position_ego": [
        48.87598419189453,
        51.40796661376953,
        -1.51953125
      ],
      "size_xyz": [
        2.212890625,
        4.94921875,
        1.8994140625
      ],
      "yaw_rad": 0.270751953125,
      "velocity_ego": [
        -6.616115570068359e-06,
        -2.2649765014648438e-06
      ],
      "speed_mps": 6.9930754170600005e-06,
      "distance_m": 70.93405995774361,
      "bearing_deg": 46.44630412896404,
      "source_confidence": 0.302978515625,
      "raw_box_9d": [
        48.87598419189453,
        51.40796661376953,
        -1.51953125,
        2.212890625,
        4.94921875,
        1.8994140625,
        0.270751953125,
        -6.616115570068359e-06,
        -2.2649765014648438e-06
      ]
    },
    {
      "detection_id": "sample_000022_det_0003",
      "class_id": 0,
      "class_name": "car",
      "class_group": "vehicle",
      "score": 0.28125,
      "position_ego": [
        51.892486572265625,
        50.879005432128906,
        -1.232421875
      ],
      "size_xyz": [
        2.205078125,
        5.046875,
        1.921875
      ],
      "yaw_rad": 0.306396484375,
      "velocity_ego": [
        -0.0019550323486328125,
        -0.054046630859375
      ],
      "speed_mps": 0.054081979057110575,
      "distance_m": 72.67395239296795,
      "bearing_deg": 44.43499594526054,
      "source_confidence": 0.28125,
      "raw_box_9d": [
        51.892486572265625,
        50.879005432128906,
        -1.232421875,
        2.205078125,
        5.046875,
        1.921875,
        0.306396484375,
        -0.0019550323486328125,
        -0.054046630859375
      ]
    },
    {
      "detection_id": "sample_000022_det_0004",
      "class_id": 0,
      "class_name": "car",
      "class_group": "vehicle",
      "score": 0.1900634765625,
      "position_ego": [
        31.850982666015625,
        -4.375118255615234,
        -1.296875
      ],
      "size_xyz": [
        2.21875,
        5.0078125,
        1.9033203125
      ],
      "yaw_rad": 1.3701171875,
      "velocity_ego": [
        -5.346536636352539e-05,
        -9.399652481079102e-05
      ],
      "speed_mps": 0.00010813830069356391,
      "distance_m": 32.150066198088076,
      "bearing_deg": -7.821322573706625,
      "source_confidence": 0.1900634765625,
      "raw_box_9d": [
        31.850982666015625,
        -4.375118255615234,
        -1.296875,
        2.21875,
        5.0078125,
        1.9033203125,
        1.3701171875,
        -5.346536636352539e-05,
        -9.399652481079102e-05
      ]
    },
    {
      "detection_id": "sample_000022_det_0006",
      "class_id": 0,
      "class_name": "car",
      "class_group": "vehicle",
      "score": 0.1353759765625,
      "position_ego": [
        20.36894989013672,
        -10.31235122680664,
        -1.3115234375
      ],
      "size_xyz": [
        2.244140625,
        5.12890625,
        1.8994140625
      ],
      "yaw_rad": 1.3662109375,
      "velocity_ego": [
        -6.616115570068359e-06,
        -2.2649765014648438e-06
      ],
      "speed_mps": 6.9930754170600005e-06,
      "distance_m": 22.8306528038933,
      "bearing_deg": -26.852090312178287,
      "source_confidence": 0.1353759765625,
      "raw_box_9d": [
        20.36894989013672,
        -10.31235122680664,
        -1.3115234375,
        2.244140625,
        5.12890625,
        1.8994140625,
        1.3662109375,
        -6.616115570068359e-06,
        -2.2649765014648438e-06
      ]
    },
    {
      "detection_id": "sample_000022_det_0007",
      "class_id": 0,
      "class_name": "car",
      "class_group": "vehicle",
      "score": 0.130859375,
      "position_ego": [
        26.35576629638672,
        -7.2900848388671875,
        -1.296875
      ],
      "size_xyz": [
        2.21484375,
        5.1015625,
        1.884765625
      ],
      "yaw_rad": 1.2666015625,
      "velocity_ego": [
        -0.026947021484375,
        -0.0269927978515625
      ],
      "speed_mps": 0.03814122576340048,
      "distance_m": 27.34541559434845,
      "bearing_deg": -15.461605539721049,
      "source_confidence": 0.130859375,