{
  "active_object_count": 5,
  "front_free_space_m": null,
  "left_side_occupancy": 0.0,
  "right_side_occupancy": 0.8781946970690723,
  "rear_gap_m": null,
  "nearest_front_vehicle": null,
  "nearest_vru": null,
  "nearest_any_object": {
    "track_id": 1,
    "class": "car",
    "distance_m": 3.654159087927833,
    "bearing_deg": -68.55564248559456,
    "position_ego": [
      1.3359513689109987,
      -3.4011928172025767,
      -1.42578125
    ],
    "velocity_ego": [
      -5.25386998258713,
      -0.2547712932544909
    ],
    "risk_level": "high",
    "risk_score": 0.8225938068405413
  },
  "abnormal_flags": [
    "high_risk_scene"
  ]
}