{
  "active_object_count": 2,
  "front_free_space_m": 10.025304129142825,
  "left_side_occupancy": 0.0,
  "right_side_occupancy": 0.0,
  "rear_gap_m": null,
  "nearest_front_vehicle": {
    "track_id": 1,
    "class": "car",
    "distance_m": 11.16789925767659,
    "bearing_deg": 5.773841544772652,
    "position_ego": [
      11.111241629142825,
      1.123513813184707,
      -1.568359375
    ],
    "velocity_ego": [
      -1.1586665690207516,
      -0.48649989896211787
    ],
    "risk_level": "high",
    "risk_score": 0.6162407555674256
  },
  "nearest_vru": null,
  "nearest_any_object": {
    "track_id": 1,
    "class": "car",
    "distance_m": 11.16789925767659,
    "bearing_deg": 5.773841544772652,
    "position_ego": [
      11.111241629142825,
      1.123513813184707,
      -1.568359375
    ],
    "velocity_ego": [
      -1.1586665690207516,
      -0.48649989896211787
    ],
    "risk_level": "high",
    "risk_score": 0.6162407555674256
  },
  "abnormal_flags": [
    "high_risk_scene"
  ]
}