{
  "active_object_count": 6,
  "front_free_space_m": 5.27437847040467,
  "left_side_occupancy": 0.1275523315608691,
  "right_side_occupancy": 0.9042208174029248,
  "rear_gap_m": null,
  "nearest_front_vehicle": {
    "track_id": 1,
    "class": "car",
    "distance_m": 6.3537991488340495,
    "bearing_deg": 2.0896671849210335,
    "position_ego": [
      6.34957378290467,
      0.2316816763880322,
      -1.404296875
    ],
    "velocity_ego": [
      0.06973475427117379,
      -0.07758426346992985
    ],
    "risk_level": "high",
    "risk_score": 0.6523465063837447
  },
  "nearest_vru": null,
  "nearest_any_object": {
    "track_id": 1,
    "class": "car",
    "distance_m": 6.3537991488340495,
    "bearing_deg": 2.0896671849210335,
    "position_ego": [
      6.34957378290467,
      0.2316816763880322,
      -1.404296875
    ],
    "velocity_ego": [
      0.06973475427117379,
      -0.07758426346992985
    ],
    "risk_level": "high",
    "risk_score": 0.6523465063837447
  },
  "abnormal_flags": [
    "front_blocked",
    "high_risk_scene"
  ]
}