{
  "active_object_count": 7,
  "front_free_space_m": 5.065853456123428,
  "left_side_occupancy": 0.03827013224004783,
  "right_side_occupancy": 0.0719369449193139,
  "rear_gap_m": 28.259644650745585,
  "nearest_front_vehicle": {
    "track_id": 2,
    "class": "car",
    "distance_m": 6.141010749600868,
    "bearing_deg": 2.276060972886982,
    "position_ego": [
      6.136165956123428,
      0.24388600949065486,
      -1.533203125
    ],
    "velocity_ego": [
      -0.03215750412159542,
      -0.002633785587381645
    ],
    "risk_level": "high",
    "risk_score": 0.6539424193779936
  },
  "nearest_vru": null,
  "nearest_any_object": {
    "track_id": 2,
    "class": "car",
    "distance_m": 6.141010749600868,
    "bearing_deg": 2.276060972886982,
    "position_ego": [
      6.136165956123428,
      0.24388600949065486,
      -1.533203125
    ],
    "velocity_ego": [
      -0.03215750412159542,
      -0.002633785587381645
    ],
    "risk_level": "high",
    "risk_score": 0.6539424193779936
  },
  "abnormal_flags": [
    "front_blocked",
    "high_risk_scene"
  ]
}