{
  "active_object_count": 2,
  "front_free_space_m": 5.37955634281189,
  "left_side_occupancy": 0.0,
  "right_side_occupancy": 0.7729660720076542,
  "rear_gap_m": null,
  "nearest_front_vehicle": {
    "track_id": 1,
    "class": "car",
    "distance_m": 6.447072368121469,
    "bearing_deg": 2.02834041045667,
    "position_ego": [
      6.44303290531189,
      0.22818654838439661,
      -1.474609375
    ],
    "velocity_ego": [
      -0.0129551694282258,
      0.0029723760449837573
    ],
    "risk_level": "high",
    "risk_score": 0.651646957239089
  },
  "nearest_vru": null,
  "nearest_any_object": {
    "track_id": 1,
    "class": "car",
    "distance_m": 6.447072368121469,
    "bearing_deg": 2.02834041045667,
    "position_ego": [
      6.44303290531189,
      0.22818654838439661,
      -1.474609375
    ],
    "velocity_ego": [
      -0.0129551694282258,
      0.0029723760449837573
    ],
    "risk_level": "high",
    "risk_score": 0.651646957239089
  },
  "abnormal_flags": [
    "front_blocked",
    "high_risk_scene"
  ]
}