{
  "active_object_count": 6,
  "front_free_space_m": null,
  "left_side_occupancy": 0.0,
  "right_side_occupancy": 1.0,
  "rear_gap_m": 0.29191810664499784,
  "nearest_front_vehicle": null,
  "nearest_vru": null,
  "nearest_any_object": {
    "track_id": 1,
    "class": "car",
    "distance_m": 3.4724304664100956,
    "bearing_deg": -94.82239731360795,
    "position_ego": [
      -0.29191810664499784,
      -3.46013831559749,
      -1.4033203125
    ],
    "velocity_ego": [
      -5.080168054931235,
      -0.20005579317521022
    ],
    "risk_level": "low",
    "risk_score": 0.32395677150192426
  },
  "abnormal_flags": []
}