{
  "active_object_count": 6,
  "front_free_space_m": 19.475996145316575,
  "left_side_occupancy": 0.31929793048937294,
  "right_side_occupancy": 0.0,
  "rear_gap_m": 50.96015681028368,
  "nearest_front_vehicle": {
    "track_id": 2,
    "class": "car",
    "distance_m": 20.57983193306208,
    "bearing_deg": 3.074253140488007,
    "position_ego": [
      20.550214895316575,
      1.103698396026078,
      -1.5146484375
    ],
    "velocity_ego": [
      -2.8809363728880832,
      -0.6222263214556404
    ],
    "risk_level": "medium",
    "risk_score": 0.5456512605020344
  },
  "nearest_vru": null,
  "nearest_any_object": {
    "track_id": 1,
    "class": "car",
    "distance_m": 20.421062085318813,
    "bearing_deg": 12.753689971309068,
    "position_ego": [
      19.91723578773858,
      4.50815874477275,
      -1.48046875
    ],
    "velocity_ego": [
      -2.7710854357846166,
      -0.5141959255340293
    ],
    "risk_level": "low",
    "risk_score": 0.2968420343601089
  },
  "abnormal_flags": []
}