{
  "active_object_count": 8,
  "front_free_space_m": 7.9197128126636915,
  "left_side_occupancy": 0.12467411476080881,
  "right_side_occupancy": 0.0,
  "rear_gap_m": 25.93634562100236,
  "nearest_front_vehicle": {
    "track_id": 2,
    "class": "car",
    "distance_m": 9.040382173115106,
    "bearing_deg": 5.871484264886524,
    "position_ego": [
      8.992955000163692,
      0.9248081968755875,
      -1.4140625
    ],
    "velocity_ego": [
      -1.8391220859189275,
      -0.4188174325936472
    ],
    "risk_level": "high",
    "risk_score": 0.7321971337016367
  },
  "nearest_vru": null,
  "nearest_any_object": {
    "track_id": 2,
    "class": "car",
    "distance_m": 9.040382173115106,
    "bearing_deg": 5.871484264886524,
    "position_ego": [
      8.992955000163692,
      0.9248081968755875,
      -1.4140625
    ],
    "velocity_ego": [
      -1.8391220859189275,
      -0.4188174325936472
    ],
    "risk_level": "high",
    "risk_score": 0.7321971337016367
  },
  "abnormal_flags": [
    "front_blocked",
    "high_risk_scene"
  ]
}