{
  "sample_name": "sample_000036",
  "sequence_index": 36,
  "frame_id": 3956,
  "timestamp": 42.73108660057187,
  "prediction_variant": "single",
  "source_sample_dir": "D:\\Agent-AI\\outputs\\s3a_left_v3\\sample_000036",
  "source_prediction_dir": "D:\\Agent-AI\\outputs\\live_watch_compare_multilane\\lw_left_positive_v1\\inference\\sample_000036",
  "ego": {
    "frame_id": 3956,
    "timestamp": 42.73108660057187,
    "sample_name": "sample_000036",
    "town": "Carla/Maps/Town10HD_Opt",
    "weather": {
      "cloudiness": 20.0,
      "dust_storm": 0.0,
      "fog_density": 2.0,
      "fog_distance": 0.75,
      "fog_falloff": 0.10000000149011612,
      "mie_scattering_scale": 0.029999999329447746,
      "precipitation": 0.0,
      "precipitation_deposits": 0.0,
      "rayleigh_scattering_scale": 0.03310000151395798,
      "scattering_intensity": 1.0,
      "sun_altitude_angle": 45.0,
      "sun_azimuth_angle": 300.0,
      "wetness": 0.0,
      "wind_intensity": 10.0
    },
    "position_world": [
      107.63892364501953,
      36.4334602355957,
      -0.0041942596435546875
    ],
    "velocity_world": [
      -0.8594770431518555,
      2.7524917125701904,
      2.0885468074993696e-06
    ],
    "speed_mps": 2.8835588108233545,
    "yaw_deg": -106.49022674560547,
    "route_progress_m": 15.524189828088716,
    "world_from_ego_bevfusion": [
      [
        -0.2838514447212219,
        -0.9588682651519775,
        -8.046464063227177e-05,
        107.63892364501953
      ],
      [
        0.9588672518730164,
        -0.2838512361049652,
        0.0014736490556970239,
        36.4334602355957
      ],
      [
        -0.001435875310562551,
        0.00034114252775907516,
        0.999998927116394,
        -0.0041942596435546875
      ],
      [
        0.0,
        0.0,
        0.0,
        1.0
      ]
    ]
  },
  "detections": [
    {
      "detection_id": "sample_000036_det_0000",
      "class_id": 0,
      "class_name": "car",
      "class_group": "vehicle",
      "score": 0.74853515625,
      "position_ego": [
        9.182960510253906,
        0.7920417785644531,
        -1.4638671875
      ],
      "size_xyz": [
        2.154296875,
        5.0,
        1.8740234375
      ],
      "yaw_rad": -1.7431640625,
      "velocity_ego": [
        -6.616115570068359e-06,
        -2.2649765014648438e-06
      ],
      "speed_mps": 6.9930754170600005e-06,
      "distance_m": 9.217054513882092,
      "bearing_deg": 4.929632183635279,
      "source_confidence": 0.74853515625,
      "raw_box_9d": [
        9.182960510253906,
        0.7920417785644531,
        -1.4638671875,
        2.154296875,
        5.0,
        1.8740234375,
        -1.7431640625,
        -6.616115570068359e-06,
        -2.2649765014648438e-06
      ]
    },
    {
      "detection_id": "sample_000036_det_0001",
      "class_id": 0,
      "class_name": "car",
      "class_group": "vehicle",
      "score": 0.52392578125,
      "position_ego": [
        25.32964324951172,
        12.394775390625,
        -1.2783203125
      ],
      "size_xyz": [
        2.181640625,
        4.984375,
        1.9033203125
      ],
      "yaw_rad": -2.248046875,
      "velocity_ego": [
        -6.616115570068359e-06,
        -2.2649765014648438e-06
      ],
      "speed_mps": 6.9930754170600005e-06,
      "distance_m": 28.199668156408823,
      "bearing_deg": 26.074293543282437,
      "source_confidence": 0.52392578125,
      "raw_box_9d": [
        25.32964324951172,
        12.394775390625,
        -1.2783203125,
        2.181640625,
        4.984375,
        1.9033203125,
        -2.248046875,
        -6.616115570068359e-06,
        -2.2649765014648438e-06
      ]
    },
    {
      "detection_id": "sample_000036_det_0002",
      "class_id": 0,
      "class_name": "car",
      "class_group": "vehicle",
      "score": 0.434814453125,
      "position_ego": [
        26.740760803222656,
        -4.511386871337891,
        -1.080078125
      ],
      "size_xyz": [
        2.255859375,
        5.07421875,
        1.912109375
      ],
      "yaw_rad": 1.572265625,
      "velocity_ego": [
        -0.8447265625,
        0.09832763671875
      ],
      "speed_mps": 0.8504300615193238,
      "distance_m": 27.118644874662323,
      "bearing_deg": -9.576096855234146,
      "source_confidence": 0.434814453125,
      "raw_box_9d": [
        26.740760803222656,
        -4.511386871337891,
        -1.080078125,
        2.255859375,
        5.07421875,
        1.912109375,
        1.572265625,
        -0.8447265625,
        0.09832763671875
      ]
    },
    {
      "detection_id": "sample_000036_det_0003",
      "class_id": 0,
      "class_name": "car",
      "class_group": "vehicle",
      "score": 0.109130859375,
      "position_ego": [
        50.01226043701172,
        18.918678283691406,
        -0.658203125
      ],
      "size_xyz": [
        2.287109375,
        5.01953125,
        2.015625
      ],
      "yaw_rad": 1.8916015625,
      "velocity_ego": [
        -6.616115570068359e-06,
        -2.2649765014648438e-06
      ],
      "speed_mps": 6.9930754170600005e-06,
      "distance_m": 53.47095082398764,
      "bearing_deg": 20.72066846832042,
      "source_confidence": 0.109130859375,
      "raw_box_9d": [
        50.01226043701172,
        18.918678283691406,
        -0.658203125,
        2.287109375,
        5.01953125,
        2.015625,
        1.8916015625,
        -6.616115570068359e-06,
        -2.2649765014648438e-06
      ]
    }
  ],
  "class_names": [
    "car",
    "truck",
    "construction_vehicle",
    "bus",
    "trailer",
    "barrier",
    "motorcycle",
    "bicycle",
    "pedestrian",
    "traffic_cone"
  ],
  "raw_prediction_count": 200,
  "filtered_prediction_count": 4
}