{
  "active_object_count": 5,
  "front_free_space_m": 8.159965909416501,
  "left_side_occupancy": 0.05888128289987682,
  "right_side_occupancy": 0.35057056474802273,
  "rear_gap_m": null,
  "nearest_front_vehicle": {
    "track_id": 1,
    "class": "car",
    "distance_m": 9.27155325661402,
    "bearing_deg": 4.93992779701588,
    "position_ego": [
      9.237114346916501,
      0.7983848271475138,
      -1.4638671875
    ],
    "velocity_ego": [
      -1.7788142197092842,
      -0.2215372991354488
    ],
    "risk_level": "high",
    "risk_score": 0.6304633505753949
  },
  "nearest_vru": null,
  "nearest_any_object": {
    "track_id": 1,
    "class": "car",
    "distance_m": 9.27155325661402,
    "bearing_deg": 4.93992779701588,
    "position_ego": [
      9.237114346916501,
      0.7983848271475138,
      -1.4638671875
    ],
    "velocity_ego": [
      -1.7788142197092842,
      -0.2215372991354488
    ],
    "risk_level": "high",
    "risk_score": 0.6304633505753949
  },
  "abnormal_flags": [
    "high_risk_scene"
  ]
}