{
  "active_object_count": 3,
  "front_free_space_m": 20.22195351219048,
  "left_side_occupancy": 0.28783028069707195,
  "right_side_occupancy": 0.06652691261127341,
  "rear_gap_m": null,
  "nearest_front_vehicle": {
    "track_id": 1,
    "class": "car",
    "distance_m": 21.365091579087842,
    "bearing_deg": 5.385473267349025,
    "position_ego": [
      21.27078163719048,
      2.005239817520657,
      -1.666015625
    ],
    "velocity_ego": [
      -4.4742825523047465,
      -1.6592362264617597
    ],
    "risk_level": "high",
    "risk_score": 0.6397618131568412
  },
  "nearest_vru": null,
  "nearest_any_object": {
    "track_id": 1,
    "class": "car",
    "distance_m": 21.365091579087842,
    "bearing_deg": 5.385473267349025,
    "position_ego": [
      21.27078163719048,
      2.005239817520657,
      -1.666015625
    ],
    "velocity_ego": [
      -4.4742825523047465,
      -1.6592362264617597
    ],
    "risk_level": "high",
    "risk_score": 0.6397618131568412
  },
  "abnormal_flags": [
    "high_risk_scene"
  ]
}