{
  "active_object_count": 7,
  "front_free_space_m": null,
  "left_side_occupancy": 0.08698950102707237,
  "right_side_occupancy": 1.0,
  "rear_gap_m": 7.0942125827809095,
  "nearest_front_vehicle": null,
  "nearest_vru": null,
  "nearest_any_object": {
    "track_id": 1,
    "class": "car",
    "distance_m": 7.738594793402629,
    "bearing_deg": -156.4528130936617,
    "position_ego": [
      -7.0942125827809095,
      -3.0916010749757654,
      -1.4560546875
    ],
    "velocity_ego": [
      -5.030400923116626,
      0.5437163720991175
    ],
    "risk_level": "low",
    "risk_score": 0.29196053904948027
  },
  "abnormal_flags": []
}