{
  "sample_name": "sample_000027",
  "sequence_index": 27,
  "frame_id": 60028,
  "timestamp": 437.7197007909417,
  "prediction_variant": "single",
  "source_sample_dir": "D:\\Agent-AI\\outputs\\s3a_ml_long_v2\\sample_000027",
  "source_prediction_dir": "D:\\Agent-AI\\outputs\\live_watch_compare_multilane\\lw_s3a_ml_long_v2\\inference\\sample_000027",
  "ego": {
    "frame_id": 60028,
    "timestamp": 437.7197007909417,
    "sample_name": "sample_000027",
    "town": "Carla/Maps/Town10HD_Opt",
    "weather": {
      "cloudiness": 20.0,
      "dust_storm": 0.0,
      "fog_density": 2.0,
      "fog_distance": 0.75,
      "fog_falloff": 0.10000000149011612,
      "mie_scattering_scale": 0.029999999329447746,
      "precipitation": 0.0,
      "precipitation_deposits": 0.0,
      "rayleigh_scattering_scale": 0.03310000151395798,
      "scattering_intensity": 1.0,
      "sun_altitude_angle": 45.0,
      "sun_azimuth_angle": 300.0,
      "wetness": 0.0,
      "wind_intensity": 10.0
    },
    "position_world": [
      102.744140625,
      39.706058502197266,
      -0.0038774870336055756
    ],
    "velocity_world": [
      -3.144340991973877,
      7.02276086807251,
      -9.431838407181203e-06
    ],
    "speed_mps": 7.694546801730871,
    "yaw_deg": -112.82200622558594,
    "route_progress_m": 18.114147931041966,
    "world_from_ego_bevfusion": [
      [
        -0.387868732213974,
        -0.9216700792312622,
        0.009064268320798874,
        102.744140625
      ],
      [
        0.9217120409011841,
        -0.38782569766044617,
        0.006174837239086628,
        39.706058502197266
      ],
      [
        -0.00217580609023571,
        0.010749670676887035,
        0.9999398589134216,
        -0.0038774870336055756
      ],
      [
        0.0,
        0.0,
        0.0,
        1.0
      ]
    ]
  },
  "detections": [
    {
      "detection_id": "sample_000027_det_0000",
      "class_id": 0,
      "class_name": "car",
      "class_group": "vehicle",
      "score": 0.65478515625,
      "position_ego": [
        34.497642517089844,
        19.534393310546875,
        -1.34765625
      ],
      "size_xyz": [
        2.16015625,
        4.93359375,
        1.8232421875
      ],
      "yaw_rad": -2.68359375,
      "velocity_ego": [
        -6.616115570068359e-06,
        -2.2649765014648438e-06
      ],
      "speed_mps": 6.9930754170600005e-06,
      "distance_m": 39.64441778167594,
      "bearing_deg": 29.52083828234847,
      "source_confidence": 0.65478515625,
      "raw_box_9d": [
        34.497642517089844,
        19.534393310546875,
        -1.34765625,
        2.16015625,
        4.93359375,
        1.8232421875,
        -2.68359375,
        -6.616115570068359e-06,
        -2.2649765014648438e-06
      ]
    },
    {
      "detection_id": "sample_000027_det_0001",
      "class_id": 0,
      "class_name": "car",
      "class_group": "vehicle",
      "score": 0.6494140625,
      "position_ego": [
        7.175830841064453,
        -2.8335914611816406,
        -1.4296875
      ],
      "size_xyz": [
        2.1796875,
        4.9609375,
        1.8740234375
      ],
      "yaw_rad": -1.642578125,
      "velocity_ego": [
        -6.616115570068359e-06,
        -2.2649765014648438e-06
      ],
      "speed_mps": 6.9930754170600005e-06,
      "distance_m": 7.71503654096682,
      "bearing_deg": -21.548067854605083,
      "source_confidence": 0.6494140625,
      "raw_box_9d": [
        7.175830841064453,
        -2.8335914611816406,
        -1.4296875,
        2.1796875,
        4.9609375,
        1.8740234375,
        -1.642578125,
        -6.616115570068359e-06,
        -2.2649765014648438e-06
      ]
    },
    {
      "detection_id": "sample_000027_det_0002",
      "class_id": 0,
      "class_name": "car",
      "class_group": "vehicle",
      "score": 0.322509765625,
      "position_ego": [
        52.876617431640625,
        45.33607482910156,
        -1.02734375
      ],
      "size_xyz": [
        2.263671875,
        5.22265625,
        1.931640625
      ],
      "yaw_rad": 0.3369140625,
      "velocity_ego": [
        -0.0261993408203125,
        -0.2032470703125
      ],
      "speed_mps": 0.2049287121172463,
      "distance_m": 69.65124802845946,
      "bearing_deg": 40.60957639572716,
      "source_confidence": 0.322509765625,
      "raw_box_9d": [
        52.876617431640625,
        45.33607482910156,
        -1.02734375,
        2.263671875,
        5.22265625,
        1.931640625,
        0.3369140625,
        -0.0261993408203125,
        -0.2032470703125
      ]
    },
    {
      "detection_id": "sample_000027_det_0003",
      "class_id": 0,
      "class_name": "car",
      "class_group": "vehicle",
      "score": 0.227294921875,
      "position_ego": [
        49.87104797363281,
        46.16484832763672,
        -1.21484375
      ],
      "size_xyz": [
        2.240234375,
        5.078125,
        1.888671875
      ],
      "yaw_rad": 0.34765625,
      "velocity_ego": [
        -6.616115570068359e-06,
        -2.2649765014648438e-06
      ],
      "speed_mps": 6.9930754170600005e-06,
      "distance_m": 67.95818307681635,
      "bearing_deg": 42.789948544182806,
      "source_confidence": 0.227294921875,
      "raw_box_9d": [
        49.87104797363281,
        46.16484832763672,
        -1.21484375,
        2.240234375,
        5.078125,
        1.888671875,
        0.34765625,
        -6.616115570068359e-06,
        -2.2649765014648438e-06
      ]
    },
    {
      "detection_id": "sample_000027_det_0004",
      "class_id": 0,
      "class_name": "car",
      "class_group": "vehicle",
      "score": 0.130859375,
      "position_ego": [
        27.001174926757812,
        -6.8162841796875,
        -0.95458984375
      ],
      "size_xyz": [
        2.26171875,
        5.08984375,
        1.8798828125
      ],
      "yaw_rad": 1.2255859375,
      "velocity_ego": [
        -6.616115570068359e-06,
        -2.2649765014648438e-06
      ],
      "speed_mps": 6.9930754170600005e-06,
      "distance_m": 27.848252682055886,
      "bearing_deg": -14.167960419646155,
      "source_confidence": 0.130859375,
      "raw_box_9d": [
        27.001174926757812,
        -6.8162841796875,
        -0.95458984375,
        2.26171875,
        5.08984375,
        1.8798828125,
        1.2255859375,
        -6.616115570068359e-06,
        -2.2649765014648438e-06
      ]
    }
  ],
  "class_names": [
    "car",
    "truck",
    "construction_vehicle",
    "bus",
    "trailer",
    "barrier",
    "motorcycle",
    "bicycle",
    "pedestrian",
    "traffic_cone"
  ],
  "raw_prediction_count": 200,
  "filtered_prediction_count": 5
}