{
  "active_object_count": 5,
  "front_free_space_m": null,
  "left_side_occupancy": 0.0,
  "right_side_occupancy": 0.8014984474939361,
  "rear_gap_m": null,
  "nearest_front_vehicle": null,
  "nearest_vru": null,
  "nearest_any_object": {
    "track_id": 1,
    "class": "car",
    "distance_m": 7.865519981902331,
    "bearing_deg": -20.829530547884698,
    "position_ego": [
      7.351449481746332,
      -2.796890255808478,
      -1.4296875
    ],
    "velocity_ego": [
      -5.163636738695748,
      -1.1298168315887556
    ],
    "risk_level": "high",
    "risk_score": 0.7910086001357326
  },
  "abnormal_flags": [
    "high_risk_scene"
  ]
}