{
  "active_object_count": 4,
  "front_free_space_m": 5.579884777736677,
  "left_side_occupancy": 0.13646339236285487,
  "right_side_occupancy": 0.0,
  "rear_gap_m": null,
  "nearest_front_vehicle": {
    "track_id": 1,
    "class": "car",
    "distance_m": 6.6779206314129835,
    "bearing_deg": 2.2747733058915847,
    "position_ego": [
      6.672658215236677,
      0.26505905395904283,
      -1.5126953125
    ],
    "velocity_ego": [
      -2.1106172331342683,
      -0.33466011314983407
    ],
    "risk_level": "high",
    "risk_score": 0.7499155952644027
  },
  "nearest_vru": null,
  "nearest_any_object": {
    "track_id": 1,
    "class": "car",
    "distance_m": 6.6779206314129835,
    "bearing_deg": 2.2747733058915847,
    "position_ego": [
      6.672658215236677,
      0.26505905395904283,
      -1.5126953125
    ],
    "velocity_ego": [
      -2.1106172331342683,
      -0.33466011314983407
    ],
    "risk_level": "high",
    "risk_score": 0.7499155952644027
  },
  "abnormal_flags": [
    "front_blocked",
    "high_risk_scene"
  ]
}