{
  "active_object_count": 10,
  "front_free_space_m": 5.705971471227491,
  "left_side_occupancy": 0.05136831723128543,
  "right_side_occupancy": 0.1280048910976176,
  "rear_gap_m": 26.515598032971464,
  "nearest_front_vehicle": {
    "track_id": 2,
    "class": "car",
    "distance_m": 6.771206547665891,
    "bearing_deg": 3.4820790645707813,
    "position_ego": [
      6.758705846227491,
      0.4112583073006123,
      -1.44140625
    ],
    "velocity_ego": [
      -1.654645191346947,
      -0.23057617887367765
    ],
    "risk_level": "high",
    "risk_score": 0.7492159508925058
  },
  "nearest_vru": null,
  "nearest_any_object": {
    "track_id": 2,
    "class": "car",
    "distance_m": 6.771206547665891,
    "bearing_deg": 3.4820790645707813,
    "position_ego": [
      6.758705846227491,
      0.4112583073006123,
      -1.44140625
    ],
    "velocity_ego": [
      -1.654645191346947,
      -0.23057617887367765
    ],
    "risk_level": "high",
    "risk_score": 0.7492159508925058
  },
  "abnormal_flags": [
    "front_blocked",
    "high_risk_scene"
  ]
}