{
  "active_object_count": 5,
  "front_free_space_m": 18.17883216999949,
  "left_side_occupancy": 0.3639721938853796,
  "right_side_occupancy": 0.024673315219532865,
  "rear_gap_m": null,
  "nearest_front_vehicle": {
    "track_id": 2,
    "class": "car",
    "distance_m": 19.247465689310896,
    "bearing_deg": 2.022718326502211,
    "position_ego": [
      19.23547279499949,
      0.6793539681451333,
      -1.619140625
    ],
    "velocity_ego": [
      -3.8271045006903956,
      -1.1242204954648782
    ],
    "risk_level": "medium",
    "risk_score": 0.5556440073301683
  },
  "nearest_vru": null,
  "nearest_any_object": {
    "track_id": 1,
    "class": "car",
    "distance_m": 19.08083418343861,
    "bearing_deg": 12.263345999164828,
    "position_ego": [
      18.645441165493402,
      4.052870202708625,
      -1.572265625
    ],
    "velocity_ego": [
      -3.910853316648539,
      -1.301737703028561
    ],
    "risk_level": "medium",
    "risk_score": 0.40689374362421044
  },
  "abnormal_flags": []
}