{
  "sample_name": "sample_000039",
  "sequence_index": 39,
  "frame_id": 726312,
  "timestamp": 5001.094624776393,
  "prediction_variant": "single",
  "source_sample_dir": "D:\\Agent-AI\\outputs\\s3a_ml_long_v1\\sample_000039",
  "source_prediction_dir": "D:\\Agent-AI\\outputs\\live_watch_compare_multilane\\lw_s3a_ml_long_v1\\inference\\sample_000039",
  "ego": {
    "frame_id": 726312,
    "timestamp": 5001.094624776393,
    "sample_name": "sample_000039",
    "town": "Carla/Maps/Town10HD_Opt",
    "weather": {
      "cloudiness": 20.0,
      "dust_storm": 0.0,
      "fog_density": 2.0,
      "fog_distance": 0.75,
      "fog_falloff": 0.10000000149011612,
      "mie_scattering_scale": 0.029999999329447746,
      "precipitation": 0.0,
      "precipitation_deposits": 0.0,
      "rayleigh_scattering_scale": 0.03310000151395798,
      "scattering_intensity": 1.0,
      "sun_altitude_angle": 45.0,
      "sun_azimuth_angle": 300.0,
      "wetness": 0.0,
      "wind_intensity": 10.0
    },
    "position_world": [
      103.65419006347656,
      37.25690460205078,
      -0.003478202736005187
    ],
    "velocity_world": [
      -0.7655909061431885,
      2.0550122261047363,
      -4.008293035440147e-05
    ],
    "speed_mps": 2.1929898966059405,
    "yaw_deg": -108.95317840576172,
    "route_progress_m": 15.493940997050135,
    "world_from_ego_bevfusion": [
      [
        -0.3247916102409363,
        -0.9457849264144897,
        -0.0011661092285066843,
        103.65419006347656
      ],
      [
        0.9457734227180481,
        -0.32479342818260193,
        0.004677028860896826,
        37.25690460205078
      ],
      [
        -0.004802207928150892,
        0.0004161845427006483,
        0.9999884366989136,
        -0.003478202736005187
      ],
      [
        0.0,
        0.0,
        0.0,
        1.0
      ]
    ]
  },
  "detections": [
    {
      "detection_id": "sample_000039_det_0000",
      "class_id": 0,
      "class_name": "car",
      "class_group": "vehicle",
      "score": 0.8134765625,
      "position_ego": [
        6.442531585693359,
        0.29750823974609375,
        -1.451171875
      ],
      "size_xyz": [
        2.1484375,
        4.94921875,
        1.7802734375
      ],
      "yaw_rad": -1.732421875,
      "velocity_ego": [
        -6.616115570068359e-06,
        -2.2649765014648438e-06
      ],
      "speed_mps": 6.9930754170600005e-06,
      "distance_m": 6.449397211009213,
      "bearing_deg": 2.6439707800622303,
      "source_confidence": 0.8134765625,
      "raw_box_9d": [
        6.442531585693359,
        0.29750823974609375,
        -1.451171875,
        2.1484375,
        4.94921875,
        1.7802734375,
        -1.732421875,
        -6.616115570068359e-06,
        -2.2649765014648438e-06
      ]
    },
    {
      "detection_id": "sample_000039_det_0001",
      "class_id": 0,
      "class_name": "car",
      "class_group": "vehicle",
      "score": 0.7255859375,
      "position_ego": [
        6.1110382080078125,
        -3.1456031799316406,
        -1.46484375
      ],
      "size_xyz": [
        2.162109375,
        5.046875,
        1.8056640625
      ],
      "yaw_rad": -1.66796875,
      "velocity_ego": [
        -6.616115570068359e-06,
        -2.2649765014648438e-06
      ],
      "speed_mps": 6.9930754170600005e-06,
      "distance_m": 6.873107546468874,
      "bearing_deg": -27.236746713453307,
      "source_confidence": 0.7255859375,
      "raw_box_9d": [
        6.1110382080078125,
        -3.1456031799316406,
        -1.46484375,
        2.162109375,
        5.046875,
        1.8056640625,
        -1.66796875,
        -6.616115570068359e-06,
        -2.2649765014648438e-06
      ]
    },
    {
      "detection_id": "sample_000039_det_0003",
      "class_id": 0,
      "class_name": "car",
      "class_group": "vehicle",
      "score": 0.5927734375,
      "position_ego": [
        25.770706176757812,
        4.970142364501953,
        -1.279296875
      ],
      "size_xyz": [
        2.12890625,
        4.81640625,
        1.8310546875
      ],
      "yaw_rad": -2.197265625,
      "velocity_ego": [
        0.030426025390625,
        0.0022220611572265625
      ],
      "speed_mps": 0.030507057820403007,
      "distance_m": 26.24560176433759,
      "bearing_deg": 10.916048776080741,
      "source_confidence": 0.5927734375,
      "raw_box_9d": [
        25.770706176757812,
        4.970142364501953,
        -1.279296875,
        2.12890625,
        4.81640625,
        1.8310546875,
        -2.197265625,
        0.030426025390625,
        0.0022220611572265625
      ]
    },
    {
      "detection_id": "sample_000039_det_0002",
      "class_id": 0,
      "class_name": "car",
      "class_group": "vehicle",
      "score": 0.55517578125,
      "position_ego": [
        35.67781066894531,
        21.822586059570312,
        -0.80078125
      ],
      "size_xyz": [
        2.16015625,
        4.94921875,
        1.880859375
      ],
      "yaw_rad": 0.411865234375,
      "velocity_ego": [
        -6.616115570068359e-06,
        -2.2649765014648438e-06
      ],
      "speed_mps": 6.9930754170600005e-06,
      "distance_m": 41.822618718301946,
      "bearing_deg": 31.452336641418484,
      "source_confidence": 0.55517578125,
      "raw_box_9d": [
        35.67781066894531,
        21.822586059570312,
        -0.80078125,
        2.16015625,
        4.94921875,
        1.880859375,
        0.411865234375,
        -6.616115570068359e-06,
        -2.2649765014648438e-06
      ]
    },
    {
      "detection_id": "sample_000039_det_0004",
      "class_id": 0,
      "class_name": "car",
      "class_group": "vehicle",
      "score": 0.342041015625,
      "position_ego": [
        24.580520629882812,
        -8.855270385742188,
        -1.08984375
      ],
      "size_xyz": [
        2.25,
        5.109375,
        1.8994140625
      ],
      "yaw_rad": 1.3486328125,
      "velocity_ego": [
        -0.023834228515625,
        -0.00868988037109375
      ],
      "speed_mps": 0.025368966667938062,
      "distance_m": 26.12695558308884,
      "bearing_deg": -19.8118402557065,
      "source_confidence": 0.342041015625,
      "raw_box_9d": [
        24.580520629882812,
        -8.855270385742188,
        -1.08984375,
        2.25,
        5.109375,
        1.8994140625,
        1.3486328125,
        -0.023834228515625,
        -0.00868988037109375
      ]
    },
    {
      "detection_id": "sample_000039_det_0005",
      "class_id": 0,
      "class_name": "car",
      "class_group": "vehicle",
      "score": 0.1571044921875,
      "position_ego": [
        52.373878479003906,
        48.768898010253906,
        -0.30078125
      ],
      "size_xyz": [
        2.248046875,
        5.16015625,
        1.9404296875
      ],
      "yaw_rad": 0.365234375,
      "velocity_ego": [
        -0.5693359375,
        -1.8876953125
      ],
      "speed_mps": 1.9716837988286755,
      "distance_m": 71.5641569507251,
      "bearing_deg": 42.958699833670565,
      "source_confidence": 0.1571044921875,
      "raw_box_9d": [
        52.373878479003906,
        48.768898010253906,
        -0.30078125,
        2.248046875,
        5.16015625,
        1.9404296875,
        0.365234375,
        -0.5693359375,
        -1.8876953125
      ]
    },
    {
      "detection_id": "sample_000039_det_0006",
      "class_id": 8,
      "class_name": "pedestrian",
      "class_group": "vru",
      "score": 0.112060546875,
      "position_ego": [
        22.39702606201172,
        -18.4112548828125,
        -0.5703125
      ],
      "size_xyz": [
        0.875,
        0.90966796875,
        2.25390625
      ],
      "yaw_rad": 1.7412109375,
      "velocity_ego": [
        -0.004192352294921875,
        0.0004687309265136719
      ],
      "speed_mps": 0.004218474421660878,
      "distance_m": 28.99312130113485,
      "bearing_deg": -39.42157783244396,
      "source_confidence": 0.112060546875,