{
  "active_object_count": 6,
  "front_free_space_m": null,
  "left_side_occupancy": 0.0,
  "right_side_occupancy": 0.8284418801985356,
  "rear_gap_m": null,
  "nearest_front_vehicle": null,
  "nearest_vru": {
    "track_id": 12,
    "class": "motorcycle",
    "distance_m": 64.22549374617266,
    "bearing_deg": 54.90966156310127,
    "position_ego": [
      36.92113505601883,
      52.552296173572486,
      -1.6953125
    ],
    "velocity_ego": [
      5.364418029785156e-07,
      -1.6629695892333984e-05
    ],
    "risk_level": "low",
    "risk_score": 0.2125
  },
  "nearest_any_object": {
    "track_id": 1,
    "class": "car",
    "distance_m": 5.146743594043933,
    "bearing_deg": -39.80847965425084,
    "position_ego": [
      3.9536706840124136,
      -3.2950656662975746,
      -1.44921875
    ],
    "velocity_ego": [
      -5.272704555122711,
      -0.5929695748532888
    ],
    "risk_level": "high",
    "risk_score": 0.8113994230446706
  },
  "abnormal_flags": [
    "high_risk_scene"
  ]
}