{
  "active_object_count": 5,
  "front_free_space_m": 7.55792055999189,
  "left_side_occupancy": 0.07625635232222072,
  "right_side_occupancy": 0.11401079360524424,
  "rear_gap_m": 49.963844299316406,
  "nearest_front_vehicle": {
    "track_id": 1,
    "class": "car",
    "distance_m": 8.675695662695114,
    "bearing_deg": 4.5176851606337625,
    "position_ego": [
      8.64874087249189,
      0.6833568264055109,
      -1.5234375
    ],
    "velocity_ego": [
      -1.71893696567937,
      -0.3734945983400495
    ],
    "risk_level": "high",
    "risk_score": 0.6349322825297867
  },
  "nearest_vru": null,
  "nearest_any_object": {
    "track_id": 1,
    "class": "car",
    "distance_m": 8.675695662695114,
    "bearing_deg": 4.5176851606337625,
    "position_ego": [
      8.64874087249189,
      0.6833568264055109,
      -1.5234375
    ],
    "velocity_ego": [
      -1.71893696567937,
      -0.3734945983400495
    ],
    "risk_level": "high",
    "risk_score": 0.6349322825297867
  },
  "abnormal_flags": [
    "front_blocked",
    "high_risk_scene"
  ]
}