{
  "active_object_count": 7,
  "front_free_space_m": 12.892991810125867,
  "left_side_occupancy": 0.5263878353338116,
  "right_side_occupancy": 0.06947300991244143,
  "rear_gap_m": 21.023294551099745,
  "nearest_front_vehicle": {
    "track_id": 2,
    "class": "car",
    "distance_m": 14.208364939985652,
    "bearing_deg": 10.020492267782828,
    "position_ego": [
      13.991624622625867,
      2.47226104757225,
      -1.330078125
    ],
    "velocity_ego": [
      -4.365606558510387,
      -1.4937438639566332
    ],
    "risk_level": "high",
    "risk_score": 0.6934372629501077
  },
  "nearest_vru": null,
  "nearest_any_object": {
    "track_id": 2,
    "class": "car",
    "distance_m": 14.208364939985652,
    "bearing_deg": 10.020492267782828,
    "position_ego": [
      13.991624622625867,
      2.47226104757225,
      -1.330078125
    ],
    "velocity_ego": [
      -4.365606558510387,
      -1.4937438639566332
    ],
    "risk_level": "high",
    "risk_score": 0.6934372629501077
  },
  "abnormal_flags": [
    "high_risk_scene"
  ]
}