{
  "active_object_count": 6,
  "front_free_space_m": null,
  "left_side_occupancy": 0.21592405766534983,
  "right_side_occupancy": 0.7397996801836738,
  "rear_gap_m": 11.368993563664223,
  "nearest_front_vehicle": null,
  "nearest_vru": null,
  "nearest_any_object": {
    "track_id": 1,
    "class": "car",
    "distance_m": 11.596626110092348,
    "bearing_deg": -168.6289136882496,
    "position_ego": [
      -11.368993563664223,
      -2.2864213274541294,
      -1.44921875
    ],
    "velocity_ego": [
      -5.1121777262550445,
      1.1498198423322101
    ],
    "risk_level": "low",
    "risk_score": 0.2630253041743074
  },
  "abnormal_flags": []
}