{
  "sample_name": "sample_000015",
  "sequence_index": 15,
  "frame_id": 3935,
  "timestamp": 40.63108656927943,
  "prediction_variant": "single",
  "source_sample_dir": "D:\\Agent-AI\\outputs\\s3a_left_v3\\sample_000015",
  "source_prediction_dir": "D:\\Agent-AI\\outputs\\live_watch_compare_multilane\\lw_left_positive_v1\\inference\\sample_000015",
  "ego": {
    "frame_id": 3935,
    "timestamp": 40.63108656927943,
    "sample_name": "sample_000015",
    "town": "Carla/Maps/Town10HD_Opt",
    "weather": {
      "cloudiness": 20.0,
      "dust_storm": 0.0,
      "fog_density": 2.0,
      "fog_distance": 0.75,
      "fog_falloff": 0.10000000149011612,
      "mie_scattering_scale": 0.029999999329447746,
      "precipitation": 0.0,
      "precipitation_deposits": 0.0,
      "rayleigh_scattering_scale": 0.03310000151395798,
      "scattering_intensity": 1.0,
      "sun_altitude_angle": 45.0,
      "sun_azimuth_angle": 300.0,
      "wetness": 0.0,
      "wind_intensity": 10.0
    },
    "position_world": [
      109.32575225830078,
      29.059804916381836,
      -0.005972022656351328
    ],
    "velocity_world": [
      -1.0817493200302124,
      8.818532943725586,
      6.937980651855469e-05
    ],
    "speed_mps": 8.884633074909331,
    "yaw_deg": -96.66128540039062,
    "route_progress_m": 7.9477289152195985,
    "world_from_ego_bevfusion": [
      [
        -0.11599626392126083,
        -0.9932339191436768,
        0.005587454419583082,
        109.32575225830078
      ],
      [
        0.9932200908660889,
        -0.11603434383869171,
        -0.007054342422634363,
        29.059804916381836
      ],
      [
        0.007654949091374874,
        0.004731294699013233,
        0.9999594688415527,
        -0.005972022656351328
      ],
      [
        0.0,
        0.0,
        0.0,
        1.0
      ]
    ]
  },
  "detections": [
    {
      "detection_id": "sample_000015_det_0000",
      "class_id": 0,
      "class_name": "car",
      "class_group": "vehicle",
      "score": 0.77099609375,
      "position_ego": [
        16.501663208007812,
        3.2316665649414062,
        -1.62890625
      ],
      "size_xyz": [
        2.146484375,
        4.95703125,
        1.8212890625
      ],
      "yaw_rad": -1.9677734375,
      "velocity_ego": [
        -6.616115570068359e-06,
        -2.2649765014648438e-06
      ],
      "speed_mps": 6.9930754170600005e-06,
      "distance_m": 16.815128825479718,
      "bearing_deg": 11.080503026937443,
      "source_confidence": 0.77099609375,
      "raw_box_9d": [
        16.501663208007812,
        3.2316665649414062,
        -1.62890625,
        2.146484375,
        4.95703125,
        1.8212890625,
        -1.9677734375,
        -6.616115570068359e-06,
        -2.2649765014648438e-06
      ]
    },
    {
      "detection_id": "sample_000015_det_0001",
      "class_id": 0,
      "class_name": "car",
      "class_group": "vehicle",
      "score": 0.3837890625,
      "position_ego": [
        30.44377899169922,
        17.547218322753906,
        -1.7177734375
      ],
      "size_xyz": [
        2.2109375,
        5.09765625,
        1.92578125
      ],
      "yaw_rad": 0.6376953125,
      "velocity_ego": [
        -6.616115570068359e-06,
        -2.2649765014648438e-06
      ],
      "speed_mps": 6.9930754170600005e-06,
      "distance_m": 35.13870444626291,
      "bearing_deg": 29.95833483692683,
      "source_confidence": 0.3837890625,
      "raw_box_9d": [
        30.44377899169922,
        17.547218322753906,
        -1.7177734375,
        2.2109375,
        5.09765625,
        1.92578125,
        0.6376953125,
        -6.616115570068359e-06,
        -2.2649765014648438e-06
      ]
    }
  ],
  "class_names": [
    "car",
    "truck",
    "construction_vehicle",
    "bus",
    "trailer",
    "barrier",
    "motorcycle",
    "bicycle",
    "pedestrian",
    "traffic_cone"
  ],
  "raw_prediction_count": 200,
  "filtered_prediction_count": 2
}