{
  "active_object_count": 2,
  "front_free_space_m": null,
  "left_side_occupancy": 0.4336730416271988,
  "right_side_occupancy": 0.0,
  "rear_gap_m": null,
  "nearest_front_vehicle": null,
  "nearest_vru": null,
  "nearest_any_object": {
    "track_id": 1,
    "class": "car",
    "distance_m": 16.989808751184036,
    "bearing_deg": 11.004482590900608,
    "position_ego": [
      16.677404434677896,
      3.2431131222940133,
      -1.62890625
    ],
    "velocity_ego": [
      -4.751102824457144,
      -1.1355986379118463
    ],
    "risk_level": "medium",
    "risk_score": 0.42257643436611975
  },
  "abnormal_flags": []
}