{
  "sample_name": "sample_000063",
  "sequence_index": 63,
  "frame_id": 60064,
  "timestamp": 441.3197008445859,
  "prediction_variant": "single",
  "source_sample_dir": "D:\\Agent-AI\\outputs\\s3a_ml_long_v2\\sample_000063",
  "source_prediction_dir": "D:\\Agent-AI\\outputs\\live_watch_compare_multilane\\lw_s3a_ml_long_v2\\inference\\sample_000063",
  "ego": {
    "frame_id": 60064,
    "timestamp": 441.3197008445859,
    "sample_name": "sample_000063",
    "town": "Carla/Maps/Town10HD_Opt",
    "weather": {
      "cloudiness": 20.0,
      "dust_storm": 0.0,
      "fog_density": 2.0,
      "fog_distance": 0.75,
      "fog_falloff": 0.10000000149011612,
      "mie_scattering_scale": 0.029999999329447746,
      "precipitation": 0.0,
      "precipitation_deposits": 0.0,
      "rayleigh_scattering_scale": 0.03310000151395798,
      "scattering_intensity": 1.0,
      "sun_altitude_angle": 45.0,
      "sun_azimuth_angle": 300.0,
      "wetness": 0.0,
      "wind_intensity": 10.0
    },
    "position_world": [
      83.43838500976562,
      59.90657043457031,
      -0.0028499984182417393
    ],
    "velocity_world": [
      -5.447685241699219,
      2.626220941543579,
      -7.440566696459427e-05
    ],
    "speed_mps": 6.047669876238758,
    "yaw_deg": -152.65969848632812,
    "route_progress_m": 46.640055868080516,
    "world_from_ego_bevfusion": [
      [
        -0.888272762298584,
        -0.4593108892440796,
        -0.0022331001237034798,
        83.43838500976562
      ],
      [
        0.45926326513290405,
        -0.8882335424423218,
        0.010878490284085274,
        59.90657043457031
      ],
      [
        -0.006980123929679394,
        0.008637486025691032,
        0.9999383091926575,
        -0.0028499984182417393
      ],
      [
        0.0,
        0.0,
        0.0,
        1.0
      ]
    ]
  },
  "detections": [
    {
      "detection_id": "sample_000063_det_0000",
      "class_id": 0,
      "class_name": "car",
      "class_group": "vehicle",
      "score": 0.7802734375,
      "position_ego": [
        -22.414817810058594,
        2.0878448486328125,
        -1.525390625
      ],
      "size_xyz": [
        2.1328125,
        5.00390625,
        1.7646484375
      ],
      "yaw_rad": -0.994140625,
      "velocity_ego": [
        -6.616115570068359e-06,
        -2.2649765014648438e-06
      ],
      "speed_mps": 6.9930754170600005e-06,
      "distance_m": 22.511844739382923,
      "bearing_deg": 174.67849664450978,
      "source_confidence": 0.7802734375,
      "raw_box_9d": [
        -22.414817810058594,
        2.0878448486328125,
        -1.525390625,
        2.1328125,
        5.00390625,
        1.7646484375,
        -0.994140625,
        -6.616115570068359e-06,
        -2.2649765014648438e-06
      ]
    },
    {
      "detection_id": "sample_000063_det_0001",
      "class_id": 0,
      "class_name": "car",
      "class_group": "vehicle",
      "score": 0.64990234375,
      "position_ego": [
        12.560600280761719,
        1.9738807678222656,
        -1.36328125
      ],
      "size_xyz": [
        2.1484375,
        5.08203125,
        1.7578125
      ],
      "yaw_rad": -1.9150390625,
      "velocity_ego": [
        -6.616115570068359e-06,
        -2.2649765014648438e-06
      ],
      "speed_mps": 6.9930754170600005e-06,
      "distance_m": 12.714750673868913,
      "bearing_deg": 8.930911294650127,
      "source_confidence": 0.64990234375,
      "raw_box_9d": [
        12.560600280761719,
        1.9738807678222656,
        -1.36328125,
        2.1484375,
        5.08203125,
        1.7578125,
        -1.9150390625,
        -6.616115570068359e-06,
        -2.2649765014648438e-06
      ]
    },
    {
      "detection_id": "sample_000063_det_0002",
      "class_id": 0,
      "class_name": "car",
      "class_group": "vehicle",
      "score": 0.5634765625,
      "position_ego": [
        41.288970947265625,
        12.343177795410156,
        -0.83544921875
      ],
      "size_xyz": [
        2.14453125,
        4.859375,
        1.8193359375
      ],
      "yaw_rad": 1.0712890625,
      "velocity_ego": [
        -0.810546875,
        -0.2144775390625
      ],
      "speed_mps": 0.8384431115672499,
      "distance_m": 43.09446785810507,
      "bearing_deg": 16.64383121219853,
      "source_confidence": 0.5634765625,
      "raw_box_9d": [
        41.288970947265625,
        12.343177795410156,
        -0.83544921875,
        2.14453125,
        4.859375,
        1.8193359375,
        1.0712890625,
        -0.810546875,
        -0.2144775390625
      ]
    },
    {
      "detection_id": "sample_000063_det_0003",
      "class_id": 0,
      "class_name": "car",
      "class_group": "vehicle",
      "score": 0.499755859375,
      "position_ego": [
        43.23017883300781,
        9.937152862548828,
        -0.71728515625
      ],
      "size_xyz": [
        2.275390625,
        5.1796875,
        1.8759765625
      ],
      "yaw_rad": 1.0615234375,
      "velocity_ego": [
        -6.616115570068359e-06,
        -2.2649765014648438e-06
      ],
      "speed_mps": 6.9930754170600005e-06,
      "distance_m": 44.35758524702961,
      "bearing_deg": 12.945478165802024,
      "source_confidence": 0.499755859375,
      "raw_box_9d": [
        43.23017883300781,
        9.937152862548828,
        -0.71728515625,
        2.275390625,
        5.1796875,
        1.8759765625,
        1.0615234375,
        -6.616115570068359e-06,
        -2.2649765014648438e-06
      ]
    },
    {
      "detection_id": "sample_000063_det_0004",
      "class_id": 0,
      "class_name": "car",
      "class_group": "vehicle",
      "score": 0.43212890625,
      "position_ego": [
        48.46186828613281,
        20.062705993652344,
        -0.7880859375
      ],
      "size_xyz": [
        2.205078125,
        4.95703125,
        1.8359375
      ],
      "yaw_rad": 1.060546875,
      "velocity_ego": [
        -6.616115570068359e-06,
        -2.2649765014648438e-06
      ],
      "speed_mps": 6.9930754170600005e-06,
      "distance_m": 52.450594368131036,
      "bearing_deg": 22.489042745699305,
      "source_confidence": 0.43212890625,
      "raw_box_9d": [
        48.46186828613281,
        20.062705993652344,
        -0.7880859375,
        2.205078125,
        4.95703125,
        1.8359375,
        1.060546875,
        -6.616115570068359e-06,
        -2.2649765014648438e-06
      ]
    },
    {
      "detection_id": "sample_000063_det_0005",
      "class_id": 0,
      "class_name": "car",
      "class_group": "vehicle",
      "score": 0.28466796875,
      "position_ego": [
        20.641700744628906,
        37.42353820800781,
        -0.6708984375
      ],
      "size_xyz": [
        2.29296875,
        5.1484375,
        2.060546875
      ],
      "yaw_rad": 1.091796875,
      "velocity_ego": [
        -0.0003867149353027344,
        -0.00696563720703125
      ],
      "speed_mps": 0.006976363676096904,
      "distance_m": 42.738753159597834,
      "bearing_deg": 61.12018945055398,
      "source_confidence": 0.28466796875,
      "raw_box_9d": [
        20.641700744628906,
        37.42353820800781,
        -0.6708984375,
        2.29296875,
        5.1484375,
        2.060546875,
        1.091796875,
        -0.0003867149353027344,
        -0.00696563720703125
      ]
    }
  ],
  "class_names": [
    "car",
    "truck",
    "construction_vehicle",
    "bus",
    "trailer",
    "barrier",
    "motorcycle",
    "bicycle",
    "pedestrian",
    "traffic_cone"
  ],
  "raw_prediction_count": 200,
  "filtered_prediction_count": 6
}