{
  "sample_name": "sample_000096",
  "sequence_index": 96,
  "frame_id": 60097,
  "timestamp": 444.6197008937597,
  "prediction_variant": "single",
  "source_sample_dir": "D:\\Agent-AI\\outputs\\s3a_ml_long_v2\\sample_000096",
  "source_prediction_dir": "D:\\Agent-AI\\outputs\\live_watch_compare_multilane\\lw_s3a_ml_long_v2\\inference\\sample_000096",
  "ego": {
    "frame_id": 60097,
    "timestamp": 444.6197008937597,
    "sample_name": "sample_000096",
    "town": "Carla/Maps/Town10HD_Opt",
    "weather": {
      "cloudiness": 20.0,
      "dust_storm": 0.0,
      "fog_density": 2.0,
      "fog_distance": 0.75,
      "fog_falloff": 0.10000000149011612,
      "mie_scattering_scale": 0.029999999329447746,
      "precipitation": 0.0,
      "precipitation_deposits": 0.0,
      "rayleigh_scattering_scale": 0.03310000151395798,
      "scattering_intensity": 1.0,
      "sun_altitude_angle": 45.0,
      "sun_azimuth_angle": 300.0,
      "wetness": 0.0,
      "wind_intensity": 10.0
    },
    "position_world": [
      77.28775787353516,
      62.27983856201172,
      -0.0043731690384447575
    ],
    "velocity_world": [
      0.0002985618484672159,
      -6.941526953596622e-05,
      -4.158020146860508e-06
    ],
    "speed_mps": 0.0003065533332659316,
    "yaw_deg": -161.72349548339844,
    "route_progress_m": 53.24135127116993,
    "world_from_ego_bevfusion": [
      [
        -0.9495539665222168,
        -0.313603013753891,
        -0.0005802453961223364,
        77.28775787353516
      ],
      [
        0.3136029839515686,
        -0.9495541453361511,
        0.0001349800731986761,
        62.27983856201172
      ],
      [
        -0.0005933045758865774,
        -5.3795825806446373e-05,
        0.9999998211860657,
        -0.0043731690384447575
      ],
      [
        0.0,
        0.0,
        0.0,
        1.0
      ]
    ]
  },
  "detections": [
    {
      "detection_id": "sample_000096_det_0001",
      "class_id": 0,
      "class_name": "car",
      "class_group": "vehicle",
      "score": 0.6572265625,
      "position_ego": [
        -28.426389694213867,
        5.9901885986328125,
        -1.2060546875
      ],
      "size_xyz": [
        2.1171875,
        4.8125,
        1.8056640625
      ],
      "yaw_rad": -0.849609375,
      "velocity_ego": [
        -6.616115570068359e-06,
        -2.2649765014648438e-06
      ],
      "speed_mps": 6.9930754170600005e-06,
      "distance_m": 29.050679690749043,
      "bearing_deg": 168.10036913879296,
      "source_confidence": 0.6572265625,
      "raw_box_9d": [
        -28.426389694213867,
        5.9901885986328125,
        -1.2060546875,
        2.1171875,
        4.8125,
        1.8056640625,
        -0.849609375,
        -6.616115570068359e-06,
        -2.2649765014648438e-06
      ]
    },
    {
      "detection_id": "sample_000096_det_0002",
      "class_id": 0,
      "class_name": "car",
      "class_group": "vehicle",
      "score": 0.63134765625,
      "position_ego": [
        6.110744476318359,
        0.24463272094726562,
        -1.4912109375
      ],
      "size_xyz": [
        2.138671875,
        5.0078125,
        1.7587890625
      ],
      "yaw_rad": -1.7353515625,
      "velocity_ego": [
        -6.616115570068359e-06,
        -2.2649765014648438e-06
      ],
      "speed_mps": 6.9930754170600005e-06,
      "distance_m": 6.1156392325752345,
      "bearing_deg": 2.2925098314553356,
      "source_confidence": 0.63134765625,
      "raw_box_9d": [
        6.110744476318359,
        0.24463272094726562,
        -1.4912109375,
        2.138671875,
        5.0078125,
        1.7587890625,
        -1.7353515625,
        -6.616115570068359e-06,
        -2.2649765014648438e-06
      ]
    },
    {
      "detection_id": "sample_000096_det_0000",
      "class_id": 0,
      "class_name": "car",
      "class_group": "vehicle",
      "score": 0.58154296875,
      "position_ego": [
        37.70537567138672,
        3.3242835998535156,
        -1.173828125
      ],
      "size_xyz": [
        2.189453125,
        4.93359375,
        1.794921875
      ],
      "yaw_rad": 1.251953125,
      "velocity_ego": [
        -6.616115570068359e-06,
        -2.2649765014648438e-06
      ],
      "speed_mps": 6.9930754170600005e-06,
      "distance_m": 37.851634257620326,
      "bearing_deg": 5.0384382480768135,
      "source_confidence": 0.58154296875,
      "raw_box_9d": [
        37.70537567138672,
        3.3242835998535156,
        -1.173828125,
        2.189453125,
        4.93359375,
        1.794921875,
        1.251953125,
        -6.616115570068359e-06,
        -2.2649765014648438e-06
      ]
    },
    {
      "detection_id": "sample_000096_det_0004",
      "class_id": 0,
      "class_name": "car",
      "class_group": "vehicle",
      "score": 0.49560546875,
      "position_ego": [
        36.258766174316406,
        6.065773010253906,
        -1.267578125
      ],
      "size_xyz": [
        2.1953125,
        4.94140625,
        1.798828125
      ],
      "yaw_rad": 1.2529296875,
      "velocity_ego": [
        -6.616115570068359e-06,
        -2.2649765014648438e-06
      ],
      "speed_mps": 6.9930754170600005e-06,
      "distance_m": 36.762640366215216,
      "bearing_deg": 9.49713546925932,
      "source_confidence": 0.49560546875,
      "raw_box_9d": [
        36.258766174316406,
        6.065773010253906,
        -1.267578125,
        2.1953125,
        4.94140625,
        1.798828125,
        1.2529296875,
        -6.616115570068359e-06,
        -2.2649765014648438e-06
      ]
    },
    {
      "detection_id": "sample_000096_det_0003",
      "class_id": 4,
      "class_name": "trailer",
      "class_group": "vehicle",
      "score": 0.343505859375,
      "position_ego": [
        15.421440124511719,
        27.6005859375,
        0.0546875
      ],
      "size_xyz": [
        3.5390625,
        19.65625,
        3.34375
      ],
      "yaw_rad": -2.052734375,
      "velocity_ego": [
        1.1875,
        1.4326171875
      ],
      "speed_mps": 1.860792373135813,
      "distance_m": 31.616659526382968,
      "bearing_deg": 60.80633708896297,
      "source_confidence": 0.343505859375,
      "raw_box_9d": [
        15.421440124511719,
        27.6005859375,
        0.0546875,
        3.5390625,
        19.65625,
        3.34375,
        -2.052734375,
        1.1875,
        1.4326171875
      ]
    },
    {
      "detection_id": "sample_000096_det_0005",
      "class_id": 0,
      "class_name": "car",
      "class_group": "vehicle",
      "score": 0.2431640625,
      "position_ego": [
        19.61602020263672,
        33.88850402832031,
        -0.7021484375
      ],
      "size_xyz": [
        2.30859375,
        5.30078125,
        2.037109375
      ],
      "yaw_rad": 1.25390625,
      "velocity_ego": [
        -0.024627685546875,
        -0.017578125
      ],
      "speed_mps": 0.03025745154356825,
      "distance_m": 39.15633989365878,
      "bearing_deg": 59.93602668967343,
      "source_confidence": 0.2431640625,
      "raw_box_9d": [
        19.61602020263672,
        33.88850402832031,
        -0.7021484375,
        2.30859375,
        5.30078125,
        2.037109375,
        1.25390625,
        -0.024627685546875,
        -0.017578125
      ]
    },
    {
      "detection_id": "sample_000096_det_0007",
      "class_id": 0,
      "class_name": "car",
      "class_group": "vehicle",
      "score": 0.2115478515625,
      "position_ego": [
        26.399124145507812,
        -8.558494567871094,
        -1.1416015625
      ],
      "size_xyz": [
        2.21484375,
        4.9609375,
        1.8056640625
      ],
      "yaw_rad": 1.3623046875,
      "velocity_ego": [
        -6.616115570068359e-06,
        -2.2649765014648438e-06
      ],
      "speed_mps": 6.9930754170600005e-06,
      "distance_m": 27.751785256415715,
      "bearing_deg": -17.96249490163006,
      "source_confidence": 0.2115478515625,