{
  "active_object_count": 9,
  "front_free_space_m": 8.861163088659483,
  "left_side_occupancy": 0.15807267303568462,
  "right_side_occupancy": 0.3242616027109061,
  "rear_gap_m": 16.01403940916063,
  "nearest_front_vehicle": {
    "track_id": 2,
    "class": "car",
    "distance_m": 9.996912015777102,
    "bearing_deg": 6.206799175319851,
    "position_ego": [
      9.938311526159483,
      1.0808394238711636,
      -1.494140625
    ],
    "velocity_ego": [
      -2.1287269959007693,
      -0.5341001399971248
    ],
    "risk_level": "high",
    "risk_score": 0.7250231598816718
  },
  "nearest_vru": null,
  "nearest_any_object": {
    "track_id": 2,
    "class": "car",
    "distance_m": 9.996912015777102,
    "bearing_deg": 6.206799175319851,
    "position_ego": [
      9.938311526159483,
      1.0808394238711636,
      -1.494140625
    ],
    "velocity_ego": [
      -2.1287269959007693,
      -0.5341001399971248
    ],
    "risk_level": "high",
    "risk_score": 0.7250231598816718
  },
  "abnormal_flags": [
    "high_risk_scene"
  ]
}