{
  "active_object_count": 3,
  "front_free_space_m": 10.450726722358453,
  "left_side_occupancy": 0.0,
  "right_side_occupancy": 0.0,
  "rear_gap_m": null,
  "nearest_front_vehicle": {
    "track_id": 1,
    "class": "car",
    "distance_m": 11.588231407125443,
    "bearing_deg": 6.393618554188857,
    "position_ego": [
      11.516156409858453,
      1.290445151397215,
      -1.482421875
    ],
    "velocity_ego": [
      -0.6921607070433313,
      -0.3645868101464108
    ],
    "risk_level": "high",
    "risk_score": 0.6130882644465592
  },
  "nearest_vru": null,
  "nearest_any_object": {
    "track_id": 1,
    "class": "car",
    "distance_m": 11.588231407125443,
    "bearing_deg": 6.393618554188857,
    "position_ego": [
      11.516156409858453,
      1.290445151397215,
      -1.482421875
    ],
    "velocity_ego": [
      -0.6921607070433313,
      -0.3645868101464108
    ],
    "risk_level": "high",
    "risk_score": 0.6130882644465592
  },
  "abnormal_flags": [
    "high_risk_scene"
  ]
}