{
  "active_object_count": 2,
  "front_free_space_m": 5.385248483602176,
  "left_side_occupancy": 0.0,
  "right_side_occupancy": 0.7731559562334751,
  "rear_gap_m": null,
  "nearest_front_vehicle": {
    "track_id": 1,
    "class": "car",
    "distance_m": 6.4517553851944305,
    "bearing_deg": 2.019414644216156,
    "position_ego": [
      6.447748483602176,
      0.22734784492307641,
      -1.478515625
    ],
    "velocity_ego": [
      0.00654611009612457,
      -0.0005801217999925061
    ],
    "risk_level": "high",
    "risk_score": 0.6516118346110418
  },
  "nearest_vru": null,
  "nearest_any_object": {
    "track_id": 1,
    "class": "car",
    "distance_m": 6.4517553851944305,
    "bearing_deg": 2.019414644216156,
    "position_ego": [
      6.447748483602176,
      0.22734784492307641,
      -1.478515625
    ],
    "velocity_ego": [
      0.00654611009612457,
      -0.0005801217999925061
    ],
    "risk_level": "high",
    "risk_score": 0.6516118346110418
  },
  "abnormal_flags": [
    "front_blocked",
    "high_risk_scene"
  ]
}