{
  "sample_name": "sample_000067",
  "sequence_index": 67,
  "frame_id": 726340,
  "timestamp": 5003.894624818116,
  "prediction_variant": "single",
  "source_sample_dir": "D:\\Agent-AI\\outputs\\s3a_ml_long_v1\\sample_000067",
  "source_prediction_dir": "D:\\Agent-AI\\outputs\\live_watch_compare_multilane\\lw_s3a_ml_long_v1\\inference\\sample_000067",
  "ego": {
    "frame_id": 726340,
    "timestamp": 5003.894624818116,
    "sample_name": "sample_000067",
    "town": "Carla/Maps/Town10HD_Opt",
    "weather": {
      "cloudiness": 20.0,
      "dust_storm": 0.0,
      "fog_density": 2.0,
      "fog_distance": 0.75,
      "fog_falloff": 0.10000000149011612,
      "mie_scattering_scale": 0.029999999329447746,
      "precipitation": 0.0,
      "precipitation_deposits": 0.0,
      "rayleigh_scattering_scale": 0.03310000151395798,
      "scattering_intensity": 1.0,
      "sun_altitude_angle": 45.0,
      "sun_azimuth_angle": 300.0,
      "wetness": 0.0,
      "wind_intensity": 10.0
    },
    "position_world": [
      103.61872100830078,
      37.356040954589844,
      -0.004499893169850111
    ],
    "velocity_world": [
      3.569839535089159e-08,
      -6.982205746908221e-08,
      -9.53674295089968e-09
    ],
    "speed_mps": 7.899648476961434e-08,
    "yaw_deg": -109.1600341796875,
    "route_progress_m": 15.600500621981029,
    "world_from_ego_bevfusion": [
      [
        -0.3282078504562378,
        -0.9446055293083191,
        -1.91164235729957e-06,
        103.61872100830078
      ],
      [
        0.9446055293083191,
        -0.3282078504562378,
        3.8789926293247845e-06,
        37.356040954589844
      ],
      [
        -4.291533969080774e-06,
        -5.326321002030454e-07,
        1.0,
        -0.004499893169850111
      ],
      [
        0.0,
        0.0,
        0.0,
        1.0
      ]
    ]
  },
  "detections": [
    {
      "detection_id": "sample_000067_det_0000",
      "class_id": 0,
      "class_name": "car",
      "class_group": "vehicle",
      "score": 0.65185546875,
      "position_ego": [
        6.4468536376953125,
        0.22708892822265625,
        -1.48046875
      ],
      "size_xyz": [
        2.125,
        4.8828125,
        1.7841796875
      ],
      "yaw_rad": -1.6787109375,
      "velocity_ego": [
        -6.616115570068359e-06,
        -2.2649765014648438e-06
      ],
      "speed_mps": 6.9930754170600005e-06,
      "distance_m": 6.450851975296488,
      "bearing_deg": 2.017396472019384,
      "source_confidence": 0.65185546875,
      "raw_box_9d": [
        6.4468536376953125,
        0.22708892822265625,
        -1.48046875,
        2.125,
        4.8828125,
        1.7841796875,
        -1.6787109375,
        -6.616115570068359e-06,
        -2.2649765014648438e-06
      ]
    },
    {
      "detection_id": "sample_000067_det_0001",
      "class_id": 0,
      "class_name": "car",
      "class_group": "vehicle",
      "score": 0.1295166015625,
      "position_ego": [
        6.015384674072266,
        -3.1798057556152344,
        -1.62890625
      ],
      "size_xyz": [
        2.169921875,
        5.08203125,
        1.7978515625
      ],
      "yaw_rad": -1.6318359375,
      "velocity_ego": [
        -6.616115570068359e-06,
        -2.2649765014648438e-06
      ],
      "speed_mps": 6.9930754170600005e-06,
      "distance_m": 6.804117681265314,
      "bearing_deg": -27.86147677933026,
      "source_confidence": 0.1295166015625,
      "raw_box_9d": [
        6.015384674072266,
        -3.1798057556152344,
        -1.62890625,
        2.169921875,
        5.08203125,
        1.7978515625,
        -1.6318359375,
        -6.616115570068359e-06,
        -2.2649765014648438e-06
      ]
    }
  ],
  "class_names": [
    "car",
    "truck",
    "construction_vehicle",
    "bus",
    "trailer",
    "barrier",
    "motorcycle",
    "bicycle",
    "pedestrian",
    "traffic_cone"
  ],
  "raw_prediction_count": 200,
  "filtered_prediction_count": 2
}