{
  "sample_name": "sample_000026",
  "sequence_index": 26,
  "frame_id": 726299,
  "timestamp": 4999.794624757022,
  "prediction_variant": "single",
  "source_sample_dir": "D:\\Agent-AI\\outputs\\s3a_ml_long_v1\\sample_000026",
  "source_prediction_dir": "D:\\Agent-AI\\outputs\\live_watch_compare_multilane\\lw_s3a_ml_long_v1\\inference\\sample_000026",
  "ego": {
    "frame_id": 726299,
    "timestamp": 4999.794624757022,
    "sample_name": "sample_000026",
    "town": "Carla/Maps/Town10HD_Opt",
    "weather": {
      "cloudiness": 20.0,
      "dust_storm": 0.0,
      "fog_density": 2.0,
      "fog_distance": 0.75,
      "fog_falloff": 0.10000000149011612,
      "mie_scattering_scale": 0.029999999329447746,
      "precipitation": 0.0,
      "precipitation_deposits": 0.0,
      "rayleigh_scattering_scale": 0.03310000151395798,
      "scattering_intensity": 1.0,
      "sun_altitude_angle": 45.0,
      "sun_azimuth_angle": 300.0,
      "wetness": 0.0,
      "wind_intensity": 10.0
    },
    "position_world": [
      104.91380310058594,
      33.38410186767578,
      -0.005115394480526447
    ],
    "velocity_world": [
      -0.6785891652107239,
      2.2720820903778076,
      -4.19616708313697e-06
    ],
    "speed_mps": 2.3712528925811736,
    "yaw_deg": -103.7164535522461,
    "route_progress_m": 11.419956693084998,
    "world_from_ego_bevfusion": [
      [
        -0.23711605370044708,
        -0.9714778065681458,
        0.00262887729331851,
        104.91380310058594
      ],
      [
        0.9714769124984741,
        -0.23712226748466492,
        -0.0023759938776493073,
        33.38410186767578
      ],
      [
        0.002931590424850583,
        0.001990507123991847,
        0.9999937415122986,
        -0.005115394480526447
      ],
      [
        0.0,
        0.0,
        0.0,
        1.0
      ]
    ]
  },
  "detections": [
    {
      "detection_id": "sample_000026_det_0000",
      "class_id": 0,
      "class_name": "car",
      "class_group": "vehicle",
      "score": 0.7802734375,
      "position_ego": [
        10.4014892578125,
        -2.2571754455566406,
        -1.4931640625
      ],
      "size_xyz": [
        2.115234375,
        4.83203125,
        1.869140625
      ],
      "yaw_rad": -1.75390625,
      "velocity_ego": [
        -6.616115570068359e-06,
        -2.2649765014648438e-06
      ],
      "speed_mps": 6.9930754170600005e-06,
      "distance_m": 10.643581153559767,
      "bearing_deg": -12.243638650239708,
      "source_confidence": 0.7802734375,
      "raw_box_9d": [
        10.4014892578125,
        -2.2571754455566406,
        -1.4931640625,
        2.115234375,
        4.83203125,
        1.869140625,
        -1.75390625,
        -6.616115570068359e-06,
        -2.2649765014648438e-06
      ]
    },
    {
      "detection_id": "sample_000026_det_0001",
      "class_id": 0,
      "class_name": "car",
      "class_group": "vehicle",
      "score": 0.720703125,
      "position_ego": [
        10.455032348632812,
        1.1901893615722656,
        -1.44921875
      ],
      "size_xyz": [
        2.1796875,
        4.95703125,
        1.83203125
      ],
      "yaw_rad": -1.7880859375,
      "velocity_ego": [
        -6.616115570068359e-06,
        -2.2649765014648438e-06
      ],
      "speed_mps": 6.9930754170600005e-06,
      "distance_m": 10.522559200468217,
      "bearing_deg": 6.494529859743347,
      "source_confidence": 0.720703125,
      "raw_box_9d": [
        10.455032348632812,
        1.1901893615722656,
        -1.44921875,
        2.1796875,
        4.95703125,
        1.83203125,
        -1.7880859375,
        -6.616115570068359e-06,
        -2.2649765014648438e-06
      ]
    },
    {
      "detection_id": "sample_000026_det_0002",
      "class_id": 0,
      "class_name": "car",
      "class_group": "vehicle",
      "score": 0.5556640625,
      "position_ego": [
        29.281936645507812,
        7.576393127441406,
        -1.388671875
      ],
      "size_xyz": [
        2.169921875,
        4.88671875,
        1.833984375
      ],
      "yaw_rad": 0.81005859375,
      "velocity_ego": [
        -6.616115570068359e-06,
        -2.2649765014648438e-06
      ],
      "speed_mps": 6.9930754170600005e-06,
      "distance_m": 30.24621540842878,
      "bearing_deg": 14.50654619962485,
      "source_confidence": 0.5556640625,
      "raw_box_9d": [
        29.281936645507812,
        7.576393127441406,
        -1.388671875,
        2.169921875,
        4.88671875,
        1.833984375,
        0.81005859375,
        -6.616115570068359e-06,
        -2.2649765014648438e-06
      ]
    },
    {
      "detection_id": "sample_000026_det_0003",
      "class_id": 0,
      "class_name": "car",
      "class_group": "vehicle",
      "score": 0.54150390625,
      "position_ego": [
        37.639892578125,
        25.317047119140625,
        -1.0654296875
      ],
      "size_xyz": [
        2.193359375,
        5.2109375,
        1.861328125
      ],
      "yaw_rad": 0.333984375,
      "velocity_ego": [
        -0.0256805419921875,
        -0.24267578125
      ],
      "speed_mps": 0.24403078707882406,
      "distance_m": 45.36203686041419,
      "bearing_deg": 33.925254158319675,
      "source_confidence": 0.54150390625,
      "raw_box_9d": [
        37.639892578125,
        25.317047119140625,
        -1.0654296875,
        2.193359375,
        5.2109375,
        1.861328125,
        0.333984375,
        -0.0256805419921875,
        -0.24267578125
      ]
    },
    {
      "detection_id": "sample_000026_det_0004",
      "class_id": 0,
      "class_name": "car",
      "class_group": "vehicle",
      "score": 0.1224365234375,
      "position_ego": [
        29.314163208007812,
        -6.263999938964844,
        -1.3046875
      ],
      "size_xyz": [
        2.232421875,
        5.07421875,
        1.892578125
      ],
      "yaw_rad": 1.38671875,
      "velocity_ego": [
        -0.052825927734375,
        -0.03118896484375
      ],
      "speed_mps": 0.06134598739136964,
      "distance_m": 29.97595469407222,
      "bearing_deg": -12.061851246990178,
      "source_confidence": 0.1224365234375,
      "raw_box_9d": [
        29.314163208007812,
        -6.263999938964844,
        -1.3046875,
        2.232421875,
        5.07421875,
        1.892578125,
        1.38671875,
        -0.052825927734375,
        -0.03118896484375
      ]
    }
  ],
  "class_names": [
    "car",
    "truck",
    "construction_vehicle",
    "bus",
    "trailer",
    "barrier",
    "motorcycle",
    "bicycle",
    "pedestrian",
    "traffic_cone"
  ],
  "raw_prediction_count": 200,
  "filtered_prediction_count": 5
}