{
  "active_object_count": 1,
  "front_free_space_m": null,
  "left_side_occupancy": 0.0,
  "right_side_occupancy": 0.0,
  "rear_gap_m": null,
  "nearest_front_vehicle": null,
  "nearest_vru": null,
  "nearest_any_object": {
    "track_id": 4,
    "class": "car",
    "distance_m": 42.66357292089719,
    "bearing_deg": -19.16259019332683,
    "position_ego": [
      40.29962248438304,
      -14.00431654858318,
      -0.90576171875
    ],
    "velocity_ego": [
      -8.029863326684819,
      -9.35998636983318
    ],
    "risk_level": "low",
    "risk_score": 0.15000000000000002
  },
  "abnormal_flags": []
}