{
  "frame": 3923,
  "timestamp": 39.43108655139804,
  "sample_name": "sample_000003",
  "ego": {
    "frame_id": 3923,
    "timestamp": 39.43108655139804,
    "sample_name": "sample_000003",
    "town": "Carla/Maps/Town10HD_Opt",
    "weather": {
      "cloudiness": 20.0,
      "dust_storm": 0.0,
      "fog_density": 2.0,
      "fog_distance": 0.75,
      "fog_falloff": 0.10000000149011612,
      "mie_scattering_scale": 0.029999999329447746,
      "precipitation": 0.0,
      "precipitation_deposits": 0.0,
      "rayleigh_scattering_scale": 0.03310000151395798,
      "scattering_intensity": 1.0,
      "sun_altitude_angle": 45.0,
      "sun_azimuth_angle": 300.0,
      "wetness": 0.0,
      "wind_intensity": 10.0
    },
    "position_world": [
      109.90635681152344,
      21.137441635131836,
      -0.006554336287081242
    ],
    "velocity_world": [
      -0.10797151178121567,
      4.1296796798706055,
      -4.4250486098462716e-05
    ],
    "speed_mps": 4.131090910116916,
    "yaw_deg": -90.88865661621094,
    "route_progress_m": 0.0,
    "world_from_ego_bevfusion": [
      [
        -0.015508660115301609,
        -0.9998794198036194,
        0.0007563784020021558,
        109.90635681152344
      ],
      [
        0.9998329877853394,
        -0.015515245497226715,
        -0.009658461436629295,
        21.137441635131836
      ],
      [
        0.009669032879173756,
        0.0006064623012207448,
        0.9999530911445618,
        -0.006554336287081242
      ],
      [
        0.0,
        0.0,
        0.0,
        1.0
      ]
    ],
    "position_world_carla": [
      109.90635681152344,
      -21.137441635131836,
      -0.006554336287081242
    ]
  },
  "scene": {
    "active_object_count": 2,
    "front_free_space_m": null,
    "left_side_occupancy": 0.18550340978733837,
    "right_side_occupancy": 0.0,
    "rear_gap_m": null,
    "nearest_front_vehicle": null,
    "nearest_vru": null,
    "nearest_any_object": {
      "track_id": 1,
      "class": "car",
      "distance_m": 24.43489770637985,
      "bearing_deg": 12.304623243763853,
      "position_ego": [
        23.87358856201172,
        5.207302093505859,
        -1.658203125
      ],
      "velocity_ego": [
        -6.616115570068359e-06,
        -2.2649765014648438e-06
      ],
      "risk_level": "low",
      "risk_score": 0.2667382672021511
    },
    "abnormal_flags": [],
    "lane_scene": {
      "current_lane_blocked": false,
      "front_object_in_current_lane": null,
      "front_object_count_current_lane": 0,
      "left_lane_occupancy_count": 0,
      "right_lane_occupancy_count": 0,
      "left_lane_available": true,
      "right_lane_available": false,
      "junction_active": false,
      "junction_ahead": false
    }
  },
  "risk_summary": {
    "highest_risk_level": "low",
    "highest_risk_score": 0.2667382672021511,
    "urgent_track_ids": [],
    "front_hazard_track_id": null,
    "nearest_front_vehicle_distance_m": 24.43489770637985,
    "nearest_vru_distance_m": null,
    "minimum_ttc_seconds": 98.1250822368421,
    "flags": []
  },
  "decision_context": {
    "recommended_maneuvers": [
      "keep_lane"
    ],
    "hard_constraints": [],
    "soft_constraints": [
      "prefer_right_if_replan"
    ],
    "stage2_decision_intent": {
      "frame_id": 3923,
      "timestamp": 39.43108655139804,
      "maneuver": "keep_lane",
      "target_speed_mps": 8.0,
      "lane_preference": "prefer_right",
      "constraints": [],
      "confidence": 0.6,
      "reasoning_tags": [
        "cruise"
      ]
    },
    "maneuver_validation_preview": {
      "frame_id": 3923,
      "requested_intent": {
        "frame_id": 3923,
        "timestamp": 39.43108655139804,
        "maneuver": "keep_lane",
        "target_speed_mps": 8.0,
        "lane_preference": "prefer_right",
        "constraints": [],
        "confidence": 0.6,
        "reasoning_tags": [
          "cruise"
        ]
      },
      "valid_maneuvers": [
        "keep_lane",
        "lane_change_left"
      ],
      "invalid_maneuvers": [
        {
          "maneuver": "follow",
          "reason": "no_front_object_in_current_lane"
        },
        {
          "maneuver": "slow_down",
          "reason": "scene_not_constrained"
        },
        {
          "maneuver": "stop",
          "reason": "no_immediate_stop_condition"
        },
        {
          "maneuver": "yield",
          "reason": "no_vru_yield_condition"
        },
        {
          "maneuver": "lane_change_right",
          "reason": "no_right_lane"
        }
      ],
      "selected_behavior": "keep_lane",
      "selected_maneuver": "keep_lane",
      "lane_change_permission": {
        "left": true,
        "right": false,
        "left_reason": null,
        "right_reason": "no_right_lane"
      },
      "reasoning_tags": []
    }
  },
  "lane_context": {
    "frame_id": 3923,
    "sample_name": "sample_000003",
    "current_lane": {
      "exists": true,
      "role": "current_lane",
      "road_id": 0,
      "section_id": 0,
      "lane_id": -2,
      "lane_width_m": 3.5,
      "lane_type": "Driving",
      "lane_change": "Left",
      "same_direction_as_ego": true,
      "transform_carla": {
        "location": {
          "x": 109.9601058959961,
          "y": -21.11578369140625,
          "z": 0.0
        },
        "rotation": {
          "roll": 0.0,
          "pitch": 0.0,
          "yaw": 270.6238098144531
        }
      },
      "transform_bevfusion_world": {
        "location": {
          "x": 109.9601058959961,
          "y": 21.11578369140625,
          "z": 0.0
        },
        "rotation": {
          "roll": 0.0,
          "pitch": 0.0,
          "yaw": 270.6238098144531
        }
      },
      "lane_change_allowed_from_current": false
    },
    "left_lane": {
      "exists": true,
      "role": "left_lane",
      "road_id": 0,
      "section_id": 0,
      "lane_id": -1,
      "lane_width_m": 3.5,
      "lane_type": "Driving",
      "lane_change": "Right",
      "same_direction_as_ego": true,
      "transform_carla": {
        "location": {
          "x": 106.46031188964844,
          "y": -21.15389060974121,
          "z": 0.0
        },
        "rotation": {
          "roll": 0.0,
          "pitch": 0.0,
          "yaw": 270.6238098144531
        }
      },
      "transform_bevfusion_world": {
        "location": {
          "x": 106.46031188964844,
          "y": 21.15389060974121,
          "z": 0.0
        },
        "rotation": {
          "roll": 0.0,
          "pitch": 0.0,
          "yaw": 270.6238098144531
        }
      },
      "lane_change_allowed_from_current": true
    },
    "right_lane": {
      "exists": false,
      "role": "right_lane",
      "road_id": null,
      "section_id": null,
      "lane_id": null,
      "lane_width_m": null,
      "lane_type": null,
      "lane_change": null,
      "same_direction_as_ego": false,
      "transform_carla": null,
      "transform_bevfusion_world": null,
      "lane_change_allowed_from_current": false
    },
    "forward_corridor": {
      "horizon_m": 60.0,
      "sample_step_m": 5.0,
      "chain": [
        {
          "distance_m": 0.0,
          "road_id": 0,
          "section_id": 0,
          "lane_id": -2,
          "is_junction": false,
          "yaw_deg": 270.6238098144531,
          "position_carla": {
            "x": 109.9601058959961,
            "y": -21.11578369140625,
            "z": 0.0
          },
          "position_bevfusion_world": {
            "x": 109.9601058959961,
            "y": 21.11578369140625,
            "z": 0.0
          }
        },
        {
          "distance_m": 5.0,
          "road_id": 10,
          "section_id": 0,
          "lane_id": -2,
          "is_junction": false,
          "yaw_deg": -94.23282623291016,
          "position_carla": {
            "x": 109.86246490478516,
            "y": -26.557655334472656,
            "z": 0.0
          },