{
  "active_object_count": 5,
  "front_free_space_m": 6.898774272588206,
  "left_side_occupancy": 0.09822330462283069,
  "right_side_occupancy": 0.1357575811156465,
  "rear_gap_m": 49.999903870166236,
  "nearest_front_vehicle": {
    "track_id": 1,
    "class": "car",
    "distance_m": 7.996655393861472,
    "bearing_deg": 3.2574388869378526,
    "position_ego": [
      7.983735210088206,
      0.45438924213893783,
      -1.494140625
    ],
    "velocity_ego": [
      -1.9555779078604913,
      -0.6246532152492302
    ],
    "risk_level": "high",
    "risk_score": 0.740025084546039
  },
  "nearest_vru": null,
  "nearest_any_object": {
    "track_id": 1,
    "class": "car",
    "distance_m": 7.996655393861472,
    "bearing_deg": 3.2574388869378526,
    "position_ego": [
      7.983735210088206,
      0.45438924213893783,
      -1.494140625
    ],
    "velocity_ego": [
      -1.9555779078604913,
      -0.6246532152492302
    ],
    "risk_level": "high",
    "risk_score": 0.740025084546039
  },
  "abnormal_flags": [
    "front_blocked",
    "high_risk_scene"
  ]
}