{
  "active_object_count": 5,
  "front_free_space_m": 5.302893265051426,
  "left_side_occupancy": 0.12630757795236613,
  "right_side_occupancy": 0.773847516425978,
  "rear_gap_m": 36.81518687009813,
  "nearest_front_vehicle": {
    "track_id": 1,
    "class": "car",
    "distance_m": 6.358039243052048,
    "bearing_deg": 2.1231440870487712,
    "position_ego": [
      6.353674515051426,
      0.23554866371067323,
      -1.408203125
    ],
    "velocity_ego": [
      0.07190441657575818,
      0.009416973721703928
    ],
    "risk_level": "high",
    "risk_score": 0.6523147056771097
  },
  "nearest_vru": null,
  "nearest_any_object": {
    "track_id": 1,
    "class": "car",
    "distance_m": 6.358039243052048,
    "bearing_deg": 2.1231440870487712,
    "position_ego": [
      6.353674515051426,
      0.23554866371067323,
      -1.408203125
    ],
    "velocity_ego": [
      0.07190441657575818,
      0.009416973721703928
    ],
    "risk_level": "high",
    "risk_score": 0.6523147056771097
  },
  "abnormal_flags": [
    "front_blocked",
    "high_risk_scene"
  ]
}