{
  "sample_name": "sample_000031",
  "sequence_index": 31,
  "frame_id": 726304,
  "timestamp": 5000.294624764472,
  "prediction_variant": "single",
  "source_sample_dir": "D:\\Agent-AI\\outputs\\s3a_ml_long_v1\\sample_000031",
  "source_prediction_dir": "D:\\Agent-AI\\outputs\\live_watch_compare_multilane\\lw_s3a_ml_long_v1\\inference\\sample_000031",
  "ego": {
    "frame_id": 726304,
    "timestamp": 5000.294624764472,
    "sample_name": "sample_000031",
    "town": "Carla/Maps/Town10HD_Opt",
    "weather": {
      "cloudiness": 20.0,
      "dust_storm": 0.0,
      "fog_density": 2.0,
      "fog_distance": 0.75,
      "fog_falloff": 0.10000000149011612,
      "mie_scattering_scale": 0.029999999329447746,
      "precipitation": 0.0,
      "precipitation_deposits": 0.0,
      "rayleigh_scattering_scale": 0.03310000151395798,
      "scattering_intensity": 1.0,
      "sun_altitude_angle": 45.0,
      "sun_azimuth_angle": 300.0,
      "wetness": 0.0,
      "wind_intensity": 10.0
    },
    "position_world": [
      104.44953155517578,
      34.95071029663086,
      -0.00481071462854743
    ],
    "velocity_world": [
      -0.9099628329277039,
      2.9595532417297363,
      7.706641918048263e-05
    ],
    "speed_mps": 3.096286122741572,
    "yaw_deg": -105.76590728759766,
    "route_progress_m": 13.053921844350668,
    "world_from_ego_bevfusion": [
      [
        -0.2717074155807495,
        -0.9623790979385376,
        0.001218357589095831,
        104.44953155517578
      ],
      [
        0.9623788595199585,
        -0.27170878648757935,
        -0.0011542201973497868,
        34.95071029663086
      ],
      [
        0.001441835891455412,
        0.0008589114877395332,
        0.9999986290931702,
        -0.00481071462854743
      ],
      [
        0.0,
        0.0,
        0.0,
        1.0
      ]
    ]
  },
  "detections": [
    {
      "detection_id": "sample_000031_det_0000",
      "class_id": 0,
      "class_name": "car",
      "class_group": "vehicle",
      "score": 0.85546875,
      "position_ego": [
        8.702556610107422,
        -2.6559066772460938,
        -1.513671875
      ],
      "size_xyz": [
        2.138671875,
        4.92578125,
        1.8173828125
      ],
      "yaw_rad": -1.6962890625,
      "velocity_ego": [
        -6.616115570068359e-06,
        -2.2649765014648438e-06
      ],
      "speed_mps": 6.9930754170600005e-06,
      "distance_m": 9.098809363337862,
      "bearing_deg": -16.971505001660482,
      "source_confidence": 0.85546875,
      "raw_box_9d": [
        8.702556610107422,
        -2.6559066772460938,
        -1.513671875,
        2.138671875,
        4.92578125,
        1.8173828125,
        -1.6962890625,
        -6.616115570068359e-06,
        -2.2649765014648438e-06
      ]
    },
    {
      "detection_id": "sample_000031_det_0001",
      "class_id": 0,
      "class_name": "car",
      "class_group": "vehicle",
      "score": 0.75830078125,
      "position_ego": [
        8.886768341064453,
        0.7861824035644531,
        -1.478515625
      ],
      "size_xyz": [
        2.16796875,
        4.91796875,
        1.8798828125
      ],
      "yaw_rad": -1.7490234375,
      "velocity_ego": [
        -6.616115570068359e-06,
        -2.2649765014648438e-06
      ],
      "speed_mps": 6.9930754170600005e-06,
      "distance_m": 8.921476016860654,
      "bearing_deg": 5.055602700342011,
      "source_confidence": 0.75830078125,
      "raw_box_9d": [
        8.886768341064453,
        0.7861824035644531,
        -1.478515625,
        2.16796875,
        4.91796875,
        1.8798828125,
        -1.7490234375,
        -6.616115570068359e-06,
        -2.2649765014648438e-06
      ]
    },
    {
      "detection_id": "sample_000031_det_0002",
      "class_id": 0,
      "class_name": "car",
      "class_group": "vehicle",
      "score": 0.66796875,
      "position_ego": [
        27.907882690429688,
        6.581398010253906,
        -1.4453125
      ],
      "size_xyz": [
        2.16796875,
        4.9765625,
        1.849609375
      ],
      "yaw_rad": -2.255859375,
      "velocity_ego": [
        0.00969696044921875,
        0.0015707015991210938
      ],
      "speed_mps": 0.009823346958506264,
      "distance_m": 28.673414795453976,
      "bearing_deg": 13.26938011762257,
      "source_confidence": 0.66796875,
      "raw_box_9d": [
        27.907882690429688,
        6.581398010253906,
        -1.4453125,
        2.16796875,
        4.9765625,
        1.849609375,
        -2.255859375,
        0.00969696044921875,
        0.0015707015991210938
      ]
    },
    {
      "detection_id": "sample_000031_det_0003",
      "class_id": 0,
      "class_name": "car",
      "class_group": "vehicle",
      "score": 0.5341796875,
      "position_ego": [
        36.89698791503906,
        24.000587463378906,
        -1.1396484375
      ],
      "size_xyz": [
        2.146484375,
        5.02734375,
        1.8271484375
      ],
      "yaw_rad": -2.763671875,
      "velocity_ego": [
        0.166748046875,
        0.2093505859375
      ],
      "speed_mps": 0.2676426329436358,
      "distance_m": 44.016087011339835,
      "bearing_deg": 33.043016565989745,
      "source_confidence": 0.5341796875,
      "raw_box_9d": [
        36.89698791503906,
        24.000587463378906,
        -1.1396484375,
        2.146484375,
        5.02734375,
        1.8271484375,
        -2.763671875,
        0.166748046875,
        0.2093505859375
      ]
    },
    {
      "detection_id": "sample_000031_det_0005",
      "class_id": 0,
      "class_name": "car",
      "class_group": "vehicle",
      "score": 0.419677734375,
      "position_ego": [
        27.520751953125,
        -7.351097106933594,
        -1.2060546875
      ],
      "size_xyz": [
        2.236328125,
        5.1328125,
        1.9013671875
      ],
      "yaw_rad": 1.4501953125,
      "velocity_ego": [
        -0.357177734375,
        -0.0556640625
      ],
      "speed_mps": 0.3614891724343372,
      "distance_m": 28.485617717385047,
      "bearing_deg": -14.955185763635862,
      "source_confidence": 0.419677734375,
      "raw_box_9d": [
        27.520751953125,
        -7.351097106933594,
        -1.2060546875,
        2.236328125,
        5.1328125,
        1.9013671875,
        1.4501953125,
        -0.357177734375,
        -0.0556640625
      ]
    },
    {
      "detection_id": "sample_000031_det_0004",
      "class_id": 0,
      "class_name": "car",
      "class_group": "vehicle",
      "score": 0.282958984375,
      "position_ego": [
        48.86078643798828,
        52.146095275878906,
        -1.0185546875
      ],
      "size_xyz": [
        2.212890625,
        4.921875,
        1.884765625
      ],
      "yaw_rad": 0.256591796875,
      "velocity_ego": [
        -6.616115570068359e-06,
        -2.2649765014648438e-06
      ],
      "speed_mps": 6.9930754170600005e-06,
      "distance_m": 71.46042054074228,
      "bearing_deg": 46.862922516983005,
      "source_confidence": 0.282958984375,
      "raw_box_9d": [
        48.86078643798828,
        52.146095275878906,
        -1.0185546875,
        2.212890625,
        4.921875,
        1.884765625,
        0.256591796875,
        -6.616115570068359e-06,
        -2.2649765014648438e-06
      ]
    },
    {
      "detection_id": "sample_000031_det_0006",
      "class_id": 0,
      "class_name": "car",
      "class_group": "vehicle",
      "score": 0.2171630859375,
      "position_ego": [
        51.840858459472656,
        51.724517822265625,
        -0.94873046875
      ],
      "size_xyz": [
        2.203125,
        5.078125,
        1.91796875
      ],
      "yaw_rad": 0.2264404296875,
      "velocity_ego": [
        -6.616115570068359e-06,
        -2.2649765014648438e-06
      ],
      "speed_mps": 6.9930754170600005e-06,
      "distance_m": 73.23182607146262,
      "bearing_deg": 44.935636552164226,
      "source_confidence": 0.2171630859375,