{
  "active_object_count": 1,
  "front_free_space_m": null,
  "left_side_occupancy": 0.0,
  "right_side_occupancy": 0.0,
  "rear_gap_m": null,
  "nearest_front_vehicle": null,
  "nearest_vru": null,
  "nearest_any_object": {
    "track_id": 4,
    "class": "car",
    "distance_m": 43.44215840274962,
    "bearing_deg": -16.704925957644523,
    "position_ego": [
      41.608803125071454,
      -12.487138550870394,
      -0.8916015625
    ],
    "velocity_ego": [
      -7.942175981696156,
      -12.672231734551161
    ],
    "risk_level": "low",
    "risk_score": 0.15000000000000002
  },
  "abnormal_flags": []
}