{
  "frame": 3934,
  "timestamp": 40.531086567789316,
  "sample_name": "sample_000014",
  "ego": {
    "frame_id": 3934,
    "timestamp": 40.531086567789316,
    "sample_name": "sample_000014",
    "town": "Carla/Maps/Town10HD_Opt",
    "weather": {
      "cloudiness": 20.0,
      "dust_storm": 0.0,
      "fog_density": 2.0,
      "fog_distance": 0.75,
      "fog_falloff": 0.10000000149011612,
      "mie_scattering_scale": 0.029999999329447746,
      "precipitation": 0.0,
      "precipitation_deposits": 0.0,
      "rayleigh_scattering_scale": 0.03310000151395798,
      "scattering_intensity": 1.0,
      "sun_altitude_angle": 45.0,
      "sun_azimuth_angle": 300.0,
      "wetness": 0.0,
      "wind_intensity": 10.0
    },
    "position_world": [
      109.43084716796875,
      28.172765731811523,
      -0.006271056830883026
    ],
    "velocity_world": [
      -1.056258201599121,
      8.836822509765625,
      -2.2087097022449598e-05
    ],
    "speed_mps": 8.899725470936376,
    "yaw_deg": -96.21605682373047,
    "route_progress_m": 7.054485692462614,
    "world_from_ego_bevfusion": [
      [
        -0.108273446559906,
        -0.9940985441207886,
        0.006711681839078665,
        109.43084716796875
      ],
      [
        0.9940794706344604,
        -0.10832825303077698,
        -0.008424152620136738,
        28.172765731811523
      ],
      [
        0.009101502597332,
        0.005759832914918661,
        0.9999420046806335,
        -0.006271056830883026
      ],
      [
        0.0,
        0.0,
        0.0,
        1.0
      ]
    ],
    "position_world_carla": [
      109.43084716796875,
      -28.172765731811523,
      -0.006271056830883026
    ]
  },
  "scene": {
    "active_object_count": 2,
    "front_free_space_m": null,
    "left_side_occupancy": 0.40658983859908404,
    "right_side_occupancy": 0.0,
    "rear_gap_m": null,
    "nearest_front_vehicle": null,
    "nearest_vru": null,
    "nearest_any_object": {
      "track_id": 1,
      "class": "car",
      "distance_m": 17.80230484202748,
      "bearing_deg": 10.93800976027106,
      "position_ego": [
        17.47889128801918,
        3.3779308800036407,
        -1.583984375
      ],
      "velocity_ego": [
        -4.586052944531422,
        -1.6297136769240241
      ],
      "risk_level": "medium",
      "risk_score": 0.4164827136847939
    },
    "abnormal_flags": [],
    "lane_scene": {
      "current_lane_blocked": false,
      "front_object_in_current_lane": null,
      "front_object_count_current_lane": 0,
      "left_lane_occupancy_count": 0,
      "right_lane_occupancy_count": 0,
      "left_lane_available": true,
      "right_lane_available": false,
      "junction_active": false,
      "junction_ahead": false
    }
  },
  "risk_summary": {
    "highest_risk_level": "medium",
    "highest_risk_score": 0.4164827136847939,
    "urgent_track_ids": [],
    "front_hazard_track_id": null,
    "nearest_front_vehicle_distance_m": 17.80230484202748,
    "nearest_vru_distance_m": null,
    "minimum_ttc_seconds": 3.8113147622644985,
    "flags": []
  },
  "decision_context": {
    "recommended_maneuvers": [
      "keep_lane"
    ],
    "hard_constraints": [],
    "soft_constraints": [
      "prefer_right_if_replan"
    ],
    "stage2_decision_intent": {
      "frame_id": 3934,
      "timestamp": 40.531086567789316,
      "maneuver": "slow_down",
      "target_speed_mps": 7.119780376749102,
      "lane_preference": "prefer_right",
      "constraints": [],
      "confidence": 0.65,
      "reasoning_tags": [
        "medium_risk_scene"
      ]
    },
    "maneuver_validation_preview": {
      "frame_id": 3934,
      "requested_intent": {
        "frame_id": 3934,
        "timestamp": 40.531086567789316,
        "maneuver": "slow_down",
        "target_speed_mps": 7.119780376749102,
        "lane_preference": "prefer_right",
        "constraints": [],
        "confidence": 0.65,
        "reasoning_tags": [
          "medium_risk_scene"
        ]
      },
      "valid_maneuvers": [
        "keep_lane",
        "slow_down",
        "lane_change_left"
      ],
      "invalid_maneuvers": [
        {
          "maneuver": "follow",
          "reason": "no_front_object_in_current_lane"
        },
        {
          "maneuver": "stop",
          "reason": "no_immediate_stop_condition"
        },
        {
          "maneuver": "yield",
          "reason": "no_vru_yield_condition"
        },
        {
          "maneuver": "lane_change_right",
          "reason": "no_right_lane"
        }
      ],
      "selected_behavior": "slow_down",
      "selected_maneuver": "slow_down",
      "lane_change_permission": {
        "left": true,
        "right": false,
        "left_reason": null,
        "right_reason": "no_right_lane"
      },
      "reasoning_tags": []
    }
  },
  "lane_context": {
    "frame_id": 3934,
    "sample_name": "sample_000014",
    "current_lane": {
      "exists": true,
      "role": "current_lane",
      "road_id": 10,
      "section_id": 0,
      "lane_id": -2,
      "lane_width_m": 3.5,
      "lane_type": "Driving",
      "lane_change": "Left",
      "same_direction_as_ego": true,
      "transform_carla": {
        "location": {
          "x": 109.69378662109375,
          "y": -28.346860885620117,
          "z": 0.0
        },
        "rotation": {
          "roll": 0.0,
          "pitch": 0.0,
          "yaw": -96.5384521484375
        }
      },
      "transform_bevfusion_world": {
        "location": {
          "x": 109.69378662109375,
          "y": 28.346860885620117,
          "z": 0.0
        },
        "rotation": {
          "roll": 0.0,
          "pitch": 0.0,
          "yaw": -96.5384521484375
        }
      },
      "lane_change_allowed_from_current": false
    },
    "left_lane": {
      "exists": true,
      "role": "left_lane",
      "road_id": 10,
      "section_id": 0,
      "lane_id": -1,
      "lane_width_m": 3.5,
      "lane_type": "Driving",
      "lane_change": "Right",
      "same_direction_as_ego": true,
      "transform_carla": {
        "location": {
          "x": 106.216552734375,
          "y": -27.948314666748047,
          "z": 0.0
        },
        "rotation": {
          "roll": 0.0,
          "pitch": 0.0,
          "yaw": -96.5384521484375
        }
      },
      "transform_bevfusion_world": {
        "location": {
          "x": 106.216552734375,
          "y": 27.948314666748047,
          "z": 0.0
        },
        "rotation": {
          "roll": 0.0,
          "pitch": 0.0,
          "yaw": -96.5384521484375
        }
      },
      "lane_change_allowed_from_current": true
    },
    "right_lane": {
      "exists": false,
      "role": "right_lane",
      "road_id": null,
      "section_id": null,
      "lane_id": null,
      "lane_width_m": null,
      "lane_type": null,
      "lane_change": null,
      "same_direction_as_ego": false,
      "transform_carla": null,
      "transform_bevfusion_world": null,
      "lane_change_allowed_from_current": false
    },
    "forward_corridor": {
      "horizon_m": 60.0,
      "sample_step_m": 5.0,
      "chain": [
        {
          "distance_m": 0.0,
          "road_id": 10,
          "section_id": 0,
          "lane_id": -2,
          "is_junction": false,
          "yaw_deg": -96.5384521484375,
          "position_carla": {
            "x": 109.69378662109375,
            "y": -28.346860885620117,
            "z": 0.0
          },
          "position_bevfusion_world": {
            "x": 109.69378662109375,
            "y": 28.346860885620117,
            "z": 0.0
          }
        },
        {
          "distance_m": 5.0,
          "road_id": 10,
          "section_id": 0,
          "lane_id": -2,
          "is_junction": false,
          "yaw_deg": -103.80718231201172,
          "position_carla": {
            "x": 108.69373321533203,
            "y": -33.920082092285156,
            "z": 0.0
          },