{
  "sample_name": "sample_000025",
  "sequence_index": 25,
  "frame_id": 3945,
  "timestamp": 41.63108658418059,
  "prediction_variant": "single",
  "source_sample_dir": "D:\\Agent-AI\\outputs\\s3a_left_v3\\sample_000025",
  "source_prediction_dir": "D:\\Agent-AI\\outputs\\live_watch_compare_multilane\\lw_left_positive_v1\\inference\\sample_000025",
  "ego": {
    "frame_id": 3945,
    "timestamp": 41.63108658418059,
    "sample_name": "sample_000025",
    "town": "Carla/Maps/Town10HD_Opt",
    "weather": {
      "cloudiness": 20.0,
      "dust_storm": 0.0,
      "fog_density": 2.0,
      "fog_distance": 0.75,
      "fog_falloff": 0.10000000149011612,
      "mie_scattering_scale": 0.029999999329447746,
      "precipitation": 0.0,
      "precipitation_deposits": 0.0,
      "rayleigh_scattering_scale": 0.03310000151395798,
      "scattering_intensity": 1.0,
      "sun_altitude_angle": 45.0,
      "sun_azimuth_angle": 300.0,
      "wetness": 0.0,
      "wind_intensity": 10.0
    },
    "position_world": [
      108.449462890625,
      33.72718048095703,
      -0.0016546630067750812
    ],
    "velocity_world": [
      -0.21395839750766754,
      0.824993371963501,
      0.0015452861553058028
    ],
    "speed_mps": 0.8522878900682904,
    "yaw_deg": -103.4521713256836,
    "route_progress_m": 12.699001237643213,
    "world_from_ego_bevfusion": [
      [
        -0.2326103299856186,
        -0.9725683331489563,
        -0.0018178489990532398,
        108.449462890625
      ],
      [
        0.9724674224853516,
        -0.23261253535747528,
        0.014089105650782585,
        33.72718048095703
      ],
      [
        -0.014125472865998745,
        0.0015094727277755737,
        0.9998990893363953,
        -0.0016546630067750812
      ],
      [
        0.0,
        0.0,
        0.0,
        1.0
      ]
    ]
  },
  "detections": [
    {
      "detection_id": "sample_000025_det_0000",
      "class_id": 0,
      "class_name": "car",
      "class_group": "vehicle",
      "score": 0.75732421875,
      "position_ego": [
        11.855422973632812,
        1.4374885559082031,
        -1.28125
      ],
      "size_xyz": [
        2.1015625,
        4.71484375,
        1.876953125
      ],
      "yaw_rad": -1.82421875,
      "velocity_ego": [
        -6.616115570068359e-06,
        -2.2649765014648438e-06
      ],
      "speed_mps": 6.9930754170600005e-06,
      "distance_m": 11.942253858971,
      "bearing_deg": 6.913454188670471,
      "source_confidence": 0.75732421875,
      "raw_box_9d": [
        11.855422973632812,
        1.4374885559082031,
        -1.28125,
        2.1015625,
        4.71484375,
        1.876953125,
        -1.82421875,
        -6.616115570068359e-06,
        -2.2649765014648438e-06
      ]
    },
    {
      "detection_id": "sample_000025_det_0001",
      "class_id": 0,
      "class_name": "car",
      "class_group": "vehicle",
      "score": 0.479248046875,
      "position_ego": [
        27.366065979003906,
        13.935211181640625,
        -0.9599609375
      ],
      "size_xyz": [
        2.142578125,
        4.921875,
        1.85546875
      ],
      "yaw_rad": 0.7998046875,
      "velocity_ego": [
        -6.616115570068359e-06,
        -2.2649765014648438e-06
      ],
      "speed_mps": 6.9930754170600005e-06,
      "distance_m": 30.709797749970885,
      "bearing_deg": 26.985876728673894,
      "source_confidence": 0.479248046875,
      "raw_box_9d": [
        27.366065979003906,
        13.935211181640625,
        -0.9599609375,
        2.142578125,
        4.921875,
        1.85546875,
        0.7998046875,
        -6.616115570068359e-06,
        -2.2649765014648438e-06
      ]
    },
    {
      "detection_id": "sample_000025_det_0002",
      "class_id": 0,
      "class_name": "car",
      "class_group": "vehicle",
      "score": 0.1800537109375,
      "position_ego": [
        23.98095703125,
        -5.192943572998047,
        -0.759765625
      ],
      "size_xyz": [
        2.244140625,
        5.171875,
        1.9521484375
      ],
      "yaw_rad": 1.0869140625,
      "velocity_ego": [
        -6.616115570068359e-06,
        -2.2649765014648438e-06
      ],
      "speed_mps": 6.9930754170600005e-06,
      "distance_m": 24.536767576170266,
      "bearing_deg": -12.218434959354857,
      "source_confidence": 0.1800537109375,
      "raw_box_9d": [
        23.98095703125,
        -5.192943572998047,
        -0.759765625,
        2.244140625,
        5.171875,
        1.9521484375,
        1.0869140625,
        -6.616115570068359e-06,
        -2.2649765014648438e-06
      ]
    },
    {
      "detection_id": "sample_000025_det_0003",
      "class_id": 0,
      "class_name": "car",
      "class_group": "vehicle",
      "score": 0.1610107421875,
      "position_ego": [
        39.923828125,
        6.320346832275391,
        -0.400390625
      ],
      "size_xyz": [
        2.220703125,
        4.98046875,
        1.9111328125
      ],
      "yaw_rad": 0.91748046875,
      "velocity_ego": [
        -0.04144287109375,
        -0.0390625
      ],
      "speed_mps": 0.05695077234544918,
      "distance_m": 40.42101973274295,
      "bearing_deg": 8.995847053308394,
      "source_confidence": 0.1610107421875,
      "raw_box_9d": [
        39.923828125,
        6.320346832275391,
        -0.400390625,
        2.220703125,
        4.98046875,
        1.9111328125,
        0.91748046875,
        -0.04144287109375,
        -0.0390625
      ]
    },
    {
      "detection_id": "sample_000025_det_0004",
      "class_id": 0,
      "class_name": "car",
      "class_group": "vehicle",
      "score": 0.1031494140625,
      "position_ego": [
        34.852447509765625,
        1.7334976196289062,
        -0.5244140625
      ],
      "size_xyz": [
        2.263671875,
        5.05859375,
        1.9052734375
      ],
      "yaw_rad": 0.921875,
      "velocity_ego": [
        -0.08453369140625,
        -0.07440185546875
      ],
      "speed_mps": 0.11261252630129505,
      "distance_m": 34.89553139612904,
      "bearing_deg": 2.847441771045636,
      "source_confidence": 0.1031494140625,
      "raw_box_9d": [
        34.852447509765625,
        1.7334976196289062,
        -0.5244140625,
        2.263671875,
        5.05859375,
        1.9052734375,
        0.921875,
        -0.08453369140625,
        -0.07440185546875
      ]
    }
  ],
  "class_names": [
    "car",
    "truck",
    "construction_vehicle",
    "bus",
    "trailer",
    "barrier",
    "motorcycle",
    "bicycle",
    "pedestrian",
    "traffic_cone"
  ],
  "raw_prediction_count": 200,
  "filtered_prediction_count": 5
}