{
  "active_object_count": 6,
  "front_free_space_m": 10.812210775974876,
  "left_side_occupancy": 0.0,
  "right_side_occupancy": 0.5276734837032866,
  "rear_gap_m": null,
  "nearest_front_vehicle": {
    "track_id": 1,
    "class": "car",
    "distance_m": 11.949235434468827,
    "bearing_deg": 6.887983262066127,
    "position_ego": [
      11.862992025974876,
      1.4330553583242938,
      -1.28125
    ],
    "velocity_ego": [
      -0.481598544357432,
      -0.07742896862253634
    ],
    "risk_level": "high",
    "risk_score": 0.6103807342414839
  },
  "nearest_vru": null,
  "nearest_any_object": {
    "track_id": 1,
    "class": "car",
    "distance_m": 11.949235434468827,
    "bearing_deg": 6.887983262066127,
    "position_ego": [
      11.862992025974876,
      1.4330553583242938,
      -1.28125
    ],
    "velocity_ego": [
      -0.481598544357432,
      -0.07742896862253634
    ],
    "risk_level": "high",
    "risk_score": 0.6103807342414839
  },
  "abnormal_flags": [
    "high_risk_scene"
  ]
}