{
  "sample_name": "sample_000019",
  "sequence_index": 19,
  "frame_id": 3939,
  "timestamp": 41.0310865752399,
  "prediction_variant": "single",
  "source_sample_dir": "D:\\Agent-AI\\outputs\\s3a_left_v3\\sample_000019",
  "source_prediction_dir": "D:\\Agent-AI\\outputs\\live_watch_compare_multilane\\lw_left_positive_v1\\inference\\sample_000019",
  "ego": {
    "frame_id": 3939,
    "timestamp": 41.0310865752399,
    "sample_name": "sample_000019",
    "town": "Carla/Maps/Town10HD_Opt",
    "weather": {
      "cloudiness": 20.0,
      "dust_storm": 0.0,
      "fog_density": 2.0,
      "fog_distance": 0.75,
      "fog_falloff": 0.10000000149011612,
      "mie_scattering_scale": 0.029999999329447746,
      "precipitation": 0.0,
      "precipitation_deposits": 0.0,
      "rayleigh_scattering_scale": 0.03310000151395798,
      "scattering_intensity": 1.0,
      "sun_altitude_angle": 45.0,
      "sun_azimuth_angle": 300.0,
      "wetness": 0.0,
      "wind_intensity": 10.0
    },
    "position_world": [
      108.79183959960938,
      32.21223068237305,
      -0.0029489516746252775
    ],
    "velocity_world": [
      -1.5171715021133423,
      6.658443450927734,
      -0.00019491194689180702
    ],
    "speed_mps": 6.8291052557430945,
    "yaw_deg": -100.83951568603516,
    "route_progress_m": 11.145785307550472,
    "world_from_ego_bevfusion": [
      [
        -0.18805474042892456,
        -0.9821191430091858,
        0.008793571032583714,
        108.79183959960938
      ],
      [
        0.982137143611908,
        -0.18798406422138214,
        0.008278870955109596,
        32.21223068237305
      ],
      [
        -0.006477787159383297,
        0.010193374007940292,
        0.9999270439147949,
        -0.0029489516746252775
      ],
      [
        0.0,
        0.0,
        0.0,
        1.0
      ]
    ]
  },
  "detections": [
    {
      "detection_id": "sample_000019_det_0000",
      "class_id": 0,
      "class_name": "car",
      "class_group": "vehicle",
      "score": 0.7783203125,
      "position_ego": [
        13.437530517578125,
        2.0664405822753906,
        -1.404296875
      ],
      "size_xyz": [
        2.154296875,
        4.92578125,
        1.8583984375
      ],
      "yaw_rad": -1.8515625,
      "velocity_ego": [
        -6.616115570068359e-06,
        -2.2649765014648438e-06
      ],
      "speed_mps": 6.9930754170600005e-06,
      "distance_m": 13.595492013565309,
      "bearing_deg": 8.742530918638954,
      "source_confidence": 0.7783203125,
      "raw_box_9d": [
        13.437530517578125,
        2.0664405822753906,
        -1.404296875,
        2.154296875,
        4.92578125,
        1.8583984375,
        -1.8515625,
        -6.616115570068359e-06,
        -2.2649765014648438e-06
      ]
    },
    {
      "detection_id": "sample_000019_det_0001",
      "class_id": 0,
      "class_name": "car",
      "class_group": "vehicle",
      "score": 0.406982421875,
      "position_ego": [
        28.30767059326172,
        15.211967468261719,
        -1.2763671875
      ],
      "size_xyz": [
        2.208984375,
        5.109375,
        1.8642578125
      ],
      "yaw_rad": -2.365234375,
      "velocity_ego": [
        -6.616115570068359e-06,
        -2.2649765014648438e-06
      ],
      "speed_mps": 6.9930754170600005e-06,
      "distance_m": 32.13608826027317,
      "bearing_deg": 28.25268154903247,
      "source_confidence": 0.406982421875,
      "raw_box_9d": [
        28.30767059326172,
        15.211967468261719,
        -1.2763671875,
        2.208984375,
        5.109375,
        1.8642578125,
        -2.365234375,
        -6.616115570068359e-06,
        -2.2649765014648438e-06
      ]
    },
    {
      "detection_id": "sample_000019_det_0002",
      "class_id": 0,
      "class_name": "car",
      "class_group": "vehicle",
      "score": 0.1663818359375,
      "position_ego": [
        45.86408233642578,
        13.548927307128906,
        -0.740234375
      ],
      "size_xyz": [
        2.291015625,
        5.046875,
        1.9697265625
      ],
      "yaw_rad": 0.9814453125,
      "velocity_ego": [
        -6.616115570068359e-06,
        -2.2649765014648438e-06
      ],
      "speed_mps": 6.9930754170600005e-06,
      "distance_m": 47.82350342390556,
      "bearing_deg": 16.457918758901698,
      "source_confidence": 0.1663818359375,
      "raw_box_9d": [
        45.86408233642578,
        13.548927307128906,
        -0.740234375,
        2.291015625,
        5.046875,
        1.9697265625,
        0.9814453125,
        -6.616115570068359e-06,
        -2.2649765014648438e-06
      ]
    }
  ],
  "class_names": [
    "car",
    "truck",
    "construction_vehicle",
    "bus",
    "trailer",
    "barrier",
    "motorcycle",
    "bicycle",
    "pedestrian",
    "traffic_cone"
  ],
  "raw_prediction_count": 200,
  "filtered_prediction_count": 3
}