{
  "active_object_count": 4,
  "front_free_space_m": 12.492686874098215,
  "left_side_occupancy": 0.5421745292574887,
  "right_side_occupancy": 0.1128438759741619,
  "rear_gap_m": null,
  "nearest_front_vehicle": {
    "track_id": 1,
    "class": "car",
    "distance_m": 13.73476412227534,
    "bearing_deg": 8.888139039408443,
    "position_ego": [
      13.569835311598215,
      2.122101578776105,
      -1.404296875
    ],
    "velocity_ego": [
      -4.3829537625913035,
      -1.6331295957366567
    ],
    "risk_level": "high",
    "risk_score": 0.696989269082935
  },
  "nearest_vru": null,
  "nearest_any_object": {
    "track_id": 1,
    "class": "car",
    "distance_m": 13.73476412227534,
    "bearing_deg": 8.888139039408443,
    "position_ego": [
      13.569835311598215,
      2.122101578776105,
      -1.404296875
    ],
    "velocity_ego": [
      -4.3829537625913035,
      -1.6331295957366567
    ],
    "risk_level": "high",
    "risk_score": 0.696989269082935
  },
  "abnormal_flags": [
    "high_risk_scene"
  ]
}