{
  "sample_name": "sample_000089",
  "sequence_index": 89,
  "frame_id": 60090,
  "timestamp": 443.9197008833289,
  "prediction_variant": "single",
  "source_sample_dir": "D:\\Agent-AI\\outputs\\s3a_ml_long_v2\\sample_000089",
  "source_prediction_dir": "D:\\Agent-AI\\outputs\\live_watch_compare_multilane\\lw_s3a_ml_long_v2\\inference\\sample_000089",
  "ego": {
    "frame_id": 60090,
    "timestamp": 443.9197008833289,
    "sample_name": "sample_000089",
    "town": "Carla/Maps/Town10HD_Opt",
    "weather": {
      "cloudiness": 20.0,
      "dust_storm": 0.0,
      "fog_density": 2.0,
      "fog_distance": 0.75,
      "fog_falloff": 0.10000000149011612,
      "mie_scattering_scale": 0.029999999329447746,
      "precipitation": 0.0,
      "precipitation_deposits": 0.0,
      "rayleigh_scattering_scale": 0.03310000151395798,
      "scattering_intensity": 1.0,
      "sun_altitude_angle": 45.0,
      "sun_azimuth_angle": 300.0,
      "wetness": 0.0,
      "wind_intensity": 10.0
    },
    "position_world": [
      77.29122161865234,
      62.27880859375,
      -0.0022988510318100452
    ],
    "velocity_world": [
      0.006520496681332588,
      -0.0007863074424676597,
      0.0001464557572035119
    ],
    "speed_mps": 0.006569368740919281,
    "yaw_deg": -161.7227783203125,
    "route_progress_m": 53.23773542267839,
    "world_from_ego_bevfusion": [
      [
        -0.9494984149932861,
        -0.31360772252082825,
        -0.01014631986618042,
        77.29122161865234
      ],
      [
        0.3135979473590851,
        -0.9495523571968079,
        0.0025831866078078747,
        62.27880859375
      ],
      [
        -0.010444569401443005,
        -0.0007291336660273373,
        0.9999452233314514,
        -0.0022988510318100452
      ],
      [
        0.0,
        0.0,
        0.0,
        1.0
      ]
    ]
  },
  "detections": [
    {
      "detection_id": "sample_000089_det_0000",
      "class_id": 0,
      "class_name": "car",
      "class_group": "vehicle",
      "score": 0.65087890625,
      "position_ego": [
        6.081447601318359,
        0.24624252319335938,
        -1.40625
      ],
      "size_xyz": [
        2.111328125,
        4.96875,
        1.767578125
      ],
      "yaw_rad": -1.7265625,
      "velocity_ego": [
        -6.616115570068359e-06,
        -2.2649765014648438e-06
      ],
      "speed_mps": 6.9930754170600005e-06,
      "distance_m": 6.08643083488258,
      "bearing_deg": 2.3186838761819364,
      "source_confidence": 0.65087890625,
      "raw_box_9d": [
        6.081447601318359,
        0.24624252319335938,
        -1.40625,
        2.111328125,
        4.96875,
        1.767578125,
        -1.7265625,
        -6.616115570068359e-06,
        -2.2649765014648438e-06
      ]
    },
    {
      "detection_id": "sample_000089_det_0001",
      "class_id": 0,
      "class_name": "car",
      "class_group": "vehicle",
      "score": 0.6298828125,
      "position_ego": [
        -28.458030700683594,
        5.9667510986328125,
        -1.533203125
      ],
      "size_xyz": [
        2.158203125,
        5.046875,
        1.759765625
      ],
      "yaw_rad": -0.8427734375,
      "velocity_ego": [
        0.01041412353515625,
        -0.00795745849609375
      ],
      "speed_mps": 0.013106300573485637,
      "distance_m": 29.076822901308972,
      "bearing_deg": 168.15841632008383,
      "source_confidence": 0.6298828125,
      "raw_box_9d": [
        -28.458030700683594,
        5.9667510986328125,
        -1.533203125,
        2.158203125,
        5.046875,
        1.759765625,
        -0.8427734375,
        0.01041412353515625,
        -0.00795745849609375
      ]
    },
    {
      "detection_id": "sample_000089_det_0002",
      "class_id": 0,
      "class_name": "car",
      "class_group": "vehicle",
      "score": 0.57275390625,
      "position_ego": [
        36.21819305419922,
        6.102832794189453,
        -0.7841796875
      ],
      "size_xyz": [
        2.142578125,
        4.85546875,
        1.8115234375
      ],
      "yaw_rad": -1.8818359375,
      "velocity_ego": [
        -6.616115570068359e-06,
        -2.2649765014648438e-06
      ],
      "speed_mps": 6.9930754170600005e-06,
      "distance_m": 36.72876360871788,
      "bearing_deg": 9.56459847845607,
      "source_confidence": 0.57275390625,
      "raw_box_9d": [
        36.21819305419922,
        6.102832794189453,
        -0.7841796875,
        2.142578125,
        4.85546875,
        1.8115234375,
        -1.8818359375,
        -6.616115570068359e-06,
        -2.2649765014648438e-06
      ]
    },
    {
      "detection_id": "sample_000089_det_0003",
      "class_id": 0,
      "class_name": "car",
      "class_group": "vehicle",
      "score": 0.400146484375,
      "position_ego": [
        37.625396728515625,
        3.3000755310058594,
        -0.69091796875
      ],
      "size_xyz": [
        2.18359375,
        4.98046875,
        1.8232421875
      ],
      "yaw_rad": -1.912109375,
      "velocity_ego": [
        -6.616115570068359e-06,
        -2.2649765014648438e-06
      ],
      "speed_mps": 6.9930754170600005e-06,
      "distance_m": 37.76984216922991,
      "bearing_deg": 5.012512511996017,
      "source_confidence": 0.400146484375,
      "raw_box_9d": [
        37.625396728515625,
        3.3000755310058594,
        -0.69091796875,
        2.18359375,
        4.98046875,
        1.8232421875,
        -1.912109375,
        -6.616115570068359e-06,
        -2.2649765014648438e-06
      ]
    },
    {
      "detection_id": "sample_000089_det_0004",
      "class_id": 0,
      "class_name": "car",
      "class_group": "vehicle",
      "score": 0.361083984375,
      "position_ego": [
        19.537612915039062,
        33.95555877685547,
        -0.4853515625
      ],
      "size_xyz": [
        2.259765625,
        5.109375,
        2.0859375
      ],
      "yaw_rad": 1.1982421875,
      "velocity_ego": [
        -0.00980377197265625,
        -0.0131378173828125
      ],
      "speed_mps": 0.016392565097505956,
      "distance_m": 39.17522546541867,
      "bearing_deg": 60.08440427161121,
      "source_confidence": 0.361083984375,
      "raw_box_9d": [
        19.537612915039062,
        33.95555877685547,
        -0.4853515625,
        2.259765625,
        5.109375,
        2.0859375,
        1.1982421875,
        -0.00980377197265625,
        -0.0131378173828125
      ]
    },
    {
      "detection_id": "sample_000089_det_0005",
      "class_id": 0,
      "class_name": "car",
      "class_group": "vehicle",
      "score": 0.348876953125,
      "position_ego": [
        44.425201416015625,
        12.573486328125,
        -0.66015625
      ],
      "size_xyz": [
        2.1875,
        4.99609375,
        1.8623046875
      ],
      "yaw_rad": 1.1962890625,
      "velocity_ego": [
        -6.616115570068359e-06,
        -2.2649765014648438e-06
      ],
      "speed_mps": 6.9930754170600005e-06,
      "distance_m": 46.170240191026764,
      "bearing_deg": 15.802891417572196,
      "source_confidence": 0.348876953125,
      "raw_box_9d": [
        44.425201416015625,
        12.573486328125,
        -0.66015625,
        2.1875,
        4.99609375,
        1.8623046875,
        1.1962890625,
        -6.616115570068359e-06,
        -2.2649765014648438e-06
      ]
    }
  ],
  "class_names": [
    "car",
    "truck",
    "construction_vehicle",
    "bus",
    "trailer",
    "barrier",
    "motorcycle",
    "bicycle",
    "pedestrian",
    "traffic_cone"
  ],
  "raw_prediction_count": 200,
  "filtered_prediction_count": 6
}