{
  "active_object_count": 12,
  "front_free_space_m": 5.015696593072757,
  "left_side_occupancy": 0.03068460995176514,
  "right_side_occupancy": 0.09757766967049608,
  "rear_gap_m": 28.1340597309569,
  "nearest_front_vehicle": {
    "track_id": 2,
    "class": "car",
    "distance_m": 6.076401323268151,
    "bearing_deg": 2.333933438097483,
    "position_ego": [
      6.071360655572757,
      0.24745268513004434,
      -1.40625
    ],
    "velocity_ego": [
      -0.1897989760442532,
      -0.12192960163227616
    ],
    "risk_level": "high",
    "risk_score": 0.6544269900754889
  },
  "nearest_vru": {
    "track_id": 40,
    "class": "motorcycle",
    "distance_m": 58.715583939584455,
    "bearing_deg": 152.14854466887616,
    "position_ego": [
      -51.914074802400336,
      27.430797195436554,
      -1.673828125
    ],
    "velocity_ego": [
      -0.0005574226379394531,
      0.0006656646728515625
    ],
    "risk_level": "low",
    "risk_score": 0.1275
  },
  "nearest_any_object": {
    "track_id": 2,
    "class": "car",
    "distance_m": 6.076401323268151,
    "bearing_deg": 2.333933438097483,
    "position_ego": [
      6.071360655572757,
      0.24745268513004434,
      -1.40625
    ],
    "velocity_ego": [
      -0.1897989760442532,
      -0.12192960163227616
    ],
    "risk_level": "high",
    "risk_score": 0.6544269900754889
  },
  "abnormal_flags": [
    "front_blocked",
    "high_risk_scene"
  ]
}