{
  "sample_name": "sample_000054",
  "sequence_index": 54,
  "frame_id": 60055,
  "timestamp": 440.41970083117485,
  "prediction_variant": "single",
  "source_sample_dir": "D:\\Agent-AI\\outputs\\s3a_ml_long_v2\\sample_000054",
  "source_prediction_dir": "D:\\Agent-AI\\outputs\\live_watch_compare_multilane\\lw_s3a_ml_long_v2\\inference\\sample_000054",
  "ego": {
    "frame_id": 60055,
    "timestamp": 440.41970083117485,
    "sample_name": "sample_000054",
    "town": "Carla/Maps/Town10HD_Opt",
    "weather": {
      "cloudiness": 20.0,
      "dust_storm": 0.0,
      "fog_density": 2.0,
      "fog_distance": 0.75,
      "fog_falloff": 0.10000000149011612,
      "mie_scattering_scale": 0.029999999329447746,
      "precipitation": 0.0,
      "precipitation_deposits": 0.0,
      "rayleigh_scattering_scale": 0.03310000151395798,
      "scattering_intensity": 1.0,
      "sun_altitude_angle": 45.0,
      "sun_azimuth_angle": 300.0,
      "wetness": 0.0,
      "wind_intensity": 10.0
    },
    "position_world": [
      89.3028564453125,
      56.3953742980957,
      -0.004687309265136719
    ],
    "velocity_world": [
      -6.672688007354736,
      4.86741828918457,
      0.00010457038297317922
    ],
    "speed_mps": 8.25932963722354,
    "yaw_deg": -143.11888122558594,
    "route_progress_m": 39.797717000130305,
    "world_from_ego_bevfusion": [
      [
        -0.7998813986778259,
        -0.6001181602478027,
        0.006917919963598251,
        89.3028564453125
      ],
      [
        0.6001558899879456,
        -0.7998563051223755,
        0.0065417205914855,
        56.3953742980957
      ],
      [
        0.0016075364546850324,
        0.00938443187624216,
        0.9999546408653259,
        -0.004687309265136719
      ],
      [
        0.0,
        0.0,
        0.0,
        1.0
      ]
    ]
  },
  "detections": [
    {
      "detection_id": "sample_000054_det_0000",
      "class_id": 0,
      "class_name": "car",
      "class_group": "vehicle",
      "score": 0.7060546875,
      "position_ego": [
        18.814239501953125,
        4.727054595947266,
        -1.4921875
      ],
      "size_xyz": [
        2.16015625,
        4.95703125,
        1.794921875
      ],
      "yaw_rad": -2.078125,
      "velocity_ego": [
        -6.616115570068359e-06,
        -2.2649765014648438e-06
      ],
      "speed_mps": 6.9930754170600005e-06,
      "distance_m": 19.398985880450542,
      "bearing_deg": 14.103564306671135,
      "source_confidence": 0.7060546875,
      "raw_box_9d": [
        18.814239501953125,
        4.727054595947266,
        -1.4921875,
        2.16015625,
        4.95703125,
        1.794921875,
        -2.078125,
        -6.616115570068359e-06,
        -2.2649765014648438e-06
      ]
    },
    {
      "detection_id": "sample_000054_det_0001",
      "class_id": 0,
      "class_name": "car",
      "class_group": "vehicle",
      "score": 0.66455078125,
      "position_ego": [
        -15.696239471435547,
        -0.9146652221679688,
        -1.380859375
      ],
      "size_xyz": [
        2.173828125,
        5.08203125,
        1.794921875
      ],
      "yaw_rad": -1.1611328125,
      "velocity_ego": [
        -6.616115570068359e-06,
        -2.2649765014648438e-06
      ],
      "speed_mps": 6.9930754170600005e-06,
      "distance_m": 15.722866978172105,
      "bearing_deg": -176.66498092270234,
      "source_confidence": 0.66455078125,
      "raw_box_9d": [
        -15.696239471435547,
        -0.9146652221679688,
        -1.380859375,
        2.173828125,
        5.08203125,
        1.794921875,
        -1.1611328125,
        -6.616115570068359e-06,
        -2.2649765014648438e-06
      ]
    },
    {
      "detection_id": "sample_000054_det_0002",
      "class_id": 0,
      "class_name": "car",
      "class_group": "vehicle",
      "score": 0.474365234375,
      "position_ego": [
        47.81067657470703,
        17.73126220703125,
        -1.34375
      ],
      "size_xyz": [
        2.232421875,
        4.9765625,
        1.8291015625
      ],
      "yaw_rad": -2.302734375,
      "velocity_ego": [
        -6.616115570068359e-06,
        -2.2649765014648438e-06
      ],
      "speed_mps": 6.9930754170600005e-06,
      "distance_m": 50.99272942278864,
      "bearing_deg": 20.34800767082759,
      "source_confidence": 0.474365234375,
      "raw_box_9d": [
        47.81067657470703,
        17.73126220703125,
        -1.34375,
        2.232421875,
        4.9765625,
        1.8291015625,
        -2.302734375,
        -6.616115570068359e-06,
        -2.2649765014648438e-06
      ]
    },
    {
      "detection_id": "sample_000054_det_0003",
      "class_id": 0,
      "class_name": "car",
      "class_group": "vehicle",
      "score": 0.353515625,
      "position_ego": [
        45.75373840332031,
        20.020751953125,
        -1.4033203125
      ],
      "size_xyz": [
        2.2421875,
        5.1796875,
        1.8359375
      ],
      "yaw_rad": 0.8828125,
      "velocity_ego": [
        -6.616115570068359e-06,
        -2.2649765014648438e-06
      ],
      "speed_mps": 6.9930754170600005e-06,
      "distance_m": 49.94231759388051,
      "bearing_deg": 23.633047373682842,
      "source_confidence": 0.353515625,
      "raw_box_9d": [
        45.75373840332031,
        20.020751953125,
        -1.4033203125,
        2.2421875,
        5.1796875,
        1.8359375,
        0.8828125,
        -6.616115570068359e-06,
        -2.2649765014648438e-06
      ]
    },
    {
      "detection_id": "sample_000054_det_0004",
      "class_id": 0,
      "class_name": "car",
      "class_group": "vehicle",
      "score": 0.34228515625,
      "position_ego": [
        51.207427978515625,
        28.462135314941406,
        -1.17578125
      ],
      "size_xyz": [
        2.212890625,
        4.91796875,
        1.8466796875
      ],
      "yaw_rad": 0.89111328125,
      "velocity_ego": [
        -6.616115570068359e-06,
        -2.2649765014648438e-06
      ],
      "speed_mps": 6.9930754170600005e-06,
      "distance_m": 58.585781780743524,
      "bearing_deg": 29.066200271708887,
      "source_confidence": 0.34228515625,
      "raw_box_9d": [
        51.207427978515625,
        28.462135314941406,
        -1.17578125,
        2.212890625,
        4.91796875,
        1.8466796875,
        0.89111328125,
        -6.616115570068359e-06,
        -2.2649765014648438e-06
      ]
    },
    {
      "detection_id": "sample_000054_det_0005",
      "class_id": 0,
      "class_name": "car",
      "class_group": "vehicle",
      "score": 0.128173828125,
      "position_ego": [
        12.638969421386719,
        -13.628173828125,
        -1.1337890625
      ],
      "size_xyz": [
        2.166015625,
        4.91796875,
        1.7998046875
      ],
      "yaw_rad": 2.244140625,
      "velocity_ego": [
        -0.0029888153076171875,
        -2.7418136596679688e-06
      ],
      "speed_mps": 0.0029888165652292827,
      "distance_m": 18.586841311108774,
      "bearing_deg": -47.15670452057906,
      "source_confidence": 0.128173828125,
      "raw_box_9d": [
        12.638969421386719,
        -13.628173828125,
        -1.1337890625,
        2.166015625,
        4.91796875,
        1.7998046875,
        2.244140625,
        -0.0029888153076171875,
        -2.7418136596679688e-06
      ]
    }
  ],
  "class_names": [
    "car",
    "truck",
    "construction_vehicle",
    "bus",
    "trailer",
    "barrier",
    "motorcycle",
    "bicycle",
    "pedestrian",
    "traffic_cone"
  ],
  "raw_prediction_count": 200,
  "filtered_prediction_count": 6
}