{
  "active_object_count": 2,
  "front_free_space_m": 5.368018506958859,
  "left_side_occupancy": 0.0,
  "right_side_occupancy": 0.7731411255675854,
  "rear_gap_m": null,
  "nearest_front_vehicle": {
    "track_id": 1,
    "class": "car",
    "distance_m": 6.433597905347294,
    "bearing_deg": 2.0346062352522423,
    "position_ego": [
      6.429541944458859,
      0.22841276701024224,
      -1.482421875
    ],
    "velocity_ego": [
      -0.038000508951519185,
      -0.00039546413768955365
    ],
    "risk_level": "high",
    "risk_score": 0.6517480157098954
  },
  "nearest_vru": null,
  "nearest_any_object": {
    "track_id": 1,
    "class": "car",
    "distance_m": 6.433597905347294,
    "bearing_deg": 2.0346062352522423,
    "position_ego": [
      6.429541944458859,
      0.22841276701024224,
      -1.482421875
    ],
    "velocity_ego": [
      -0.038000508951519185,
      -0.00039546413768955365
    ],
    "risk_level": "high",
    "risk_score": 0.6517480157098954
  },
  "abnormal_flags": [
    "front_blocked",
    "high_risk_scene"
  ]
}