{
  "active_object_count": 2,
  "front_free_space_m": null,
  "left_side_occupancy": 0.0,
  "right_side_occupancy": 0.0,
  "rear_gap_m": null,
  "nearest_front_vehicle": null,
  "nearest_vru": {
    "track_id": 3,
    "class": "bicycle",
    "distance_m": 31.485890837551707,
    "bearing_deg": -47.23894085820608,
    "position_ego": [
      21.377108516498385,
      -23.116672626225313,
      -0.8955078125
    ],
    "velocity_ego": [
      -10.757849866011668,
      -5.959444988980665
    ],
    "risk_level": "medium",
    "risk_score": 0.4792774459106079
  },
  "nearest_any_object": {
    "track_id": 3,
    "class": "bicycle",
    "distance_m": 31.485890837551707,
    "bearing_deg": -47.23894085820608,
    "position_ego": [
      21.377108516498385,
      -23.116672626225313,
      -0.8955078125
    ],
    "velocity_ego": [
      -10.757849866011668,
      -5.959444988980665
    ],
    "risk_level": "medium",
    "risk_score": 0.4792774459106079
  },
  "abnormal_flags": []
}