{
  "active_object_count": 6,
  "front_free_space_m": null,
  "left_side_occupancy": 0.0,
  "right_side_occupancy": 1.0,
  "rear_gap_m": 1.108286822389123,
  "nearest_front_vehicle": null,
  "nearest_vru": null,
  "nearest_any_object": {
    "track_id": 1,
    "class": "car",
    "distance_m": 3.6217033571233817,
    "bearing_deg": -107.8190940777587,
    "position_ego": [
      -1.108286822389123,
      -3.4479610679816837,
      -1.41796875
    ],
    "velocity_ego": [
      -4.9996171169729635,
      -0.03354009236024418
    ],
    "risk_level": "low",
    "risk_score": 0.3228372248215746
  },
  "abnormal_flags": []
}