{
  "sample_name": "sample_000105",
  "sequence_index": 105,
  "frame_id": 60106,
  "timestamp": 445.5197009071708,
  "prediction_variant": "single",
  "source_sample_dir": "D:\\Agent-AI\\outputs\\s3a_ml_long_v2\\sample_000105",
  "source_prediction_dir": "D:\\Agent-AI\\outputs\\live_watch_compare_multilane\\lw_s3a_ml_long_v2\\inference\\sample_000105",
  "ego": {
    "frame_id": 60106,
    "timestamp": 445.5197009071708,
    "sample_name": "sample_000105",
    "town": "Carla/Maps/Town10HD_Opt",
    "weather": {
      "cloudiness": 20.0,
      "dust_storm": 0.0,
      "fog_density": 2.0,
      "fog_distance": 0.75,
      "fog_falloff": 0.10000000149011612,
      "mie_scattering_scale": 0.029999999329447746,
      "precipitation": 0.0,
      "precipitation_deposits": 0.0,
      "rayleigh_scattering_scale": 0.03310000151395798,
      "scattering_intensity": 1.0,
      "sun_altitude_angle": 45.0,
      "sun_azimuth_angle": 300.0,
      "wetness": 0.0,
      "wind_intensity": 10.0
    },
    "position_world": [
      77.28752899169922,
      62.279911041259766,
      -0.004495697095990181
    ],
    "velocity_world": [
      1.5339290257543325e-05,
      -3.2633711271046195e-06,
      2.1839141481905244e-06
    ],
    "speed_mps": 1.583391605778717e-05,
    "yaw_deg": -161.72349548339844,
    "route_progress_m": 53.24159340637755,
    "world_from_ego_bevfusion": [
      [
        -0.9495541453361511,
        -0.3136030435562134,
        -2.313472214154899e-05,
        77.28752899169922
      ],
      [
        0.3136030435562134,
        -0.9495541453361511,
        4.835910203837557e-06,
        62.279911041259766
      ],
      [
        -2.3484228222514503e-05,
        -2.6631607852323214e-06,
        1.0,
        -0.004495697095990181
      ],
      [
        0.0,
        0.0,
        0.0,
        1.0
      ]
    ]
  },
  "detections": [
    {
      "detection_id": "sample_000105_det_0000",
      "class_id": 0,
      "class_name": "car",
      "class_group": "vehicle",
      "score": 0.5498046875,
      "position_ego": [
        6.133449554443359,
        0.24386215209960938,
        -1.533203125
      ],
      "size_xyz": [
        2.140625,
        4.984375,
        1.7802734375
      ],
      "yaw_rad": -1.71875,
      "velocity_ego": [
        -6.616115570068359e-06,
        -2.2649765014648438e-06
      ],
      "speed_mps": 6.9930754170600005e-06,
      "distance_m": 6.138295544051956,
      "bearing_deg": 2.276845428510392,
      "source_confidence": 0.5498046875,
      "raw_box_9d": [
        6.133449554443359,
        0.24386215209960938,
        -1.533203125,
        2.140625,
        4.984375,
        1.7802734375,
        -1.71875,
        -6.616115570068359e-06,
        -2.2649765014648438e-06
      ]
    },
    {
      "detection_id": "sample_000105_det_0001",
      "class_id": 0,
      "class_name": "car",
      "class_group": "vehicle",
      "score": 0.219482421875,
      "position_ego": [
        36.201568603515625,
        5.996341705322266,
        -1.21875
      ],
      "size_xyz": [
        2.193359375,
        5.01953125,
        1.79296875
      ],
      "yaw_rad": 1.2626953125,
      "velocity_ego": [
        -6.616115570068359e-06,
        -2.2649765014648438e-06
      ],
      "speed_mps": 6.9930754170600005e-06,
      "distance_m": 36.69481820641759,
      "bearing_deg": 9.404946200178236,
      "source_confidence": 0.219482421875,
      "raw_box_9d": [
        36.201568603515625,
        5.996341705322266,
        -1.21875,
        2.193359375,
        5.01953125,
        1.79296875,
        1.2626953125,
        -6.616115570068359e-06,
        -2.2649765014648438e-06
      ]
    },
    {
      "detection_id": "sample_000105_det_0003",
      "class_id": 0,
      "class_name": "car",
      "class_group": "vehicle",
      "score": 0.12188720703125,
      "position_ego": [
        26.472076416015625,
        -8.62554931640625,
        -1.08984375
      ],
      "size_xyz": [
        2.248046875,
        5.1796875,
        1.84375
      ],
      "yaw_rad": 1.455078125,
      "velocity_ego": [
        -0.1622314453125,
        -0.05181884765625
      ],
      "speed_mps": 0.17030629706679765,
      "distance_m": 27.841891652420586,
      "bearing_deg": -18.047462125252252,
      "source_confidence": 0.12188720703125,
      "raw_box_9d": [
        26.472076416015625,
        -8.62554931640625,
        -1.08984375,
        2.248046875,
        5.1796875,
        1.84375,
        1.455078125,
        -0.1622314453125,
        -0.05181884765625
      ]
    },
    {
      "detection_id": "sample_000105_det_0002",
      "class_id": 4,
      "class_name": "trailer",
      "class_group": "vehicle",
      "score": 0.1121826171875,
      "position_ego": [
        14.986381530761719,
        27.271896362304688,
        -0.04296875
      ],
      "size_xyz": [
        3.177734375,
        14.953125,
        3.1171875
      ],
      "yaw_rad": -1.8544921875,
      "velocity_ego": [
        7.8984375,
        1.265625
      ],
      "speed_mps": 7.999195058381265,
      "distance_m": 31.118289840250597,
      "bearing_deg": 61.2104397969803,
      "source_confidence": 0.1121826171875,
      "raw_box_9d": [
        14.986381530761719,
        27.271896362304688,
        -0.04296875,
        3.177734375,
        14.953125,
        3.1171875,
        -1.8544921875,
        7.8984375,
        1.265625
      ]
    }
  ],
  "class_names": [
    "car",
    "truck",
    "construction_vehicle",
    "bus",
    "trailer",
    "barrier",
    "motorcycle",
    "bicycle",
    "pedestrian",
    "traffic_cone"
  ],
  "raw_prediction_count": 200,
  "filtered_prediction_count": 4
}