{
  "active_object_count": 2,
  "front_free_space_m": 5.3827826977179125,
  "left_side_occupancy": 0.0,
  "right_side_occupancy": 0.7731643922589214,
  "rear_gap_m": null,
  "nearest_front_vehicle": {
    "track_id": 1,
    "class": "car",
    "distance_m": 6.450275297130666,
    "bearing_deg": 2.02194756374138,
    "position_ego": [
      6.4462592602179125,
      0.2275806644443395,
      -1.478515625
    ],
    "velocity_ego": [
      0.028962360781671175,
      -0.0013844309940699382
    ],
    "risk_level": "high",
    "risk_score": 0.65162293527152
  },
  "nearest_vru": null,
  "nearest_any_object": {
    "track_id": 1,
    "class": "car",
    "distance_m": 6.450275297130666,
    "bearing_deg": 2.02194756374138,
    "position_ego": [
      6.4462592602179125,
      0.2275806644443395,
      -1.478515625
    ],
    "velocity_ego": [
      0.028962360781671175,
      -0.0013844309940699382
    ],
    "risk_level": "high",
    "risk_score": 0.65162293527152
  },
  "abnormal_flags": [
    "front_blocked",
    "high_risk_scene"
  ]
}