{
  "sample_name": "sample_000041",
  "sequence_index": 41,
  "frame_id": 726314,
  "timestamp": 5001.294624779373,
  "prediction_variant": "single",
  "source_sample_dir": "D:\\Agent-AI\\outputs\\s3a_ml_long_v1\\sample_000041",
  "source_prediction_dir": "D:\\Agent-AI\\outputs\\live_watch_compare_multilane\\lw_s3a_ml_long_v1\\inference\\sample_000041",
  "ego": {
    "frame_id": 726314,
    "timestamp": 5001.294624779373,
    "sample_name": "sample_000041",
    "town": "Carla/Maps/Town10HD_Opt",
    "weather": {
      "cloudiness": 20.0,
      "dust_storm": 0.0,
      "fog_density": 2.0,
      "fog_distance": 0.75,
      "fog_falloff": 0.10000000149011612,
      "mie_scattering_scale": 0.029999999329447746,
      "precipitation": 0.0,
      "precipitation_deposits": 0.0,
      "rayleigh_scattering_scale": 0.03310000151395798,
      "scattering_intensity": 1.0,
      "sun_altitude_angle": 45.0,
      "sun_azimuth_angle": 300.0,
      "wetness": 0.0,
      "wind_intensity": 10.0
    },
    "position_world": [
      103.62059020996094,
      37.3510856628418,
      -0.0014593505766242743
    ],
    "velocity_world": [
      0.0018808325985446572,
      -0.0034502053167670965,
      -0.00017773627769201994
    ],
    "speed_mps": 0.0039335782915818525,
    "yaw_deg": -109.15925598144531,
    "route_progress_m": 15.595188569716418,
    "world_from_ego_bevfusion": [
      [
        -0.3281613886356354,
        -0.9446064233779907,
        -0.005366064142435789,
        103.62059020996094
      ],
      [
        0.944513201713562,
        -0.328204482793808,
        0.013287740759551525,
        37.3510856628418
      ],
      [
        -0.014312850311398506,
        -0.0007077953196130693,
        0.999897301197052,
        -0.0014593505766242743
      ],
      [
        0.0,
        0.0,
        0.0,
        1.0
      ]
    ]
  },
  "detections": [
    {
      "detection_id": "sample_000041_det_0000",
      "class_id": 0,
      "class_name": "car",
      "class_group": "vehicle",
      "score": 0.81005859375,
      "position_ego": [
        6.291187286376953,
        0.2562408447265625,
        -1.4111328125
      ],
      "size_xyz": [
        2.109375,
        4.8359375,
        1.7763671875
      ],
      "yaw_rad": -1.71484375,
      "velocity_ego": [
        -6.616115570068359e-06,
        -2.2649765014648438e-06
      ],
      "speed_mps": 6.9930754170600005e-06,
      "distance_m": 6.296403484750417,
      "bearing_deg": 2.3323750738511633,
      "source_confidence": 0.81005859375,
      "raw_box_9d": [
        6.291187286376953,
        0.2562408447265625,
        -1.4111328125,
        2.109375,
        4.8359375,
        1.7763671875,
        -1.71484375,
        -6.616115570068359e-06,
        -2.2649765014648438e-06
      ]
    },
    {
      "detection_id": "sample_000041_det_0001",
      "class_id": 0,
      "class_name": "car",
      "class_group": "vehicle",
      "score": 0.76171875,
      "position_ego": [
        5.914310455322266,
        -3.1936492919921875,
        -1.41015625
      ],
      "size_xyz": [
        2.1328125,
        4.94140625,
        1.7744140625
      ],
      "yaw_rad": -1.654296875,
      "velocity_ego": [
        -6.616115570068359e-06,
        -2.2649765014648438e-06
      ],
      "speed_mps": 6.9930754170600005e-06,
      "distance_m": 6.721492688545935,
      "bearing_deg": -28.368458596377085,
      "source_confidence": 0.76171875,
      "raw_box_9d": [
        5.914310455322266,
        -3.1936492919921875,
        -1.41015625,
        2.1328125,
        4.94140625,
        1.7744140625,
        -1.654296875,
        -6.616115570068359e-06,
        -2.2649765014648438e-06
      ]
    },
    {
      "detection_id": "sample_000041_det_0002",
      "class_id": 0,
      "class_name": "car",
      "class_group": "vehicle",
      "score": 0.4501953125,
      "position_ego": [
        25.743751525878906,
        4.917335510253906,
        -1.013671875
      ],
      "size_xyz": [
        2.11328125,
        4.83203125,
        1.8408203125
      ],
      "yaw_rad": -2.197265625,
      "velocity_ego": [
        -6.616115570068359e-06,
        -2.2649765014648438e-06
      ],
      "speed_mps": 6.9930754170600005e-06,
      "distance_m": 26.209176468302022,
      "bearing_deg": 10.81385542498387,
      "source_confidence": 0.4501953125,
      "raw_box_9d": [
        25.743751525878906,
        4.917335510253906,
        -1.013671875,
        2.11328125,
        4.83203125,
        1.8408203125,
        -2.197265625,
        -6.616115570068359e-06,
        -2.2649765014648438e-06
      ]
    },
    {
      "detection_id": "sample_000041_det_0003",
      "class_id": 0,
      "class_name": "car",
      "class_group": "vehicle",
      "score": 0.353515625,
      "position_ego": [
        35.73076629638672,
        21.794754028320312,
        -0.458984375
      ],
      "size_xyz": [
        2.13671875,
        5.01953125,
        1.8427734375
      ],
      "yaw_rad": -2.72265625,
      "velocity_ego": [
        0.400146484375,
        0.77490234375
      ],
      "speed_mps": 0.8721185993355005,
      "distance_m": 41.85330289573321,
      "bearing_deg": 31.382006689462624,
      "source_confidence": 0.353515625,
      "raw_box_9d": [
        35.73076629638672,
        21.794754028320312,
        -0.458984375,
        2.13671875,
        5.01953125,
        1.8427734375,
        -2.72265625,
        0.400146484375,
        0.77490234375
      ]
    },
    {
      "detection_id": "sample_000041_det_0004",
      "class_id": 0,
      "class_name": "car",
      "class_group": "vehicle",
      "score": 0.177490234375,
      "position_ego": [
        24.138870239257812,
        -9.511669158935547,
        -0.80419921875
      ],
      "size_xyz": [
        2.1953125,
        4.921875,
        1.8525390625
      ],
      "yaw_rad": 1.8408203125,
      "velocity_ego": [
        -0.043548583984375,
        0.0056915283203125
      ],
      "speed_mps": 0.04391893283841357,
      "distance_m": 25.94526751869736,
      "bearing_deg": -21.506400922392633,
      "source_confidence": 0.177490234375,
      "raw_box_9d": [
        24.138870239257812,
        -9.511669158935547,
        -0.80419921875,
        2.1953125,
        4.921875,
        1.8525390625,
        1.8408203125,
        -0.043548583984375,
        0.0056915283203125
      ]
    },
    {
      "detection_id": "sample_000041_det_0005",
      "class_id": 0,
      "class_name": "car",
      "class_group": "vehicle",
      "score": 0.15771484375,
      "position_ego": [
        52.52095031738281,
        48.468170166015625,
        0.162109375
      ],
      "size_xyz": [
        2.220703125,
        5.11328125,
        1.92578125
      ],
      "yaw_rad": 0.36279296875,
      "velocity_ego": [
        -2.1796875,
        -5.7734375
      ],
      "speed_mps": 6.171192604680436,
      "distance_m": 71.46757125775886,
      "bearing_deg": 42.701904307080206,
      "source_confidence": 0.15771484375,
      "raw_box_9d": [
        52.52095031738281,
        48.468170166015625,
        0.162109375,
        2.220703125,
        5.11328125,
        1.92578125,
        0.36279296875,
        -2.1796875,
        -5.7734375
      ]
    },
    {
      "detection_id": "sample_000041_det_0006",
      "class_id": 0,
      "class_name": "car",
      "class_group": "vehicle",
      "score": 0.109375,
      "position_ego": [
        49.341651916503906,
        49.50115966796875,
        0.31298828125
      ],
      "size_xyz": [
        2.24609375,
        5.1328125,
        1.9677734375
      ],
      "yaw_rad": 0.089599609375,
      "velocity_ego": [
        -1.30078125,
        -5.6796875
      ],
      "speed_mps": 5.826738535236313,
      "distance_m": 69.89251334959395,
      "bearing_deg": 45.09246107914899,
      "source_confidence": 0.109375,