{
  "sample_name": "sample_000094",
  "sequence_index": 94,
  "frame_id": 60095,
  "timestamp": 444.4197008907795,
  "prediction_variant": "single",
  "source_sample_dir": "D:\\Agent-AI\\outputs\\s3a_ml_long_v2\\sample_000094",
  "source_prediction_dir": "D:\\Agent-AI\\outputs\\live_watch_compare_multilane\\lw_s3a_ml_long_v2\\inference\\sample_000094",
  "ego": {
    "frame_id": 60095,
    "timestamp": 444.4197008907795,
    "sample_name": "sample_000094",
    "town": "Carla/Maps/Town10HD_Opt",
    "weather": {
      "cloudiness": 20.0,
      "dust_storm": 0.0,
      "fog_density": 2.0,
      "fog_distance": 0.75,
      "fog_falloff": 0.10000000149011612,
      "mie_scattering_scale": 0.029999999329447746,
      "precipitation": 0.0,
      "precipitation_deposits": 0.0,
      "rayleigh_scattering_scale": 0.03310000151395798,
      "scattering_intensity": 1.0,
      "sun_altitude_angle": 45.0,
      "sun_azimuth_angle": 300.0,
      "wetness": 0.0,
      "wind_intensity": 10.0
    },
    "position_world": [
      77.2879638671875,
      62.27976608276367,
      -0.00424552895128727
    ],
    "velocity_world": [
      0.0010164661798626184,
      -0.0002613963442854583,
      3.99589544031187e-06
    ],
    "speed_mps": 0.0010495463357044685,
    "yaw_deg": -161.7235107421875,
    "route_progress_m": 53.24113284172628,
    "world_from_ego_bevfusion": [
      [
        -0.9495536088943481,
        -0.3136027157306671,
        -0.0011615424882620573,
        77.2879638671875
      ],
      [
        0.31360259652137756,
        -0.9495543241500854,
        0.0002770383143797517,
        62.27976608276367
      ],
      [
        -0.0011898275697603822,
        -0.0001012000284390524,
        0.9999992847442627,
        -0.00424552895128727
      ],
      [
        0.0,
        0.0,
        0.0,
        1.0
      ]
    ]
  },
  "detections": [
    {
      "detection_id": "sample_000094_det_0000",
      "class_id": 0,
      "class_name": "car",
      "class_group": "vehicle",
      "score": 0.64697265625,
      "position_ego": [
        37.668609619140625,
        3.30328369140625,
        -1.150390625
      ],
      "size_xyz": [
        2.181640625,
        4.9765625,
        1.8037109375
      ],
      "yaw_rad": 1.2607421875,
      "velocity_ego": [
        -6.616115570068359e-06,
        -2.2649765014648438e-06
      ],
      "speed_mps": 6.9930754170600005e-06,
      "distance_m": 37.81317011022911,
      "bearing_deg": 5.0116340381976725,
      "source_confidence": 0.64697265625,
      "raw_box_9d": [
        37.668609619140625,
        3.30328369140625,
        -1.150390625,
        2.181640625,
        4.9765625,
        1.8037109375,
        1.2607421875,
        -6.616115570068359e-06,
        -2.2649765014648438e-06
      ]
    },
    {
      "detection_id": "sample_000094_det_0002",
      "class_id": 0,
      "class_name": "car",
      "class_group": "vehicle",
      "score": 0.64208984375,
      "position_ego": [
        -28.43052864074707,
        6.016407012939453,
        -1.244140625
      ],
      "size_xyz": [
        2.11328125,
        4.85546875,
        1.798828125
      ],
      "yaw_rad": -0.85302734375,
      "velocity_ego": [
        -6.616115570068359e-06,
        -2.2649765014648438e-06
      ],
      "speed_mps": 6.9930754170600005e-06,
      "distance_m": 29.060146457609026,
      "bearing_deg": 168.0514697248964,
      "source_confidence": 0.64208984375,
      "raw_box_9d": [
        -28.43052864074707,
        6.016407012939453,
        -1.244140625,
        2.11328125,
        4.85546875,
        1.798828125,
        -0.85302734375,
        -6.616115570068359e-06,
        -2.2649765014648438e-06
      ]
    },
    {
      "detection_id": "sample_000094_det_0001",
      "class_id": 0,
      "class_name": "car",
      "class_group": "vehicle",
      "score": 0.63916015625,
      "position_ego": [
        6.113674163818359,
        0.2711067199707031,
        -1.4609375
      ],
      "size_xyz": [
        2.115234375,
        4.9765625,
        1.751953125
      ],
      "yaw_rad": -1.73046875,
      "velocity_ego": [
        -6.616115570068359e-06,
        -2.2649765014648438e-06
      ],
      "speed_mps": 6.9930754170600005e-06,
      "distance_m": 6.119682233168107,
      "bearing_deg": 2.539078922766872,
      "source_confidence": 0.63916015625,
      "raw_box_9d": [
        6.113674163818359,
        0.2711067199707031,
        -1.4609375,
        2.115234375,
        4.9765625,
        1.751953125,
        -1.73046875,
        -6.616115570068359e-06,
        -2.2649765014648438e-06
      ]
    },
    {
      "detection_id": "sample_000094_det_0003",
      "class_id": 0,
      "class_name": "car",
      "class_group": "vehicle",
      "score": 0.56982421875,
      "position_ego": [
        36.30760955810547,
        6.057422637939453,
        -1.2783203125
      ],
      "size_xyz": [
        2.1796875,
        4.90234375,
        1.830078125
      ],
      "yaw_rad": 1.283203125,
      "velocity_ego": [
        -6.616115570068359e-06,
        -2.2649765014648438e-06
      ],
      "speed_mps": 6.9930754170600005e-06,
      "distance_m": 36.809440104930324,
      "bearing_deg": 9.471771472315544,
      "source_confidence": 0.56982421875,
      "raw_box_9d": [
        36.30760955810547,
        6.057422637939453,
        -1.2783203125,
        2.1796875,
        4.90234375,
        1.830078125,
        1.283203125,
        -6.616115570068359e-06,
        -2.2649765014648438e-06
      ]
    },
    {
      "detection_id": "sample_000094_det_0004",
      "class_id": 0,
      "class_name": "car",
      "class_group": "vehicle",
      "score": 0.2496337890625,
      "position_ego": [
        19.609649658203125,
        33.891380310058594,
        -0.7158203125
      ],
      "size_xyz": [
        2.26953125,
        5.21484375,
        2.025390625
      ],
      "yaw_rad": 1.1767578125,
      "velocity_ego": [
        -5.751848220825195e-05,
        -0.0009684562683105469
      ],
      "speed_mps": 0.0009701628313976634,
      "distance_m": 39.15563840672877,
      "bearing_deg": 59.94620296627652,
      "source_confidence": 0.2496337890625,
      "raw_box_9d": [
        19.609649658203125,
        33.891380310058594,
        -0.7158203125,
        2.26953125,
        5.21484375,
        2.025390625,
        1.1767578125,
        -5.751848220825195e-05,
        -0.0009684562683105469
      ]
    },
    {
      "detection_id": "sample_000094_det_0006",
      "class_id": 0,
      "class_name": "car",
      "class_group": "vehicle",
      "score": 0.19384765625,
      "position_ego": [
        26.4169921875,
        -8.67026138305664,
        -1.1650390625
      ],
      "size_xyz": [
        2.193359375,
        4.87890625,
        1.83984375
      ],
      "yaw_rad": 1.375,
      "velocity_ego": [
        -6.616115570068359e-06,
        -2.2649765014648438e-06
      ],
      "speed_mps": 6.9930754170600005e-06,
      "distance_m": 27.803433397423408,
      "bearing_deg": -18.170236437758405,
      "source_confidence": 0.19384765625,
      "raw_box_9d": [
        26.4169921875,
        -8.67026138305664,
        -1.1650390625,
        2.193359375,
        4.87890625,
        1.83984375,
        1.375,
        -6.616115570068359e-06,
        -2.2649765014648438e-06
      ]
    },
    {
      "detection_id": "sample_000094_det_0005",
      "class_id": 0,
      "class_name": "car",
      "class_group": "vehicle",
      "score": 0.1890869140625,
      "position_ego": [
        -27.694921493530273,
        -8.115470886230469,
        -1.1728515625
      ],
      "size_xyz": [
        2.248046875,
        5.09765625,
        1.9072265625
      ],
      "yaw_rad": -1.5419921875,
      "velocity_ego": [
        -6.616115570068359e-06,
        -2.2649765014648438e-06
      ],
      "speed_mps": 6.9930754170600005e-06,
      "distance_m": 28.859479278705972,
      "bearing_deg": -163.66777910939106,