{
  "sample_name": "sample_000018",
  "sequence_index": 18,
  "frame_id": 60019,
  "timestamp": 436.81970077753067,
  "prediction_variant": "single",
  "source_sample_dir": "D:\\Agent-AI\\outputs\\s3a_ml_long_v2\\sample_000018",
  "source_prediction_dir": "D:\\Agent-AI\\outputs\\live_watch_compare_multilane\\lw_s3a_ml_long_v2\\inference\\sample_000018",
  "ego": {
    "frame_id": 60019,
    "timestamp": 436.81970077753067,
    "sample_name": "sample_000018",
    "town": "Carla/Maps/Town10HD_Opt",
    "weather": {
      "cloudiness": 20.0,
      "dust_storm": 0.0,
      "fog_density": 2.0,
      "fog_distance": 0.75,
      "fog_falloff": 0.10000000149011612,
      "mie_scattering_scale": 0.029999999329447746,
      "precipitation": 0.0,
      "precipitation_deposits": 0.0,
      "rayleigh_scattering_scale": 0.03310000151395798,
      "scattering_intensity": 1.0,
      "sun_altitude_angle": 45.0,
      "sun_azimuth_angle": 300.0,
      "wetness": 0.0,
      "wind_intensity": 10.0
    },
    "position_world": [
      105.03631591796875,
      33.02234649658203,
      -0.0032486342824995518
    ],
    "velocity_world": [
      -1.7172164916992188,
      6.960427284240723,
      6.445884355343878e-05
    ],
    "speed_mps": 7.169126896820937,
    "yaw_deg": -103.02998352050781,
    "route_progress_m": 11.040892035805124,
    "world_from_ego_bevfusion": [
      [
        -0.22545789182186127,
        -0.974227249622345,
        0.007060949690639973,
        105.03631591796875
      ],
      [
        0.9742392897605896,
        -0.22541049122810364,
        0.006922585424035788,
        33.02234649658203
      ],
      [
        -0.005152559839189053,
        0.008439806289970875,
        0.9999510645866394,
        -0.0032486342824995518
      ],
      [
        0.0,
        0.0,
        0.0,
        1.0
      ]
    ]
  },
  "detections": [
    {
      "detection_id": "sample_000018_det_0000",
      "class_id": 0,
      "class_name": "car",
      "class_group": "vehicle",
      "score": 0.77001953125,
      "position_ego": [
        14.518218994140625,
        -0.8931007385253906,
        -1.2939453125
      ],
      "size_xyz": [
        2.150390625,
        4.94140625,
        1.859375
      ],
      "yaw_rad": -1.8017578125,
      "velocity_ego": [
        -6.616115570068359e-06,
        -2.2649765014648438e-06
      ],
      "speed_mps": 6.9930754170600005e-06,
      "distance_m": 14.545662985611218,
      "bearing_deg": -3.520163332855923,
      "source_confidence": 0.77001953125,
      "raw_box_9d": [
        14.518218994140625,
        -0.8931007385253906,
        -1.2939453125,
        2.150390625,
        4.94140625,
        1.859375,
        -1.8017578125,
        -6.616115570068359e-06,
        -2.2649765014648438e-06
      ]
    },
    {
      "detection_id": "sample_000018_det_0001",
      "class_id": 0,
      "class_name": "car",
      "class_group": "vehicle",
      "score": 0.46484375,
      "position_ego": [
        37.63850402832031,
        25.716217041015625,
        -0.9404296875
      ],
      "size_xyz": [
        2.146484375,
        4.98046875,
        1.8427734375
      ],
      "yaw_rad": 0.3486328125,
      "velocity_ego": [
        -0.0780029296875,
        -0.6513671875
      ],
      "speed_mps": 0.6560210895935383,
      "distance_m": 45.58487473264029,
      "bearing_deg": 34.34254061942519,
      "source_confidence": 0.46484375,
      "raw_box_9d": [
        37.63850402832031,
        25.716217041015625,
        -0.9404296875,
        2.146484375,
        4.98046875,
        1.8427734375,
        0.3486328125,
        -0.0780029296875,
        -0.6513671875
      ]
    },
    {
      "detection_id": "sample_000018_det_0002",
      "class_id": 0,
      "class_name": "car",
      "class_group": "vehicle",
      "score": 0.14697265625,
      "position_ego": [
        24.008499145507812,
        -8.624046325683594,
        -1.0966796875
      ],
      "size_xyz": [
        2.22265625,
        5.11328125,
        1.9541015625
      ],
      "yaw_rad": -1.8984375,
      "velocity_ego": [
        -6.616115570068359e-06,
        -2.2649765014648438e-06
      ],
      "speed_mps": 6.9930754170600005e-06,
      "distance_m": 25.510433282235446,
      "bearing_deg": -19.758697133236655,
      "source_confidence": 0.14697265625,
      "raw_box_9d": [
        24.008499145507812,
        -8.624046325683594,
        -1.0966796875,
        2.22265625,
        5.11328125,
        1.9541015625,
        -1.8984375,
        -6.616115570068359e-06,
        -2.2649765014648438e-06
      ]
    },
    {
      "detection_id": "sample_000018_det_0003",
      "class_id": 0,
      "class_name": "car",
      "class_group": "vehicle",
      "score": 0.10498046875,
      "position_ego": [
        44.81037902832031,
        7.485095977783203,
        -0.74560546875
      ],
      "size_xyz": [
        2.212890625,
        4.9765625,
        1.9091796875
      ],
      "yaw_rad": 1.4931640625,
      "velocity_ego": [
        -0.96923828125,
        -0.11883544921875
      ],
      "speed_mps": 0.9764961391789915,
      "distance_m": 45.43123078300163,
      "bearing_deg": 9.483096263899684,
      "source_confidence": 0.10498046875,
      "raw_box_9d": [
        44.81037902832031,
        7.485095977783203,
        -0.74560546875,
        2.212890625,
        4.9765625,
        1.9091796875,
        1.4931640625,
        -0.96923828125,
        -0.11883544921875
      ]
    }
  ],
  "class_names": [
    "car",
    "truck",
    "construction_vehicle",
    "bus",
    "trailer",
    "barrier",
    "motorcycle",
    "bicycle",
    "pedestrian",
    "traffic_cone"
  ],
  "raw_prediction_count": 200,
  "filtered_prediction_count": 4
}