{
  "sample_name": "sample_000117",
  "sequence_index": 117,
  "frame_id": 60118,
  "timestamp": 446.71970092505217,
  "prediction_variant": "single",
  "source_sample_dir": "D:\\Agent-AI\\outputs\\s3a_ml_long_v2\\sample_000117",
  "source_prediction_dir": "D:\\Agent-AI\\outputs\\live_watch_compare_multilane\\lw_s3a_ml_long_v2\\inference\\sample_000117",
  "ego": {
    "frame_id": 60118,
    "timestamp": 446.71970092505217,
    "sample_name": "sample_000117",
    "town": "Carla/Maps/Town10HD_Opt",
    "weather": {
      "cloudiness": 20.0,
      "dust_storm": 0.0,
      "fog_density": 2.0,
      "fog_distance": 0.75,
      "fog_falloff": 0.10000000149011612,
      "mie_scattering_scale": 0.029999999329447746,
      "precipitation": 0.0,
      "precipitation_deposits": 0.0,
      "rayleigh_scattering_scale": 0.03310000151395798,
      "scattering_intensity": 1.0,
      "sun_altitude_angle": 45.0,
      "sun_azimuth_angle": 300.0,
      "wetness": 0.0,
      "wind_intensity": 10.0
    },
    "position_world": [
      77.28752136230469,
      62.279911041259766,
      -0.004500579554587603
    ],
    "velocity_world": [
      8.278191643285027e-08,
      -1.9498018755115254e-09,
      -1.7738342421580455e-06
    ],
    "speed_mps": 1.7757659097043328e-06,
    "yaw_deg": -161.72349548339844,
    "route_progress_m": 53.24160103577208,
    "world_from_ego_bevfusion": [
      [
        -0.9495541453361511,
        -0.3136030435562134,
        -1.5847393797230325e-06,
        77.28752136230469
      ],
      [
        0.3136030435562134,
        -0.9495541453361511,
        5.233815159044752e-07,
        62.279911041259766
      ],
      [
        -1.6689299400240998e-06,
        0.0,
        1.0,
        -0.004500579554587603
      ],
      [
        0.0,
        0.0,
        0.0,
        1.0
      ]
    ]
  },
  "detections": [
    {
      "detection_id": "sample_000117_det_0000",
      "class_id": 0,
      "class_name": "car",
      "class_group": "vehicle",
      "score": 0.52734375,
      "position_ego": [
        6.112209320068359,
        0.24569320678710938,
        -1.5361328125
      ],
      "size_xyz": [
        2.1171875,
        4.9609375,
        1.76171875
      ],
      "yaw_rad": -1.72265625,
      "velocity_ego": [
        -6.616115570068359e-06,
        -2.2649765014648438e-06
      ],
      "speed_mps": 6.9930754170600005e-06,
      "distance_m": 6.117145406494099,
      "bearing_deg": 2.301886011875943,
      "source_confidence": 0.52734375,
      "raw_box_9d": [
        6.112209320068359,
        0.24569320678710938,
        -1.5361328125,
        2.1171875,
        4.9609375,
        1.76171875,
        -1.72265625,
        -6.616115570068359e-06,
        -2.2649765014648438e-06
      ]
    },
    {
      "detection_id": "sample_000117_det_0001",
      "class_id": 4,
      "class_name": "trailer",
      "class_group": "vehicle",
      "score": 0.1197509765625,
      "position_ego": [
        14.952545166015625,
        27.284515380859375,
        -0.1083984375
      ],
      "size_xyz": [
        3.083984375,
        14.296875,
        3.056640625
      ],
      "yaw_rad": -1.8740234375,
      "velocity_ego": [
        8.15625,
        1.505859375
      ],
      "speed_mps": 8.29409588320363,
      "distance_m": 31.11307420538975,
      "bearing_deg": 61.276240110069566,
      "source_confidence": 0.1197509765625,
      "raw_box_9d": [
        14.952545166015625,
        27.284515380859375,
        -0.1083984375,
        3.083984375,
        14.296875,
        3.056640625,
        -1.8740234375,
        8.15625,
        1.505859375
      ]
    }
  ],
  "class_names": [
    "car",
    "truck",
    "construction_vehicle",
    "bus",
    "trailer",
    "barrier",
    "motorcycle",
    "bicycle",
    "pedestrian",
    "traffic_cone"
  ],
  "raw_prediction_count": 200,
  "filtered_prediction_count": 2
}