{
  "sample_name": "sample_000043",
  "sequence_index": 43,
  "frame_id": 3963,
  "timestamp": 43.431086611002684,
  "prediction_variant": "single",
  "source_sample_dir": "D:\\Agent-AI\\outputs\\s3a_left_v3\\sample_000043",
  "source_prediction_dir": "D:\\Agent-AI\\outputs\\live_watch_compare_multilane\\lw_left_positive_v1\\inference\\sample_000043",
  "ego": {
    "frame_id": 3963,
    "timestamp": 43.431086611002684,
    "sample_name": "sample_000043",
    "town": "Carla/Maps/Town10HD_Opt",
    "weather": {
      "cloudiness": 20.0,
      "dust_storm": 0.0,
      "fog_density": 2.0,
      "fog_distance": 0.75,
      "fog_falloff": 0.10000000149011612,
      "mie_scattering_scale": 0.029999999329447746,
      "precipitation": 0.0,
      "precipitation_deposits": 0.0,
      "rayleigh_scattering_scale": 0.03310000151395798,
      "scattering_intensity": 1.0,
      "sun_altitude_angle": 45.0,
      "sun_azimuth_angle": 300.0,
      "wetness": 0.0,
      "wind_intensity": 10.0
    },
    "position_world": [
      106.89350128173828,
      38.535430908203125,
      -0.0044865417294204235
    ],
    "velocity_world": [
      -1.1494050025939941,
      3.067209005355835,
      6.742477125953883e-06
    ],
    "speed_mps": 3.275500411016535,
    "yaw_deg": -109.2567138671875,
    "route_progress_m": 17.75473871881428,
    "world_from_ego_bevfusion": [
      [
        -0.32980120182037354,
        -0.944050133228302,
        0.000713659857865423,
        106.89350128173828
      ],
      [
        0.9440504312515259,
        -0.3298010528087616,
        0.00031990226125344634,
        38.535430908203125
      ],
      [
        -6.663799285888672e-05,
        0.0007792350370436907,
        0.9999997019767761,
        -0.0044865417294204235
      ],
      [
        0.0,
        0.0,
        0.0,
        1.0
      ]
    ]
  },
  "detections": [
    {
      "detection_id": "sample_000043_det_0000",
      "class_id": 0,
      "class_name": "car",
      "class_group": "vehicle",
      "score": 0.80224609375,
      "position_ego": [
        6.951419830322266,
        0.3277626037597656,
        -1.46484375
      ],
      "size_xyz": [
        2.134765625,
        4.9453125,
        1.8017578125
      ],
      "yaw_rad": -1.720703125,
      "velocity_ego": [
        -6.616115570068359e-06,
        -2.2649765014648438e-06
      ],
      "speed_mps": 6.9930754170600005e-06,
      "distance_m": 6.959142618298681,
      "bearing_deg": 2.6995227290028896,
      "source_confidence": 0.80224609375,
      "raw_box_9d": [
        6.951419830322266,
        0.3277626037597656,
        -1.46484375,
        2.134765625,
        4.9453125,
        1.8017578125,
        -1.720703125,
        -6.616115570068359e-06,
        -2.2649765014648438e-06
      ]
    },
    {
      "detection_id": "sample_000043_det_0001",
      "class_id": 0,
      "class_name": "car",
      "class_group": "vehicle",
      "score": 0.69873046875,
      "position_ego": [
        23.6282958984375,
        11.171745300292969,
        -1.478515625
      ],
      "size_xyz": [
        2.171875,
        5.01953125,
        1.8408203125
      ],
      "yaw_rad": -2.173828125,
      "velocity_ego": [
        -6.616115570068359e-06,
        -2.2649765014648438e-06
      ],
      "speed_mps": 6.9930754170600005e-06,
      "distance_m": 26.136263315912938,
      "bearing_deg": 25.30535317435131,
      "source_confidence": 0.69873046875,
      "raw_box_9d": [
        23.6282958984375,
        11.171745300292969,
        -1.478515625,
        2.171875,
        5.01953125,
        1.8408203125,
        -2.173828125,
        -6.616115570068359e-06,
        -2.2649765014648438e-06
      ]
    }
  ],
  "class_names": [
    "car",
    "truck",
    "construction_vehicle",
    "bus",
    "trailer",
    "barrier",
    "motorcycle",
    "bicycle",
    "pedestrian",
    "traffic_cone"
  ],
  "raw_prediction_count": 200,
  "filtered_prediction_count": 2
}