{
  "active_object_count": 1,
  "front_free_space_m": null,
  "left_side_occupancy": 0.0,
  "right_side_occupancy": 0.148444823164519,
  "rear_gap_m": 7.184909820556641,
  "nearest_front_vehicle": null,
  "nearest_vru": null,
  "nearest_any_object": {
    "track_id": 2,
    "class": "car",
    "distance_m": 25.54665530506443,
    "bearing_deg": -106.33461948796486,
    "position_ego": [
      -7.184909820556641,
      -24.515478134155273,
      -0.6533203125
    ],
    "velocity_ego": [
      -0.0115814208984375,
      0.07403564453125
    ],
    "risk_level": "low",
    "risk_score": 0.15840008521201676
  },
  "abnormal_flags": []
}