{
  "sample_name": "sample_000011",
  "sequence_index": 11,
  "frame_id": 726284,
  "timestamp": 4998.29462473467,
  "prediction_variant": "single",
  "source_sample_dir": "D:\\Agent-AI\\outputs\\s3a_ml_long_v1\\sample_000011",
  "source_prediction_dir": "D:\\Agent-AI\\outputs\\live_watch_compare_multilane\\lw_s3a_ml_long_v1\\inference\\sample_000011",
  "ego": {
    "frame_id": 726284,
    "timestamp": 4998.29462473467,
    "sample_name": "sample_000011",
    "town": "Carla/Maps/Town10HD_Opt",
    "weather": {
      "cloudiness": 20.0,
      "dust_storm": 0.0,
      "fog_density": 2.0,
      "fog_distance": 0.75,
      "fog_falloff": 0.10000000149011612,
      "mie_scattering_scale": 0.029999999329447746,
      "precipitation": 0.0,
      "precipitation_deposits": 0.0,
      "rayleigh_scattering_scale": 0.03310000151395798,
      "scattering_intensity": 1.0,
      "sun_altitude_angle": 45.0,
      "sun_azimuth_angle": 300.0,
      "wetness": 0.0,
      "wind_intensity": 10.0
    },
    "position_world": [
      106.04544830322266,
      27.345510482788086,
      -0.005983543116599321
    ],
    "velocity_world": [
      -0.9344205856323242,
      7.978832721710205,
      4.3811796786030754e-05
    ],
    "speed_mps": 8.03336252348955,
    "yaw_deg": -95.61013793945312,
    "route_progress_m": 5.269424670942135,
    "world_from_ego_bevfusion": [
      [
        -0.097756028175354,
        -0.9951798915863037,
        0.007792418356984854,
        106.04544830322266
      ],
      [
        0.9951803684234619,
        -0.09781087934970856,
        -0.0069981408305466175,
        27.345510482788086
      ],
      [
        0.007726592011749744,
        0.007070751860737801,
        0.9999451637268066,
        -0.005983543116599321
      ],
      [
        0.0,
        0.0,
        0.0,
        1.0
      ]
    ]
  },
  "detections": [
    {
      "detection_id": "sample_000011_det_0000",
      "class_id": 0,
      "class_name": "car",
      "class_group": "vehicle",
      "score": 0.76904296875,
      "position_ego": [
        16.315872192382812,
        3.2307510375976562,
        -1.55078125
      ],
      "size_xyz": [
        2.083984375,
        4.77734375,
        1.7841796875
      ],
      "yaw_rad": -1.9814453125,
      "velocity_ego": [
        -6.616115570068359e-06,
        -2.2649765014648438e-06
      ],
      "speed_mps": 6.9930754170600005e-06,
      "distance_m": 16.632661773303425,
      "bearing_deg": 11.200410052615755,
      "source_confidence": 0.76904296875,
      "raw_box_9d": [
        16.315872192382812,
        3.2307510375976562,
        -1.55078125,
        2.083984375,
        4.77734375,
        1.7841796875,
        -1.9814453125,
        -6.616115570068359e-06,
        -2.2649765014648438e-06
      ]
    },
    {
      "detection_id": "sample_000011_det_0001",
      "class_id": 0,
      "class_name": "car",
      "class_group": "vehicle",
      "score": 0.7421875,
      "position_ego": [
        16.679885864257812,
        -0.21254730224609375,
        -1.5849609375
      ],
      "size_xyz": [
        2.111328125,
        4.8203125,
        1.7880859375
      ],
      "yaw_rad": -1.943359375,
      "velocity_ego": [
        -6.616115570068359e-06,
        -2.2649765014648438e-06
      ],
      "speed_mps": 6.9930754170600005e-06,
      "distance_m": 16.681240025860177,
      "bearing_deg": -0.7300652044203874,
      "source_confidence": 0.7421875,
      "raw_box_9d": [
        16.679885864257812,
        -0.21254730224609375,
        -1.5849609375,
        2.111328125,
        4.8203125,
        1.7880859375,
        -1.943359375,
        -6.616115570068359e-06,
        -2.2649765014648438e-06
      ]
    },
    {
      "detection_id": "sample_000011_det_0002",
      "class_id": 0,
      "class_name": "car",
      "class_group": "vehicle",
      "score": 0.458740234375,
      "position_ego": [
        34.05220031738281,
        12.260307312011719,
        -1.599609375
      ],
      "size_xyz": [
        2.16796875,
        4.8984375,
        1.8623046875
      ],
      "yaw_rad": 0.6279296875,
      "velocity_ego": [
        -6.616115570068359e-06,
        -2.2649765014648438e-06
      ],
      "speed_mps": 6.9930754170600005e-06,
      "distance_m": 36.192091426721035,
      "bearing_deg": 19.801133273293736,
      "source_confidence": 0.458740234375,
      "raw_box_9d": [
        34.05220031738281,
        12.260307312011719,
        -1.599609375,
        2.16796875,
        4.8984375,
        1.8623046875,
        0.6279296875,
        -6.616115570068359e-06,
        -2.2649765014648438e-06
      ]
    },
    {
      "detection_id": "sample_000011_det_0003",
      "class_id": 0,
      "class_name": "car",
      "class_group": "vehicle",
      "score": 0.378173828125,
      "position_ego": [
        39.83123016357422,
        31.115333557128906,
        -1.6103515625
      ],
      "size_xyz": [
        2.0859375,
        4.76171875,
        1.833984375
      ],
      "yaw_rad": -2.908203125,
      "velocity_ego": [
        0.12548828125,
        0.382568359375
      ],
      "speed_mps": 0.40262371803702557,
      "distance_m": 50.543949971435914,
      "bearing_deg": 37.99621782020253,
      "source_confidence": 0.378173828125,
      "raw_box_9d": [
        39.83123016357422,
        31.115333557128906,
        -1.6103515625,
        2.0859375,
        4.76171875,
        1.833984375,
        -2.908203125,
        0.12548828125,
        0.382568359375
      ]
    },
    {
      "detection_id": "sample_000011_det_0004",
      "class_id": 0,
      "class_name": "car",
      "class_group": "vehicle",
      "score": 0.27685546875,
      "position_ego": [
        36.05097961425781,
        -1.3643531799316406,
        -1.4326171875
      ],
      "size_xyz": [
        2.212890625,
        4.96875,
        1.923828125
      ],
      "yaw_rad": 1.1298828125,
      "velocity_ego": [
        -6.616115570068359e-06,
        -2.2649765014648438e-06
      ],
      "speed_mps": 6.9930754170600005e-06,
      "distance_m": 36.076787422762884,
      "bearing_deg": -2.1673305783182033,
      "source_confidence": 0.27685546875,
      "raw_box_9d": [
        36.05097961425781,
        -1.3643531799316406,
        -1.4326171875,
        2.212890625,
        4.96875,
        1.923828125,
        1.1298828125,
        -6.616115570068359e-06,
        -2.2649765014648438e-06
      ]
    },
    {
      "detection_id": "sample_000011_det_0005",
      "class_id": 0,
      "class_name": "car",
      "class_group": "vehicle",
      "score": 0.25830078125,
      "position_ego": [
        30.420852661132812,
        -4.956371307373047,
        -1.3291015625
      ],
      "size_xyz": [
        2.154296875,
        4.93359375,
        1.8994140625
      ],
      "yaw_rad": 0.98046875,
      "velocity_ego": [
        -6.616115570068359e-06,
        -2.2649765014648438e-06
      ],
      "speed_mps": 6.9930754170600005e-06,
      "distance_m": 30.821970948771302,
      "bearing_deg": -9.25370775369032,
      "source_confidence": 0.25830078125,
      "raw_box_9d": [
        30.420852661132812,
        -4.956371307373047,
        -1.3291015625,
        2.154296875,
        4.93359375,
        1.8994140625,
        0.98046875,
        -6.616115570068359e-06,
        -2.2649765014648438e-06
      ]
    }
  ],
  "class_names": [
    "car",
    "truck",
    "construction_vehicle",
    "bus",
    "trailer",
    "barrier",
    "motorcycle",
    "bicycle",
    "pedestrian",
    "traffic_cone"
  ],
  "raw_prediction_count": 200,
  "filtered_prediction_count": 6
}