{
  "active_object_count": 9,
  "front_free_space_m": 9.599108484841725,
  "left_side_occupancy": 0.1832887124550644,
  "right_side_occupancy": 0.34165542055615583,
  "rear_gap_m": 16.0140380859375,
  "nearest_front_vehicle": {
    "track_id": 2,
    "class": "car",
    "distance_m": 10.745688791886781,
    "bearing_deg": 6.786512357502645,
    "position_ego": [
      10.670397547341725,
      1.2698203785436997,
      -1.59375
    ],
    "velocity_ego": [
      -1.3885478013231398,
      -0.5814881724714966
    ],
    "risk_level": "high",
    "risk_score": 0.6194073340608492
  },
  "nearest_vru": null,
  "nearest_any_object": {
    "track_id": 2,
    "class": "car",
    "distance_m": 10.745688791886781,
    "bearing_deg": 6.786512357502645,
    "position_ego": [
      10.670397547341725,
      1.2698203785436997,
      -1.59375
    ],
    "velocity_ego": [
      -1.3885478013231398,
      -0.5814881724714966
    ],
    "risk_level": "high",
    "risk_score": 0.6194073340608492
  },
  "abnormal_flags": [
    "high_risk_scene"
  ]
}