{
  "sample_name": "sample_000010",
  "sequence_index": 10,
  "frame_id": 3930,
  "timestamp": 40.13108656182885,
  "prediction_variant": "single",
  "source_sample_dir": "D:\\Agent-AI\\outputs\\s3a_left_v3\\sample_000010",
  "source_prediction_dir": "D:\\Agent-AI\\outputs\\live_watch_compare_multilane\\lw_left_positive_v1\\inference\\sample_000010",
  "ego": {
    "frame_id": 3930,
    "timestamp": 40.13108656182885,
    "sample_name": "sample_000010",
    "town": "Carla/Maps/Town10HD_Opt",
    "weather": {
      "cloudiness": 20.0,
      "dust_storm": 0.0,
      "fog_density": 2.0,
      "fog_distance": 0.75,
      "fog_falloff": 0.10000000149011612,
      "mie_scattering_scale": 0.029999999329447746,
      "precipitation": 0.0,
      "precipitation_deposits": 0.0,
      "rayleigh_scattering_scale": 0.03310000151395798,
      "scattering_intensity": 1.0,
      "sun_altitude_angle": 45.0,
      "sun_azimuth_angle": 300.0,
      "wetness": 0.0,
      "wind_intensity": 10.0
    },
    "position_world": [
      109.733154296875,
      24.976652145385742,
      -0.0062694549560546875
    ],
    "velocity_world": [
      -0.4733857214450836,
      7.034389019012451,
      -0.000308589922497049
    ],
    "speed_mps": 7.050299497702121,
    "yaw_deg": -93.26791381835938,
    "route_progress_m": 3.8436179166961355,
    "world_from_ego_bevfusion": [
      [
        -0.05700245872139931,
        -0.9983697533607483,
        0.0029332933481782675,
        109.733154296875
      ],
      [
        0.9983306527137756,
        -0.05702713131904602,
        -0.009159195236861706,
        24.976652145385742
      ],
      [
        0.009311540983617306,
        0.002406299812719226,
        0.9999537467956543,
        -0.0062694549560546875
      ],
      [
        0.0,
        0.0,
        0.0,
        1.0
      ]
    ]
  },
  "detections": [
    {
      "detection_id": "sample_000010_det_0000",
      "class_id": 0,
      "class_name": "car",
      "class_group": "vehicle",
      "score": 0.63623046875,
      "position_ego": [
        20.331886291503906,
        4.315578460693359,
        -1.611328125
      ],
      "size_xyz": [
        2.109375,
        4.734375,
        1.8671875
      ],
      "yaw_rad": -2.0,
      "velocity_ego": [
        -6.616115570068359e-06,
        -2.2649765014648438e-06
      ],
      "speed_mps": 6.9930754170600005e-06,
      "distance_m": 20.784845864741094,
      "bearing_deg": 11.98355917499624,
      "source_confidence": 0.63623046875,
      "raw_box_9d": [
        20.331886291503906,
        4.315578460693359,
        -1.611328125,
        2.109375,
        4.734375,
        1.8671875,
        -2.0,
        -6.616115570068359e-06,
        -2.2649765014648438e-06
      ]
    },
    {
      "detection_id": "sample_000010_det_0001",
      "class_id": 0,
      "class_name": "car",
      "class_group": "vehicle",
      "score": 0.411865234375,
      "position_ego": [
        33.37617492675781,
        19.393585205078125,
        -1.58984375
      ],
      "size_xyz": [
        2.19140625,
        5.11328125,
        1.849609375
      ],
      "yaw_rad": 0.638671875,
      "velocity_ego": [
        -0.1195068359375,
        -0.1781005859375
      ],
      "speed_mps": 0.21448007494187743,
      "distance_m": 38.60155696145121,
      "bearing_deg": 30.159189950806542,
      "source_confidence": 0.411865234375,
      "raw_box_9d": [
        33.37617492675781,
        19.393585205078125,
        -1.58984375,
        2.19140625,
        5.11328125,
        1.849609375,
        0.638671875,
        -0.1195068359375,
        -0.1781005859375
      ]
    },
    {
      "detection_id": "sample_000010_det_0002",
      "class_id": 0,
      "class_name": "car",
      "class_group": "vehicle",
      "score": 0.1595458984375,
      "position_ego": [
        28.272369384765625,
        -3.9188575744628906,
        -1.28515625
      ],
      "size_xyz": [
        2.21484375,
        4.9765625,
        1.8955078125
      ],
      "yaw_rad": 1.189453125,
      "velocity_ego": [
        -0.01090240478515625,
        -0.0096893310546875
      ],
      "speed_mps": 0.014585800162717487,
      "distance_m": 28.542675335671632,
      "bearing_deg": -7.891533981234241,
      "source_confidence": 0.1595458984375,
      "raw_box_9d": [
        28.272369384765625,
        -3.9188575744628906,
        -1.28515625,
        2.21484375,
        4.9765625,
        1.8955078125,
        1.189453125,
        -0.01090240478515625,
        -0.0096893310546875
      ]
    }
  ],
  "class_names": [
    "car",
    "truck",
    "construction_vehicle",
    "bus",
    "trailer",
    "barrier",
    "motorcycle",
    "bicycle",
    "pedestrian",
    "traffic_cone"
  ],
  "raw_prediction_count": 200,
  "filtered_prediction_count": 3
}