{
  "active_object_count": 3,
  "front_free_space_m": null,
  "left_side_occupancy": 0.3017126503820847,
  "right_side_occupancy": 0.03767196306960863,
  "rear_gap_m": null,
  "nearest_front_vehicle": null,
  "nearest_vru": null,
  "nearest_any_object": {
    "track_id": 1,
    "class": "car",
    "distance_m": 20.948620488537458,
    "bearing_deg": 11.968511019877889,
    "position_ego": [
      20.493233478052296,
      4.344200960684025,
      -1.611328125
    ],
    "velocity_ego": [
      -3.6829183833976353,
      -1.0087532229062712
    ],
    "risk_level": "low",
    "risk_score": 0.2928853463359691
  },
  "abnormal_flags": []
}