{
  "sample_name": "sample_000011",
  "sequence_index": 11,
  "frame_id": 2188,
  "timestamp": 33.44063230231404,
  "prediction_variant": "bridge_minimal",
  "source_sample_dir": "/workspace/Agent-AI/outputs/samples/sample_000011",
  "source_prediction_dir": "/workspace/Agent-AI/outputs/live_watch_compare/live_20260401_095649/inference/sample_000011/bridge_minimal",
  "ego": {
    "frame_id": 2188,
    "timestamp": 33.44063230231404,
    "sample_name": "sample_000011",
    "town": "Carla/Maps/Town10HD_Opt",
    "weather": {
      "cloudiness": 20.0,
      "dust_storm": 0.0,
      "fog_density": 2.0,
      "fog_distance": 0.75,
      "fog_falloff": 0.10000000149011612,
      "mie_scattering_scale": 0.029999999329447746,
      "precipitation": 0.0,
      "precipitation_deposits": 0.0,
      "rayleigh_scattering_scale": 0.03310000151395798,
      "scattering_intensity": 1.0,
      "sun_altitude_angle": 45.0,
      "sun_azimuth_angle": 300.0,
      "wetness": 0.0,
      "wind_intensity": 10.0
    },
    "position_world": [
      -59.58092498779297,
      -23.610795974731445,
      -0.006171340588480234
    ],
    "velocity_world": [
      6.4925150871276855,
      1.8182179927825928,
      -0.0004935454926453531
    ],
    "speed_mps": 6.742304433162754,
    "yaw_deg": -12.389147758483887,
    "route_progress_m": 0.6461190772886927,
    "world_from_ego_bevfusion": [
      [
        0.9766738414764404,
        -0.2146260142326355,
        -0.006624977104365826,
        -59.58092498779297
      ],
      [
        0.2145417332649231,
        0.9766466617584229,
        -0.011542078107595444,
        -23.610795974731445
      ],
      [
        0.008947491645812988,
        0.00985151156783104,
        0.9999114274978638,
        -0.006171340588480234
      ],
      [
        0.0,
        0.0,
        0.0,
        1.0
      ]
    ]
  },
  "detections": [],
  "class_names": [
    "car",
    "truck",
    "construction_vehicle",
    "bus",
    "trailer",
    "barrier",
    "motorcycle",
    "bicycle",
    "pedestrian",
    "traffic_cone"
  ],
  "raw_prediction_count": 200,
  "filtered_prediction_count": 0
}