{
  "active_object_count": 6,
  "front_free_space_m": 15.00584074644184,
  "left_side_occupancy": 0.4642187398217972,
  "right_side_occupancy": 0.0,
  "rear_gap_m": null,
  "nearest_front_vehicle": {
    "track_id": 2,
    "class": "car",
    "distance_m": 16.069451516740365,
    "bearing_deg": -1.2848768109181337,
    "position_ego": [
      16.06541105894184,
      -0.36033256319457485,
      -1.4912109375
    ],
    "velocity_ego": [
      -4.824810299558527,
      -1.5888294288042593
    ],
    "risk_level": "high",
    "risk_score": 0.6794791136244472
  },
  "nearest_vru": null,
  "nearest_any_object": {
    "track_id": 2,
    "class": "car",
    "distance_m": 16.069451516740365,
    "bearing_deg": -1.2848768109181337,
    "position_ego": [
      16.06541105894184,
      -0.36033256319457485,
      -1.4912109375
    ],
    "velocity_ego": [
      -4.824810299558527,
      -1.5888294288042593
    ],
    "risk_level": "high",
    "risk_score": 0.6794791136244472
  },
  "abnormal_flags": [
    "high_risk_scene"
  ]
}