{
  "sample_name": "sample_000032",
  "sequence_index": 32,
  "frame_id": 60033,
  "timestamp": 438.2197007983923,
  "prediction_variant": "single",
  "source_sample_dir": "D:\\Agent-AI\\outputs\\s3a_ml_long_v2\\sample_000032",
  "source_prediction_dir": "D:\\Agent-AI\\outputs\\live_watch_compare_multilane\\lw_s3a_ml_long_v2\\inference\\sample_000032",
  "ego": {
    "frame_id": 60033,
    "timestamp": 438.2197007983923,
    "sample_name": "sample_000032",
    "town": "Carla/Maps/Town10HD_Opt",
    "weather": {
      "cloudiness": 20.0,
      "dust_storm": 0.0,
      "fog_density": 2.0,
      "fog_distance": 0.75,
      "fog_falloff": 0.10000000149011612,
      "mie_scattering_scale": 0.029999999329447746,
      "precipitation": 0.0,
      "precipitation_deposits": 0.0,
      "rayleigh_scattering_scale": 0.03310000151395798,
      "scattering_intensity": 1.0,
      "sun_altitude_angle": 45.0,
      "sun_azimuth_angle": 300.0,
      "wetness": 0.0,
      "wind_intensity": 10.0
    },
    "position_world": [
      100.95237731933594,
      43.29958724975586,
      -0.004781074356287718
    ],
    "velocity_world": [
      -3.947817087173462,
      7.317298412322998,
      0.00010057449253508821
    ],
    "speed_mps": 8.314331952651317,
    "yaw_deg": -117.84302520751953,
    "route_progress_m": 22.130856640460852,
    "world_from_ego_bevfusion": [
      [
        -0.46704983711242676,
        -0.8842001557350159,
        0.007387200370430946,
        100.95237731933594
      ],
      [
        0.8842285871505737,
        -0.46705174446105957,
        0.001572886947542429,
        43.29958724975586
      ],
      [
        0.0020594580564647913,
        0.007266590371727943,
        0.9999714493751526,
        -0.004781074356287718
      ],
      [
        0.0,
        0.0,
        0.0,
        1.0
      ]
    ]
  },
  "detections": [
    {
      "detection_id": "sample_000032_det_0000",
      "class_id": 0,
      "class_name": "car",
      "class_group": "vehicle",
      "score": 0.75390625,
      "position_ego": [
        2.901416778564453,
        -3.3187484741210938,
        -1.474609375
      ],
      "size_xyz": [
        2.21484375,
        5.1484375,
        1.7978515625
      ],
      "yaw_rad": -1.591796875,
      "velocity_ego": [
        -6.616115570068359e-06,
        -2.2649765014648438e-06
      ],
      "speed_mps": 6.9930754170600005e-06,
      "distance_m": 4.408209472951168,
      "bearing_deg": -48.83841286042048,
      "source_confidence": 0.75390625,
      "raw_box_9d": [
        2.901416778564453,
        -3.3187484741210938,
        -1.474609375,
        2.21484375,
        5.1484375,
        1.7978515625,
        -1.591796875,
        -6.616115570068359e-06,
        -2.2649765014648438e-06
      ]
    },
    {
      "detection_id": "sample_000032_det_0001",
      "class_id": 0,
      "class_name": "car",
      "class_group": "vehicle",
      "score": 0.58935546875,
      "position_ego": [
        32.077735900878906,
        16.515968322753906,
        -1.4296875
      ],
      "size_xyz": [
        2.197265625,
        5.0625,
        1.8330078125
      ],
      "yaw_rad": -2.576171875,
      "velocity_ego": [
        -6.616115570068359e-06,
        -2.2649765014648438e-06
      ],
      "speed_mps": 6.9930754170600005e-06,
      "distance_m": 36.07988844446094,
      "bearing_deg": 27.24272751398854,
      "source_confidence": 0.58935546875,
      "raw_box_9d": [
        32.077735900878906,
        16.515968322753906,
        -1.4296875,
        2.197265625,
        5.0625,
        1.8330078125,
        -2.576171875,
        -6.616115570068359e-06,
        -2.2649765014648438e-06
      ]
    },
    {
      "detection_id": "sample_000032_det_0002",
      "class_id": 0,
      "class_name": "car",
      "class_group": "vehicle",
      "score": 0.327880859375,
      "position_ego": [
        51.179962158203125,
        51.830604553222656,
        -1.3701171875
      ],
      "size_xyz": [
        2.259765625,
        5.04296875,
        1.93359375
      ],
      "yaw_rad": 0.478759765625,
      "velocity_ego": [
        -6.616115570068359e-06,
        -2.2649765014648438e-06
      ],
      "speed_mps": 6.9930754170600005e-06,
      "distance_m": 72.84092321537152,
      "bearing_deg": 45.36189071331603,
      "source_confidence": 0.327880859375,
      "raw_box_9d": [
        51.179962158203125,
        51.830604553222656,
        -1.3701171875,
        2.259765625,
        5.04296875,
        1.93359375,
        0.478759765625,
        -6.616115570068359e-06,
        -2.2649765014648438e-06
      ]
    },
    {
      "detection_id": "sample_000032_det_0004",
      "class_id": 0,
      "class_name": "car",
      "class_group": "vehicle",
      "score": 0.1966552734375,
      "position_ego": [
        52.64019012451172,
        40.548675537109375,
        -1.2138671875
      ],
      "size_xyz": [
        2.275390625,
        5.08984375,
        1.9423828125
      ],
      "yaw_rad": 0.496826171875,
      "velocity_ego": [
        -6.616115570068359e-06,
        -2.2649765014648438e-06
      ],
      "speed_mps": 6.9930754170600005e-06,
      "distance_m": 66.44685623984414,
      "bearing_deg": 37.6070174470196,
      "source_confidence": 0.1966552734375,
      "raw_box_9d": [
        52.64019012451172,
        40.548675537109375,
        -1.2138671875,
        2.275390625,
        5.08984375,
        1.9423828125,
        0.496826171875,
        -6.616115570068359e-06,
        -2.2649765014648438e-06
      ]
    },
    {
      "detection_id": "sample_000032_det_0003",
      "class_id": 0,
      "class_name": "car",
      "class_group": "vehicle",
      "score": 0.1923828125,
      "position_ego": [
        49.71797180175781,
        41.67675018310547,
        -1.296875
      ],
      "size_xyz": [
        2.23046875,
        5.0625,
        1.9423828125
      ],
      "yaw_rad": 0.459228515625,
      "velocity_ego": [
        -0.0023784637451171875,
        -0.00211334228515625
      ],
      "speed_mps": 0.00318171422366408,
      "distance_m": 64.87548247146503,
      "bearing_deg": 39.97186820741654,
      "source_confidence": 0.1923828125,
      "raw_box_9d": [
        49.71797180175781,
        41.67675018310547,
        -1.296875,
        2.23046875,
        5.0625,
        1.9423828125,
        0.459228515625,
        -0.0023784637451171875,
        -0.00211334228515625
      ]
    }
  ],
  "class_names": [
    "car",
    "truck",
    "construction_vehicle",
    "bus",
    "trailer",
    "barrier",
    "motorcycle",
    "bicycle",
    "pedestrian",
    "traffic_cone"
  ],
  "raw_prediction_count": 200,
  "filtered_prediction_count": 5
}