{
  "active_object_count": 2,
  "front_free_space_m": 5.385438494726021,
  "left_side_occupancy": 0.0,
  "right_side_occupancy": 0.7732092933052493,
  "rear_gap_m": null,
  "nearest_front_vehicle": {
    "track_id": 1,
    "class": "car",
    "distance_m": 6.450967309403616,
    "bearing_deg": 2.019153762930136,
    "position_ego": [
      6.446961932226021,
      0.2272907200539945,
      -1.48046875
    ],
    "velocity_ego": [
      0.0010135817333027186,
      0.0005745458160398883
    ],
    "risk_level": "high",
    "risk_score": 0.6516177451794729
  },
  "nearest_vru": null,
  "nearest_any_object": {
    "track_id": 1,
    "class": "car",
    "distance_m": 6.450967309403616,
    "bearing_deg": 2.019153762930136,
    "position_ego": [
      6.446961932226021,
      0.2272907200539945,
      -1.48046875
    ],
    "velocity_ego": [
      0.0010135817333027186,
      0.0005745458160398883
    ],
    "risk_level": "high",
    "risk_score": 0.6516177451794729
  },
  "abnormal_flags": [
    "front_blocked",
    "high_risk_scene"
  ]
}