{
  "active_object_count": 6,
  "front_free_space_m": 11.633597523037416,
  "left_side_occupancy": 0.8245544064154343,
  "right_side_occupancy": 0.0,
  "rear_gap_m": 22.30365881268743,
  "nearest_front_vehicle": {
    "track_id": 2,
    "class": "car",
    "distance_m": 12.869497812154458,
    "bearing_deg": 9.09165137672718,
    "position_ego": [
      12.707816273037416,
      2.0335632539396973,
      -1.36328125
    ],
    "velocity_ego": [
      -3.9584054175554257,
      -1.411352254407139
    ],
    "risk_level": "high",
    "risk_score": 0.7034787664088415
  },
  "nearest_vru": null,
  "nearest_any_object": {
    "track_id": 2,
    "class": "car",
    "distance_m": 12.869497812154458,
    "bearing_deg": 9.09165137672718,
    "position_ego": [
      12.707816273037416,
      2.0335632539396973,
      -1.36328125
    ],
    "velocity_ego": [
      -3.9584054175554257,
      -1.411352254407139
    ],
    "risk_level": "high",
    "risk_score": 0.7034787664088415
  },
  "abnormal_flags": [
    "high_risk_scene"
  ]
}