{
  "active_object_count": 2,
  "front_free_space_m": 46.62068668331291,
  "left_side_occupancy": 0.0,
  "right_side_occupancy": 0.0,
  "rear_gap_m": null,
  "nearest_front_vehicle": {
    "track_id": 4,
    "class": "car",
    "distance_m": 47.6889280642854,
    "bearing_deg": -1.0292599166924892,
    "position_ego": [
      47.68123355831291,
      -0.8566366080210946,
      -1.732421875
    ],
    "velocity_ego": [
      -3.614395107278825,
      -5.1306471955117345
    ],
    "risk_level": "medium",
    "risk_score": 0.39999999999999997
  },
  "nearest_vru": {
    "track_id": 3,
    "class": "bicycle",
    "distance_m": 32.41267267616616,
    "bearing_deg": -41.84341012990607,
    "position_ego": [
      24.14649429321304,
      -21.622399574518052,
      -0.9111328125
    ],
    "velocity_ego": [
      0.0001983642578125,
      0.00020492076873779297
    ],
    "risk_level": "low",
    "risk_score": 0.2608692116894407
  },
  "nearest_any_object": {
    "track_id": 3,
    "class": "bicycle",
    "distance_m": 32.41267267616616,
    "bearing_deg": -41.84341012990607,
    "position_ego": [
      24.14649429321304,
      -21.622399574518052,
      -0.9111328125
    ],
    "velocity_ego": [
      0.0001983642578125,
      0.00020492076873779297
    ],
    "risk_level": "low",
    "risk_score": 0.2608692116894407
  },
  "abnormal_flags": []
}