{
  "active_object_count": 2,
  "front_free_space_m": 5.386480159635944,
  "left_side_occupancy": 0.0,
  "right_side_occupancy": 0.7732007030420183,
  "rear_gap_m": null,
  "nearest_front_vehicle": {
    "track_id": 1,
    "class": "car",
    "distance_m": 6.45201093306792,
    "bearing_deg": 2.019484104072599,
    "position_ego": [
      6.448003597135944,
      0.2273646668897571,
      -1.478515625
    ],
    "velocity_ego": [
      0.0035043440936241314,
      -0.00016593646012054382
    ],
    "risk_level": "high",
    "risk_score": 0.6516099180019906
  },
  "nearest_vru": null,
  "nearest_any_object": {
    "track_id": 1,
    "class": "car",
    "distance_m": 6.45201093306792,
    "bearing_deg": 2.019484104072599,
    "position_ego": [
      6.448003597135944,
      0.2273646668897571,
      -1.478515625
    ],
    "velocity_ego": [
      0.0035043440936241314,
      -0.00016593646012054382
    ],
    "risk_level": "high",
    "risk_score": 0.6516099180019906
  },
  "abnormal_flags": [
    "front_blocked",
    "high_risk_scene"
  ]
}