{
  "active_object_count": 8,
  "front_free_space_m": null,
  "left_side_occupancy": 0.06277761541644644,
  "right_side_occupancy": 1.0,
  "rear_gap_m": 6.269030793622007,
  "nearest_front_vehicle": null,
  "nearest_vru": null,
  "nearest_any_object": {
    "track_id": 1,
    "class": "car",
    "distance_m": 7.03157325951407,
    "bearing_deg": -153.0692395182578,
    "position_ego": [
      -6.269030793622007,
      -3.1846939276062836,
      -1.4345703125
    ],
    "velocity_ego": [
      -5.075848273068722,
      0.5119432705106599
    ],
    "risk_level": "low",
    "risk_score": 0.29726320055364447
  },
  "abnormal_flags": []
}