{
  "sample_name": "sample_000008",
  "sequence_index": 8,
  "frame_id": 60009,
  "timestamp": 435.8197007626295,
  "prediction_variant": "single",
  "source_sample_dir": "D:\\Agent-AI\\outputs\\s3a_ml_long_v2\\sample_000008",
  "source_prediction_dir": "D:\\Agent-AI\\outputs\\live_watch_compare_multilane\\lw_s3a_ml_long_v2\\inference\\sample_000008",
  "ego": {
    "frame_id": 60009,
    "timestamp": 435.8197007626295,
    "sample_name": "sample_000008",
    "town": "Carla/Maps/Town10HD_Opt",
    "weather": {
      "cloudiness": 20.0,
      "dust_storm": 0.0,
      "fog_density": 2.0,
      "fog_distance": 0.75,
      "fog_falloff": 0.10000000149011612,
      "mie_scattering_scale": 0.029999999329447746,
      "precipitation": 0.0,
      "precipitation_deposits": 0.0,
      "rayleigh_scattering_scale": 0.03310000151395798,
      "scattering_intensity": 1.0,
      "sun_altitude_angle": 45.0,
      "sun_azimuth_angle": 300.0,
      "wetness": 0.0,
      "wind_intensity": 10.0
    },
    "position_world": [
      106.25437927246094,
      24.996707916259766,
      -0.006288452073931694
    ],
    "velocity_world": [
      -0.4814176857471466,
      7.074020862579346,
      -0.00031266213045455515
    ],
    "speed_mps": 7.090383223078677,
    "yaw_deg": -93.08895874023438,
    "route_progress_m": 2.9121913986337584,
    "world_from_ego_bevfusion": [
      [
        -0.05388394743204117,
        -0.998539924621582,
        0.0038048294372856617,
        106.25437927246094
      ],
      [
        0.9985029101371765,
        -0.0539170503616333,
        -0.009211034514009953,
        24.996707916259766
      ],
      [
        0.00940273143351078,
        0.0033028065226972103,
        0.9999502897262573,
        -0.006288452073931694
      ],
      [
        0.0,
        0.0,
        0.0,
        1.0
      ]
    ]
  },
  "detections": [
    {
      "detection_id": "sample_000008_det_0000",
      "class_id": 0,
      "class_name": "car",
      "class_group": "vehicle",
      "score": 0.6142578125,
      "position_ego": [
        22.690284729003906,
        2.4776382446289062,
        -1.6630859375
      ],
      "size_xyz": [
        2.1171875,
        4.8125,
        1.8642578125
      ],
      "yaw_rad": -2.01171875,
      "velocity_ego": [
        0.001178741455078125,
        8.434057235717773e-05
      ],
      "speed_mps": 0.0011817549450140801,
      "distance_m": 22.825155253678247,
      "bearing_deg": 6.2316544625585735,
      "source_confidence": 0.6142578125,
      "raw_box_9d": [
        22.690284729003906,
        2.4776382446289062,
        -1.6630859375,
        2.1171875,
        4.8125,
        1.8642578125,
        -2.01171875,
        0.001178741455078125,
        8.434057235717773e-05
      ]
    },
    {
      "detection_id": "sample_000008_det_0001",
      "class_id": 0,
      "class_name": "car",
      "class_group": "vehicle",
      "score": 0.378662109375,
      "position_ego": [
        40.718414306640625,
        32.801002502441406,
        -1.4853515625
      ],
      "size_xyz": [
        2.11328125,
        4.96484375,
        1.859375
      ],
      "yaw_rad": 0.1343994140625,
      "velocity_ego": [
        -0.011688232421875,
        -0.2154541015625
      ],
      "speed_mps": 0.21577090781023245,
      "distance_m": 52.286662054604356,
      "bearing_deg": 38.85342353166822,
      "source_confidence": 0.378662109375,
      "raw_box_9d": [
        40.718414306640625,
        32.801002502441406,
        -1.4853515625,
        2.11328125,
        4.96484375,
        1.859375,
        0.1343994140625,
        -0.011688232421875,
        -0.2154541015625
      ]
    },
    {
      "detection_id": "sample_000008_det_0002",
      "class_id": 0,
      "class_name": "car",
      "class_group": "vehicle",
      "score": 0.151611328125,
      "position_ego": [
        27.84880828857422,
        -8.139404296875,
        -1.3759765625
      ],
      "size_xyz": [
        2.25,
        5.203125,
        1.935546875
      ],
      "yaw_rad": 1.6328125,
      "velocity_ego": [
        -6.616115570068359e-06,
        -2.2649765014648438e-06
      ],
      "speed_mps": 6.9930754170600005e-06,
      "distance_m": 29.01389366151581,
      "bearing_deg": -16.292120563130457,
      "source_confidence": 0.151611328125,
      "raw_box_9d": [
        27.84880828857422,
        -8.139404296875,
        -1.3759765625,
        2.25,
        5.203125,
        1.935546875,
        1.6328125,
        -6.616115570068359e-06,
        -2.2649765014648438e-06
      ]
    }
  ],
  "class_names": [
    "car",
    "truck",
    "construction_vehicle",
    "bus",
    "trailer",
    "barrier",
    "motorcycle",
    "bicycle",
    "pedestrian",
    "traffic_cone"
  ],
  "raw_prediction_count": 200,
  "filtered_prediction_count": 3
}