{
  "sample_name": "sample_000070",
  "sequence_index": 70,
  "frame_id": 60071,
  "timestamp": 442.0197008550167,
  "prediction_variant": "single",
  "source_sample_dir": "D:\\Agent-AI\\outputs\\s3a_ml_long_v2\\sample_000070",
  "source_prediction_dir": "D:\\Agent-AI\\outputs\\live_watch_compare_multilane\\lw_s3a_ml_long_v2\\inference\\sample_000070",
  "ego": {
    "frame_id": 60071,
    "timestamp": 442.0197008550167,
    "sample_name": "sample_000070",
    "town": "Carla/Maps/Town10HD_Opt",
    "weather": {
      "cloudiness": 20.0,
      "dust_storm": 0.0,
      "fog_density": 2.0,
      "fog_distance": 0.75,
      "fog_falloff": 0.10000000149011612,
      "mie_scattering_scale": 0.029999999329447746,
      "precipitation": 0.0,
      "precipitation_deposits": 0.0,
      "rayleigh_scattering_scale": 0.03310000151395798,
      "scattering_intensity": 1.0,
      "sun_altitude_angle": 45.0,
      "sun_azimuth_angle": 300.0,
      "wetness": 0.0,
      "wind_intensity": 10.0
    },
    "position_world": [
      82.09078216552734,
      60.52342224121094,
      -0.004479675088077784
    ],
    "velocity_world": [
      -2.256119966506958,
      0.9284254312515259,
      0.00031073568970896304
    ],
    "speed_mps": 2.4396825984587847,
    "yaw_deg": -154.9659423828125,
    "route_progress_m": 48.12262801077364,
    "world_from_ego_bevfusion": [
      [
        -0.9060564041137695,
        -0.4231565296649933,
        0.0006224183598533273,
        82.09078216552734
      ],
      [
        0.4231569468975067,
        -0.9060547947883606,
        0.0017355619929730892,
        60.52342224121094
      ],
      [
        -0.00017046926950570196,
        0.0018358976813033223,
        0.9999983310699463,
        -0.004479675088077784
      ],
      [
        0.0,
        0.0,
        0.0,
        1.0
      ]
    ]
  },
  "detections": [
    {
      "detection_id": "sample_000070_det_0000",
      "class_id": 0,
      "class_name": "car",
      "class_group": "vehicle",
      "score": 0.7685546875,
      "position_ego": [
        11.098320007324219,
        1.4656715393066406,
        -1.388671875
      ],
      "size_xyz": [
        2.125,
        4.921875,
        1.7685546875
      ],
      "yaw_rad": -1.84375,
      "velocity_ego": [
        -6.616115570068359e-06,
        -2.2649765014648438e-06
      ],
      "speed_mps": 6.9930754170600005e-06,
      "distance_m": 11.194681775115653,
      "bearing_deg": 7.523088197334982,
      "source_confidence": 0.7685546875,
      "raw_box_9d": [
        11.098320007324219,
        1.4656715393066406,
        -1.388671875,
        2.125,
        4.921875,
        1.7685546875,
        -1.84375,
        -6.616115570068359e-06,
        -2.2649765014648438e-06
      ]
    },
    {
      "detection_id": "sample_000070_det_0002",
      "class_id": 0,
      "class_name": "car",
      "class_group": "vehicle",
      "score": 0.59375,
      "position_ego": [
        -23.882078170776367,
        3.0345726013183594,
        -1.37109375
      ],
      "size_xyz": [
        2.177734375,
        5.08203125,
        1.828125
      ],
      "yaw_rad": -0.94140625,
      "velocity_ego": [
        -6.616115570068359e-06,
        -2.2649765014648438e-06
      ],
      "speed_mps": 6.9930754170600005e-06,
      "distance_m": 24.074099954676296,
      "bearing_deg": 172.75852651458075,
      "source_confidence": 0.59375,
      "raw_box_9d": [
        -23.882078170776367,
        3.0345726013183594,
        -1.37109375,
        2.177734375,
        5.08203125,
        1.828125,
        -0.94140625,
        -6.616115570068359e-06,
        -2.2649765014648438e-06
      ]
    },
    {
      "detection_id": "sample_000070_det_0001",
      "class_id": 0,
      "class_name": "car",
      "class_group": "vehicle",
      "score": 0.55517578125,
      "position_ego": [
        42.11865997314453,
        8.144275665283203,
        -1.130859375
      ],
      "size_xyz": [
        2.216796875,
        5.11328125,
        1.849609375
      ],
      "yaw_rad": 1.1357421875,
      "velocity_ego": [
        -6.616115570068359e-06,
        -2.2649765014648438e-06
      ],
      "speed_mps": 6.9930754170600005e-06,
      "distance_m": 42.898843155095584,
      "bearing_deg": 10.943935676100727,
      "source_confidence": 0.55517578125,
      "raw_box_9d": [
        42.11865997314453,
        8.144275665283203,
        -1.130859375,
        2.216796875,
        5.11328125,
        1.849609375,
        1.1357421875,
        -6.616115570068359e-06,
        -2.2649765014648438e-06
      ]
    },
    {
      "detection_id": "sample_000070_det_0003",
      "class_id": 0,
      "class_name": "car",
      "class_group": "vehicle",
      "score": 0.459716796875,
      "position_ego": [
        47.64763641357422,
        18.131546020507812,
        -1.0986328125
      ],
      "size_xyz": [
        2.21875,
        5.015625,
        1.8740234375
      ],
      "yaw_rad": 1.130859375,
      "velocity_ego": [
        -6.616115570068359e-06,
        -2.2649765014648438e-06
      ],
      "speed_mps": 6.9930754170600005e-06,
      "distance_m": 50.98088089562553,
      "bearing_deg": 20.833521994170074,
      "source_confidence": 0.459716796875,
      "raw_box_9d": [
        47.64763641357422,
        18.131546020507812,
        -1.0986328125,
        2.21875,
        5.015625,
        1.8740234375,
        1.130859375,
        -6.616115570068359e-06,
        -2.2649765014648438e-06
      ]
    },
    {
      "detection_id": "sample_000070_det_0004",
      "class_id": 0,
      "class_name": "car",
      "class_group": "vehicle",
      "score": 0.448974609375,
      "position_ego": [
        40.39892578125,
        10.774513244628906,
        -1.236328125
      ],
      "size_xyz": [
        2.13671875,
        4.796875,
        1.7861328125
      ],
      "yaw_rad": 1.138671875,
      "velocity_ego": [
        -6.616115570068359e-06,
        -2.2649765014648438e-06
      ],
      "speed_mps": 6.9930754170600005e-06,
      "distance_m": 41.81104327731646,
      "bearing_deg": 14.933358769463053,
      "source_confidence": 0.448974609375,
      "raw_box_9d": [
        40.39892578125,
        10.774513244628906,
        -1.236328125,
        2.13671875,
        4.796875,
        1.7861328125,
        1.138671875,
        -6.616115570068359e-06,
        -2.2649765014648438e-06
      ]
    }
  ],
  "class_names": [
    "car",
    "truck",
    "construction_vehicle",
    "bus",
    "trailer",
    "barrier",
    "motorcycle",
    "bicycle",
    "pedestrian",
    "traffic_cone"
  ],
  "raw_prediction_count": 200,
  "filtered_prediction_count": 5
}