{
  "sample_name": "sample_000097",
  "sequence_index": 97,
  "frame_id": 60098,
  "timestamp": 444.71970089524984,
  "prediction_variant": "single",
  "source_sample_dir": "D:\\Agent-AI\\outputs\\s3a_ml_long_v2\\sample_000097",
  "source_prediction_dir": "D:\\Agent-AI\\outputs\\live_watch_compare_multilane\\lw_s3a_ml_long_v2\\inference\\sample_000097",
  "ego": {
    "frame_id": 60098,
    "timestamp": 444.71970089524984,
    "sample_name": "sample_000097",
    "town": "Carla/Maps/Town10HD_Opt",
    "weather": {
      "cloudiness": 20.0,
      "dust_storm": 0.0,
      "fog_density": 2.0,
      "fog_distance": 0.75,
      "fog_falloff": 0.10000000149011612,
      "mie_scattering_scale": 0.029999999329447746,
      "precipitation": 0.0,
      "precipitation_deposits": 0.0,
      "rayleigh_scattering_scale": 0.03310000151395798,
      "scattering_intensity": 1.0,
      "sun_altitude_angle": 45.0,
      "sun_azimuth_angle": 300.0,
      "wetness": 0.0,
      "wind_intensity": 10.0
    },
    "position_world": [
      77.28771209716797,
      62.27985763549805,
      -0.004410285968333483
    ],
    "velocity_world": [
      0.00030116032576188445,
      -7.376746361842379e-05,
      -5.865097136847908e-06
    ],
    "speed_mps": 0.0003101186544955406,
    "yaw_deg": -161.72349548339844,
    "route_progress_m": 53.241400862234386,
    "world_from_ego_bevfusion": [
      [
        -0.9495540857315063,
        -0.313603013753891,
        -0.0004103082465007901,
        77.28771209716797
      ],
      [
        0.313603013753891,
        -0.9495541453361511,
        9.568387758918107e-05,
        62.27985763549805
      ],
      [
        -0.00041961667011491954,
        -3.7816891563124955e-05,
        0.9999999403953552,
        -0.004410285968333483
      ],
      [
        0.0,
        0.0,
        0.0,
        1.0
      ]
    ]
  },
  "detections": [
    {
      "detection_id": "sample_000097_det_0000",
      "class_id": 0,
      "class_name": "car",
      "class_group": "vehicle",
      "score": 0.654296875,
      "position_ego": [
        6.120704650878906,
        0.23423004150390625,
        -1.4833984375
      ],
      "size_xyz": [
        2.16015625,
        5.0234375,
        1.77734375
      ],
      "yaw_rad": -1.72265625,
      "velocity_ego": [
        -6.616115570068359e-06,
        -2.2649765014648438e-06
      ],
      "speed_mps": 6.9930754170600005e-06,
      "distance_m": 6.125184824610078,
      "bearing_deg": 2.191552778091197,
      "source_confidence": 0.654296875,
      "raw_box_9d": [
        6.120704650878906,
        0.23423004150390625,
        -1.4833984375,
        2.16015625,
        5.0234375,
        1.77734375,
        -1.72265625,
        -6.616115570068359e-06,
        -2.2649765014648438e-06
      ]
    },
    {
      "detection_id": "sample_000097_det_0001",
      "class_id": 0,
      "class_name": "car",
      "class_group": "vehicle",
      "score": 0.564453125,
      "position_ego": [
        -28.405662536621094,
        5.991798400878906,
        -1.19140625
      ],
      "size_xyz": [
        2.119140625,
        4.83984375,
        1.79296875
      ],
      "yaw_rad": -0.841796875,
      "velocity_ego": [
        -6.616115570068359e-06,
        -2.2649765014648438e-06
      ],
      "speed_mps": 6.9930754170600005e-06,
      "distance_m": 29.03073048032333,
      "bearing_deg": 168.08882519985744,
      "source_confidence": 0.564453125,
      "raw_box_9d": [
        -28.405662536621094,
        5.991798400878906,
        -1.19140625,
        2.119140625,
        4.83984375,
        1.79296875,
        -0.841796875,
        -6.616115570068359e-06,
        -2.2649765014648438e-06
      ]
    },
    {
      "detection_id": "sample_000097_det_0004",
      "class_id": 0,
      "class_name": "car",
      "class_group": "vehicle",
      "score": 0.39306640625,
      "position_ego": [
        36.17168426513672,
        6.064308166503906,
        -1.28515625
      ],
      "size_xyz": [
        2.181640625,
        4.88671875,
        1.78125
      ],
      "yaw_rad": 1.2255859375,
      "velocity_ego": [
        -6.616115570068359e-06,
        -2.2649765014648438e-06
      ],
      "speed_mps": 6.9930754170600005e-06,
      "distance_m": 36.67651259478013,
      "bearing_deg": 9.517324623353861,
      "source_confidence": 0.39306640625,
      "raw_box_9d": [
        36.17168426513672,
        6.064308166503906,
        -1.28515625,
        2.181640625,
        4.88671875,
        1.78125,
        1.2255859375,
        -6.616115570068359e-06,
        -2.2649765014648438e-06
      ]
    },
    {
      "detection_id": "sample_000097_det_0002",
      "class_id": 0,
      "class_name": "car",
      "class_group": "vehicle",
      "score": 0.338623046875,
      "position_ego": [
        37.71943664550781,
        3.3470611572265625,
        -1.173828125
      ],
      "size_xyz": [
        2.185546875,
        4.93359375,
        1.796875
      ],
      "yaw_rad": 1.251953125,
      "velocity_ego": [
        -6.616115570068359e-06,
        -2.2649765014648438e-06
      ],
      "speed_mps": 6.9930754170600005e-06,
      "distance_m": 37.86764739516693,
      "bearing_deg": 5.07090028991315,
      "source_confidence": 0.338623046875,
      "raw_box_9d": [
        37.71943664550781,
        3.3470611572265625,
        -1.173828125,
        2.185546875,
        4.93359375,
        1.796875,
        1.251953125,
        -6.616115570068359e-06,
        -2.2649765014648438e-06
      ]
    },
    {
      "detection_id": "sample_000097_det_0003",
      "class_id": 4,
      "class_name": "trailer",
      "class_group": "vehicle",
      "score": 0.249267578125,
      "position_ego": [
        15.318862915039062,
        27.52031707763672,
        0.1435546875
      ],
      "size_xyz": [
        3.576171875,
        19.65625,
        3.689453125
      ],
      "yaw_rad": -1.845703125,
      "velocity_ego": [
        2.58984375,
        1.2509765625
      ],
      "speed_mps": 2.8761489894194248,
      "distance_m": 31.496593673974054,
      "bearing_deg": 60.89801166086778,
      "source_confidence": 0.249267578125,
      "raw_box_9d": [
        15.318862915039062,
        27.52031707763672,
        0.1435546875,
        3.576171875,
        19.65625,
        3.689453125,
        -1.845703125,
        2.58984375,
        1.2509765625
      ]
    },
    {
      "detection_id": "sample_000097_det_0005",
      "class_id": 0,
      "class_name": "car",
      "class_group": "vehicle",
      "score": 0.2178955078125,
      "position_ego": [
        19.653518676757812,
        33.923095703125,
        -0.732421875
      ],
      "size_xyz": [
        2.326171875,
        5.3203125,
        2.0859375
      ],
      "yaw_rad": 1.263671875,
      "velocity_ego": [
        -0.10650634765625,
        -0.031219482421875
      ],
      "speed_mps": 0.11098764874419023,
      "distance_m": 39.205066234621334,
      "bearing_deg": 59.91392331199607,
      "source_confidence": 0.2178955078125,
      "raw_box_9d": [
        19.653518676757812,
        33.923095703125,
        -0.732421875,
        2.326171875,
        5.3203125,
        2.0859375,
        1.263671875,
        -0.10650634765625,
        -0.031219482421875
      ]
    },
    {
      "detection_id": "sample_000097_det_0006",
      "class_id": 0,
      "class_name": "car",
      "class_group": "vehicle",
      "score": 0.2008056640625,
      "position_ego": [
        -27.588865280151367,
        -8.0277099609375,
        -1.19140625
      ],
      "size_xyz": [
        2.337890625,
        5.25,
        1.9658203125
      ],
      "yaw_rad": -1.6298828125,
      "velocity_ego": [
        -6.616115570068359e-06,
        -2.2649765014648438e-06
      ],
      "speed_mps": 6.9930754170600005e-06,
      "distance_m": 28.733075273337462,
      "bearing_deg": -163.77624833163154,
      "source_confidence": 0.2008056640625,