{
  "active_object_count": 12,
  "front_free_space_m": 5.037979758010371,
  "left_side_occupancy": 0.032153039139299566,
  "right_side_occupancy": 0.11751615037842034,
  "rear_gap_m": 27.59107600807554,
  "nearest_front_vehicle": {
    "track_id": 2,
    "class": "car",
    "distance_m": 6.1226554483464,
    "bearing_deg": 2.2205413000336107,
    "position_ego": [
      6.118057883010371,
      0.23722874889125717,
      -1.4833984375
    ],
    "velocity_ego": [
      0.020321594531250552,
      -0.06313739935495838
    ],
    "risk_level": "high",
    "risk_score": 0.654080084137402
  },
  "nearest_vru": null,
  "nearest_any_object": {
    "track_id": 2,
    "class": "car",
    "distance_m": 6.1226554483464,
    "bearing_deg": 2.2205413000336107,
    "position_ego": [
      6.118057883010371,
      0.23722874889125717,
      -1.4833984375
    ],
    "velocity_ego": [
      0.020321594531250552,
      -0.06313739935495838
    ],
    "risk_level": "high",
    "risk_score": 0.654080084137402
  },
  "abnormal_flags": [
    "front_blocked",
    "high_risk_scene"
  ]
}