{
  "active_object_count": 4,
  "front_free_space_m": 7.842376086982856,
  "left_side_occupancy": 0.06639755433177175,
  "right_side_occupancy": 0.1039064604938168,
  "rear_gap_m": null,
  "nearest_front_vehicle": {
    "track_id": 1,
    "class": "car",
    "distance_m": 8.947039053181332,
    "bearing_deg": 4.8773484582325475,
    "position_ego": [
      8.914641711982856,
      0.760704256677506,
      -1.4462890625
    ],
    "velocity_ego": [
      -1.8855665993283808,
      -0.22569062929327752
    ],
    "risk_level": "high",
    "risk_score": 0.73289720710114
  },
  "nearest_vru": null,
  "nearest_any_object": {
    "track_id": 1,
    "class": "car",
    "distance_m": 8.947039053181332,
    "bearing_deg": 4.8773484582325475,
    "position_ego": [
      8.914641711982856,
      0.760704256677506,
      -1.4462890625
    ],
    "velocity_ego": [
      -1.8855665993283808,
      -0.22569062929327752
    ],
    "risk_level": "high",
    "risk_score": 0.73289720710114
  },
  "abnormal_flags": [
    "front_blocked",
    "high_risk_scene"
  ]
}