{
  "sample_name": "sample_000035",
  "sequence_index": 35,
  "frame_id": 60036,
  "timestamp": 438.51970080286264,
  "prediction_variant": "single",
  "source_sample_dir": "D:\\Agent-AI\\outputs\\s3a_ml_long_v2\\sample_000035",
  "source_prediction_dir": "D:\\Agent-AI\\outputs\\live_watch_compare_multilane\\lw_s3a_ml_long_v2\\inference\\sample_000035",
  "ego": {
    "frame_id": 60036,
    "timestamp": 438.51970080286264,
    "sample_name": "sample_000035",
    "town": "Carla/Maps/Town10HD_Opt",
    "weather": {
      "cloudiness": 20.0,
      "dust_storm": 0.0,
      "fog_density": 2.0,
      "fog_distance": 0.75,
      "fog_falloff": 0.10000000149011612,
      "mie_scattering_scale": 0.029999999329447746,
      "precipitation": 0.0,
      "precipitation_deposits": 0.0,
      "rayleigh_scattering_scale": 0.03310000151395798,
      "scattering_intensity": 1.0,
      "sun_altitude_angle": 45.0,
      "sun_azimuth_angle": 300.0,
      "wetness": 0.0,
      "wind_intensity": 10.0
    },
    "position_world": [
      99.7402114868164,
      45.34963607788086,
      -0.0038545227143913507
    ],
    "velocity_world": [
      -4.070446491241455,
      6.515970230102539,
      6.991386180743575e-05
    ],
    "speed_mps": 7.68286422387708,
    "yaw_deg": -121.16903686523438,
    "route_progress_m": 24.512681638660943,
    "world_from_ego_bevfusion": [
      [
        -0.5175632238388062,
        -0.8556230664253235,
        0.006111278664320707,
        99.7402114868164
      ],
      [
        0.8556418418884277,
        -0.5175289511680603,
        0.0063844299875199795,
        45.34963607788086
      ],
      [
        -0.002299902494996786,
        0.008533412590622902,
        0.9999609589576721,
        -0.0038545227143913507
      ],
      [
        0.0,
        0.0,
        0.0,
        1.0
      ]
    ]
  },
  "detections": [
    {
      "detection_id": "sample_000035_det_0000",
      "class_id": 0,
      "class_name": "car",
      "class_group": "vehicle",
      "score": 0.7138671875,
      "position_ego": [
        0.4146995544433594,
        -3.4294891357421875,
        -1.44921875
      ],
      "size_xyz": [
        2.21484375,
        5.203125,
        1.8154296875
      ],
      "yaw_rad": -1.5537109375,
      "velocity_ego": [
        -6.616115570068359e-06,
        -2.2649765014648438e-06
      ],
      "speed_mps": 6.9930754170600005e-06,
      "distance_m": 3.4544712261978994,
      "bearing_deg": -83.10517409858097,
      "source_confidence": 0.7138671875,
      "raw_box_9d": [
        0.4146995544433594,
        -3.4294891357421875,
        -1.44921875,
        2.21484375,
        5.203125,
        1.8154296875,
        -1.5537109375,
        -6.616115570068359e-06,
        -2.2649765014648438e-06
      ]
    },
    {
      "detection_id": "sample_000035_det_0001",
      "class_id": 0,
      "class_name": "car",
      "class_group": "vehicle",
      "score": 0.5185546875,
      "position_ego": [
        30.644241333007812,
        14.661735534667969,
        -1.2666015625
      ],
      "size_xyz": [
        2.244140625,
        5.1640625,
        1.8671875
      ],
      "yaw_rad": -2.09765625,
      "velocity_ego": [
        -6.616115570068359e-06,
        -2.2649765014648438e-06
      ],
      "speed_mps": 6.9930754170600005e-06,
      "distance_m": 33.97110560114536,
      "bearing_deg": 25.568781031491675,
      "source_confidence": 0.5185546875,
      "raw_box_9d": [
        30.644241333007812,
        14.661735534667969,
        -1.2666015625,
        2.244140625,
        5.1640625,
        1.8671875,
        -2.09765625,
        -6.616115570068359e-06,
        -2.2649765014648438e-06
      ]
    },
    {
      "detection_id": "sample_000035_det_0002",
      "class_id": 0,
      "class_name": "car",
      "class_group": "vehicle",
      "score": 0.407470703125,
      "position_ego": [
        52.536476135253906,
        37.417755126953125,
        -1.1640625
      ],
      "size_xyz": [
        2.234375,
        5.16015625,
        1.9111328125
      ],
      "yaw_rad": 0.537109375,
      "velocity_ego": [
        -6.616115570068359e-06,
        -2.2649765014648438e-06
      ],
      "speed_mps": 6.9930754170600005e-06,
      "distance_m": 64.49937769816644,
      "bearing_deg": 35.45939345210406,
      "source_confidence": 0.407470703125,
      "raw_box_9d": [
        52.536476135253906,
        37.417755126953125,
        -1.1640625,
        2.234375,
        5.16015625,
        1.9111328125,
        0.537109375,
        -6.616115570068359e-06,
        -2.2649765014648438e-06
      ]
    },
    {
      "detection_id": "sample_000035_det_0003",
      "class_id": 0,
      "class_name": "car",
      "class_group": "vehicle",
      "score": 0.3759765625,
      "position_ego": [
        49.72368621826172,
        38.70842742919922,
        -1.080078125
      ],
      "size_xyz": [
        2.203125,
        5.04296875,
        1.8828125
      ],
      "yaw_rad": 0.52294921875,
      "velocity_ego": [
        -6.616115570068359e-06,
        -2.2649765014648438e-06
      ],
      "speed_mps": 6.9930754170600005e-06,
      "distance_m": 63.01418352382051,
      "bearing_deg": 37.899708580258604,
      "source_confidence": 0.3759765625,
      "raw_box_9d": [
        49.72368621826172,
        38.70842742919922,
        -1.080078125,
        2.203125,
        5.04296875,
        1.8828125,
        0.52294921875,
        -6.616115570068359e-06,
        -2.2649765014648438e-06
      ]
    },
    {
      "detection_id": "sample_000035_det_0004",
      "class_id": 0,
      "class_name": "car",
      "class_group": "vehicle",
      "score": 0.239501953125,
      "position_ego": [
        51.74165344238281,
        48.90514373779297,
        -1.09765625
      ],
      "size_xyz": [
        2.240234375,
        5.14453125,
        1.91796875
      ],
      "yaw_rad": 0.55615234375,
      "velocity_ego": [
        -6.616115570068359e-06,
        -2.2649765014648438e-06
      ],
      "speed_mps": 6.9930754170600005e-06,
      "distance_m": 71.1962905281296,
      "bearing_deg": 43.3856711653238,
      "source_confidence": 0.239501953125,
      "raw_box_9d": [
        51.74165344238281,
        48.90514373779297,
        -1.09765625,
        2.240234375,
        5.14453125,
        1.91796875,
        0.55615234375,
        -6.616115570068359e-06,
        -2.2649765014648438e-06
      ]
    }
  ],
  "class_names": [
    "car",
    "truck",
    "construction_vehicle",
    "bus",
    "trailer",
    "barrier",
    "motorcycle",
    "bicycle",
    "pedestrian",
    "traffic_cone"
  ],
  "raw_prediction_count": 200,
  "filtered_prediction_count": 5
}