{
  "active_object_count": 2,
  "front_free_space_m": null,
  "left_side_occupancy": 0.0,
  "right_side_occupancy": 0.0,
  "rear_gap_m": null,
  "nearest_front_vehicle": null,
  "nearest_vru": {
    "track_id": 3,
    "class": "bicycle",
    "distance_m": 31.345151443075103,
    "bearing_deg": -48.33066877306915,
    "position_ego": [
      20.83921601518258,
      -23.41464488011448,
      -0.8955078125
    ],
    "velocity_ego": [
      -10.757849866011668,
      -5.959444988980665
    ],
    "risk_level": "medium",
    "risk_score": 0.48017465955039623
  },
  "nearest_any_object": {
    "track_id": 3,
    "class": "bicycle",
    "distance_m": 31.345151443075103,
    "bearing_deg": -48.33066877306915,
    "position_ego": [
      20.83921601518258,
      -23.41464488011448,
      -0.8955078125
    ],
    "velocity_ego": [
      -10.757849866011668,
      -5.959444988980665
    ],
    "risk_level": "medium",
    "risk_score": 0.48017465955039623
  },
  "abnormal_flags": []
}