{
  "sample_name": "sample_000099",
  "sequence_index": 99,
  "frame_id": 60100,
  "timestamp": 444.9197008982301,
  "prediction_variant": "single",
  "source_sample_dir": "D:\\Agent-AI\\outputs\\s3a_ml_long_v2\\sample_000099",
  "source_prediction_dir": "D:\\Agent-AI\\outputs\\live_watch_compare_multilane\\lw_s3a_ml_long_v2\\inference\\sample_000099",
  "ego": {
    "frame_id": 60100,
    "timestamp": 444.9197008982301,
    "sample_name": "sample_000099",
    "town": "Carla/Maps/Town10HD_Opt",
    "weather": {
      "cloudiness": 20.0,
      "dust_storm": 0.0,
      "fog_density": 2.0,
      "fog_distance": 0.75,
      "fog_falloff": 0.10000000149011612,
      "mie_scattering_scale": 0.029999999329447746,
      "precipitation": 0.0,
      "precipitation_deposits": 0.0,
      "rayleigh_scattering_scale": 0.03310000151395798,
      "scattering_intensity": 1.0,
      "sun_altitude_angle": 45.0,
      "sun_azimuth_angle": 300.0,
      "wetness": 0.0,
      "wind_intensity": 10.0
    },
    "position_world": [
      77.28761291503906,
      62.27989196777344,
      -0.0044622039422392845
    ],
    "velocity_world": [
      0.00014890704187564552,
      -3.6709032428916544e-05,
      -1.5258788153005298e-06
    ],
    "speed_mps": 0.00015337271102833607,
    "yaw_deg": -161.72349548339844,
    "route_progress_m": 53.24150599612941,
    "world_from_ego_bevfusion": [
      [
        -0.9495541453361511,
        -0.3136030435562134,
        -0.0001745132904034108,
        77.28761291503906
      ],
      [
        0.3136030435562134,
        -0.9495541453361511,
        3.912471584044397e-05,
        62.27989196777344
      ],
      [
        -0.00017797945474740118,
        -1.7576865502633154e-05,
        1.0,
        -0.0044622039422392845
      ],
      [
        0.0,
        0.0,
        0.0,
        1.0
      ]
    ]
  },
  "detections": [
    {
      "detection_id": "sample_000099_det_0000",
      "class_id": 0,
      "class_name": "car",
      "class_group": "vehicle",
      "score": 0.63525390625,
      "position_ego": [
        6.115139007568359,
        0.2535667419433594,
        -1.470703125
      ],
      "size_xyz": [
        2.134765625,
        4.98828125,
        1.763671875
      ],
      "yaw_rad": -1.716796875,
      "velocity_ego": [
        -6.616115570068359e-06,
        -2.2649765014648438e-06
      ],
      "speed_mps": 6.9930754170600005e-06,
      "distance_m": 6.120393874131297,
      "bearing_deg": 2.3744327218565,
      "source_confidence": 0.63525390625,
      "raw_box_9d": [
        6.115139007568359,
        0.2535667419433594,
        -1.470703125,
        2.134765625,
        4.98828125,
        1.763671875,
        -1.716796875,
        -6.616115570068359e-06,
        -2.2649765014648438e-06
      ]
    },
    {
      "detection_id": "sample_000099_det_0001",
      "class_id": 0,
      "class_name": "car",
      "class_group": "vehicle",
      "score": 0.6337890625,
      "position_ego": [
        -28.393430709838867,
        5.983303070068359,
        -1.171875
      ],
      "size_xyz": [
        2.123046875,
        4.86328125,
        1.7587890625
      ],
      "yaw_rad": -0.81201171875,
      "velocity_ego": [
        -6.616115570068359e-06,
        -2.2649765014648438e-06
      ],
      "speed_mps": 6.9930754170600005e-06,
      "distance_m": 29.017009203270938,
      "bearing_deg": 168.10025360337482,
      "source_confidence": 0.6337890625,
      "raw_box_9d": [
        -28.393430709838867,
        5.983303070068359,
        -1.171875,
        2.123046875,
        4.86328125,
        1.7587890625,
        -0.81201171875,
        -6.616115570068359e-06,
        -2.2649765014648438e-06
      ]
    },
    {
      "detection_id": "sample_000099_det_0002",
      "class_id": 0,
      "class_name": "car",
      "class_group": "vehicle",
      "score": 0.440185546875,
      "position_ego": [
        36.256683349609375,
        6.013187408447266,
        -1.2626953125
      ],
      "size_xyz": [
        2.216796875,
        5.0,
        1.8193359375
      ],
      "yaw_rad": 1.2529296875,
      "velocity_ego": [
        -6.616115570068359e-06,
        -2.2649765014648438e-06
      ],
      "speed_mps": 6.9930754170600005e-06,
      "distance_m": 36.75194566717455,
      "bearing_deg": 9.416814608930768,
      "source_confidence": 0.440185546875,
      "raw_box_9d": [
        36.256683349609375,
        6.013187408447266,
        -1.2626953125,
        2.216796875,
        5.0,
        1.8193359375,
        1.2529296875,
        -6.616115570068359e-06,
        -2.2649765014648438e-06
      ]
    },
    {
      "detection_id": "sample_000099_det_0003",
      "class_id": 4,
      "class_name": "trailer",
      "class_group": "vehicle",
      "score": 0.28271484375,
      "position_ego": [
        15.27667236328125,
        27.43755340576172,
        0.017578125
      ],
      "size_xyz": [
        3.4765625,
        19.390625,
        3.3828125
      ],
      "yaw_rad": -1.880859375,
      "velocity_ego": [
        5.15625,
        1.23046875
      ],
      "speed_mps": 5.301034560086037,
      "distance_m": 31.403758618819303,
      "bearing_deg": 60.89182812210524,
      "source_confidence": 0.28271484375,
      "raw_box_9d": [
        15.27667236328125,
        27.43755340576172,
        0.017578125,
        3.4765625,
        19.390625,
        3.3828125,
        -1.880859375,
        5.15625,
        1.23046875
      ]
    },
    {
      "detection_id": "sample_000099_det_0005",
      "class_id": 0,
      "class_name": "car",
      "class_group": "vehicle",
      "score": 0.14599609375,
      "position_ego": [
        -27.620506286621094,
        -8.081321716308594,
        -1.193359375
      ],
      "size_xyz": [
        2.30859375,
        5.25,
        1.88671875
      ],
      "yaw_rad": -1.595703125,
      "velocity_ego": [
        -6.616115570068359e-06,
        -2.2649765014648438e-06
      ],
      "speed_mps": 6.9930754170600005e-06,
      "distance_m": 28.77846639784261,
      "bearing_deg": -163.69136186988126,
      "source_confidence": 0.14599609375,
      "raw_box_9d": [
        -27.620506286621094,
        -8.081321716308594,
        -1.193359375,
        2.30859375,
        5.25,
        1.88671875,
        -1.595703125,
        -6.616115570068359e-06,
        -2.2649765014648438e-06
      ]
    },
    {
      "detection_id": "sample_000099_det_0007",
      "class_id": 0,
      "class_name": "car",
      "class_group": "vehicle",
      "score": 0.1337890625,
      "position_ego": [
        44.364845275878906,
        12.575248718261719,
        -1.1767578125
      ],
      "size_xyz": [
        2.251953125,
        5.05859375,
        1.916015625
      ],
      "yaw_rad": 1.23828125,
      "velocity_ego": [
        -6.616115570068359e-06,
        -2.2649765014648438e-06
      ],
      "speed_mps": 6.9930754170600005e-06,
      "distance_m": 46.11264877101312,
      "bearing_deg": 15.825421362779382,
      "source_confidence": 0.1337890625,
      "raw_box_9d": [
        44.364845275878906,
        12.575248718261719,
        -1.1767578125,
        2.251953125,
        5.05859375,
        1.916015625,
        1.23828125,
        -6.616115570068359e-06,
        -2.2649765014648438e-06
      ]
    },
    {
      "detection_id": "sample_000099_det_0004",
      "class_id": 0,
      "class_name": "car",
      "class_group": "vehicle",
      "score": 0.11639404296875,
      "position_ego": [
        37.714752197265625,
        3.3346290588378906,
        -1.326171875
      ],
      "size_xyz": [
        2.193359375,
        4.96875,
        1.80859375
      ],
      "yaw_rad": 1.2470703125,
      "velocity_ego": [
        -6.616115570068359e-06,
        -2.2649765014648438e-06
      ],
      "speed_mps": 6.9930754170600005e-06,
      "distance_m": 37.8618843200018,
      "bearing_deg": 5.052787205664206,
      "source_confidence": 0.11639404296875,