{
  "sample_name": "sample_000084",
  "sequence_index": 84,
  "frame_id": 60085,
  "timestamp": 443.41970087587833,
  "prediction_variant": "single",
  "source_sample_dir": "D:\\Agent-AI\\outputs\\s3a_ml_long_v2\\sample_000084",
  "source_prediction_dir": "D:\\Agent-AI\\outputs\\live_watch_compare_multilane\\lw_s3a_ml_long_v2\\inference\\sample_000084",
  "ego": {
    "frame_id": 60085,
    "timestamp": 443.41970087587833,
    "sample_name": "sample_000084",
    "town": "Carla/Maps/Town10HD_Opt",
    "weather": {
      "cloudiness": 20.0,
      "dust_storm": 0.0,
      "fog_density": 2.0,
      "fog_distance": 0.75,
      "fog_falloff": 0.10000000149011612,
      "mie_scattering_scale": 0.029999999329447746,
      "precipitation": 0.0,
      "precipitation_deposits": 0.0,
      "rayleigh_scattering_scale": 0.03310000151395798,
      "scattering_intensity": 1.0,
      "sun_altitude_angle": 45.0,
      "sun_azimuth_angle": 300.0,
      "wetness": 0.0,
      "wind_intensity": 10.0
    },
    "position_world": [
      77.88423919677734,
      62.10361099243164,
      -0.004237174987792969
    ],
    "velocity_world": [
      -2.8181698322296143,
      0.941229522228241,
      2.918243353633443e-06
    ],
    "speed_mps": 2.9711940725593156,
    "yaw_deg": -160.44253540039062,
    "route_progress_m": 52.61797185623991,
    "world_from_ego_bevfusion": [
      [
        -0.9423055052757263,
        -0.33475261926651,
        -0.0010106675326824188,
        77.88423919677734
      ],
      [
        0.33475181460380554,
        -0.9423059225082397,
        0.0008625161135569215,
        62.10361099243164
      ],
      [
        -0.0012410874478518963,
        0.00047443094081245363,
        0.9999991059303284,
        -0.004237174987792969
      ],
      [
        0.0,
        0.0,
        0.0,
        1.0
      ]
    ]
  },
  "detections": [
    {
      "detection_id": "sample_000084_det_0001",
      "class_id": 0,
      "class_name": "car",
      "class_group": "vehicle",
      "score": 0.68603515625,
      "position_ego": [
        -28.02568244934082,
        5.389163970947266,
        -1.2509765625
      ],
      "size_xyz": [
        2.1171875,
        4.9453125,
        1.7412109375
      ],
      "yaw_rad": -0.85595703125,
      "velocity_ego": [
        -6.616115570068359e-06,
        -2.2649765014648438e-06
      ],
      "speed_mps": 6.9930754170600005e-06,
      "distance_m": 28.539130418725904,
      "bearing_deg": 169.1152425119732,
      "source_confidence": 0.68603515625,
      "raw_box_9d": [
        -28.02568244934082,
        5.389163970947266,
        -1.2509765625,
        2.1171875,
        4.9453125,
        1.7412109375,
        -0.85595703125,
        -6.616115570068359e-06,
        -2.2649765014648438e-06
      ]
    },
    {
      "detection_id": "sample_000084_det_0000",
      "class_id": 0,
      "class_name": "car",
      "class_group": "vehicle",
      "score": 0.654296875,
      "position_ego": [
        36.85748291015625,
        6.929958343505859,
        -1.3095703125
      ],
      "size_xyz": [
        2.15625,
        4.93359375,
        1.7744140625
      ],
      "yaw_rad": -1.912109375,
      "velocity_ego": [
        -6.616115570068359e-06,
        -2.2649765014648438e-06
      ],
      "speed_mps": 6.9930754170600005e-06,
      "distance_m": 37.503311441993844,
      "bearing_deg": 10.648456134225732,
      "source_confidence": 0.654296875,
      "raw_box_9d": [
        36.85748291015625,
        6.929958343505859,
        -1.3095703125,
        2.15625,
        4.93359375,
        1.7744140625,
        -1.912109375,
        -6.616115570068359e-06,
        -2.2649765014648438e-06
      ]
    },
    {
      "detection_id": "sample_000084_det_0002",
      "class_id": 0,
      "class_name": "car",
      "class_group": "vehicle",
      "score": 0.63037109375,
      "position_ego": [
        6.715431213378906,
        0.40891265869140625,
        -1.44140625
      ],
      "size_xyz": [
        2.10546875,
        4.98828125,
        1.7275390625
      ],
      "yaw_rad": -1.751953125,
      "velocity_ego": [
        -6.616115570068359e-06,
        -2.2649765014648438e-06
      ],
      "speed_mps": 6.9930754170600005e-06,
      "distance_m": 6.727869346536225,
      "bearing_deg": 3.484523419690872,
      "source_confidence": 0.63037109375,
      "raw_box_9d": [
        6.715431213378906,
        0.40891265869140625,
        -1.44140625,
        2.10546875,
        4.98828125,
        1.7275390625,
        -1.751953125,
        -6.616115570068359e-06,
        -2.2649765014648438e-06
      ]
    },
    {
      "detection_id": "sample_000084_det_0003",
      "class_id": 0,
      "class_name": "car",
      "class_group": "vehicle",
      "score": 0.564453125,
      "position_ego": [
        38.245758056640625,
        4.218753814697266,
        -1.0625
      ],
      "size_xyz": [
        2.193359375,
        4.99609375,
        1.822265625
      ],
      "yaw_rad": 1.25390625,
      "velocity_ego": [
        -6.616115570068359e-06,
        -2.2649765014648438e-06
      ],
      "speed_mps": 6.9930754170600005e-06,
      "distance_m": 38.47773243157806,
      "bearing_deg": 6.294646311100625,
      "source_confidence": 0.564453125,
      "raw_box_9d": [
        38.245758056640625,
        4.218753814697266,
        -1.0625,
        2.193359375,
        4.99609375,
        1.822265625,
        1.25390625,
        -6.616115570068359e-06,
        -2.2649765014648438e-06
      ]
    },
    {
      "detection_id": "sample_000084_det_0004",
      "class_id": 0,
      "class_name": "car",
      "class_group": "vehicle",
      "score": 0.406494140625,
      "position_ego": [
        44.65540313720703,
        13.623123168945312,
        -0.859375
      ],
      "size_xyz": [
        2.205078125,
        4.9375,
        1.84765625
      ],
      "yaw_rad": 1.162109375,
      "velocity_ego": [
        -6.616115570068359e-06,
        -2.2649765014648438e-06
      ],
      "speed_mps": 6.9930754170600005e-06,
      "distance_m": 46.68719861185434,
      "bearing_deg": 16.96549177704077,
      "source_confidence": 0.406494140625,
      "raw_box_9d": [
        44.65540313720703,
        13.623123168945312,
        -0.859375,
        2.205078125,
        4.9375,
        1.84765625,
        1.162109375,
        -6.616115570068359e-06,
        -2.2649765014648438e-06
      ]
    },
    {
      "detection_id": "sample_000084_det_0006",
      "class_id": 0,
      "class_name": "car",
      "class_group": "vehicle",
      "score": 0.1815185546875,
      "position_ego": [
        27.156082153320312,
        -8.171043395996094,
        -1.1162109375
      ],
      "size_xyz": [
        2.248046875,
        4.94140625,
        1.9091796875
      ],
      "yaw_rad": 1.3154296875,
      "velocity_ego": [
        -6.616115570068359e-06,
        -2.2649765014648438e-06
      ],
      "speed_mps": 6.9930754170600005e-06,
      "distance_m": 28.358750820463396,
      "bearing_deg": -16.746111979113344,
      "source_confidence": 0.1815185546875,
      "raw_box_9d": [
        27.156082153320312,
        -8.171043395996094,
        -1.1162109375,
        2.248046875,
        4.94140625,
        1.9091796875,
        1.3154296875,
        -6.616115570068359e-06,
        -2.2649765014648438e-06
      ]
    },
    {
      "detection_id": "sample_000084_det_0007",
      "class_id": 0,
      "class_name": "car",
      "class_group": "vehicle",
      "score": 0.1478271484375,
      "position_ego": [
        19.658058166503906,
        34.538421630859375,
        -0.6904296875
      ],
      "size_xyz": [
        2.341796875,
        5.484375,
        2.177734375
      ],
      "yaw_rad": 1.21484375,
      "velocity_ego": [
        -6.616115570068359e-06,
        -2.2649765014648438e-06
      ],
      "speed_mps": 6.9930754170600005e-06,
      "distance_m": 39.74093380418565,
      "bearing_deg": 60.352985903570634,