{
  "sample_name": "sample_000020",
  "sequence_index": 20,
  "frame_id": 726293,
  "timestamp": 4999.194624748081,
  "prediction_variant": "single",
  "source_sample_dir": "D:\\Agent-AI\\outputs\\s3a_ml_long_v1\\sample_000020",
  "source_prediction_dir": "D:\\Agent-AI\\outputs\\live_watch_compare_multilane\\lw_s3a_ml_long_v1\\inference\\sample_000020",
  "ego": {
    "frame_id": 726293,
    "timestamp": 4999.194624748081,
    "sample_name": "sample_000020",
    "town": "Carla/Maps/Town10HD_Opt",
    "weather": {
      "cloudiness": 20.0,
      "dust_storm": 0.0,
      "fog_density": 2.0,
      "fog_distance": 0.75,
      "fog_falloff": 0.10000000149011612,
      "mie_scattering_scale": 0.029999999329447746,
      "precipitation": 0.0,
      "precipitation_deposits": 0.0,
      "rayleigh_scattering_scale": 0.03310000151395798,
      "scattering_intensity": 1.0,
      "sun_altitude_angle": 45.0,
      "sun_azimuth_angle": 300.0,
      "wetness": 0.0,
      "wind_intensity": 10.0
    },
    "position_world": [
      105.13700103759766,
      32.541351318359375,
      0.0011801528744399548
    ],
    "velocity_world": [
      -0.24132443964481354,
      0.9478152990341187,
      9.632110504753655e-07
    ],
    "speed_mps": 0.9780548687338286,
    "yaw_deg": -102.52669525146484,
    "route_progress_m": 10.547982932424858,
    "world_from_ego_bevfusion": [
      [
        -0.2168128490447998,
        -0.9762056469917297,
        -0.003840470453724265,
        105.13700103759766
      ],
      [
        0.9758279919624329,
        -0.2168361246585846,
        0.027237677946686745,
        32.541351318359375
      ],
      [
        -0.027422325685620308,
        0.002157839946448803,
        0.9996216297149658,
        0.0011801528744399548
      ],
      [
        0.0,
        0.0,
        0.0,
        1.0
      ]
    ]
  },
  "detections": [
    {
      "detection_id": "sample_000020_det_0001",
      "class_id": 0,
      "class_name": "car",
      "class_group": "vehicle",
      "score": 0.76904296875,
      "position_ego": [
        11.281059265136719,
        -2.0188446044921875,
        -1.138671875
      ],
      "size_xyz": [
        2.150390625,
        4.9375,
        1.8125
      ],
      "yaw_rad": -1.7978515625,
      "velocity_ego": [
        -6.616115570068359e-06,
        -2.2649765014648438e-06
      ],
      "speed_mps": 6.9930754170600005e-06,
      "distance_m": 11.460280610901908,
      "bearing_deg": -10.146177986762522,
      "source_confidence": 0.76904296875,
      "raw_box_9d": [
        11.281059265136719,
        -2.0188446044921875,
        -1.138671875,
        2.150390625,
        4.9375,
        1.8125,
        -1.7978515625,
        -6.616115570068359e-06,
        -2.2649765014648438e-06
      ]
    },
    {
      "detection_id": "sample_000020_det_0000",
      "class_id": 0,
      "class_name": "car",
      "class_group": "vehicle",
      "score": 0.763671875,
      "position_ego": [
        11.294677734375,
        1.4399452209472656,
        -1.1279296875
      ],
      "size_xyz": [
        2.162109375,
        4.984375,
        1.80859375
      ],
      "yaw_rad": -1.83984375,
      "velocity_ego": [
        -6.616115570068359e-06,
        -2.2649765014648438e-06
      ],
      "speed_mps": 6.9930754170600005e-06,
      "distance_m": 11.386096230171043,
      "bearing_deg": 7.2653785467954375,
      "source_confidence": 0.763671875,
      "raw_box_9d": [
        11.294677734375,
        1.4399452209472656,
        -1.1279296875,
        2.162109375,
        4.984375,
        1.80859375,
        -1.83984375,
        -6.616115570068359e-06,
        -2.2649765014648438e-06
      ]
    },
    {
      "detection_id": "sample_000020_det_0003",
      "class_id": 0,
      "class_name": "car",
      "class_group": "vehicle",
      "score": 0.48046875,
      "position_ego": [
        29.943603515625,
        8.281497955322266,
        -0.45703125
      ],
      "size_xyz": [
        2.126953125,
        4.80859375,
        1.83203125
      ],
      "yaw_rad": -2.32421875,
      "velocity_ego": [
        -6.616115570068359e-06,
        -2.2649765014648438e-06
      ],
      "speed_mps": 6.9930754170600005e-06,
      "distance_m": 31.06770992340692,
      "bearing_deg": 15.459839556067767,
      "source_confidence": 0.48046875,
      "raw_box_9d": [
        29.943603515625,
        8.281497955322266,
        -0.45703125,
        2.126953125,
        4.80859375,
        1.83203125,
        -2.32421875,
        -6.616115570068359e-06,
        -2.2649765014648438e-06
      ]
    },
    {
      "detection_id": "sample_000020_det_0002",
      "class_id": 0,
      "class_name": "car",
      "class_group": "vehicle",
      "score": 0.39892578125,
      "position_ego": [
        37.956520080566406,
        26.187820434570312,
        0.1474609375
      ],
      "size_xyz": [
        2.14453125,
        5.0625,
        1.853515625
      ],
      "yaw_rad": 0.277587890625,
      "velocity_ego": [
        -0.192138671875,
        -1.1640625
      ],
      "speed_mps": 1.179813024650999,
      "distance_m": 46.11398221515617,
      "bearing_deg": 34.603447763261926,
      "source_confidence": 0.39892578125,
      "raw_box_9d": [
        37.956520080566406,
        26.187820434570312,
        0.1474609375,
        2.14453125,
        5.0625,
        1.853515625,
        0.277587890625,
        -0.192138671875,
        -1.1640625
      ]
    },
    {
      "detection_id": "sample_000020_det_0004",
      "class_id": 0,
      "class_name": "car",
      "class_group": "vehicle",
      "score": 0.2418212890625,
      "position_ego": [
        30.185745239257812,
        -5.257762908935547,
        -0.29345703125
      ],
      "size_xyz": [
        2.259765625,
        5.16015625,
        1.9560546875
      ],
      "yaw_rad": 1.2861328125,
      "velocity_ego": [
        -6.616115570068359e-06,
        -2.2649765014648438e-06
      ],
      "speed_mps": 6.9930754170600005e-06,
      "distance_m": 30.640223342135645,
      "bearing_deg": -9.880670773622162,
      "source_confidence": 0.2418212890625,
      "raw_box_9d": [
        30.185745239257812,
        -5.257762908935547,
        -0.29345703125,
        2.259765625,
        5.16015625,
        1.9560546875,
        1.2861328125,
        -6.616115570068359e-06,
        -2.2649765014648438e-06
      ]
    },
    {
      "detection_id": "sample_000020_det_0005",
      "class_id": 0,
      "class_name": "car",
      "class_group": "vehicle",
      "score": 0.123046875,
      "position_ego": [
        23.936134338378906,
        -7.917186737060547,
        -0.49951171875
      ],
      "size_xyz": [
        2.185546875,
        5.03515625,
        1.8701171875
      ],
      "yaw_rad": 0.98388671875,
      "velocity_ego": [
        -0.0489501953125,
        -0.057830810546875
      ],
      "speed_mps": 0.07576624756209355,
      "distance_m": 25.211512705397293,
      "bearing_deg": -18.302302584306705,
      "source_confidence": 0.123046875,
      "raw_box_9d": [
        23.936134338378906,
        -7.917186737060547,
        -0.49951171875,
        2.185546875,
        5.03515625,
        1.8701171875,
        0.98388671875,
        -0.0489501953125,
        -0.057830810546875
      ]
    },
    {
      "detection_id": "sample_000020_det_0006",
      "class_id": 0,
      "class_name": "car",
      "class_group": "vehicle",
      "score": 0.1185302734375,
      "position_ego": [
        33.21723937988281,
        -49.63505935668945,
        1.6728515625
      ],
      "size_xyz": [
        2.341796875,
        5.16796875,
        2.087890625
      ],
      "yaw_rad": 1.609375,
      "velocity_ego": [
        -6.616115570068359e-06,
        -2.2649765014648438e-06
      ],
      "speed_mps": 6.9930754170600005e-06,
      "distance_m": 59.724568724793,
      "bearing_deg": -56.20839978828351,
      "source_confidence": 0.1185302734375,