{
  "active_object_count": 8,
  "front_free_space_m": 10.20812497862142,
  "left_side_occupancy": 0.0,
  "right_side_occupancy": 1.0,
  "rear_gap_m": null,
  "nearest_front_vehicle": {
    "track_id": 1,
    "class": "car",
    "distance_m": 11.390267080761243,
    "bearing_deg": 7.2499501597785905,
    "position_ego": [
      11.29920257267927,
      1.4374301348696648,
      -1.1279296875
    ],
    "velocity_ego": [
      -1.4563622783052084,
      -0.35103293811617914
    ],
    "risk_level": "high",
    "risk_score": 0.6145729968942908
  },
  "nearest_vru": null,
  "nearest_any_object": {
    "track_id": 1,
    "class": "car",
    "distance_m": 11.390267080761243,
    "bearing_deg": 7.2499501597785905,
    "position_ego": [
      11.29920257267927,
      1.4374301348696648,
      -1.1279296875
    ],
    "velocity_ego": [
      -1.4563622783052084,
      -0.35103293811617914
    ],
    "risk_level": "high",
    "risk_score": 0.6145729968942908
  },
  "abnormal_flags": [
    "high_risk_scene"
  ]
}