{
  "sample_name": "sample_000003",
  "sequence_index": 3,
  "frame_id": 60004,
  "timestamp": 435.3197007551789,
  "prediction_variant": "single",
  "source_sample_dir": "D:\\Agent-AI\\outputs\\s3a_ml_long_v2\\sample_000003",
  "source_prediction_dir": "D:\\Agent-AI\\outputs\\live_watch_compare_multilane\\lw_s3a_ml_long_v2\\inference\\sample_000003",
  "ego": {
    "frame_id": 60004,
    "timestamp": 435.3197007551789,
    "sample_name": "sample_000003",
    "town": "Carla/Maps/Town10HD_Opt",
    "weather": {
      "cloudiness": 20.0,
      "dust_storm": 0.0,
      "fog_density": 2.0,
      "fog_distance": 0.75,
      "fog_falloff": 0.10000000149011612,
      "mie_scattering_scale": 0.029999999329447746,
      "precipitation": 0.0,
      "precipitation_deposits": 0.0,
      "rayleigh_scattering_scale": 0.03310000151395798,
      "scattering_intensity": 1.0,
      "sun_altitude_angle": 45.0,
      "sun_azimuth_angle": 300.0,
      "wetness": 0.0,
      "wind_intensity": 10.0
    },
    "position_world": [
      106.38648223876953,
      22.087892532348633,
      -0.006551475264132023
    ],
    "velocity_world": [
      -0.1348731517791748,
      5.17716121673584,
      0.0037924288772046566
    ],
    "speed_mps": 5.178919135655756,
    "yaw_deg": -91.10258483886719,
    "route_progress_m": 0.0,
    "world_from_ego_bevfusion": [
      [
        -0.019241560250520706,
        -0.9998145699501038,
        0.0007574039045721292,
        106.38648223876953
      ],
      [
        0.9997621774673462,
        -0.019248317927122116,
        -0.01025559101253748,
        22.087892532348633
      ],
      [
        0.010268268175423145,
        0.0005598901771008968,
        0.9999471306800842,
        -0.006551475264132023
      ],
      [
        0.0,
        0.0,
        0.0,
        1.0
      ]
    ]
  },
  "detections": [
    {
      "detection_id": "sample_000003_det_0000",
      "class_id": 0,
      "class_name": "car",
      "class_group": "vehicle",
      "score": 0.72998046875,
      "position_ego": [
        25.49816131591797,
        3.344532012939453,
        -1.677734375
      ],
      "size_xyz": [
        2.12890625,
        4.9453125,
        1.8642578125
      ],
      "yaw_rad": -2.052734375,
      "velocity_ego": [
        0.267333984375,
        0.153564453125
      ],
      "speed_mps": 0.3083009900493235,
      "distance_m": 25.716572961383335,
      "bearing_deg": 7.472687687007081,
      "source_confidence": 0.72998046875,
      "raw_box_9d": [
        25.49816131591797,
        3.344532012939453,
        -1.677734375,
        2.12890625,
        4.9453125,
        1.8642578125,
        -2.052734375,
        0.267333984375,
        0.153564453125
      ]
    },
    {
      "detection_id": "sample_000003_det_0001",
      "class_id": 0,
      "class_name": "car",
      "class_group": "vehicle",
      "score": 0.331787109375,
      "position_ego": [
        42.42986297607422,
        33.97247314453125,
        -1.337890625
      ],
      "size_xyz": [
        2.11328125,
        4.87890625,
        1.845703125
      ],
      "yaw_rad": 0.1046142578125,
      "velocity_ego": [
        -0.00244140625,
        -0.11370849609375
      ],
      "speed_mps": 0.1137347024807288,
      "distance_m": 54.35459689597864,
      "bearing_deg": 38.68333536824962,
      "source_confidence": 0.331787109375,
      "raw_box_9d": [
        42.42986297607422,
        33.97247314453125,
        -1.337890625,
        2.11328125,
        4.87890625,
        1.845703125,
        0.1046142578125,
        -0.00244140625,
        -0.11370849609375
      ]
    }
  ],
  "class_names": [
    "car",
    "truck",
    "construction_vehicle",
    "bus",
    "trailer",
    "barrier",
    "motorcycle",
    "bicycle",
    "pedestrian",
    "traffic_cone"
  ],
  "raw_prediction_count": 200,
  "filtered_prediction_count": 2
}