{
  "sample_name": "sample_000083",
  "sequence_index": 83,
  "frame_id": 60084,
  "timestamp": 443.3197008743882,
  "prediction_variant": "single",
  "source_sample_dir": "D:\\Agent-AI\\outputs\\s3a_ml_long_v2\\sample_000083",
  "source_prediction_dir": "D:\\Agent-AI\\outputs\\live_watch_compare_multilane\\lw_s3a_ml_long_v2\\inference\\sample_000083",
  "ego": {
    "frame_id": 60084,
    "timestamp": 443.3197008743882,
    "sample_name": "sample_000083",
    "town": "Carla/Maps/Town10HD_Opt",
    "weather": {
      "cloudiness": 20.0,
      "dust_storm": 0.0,
      "fog_density": 2.0,
      "fog_distance": 0.75,
      "fog_falloff": 0.10000000149011612,
      "mie_scattering_scale": 0.029999999329447746,
      "precipitation": 0.0,
      "precipitation_deposits": 0.0,
      "rayleigh_scattering_scale": 0.03310000151395798,
      "scattering_intensity": 1.0,
      "sun_altitude_angle": 45.0,
      "sun_azimuth_angle": 300.0,
      "wetness": 0.0,
      "wind_intensity": 10.0
    },
    "position_world": [
      78.16787719726562,
      62.007625579833984,
      -0.00410259235650301
    ],
    "velocity_world": [
      -2.803684711456299,
      0.9391648769378662,
      -2.0408629097801168e-06
    ],
    "speed_mps": 2.9568020947184936,
    "yaw_deg": -160.22215270996094,
    "route_progress_m": 52.31853285618726,
    "world_from_ego_bevfusion": [
      [
        -0.941010057926178,
        -0.338375061750412,
        -0.0015638303011655807,
        78.16787719726562
      ],
      [
        0.33837348222732544,
        -0.9410111308097839,
        0.0011856518685817719,
        62.007625579833984
      ],
      [
        -0.0018727767746895552,
        0.0005865516723133624,
        0.9999980926513672,
        -0.00410259235650301
      ],
      [
        0.0,
        0.0,
        0.0,
        1.0
      ]
    ]
  },
  "detections": [
    {
      "detection_id": "sample_000083_det_0000",
      "class_id": 0,
      "class_name": "car",
      "class_group": "vehicle",
      "score": 0.73486328125,
      "position_ego": [
        6.964271545410156,
        0.4344024658203125,
        -1.462890625
      ],
      "size_xyz": [
        2.080078125,
        4.87890625,
        1.7099609375
      ],
      "yaw_rad": -1.744140625,
      "velocity_ego": [
        -6.616115570068359e-06,
        -2.2649765014648438e-06
      ],
      "speed_mps": 6.9930754170600005e-06,
      "distance_m": 6.977806507816073,
      "bearing_deg": 3.569249616884154,
      "source_confidence": 0.73486328125,
      "raw_box_9d": [
        6.964271545410156,
        0.4344024658203125,
        -1.462890625,
        2.080078125,
        4.87890625,
        1.7099609375,
        -1.744140625,
        -6.616115570068359e-06,
        -2.2649765014648438e-06
      ]
    },
    {
      "detection_id": "sample_000083_det_0001",
      "class_id": 0,
      "class_name": "car",
      "class_group": "vehicle",
      "score": 0.69580078125,
      "position_ego": [
        -27.683788299560547,
        5.2328643798828125,
        -1.287109375
      ],
      "size_xyz": [
        2.099609375,
        4.85546875,
        1.7431640625
      ],
      "yaw_rad": -0.85595703125,
      "velocity_ego": [
        -6.616115570068359e-06,
        -2.2649765014648438e-06
      ],
      "speed_mps": 6.9930754170600005e-06,
      "distance_m": 28.174012923847602,
      "bearing_deg": 169.2960868151149,
      "source_confidence": 0.69580078125,
      "raw_box_9d": [
        -27.683788299560547,
        5.2328643798828125,
        -1.287109375,
        2.099609375,
        4.85546875,
        1.7431640625,
        -0.85595703125,
        -6.616115570068359e-06,
        -2.2649765014648438e-06
      ]
    },
    {
      "detection_id": "sample_000083_det_0002",
      "class_id": 0,
      "class_name": "car",
      "class_group": "vehicle",
      "score": 0.58935546875,
      "position_ego": [
        37.024658203125,
        7.0602569580078125,
        -1.2138671875
      ],
      "size_xyz": [
        2.115234375,
        4.80859375,
        1.7587890625
      ],
      "yaw_rad": 1.2294921875,
      "velocity_ego": [
        -6.616115570068359e-06,
        -2.2649765014648438e-06
      ],
      "speed_mps": 6.9930754170600005e-06,
      "distance_m": 37.69181003044732,
      "bearing_deg": 10.796156047531234,
      "source_confidence": 0.58935546875,
      "raw_box_9d": [
        37.024658203125,
        7.0602569580078125,
        -1.2138671875,
        2.115234375,
        4.80859375,
        1.7587890625,
        1.2294921875,
        -6.616115570068359e-06,
        -2.2649765014648438e-06
      ]
    },
    {
      "detection_id": "sample_000083_det_0003",
      "class_id": 0,
      "class_name": "car",
      "class_group": "vehicle",
      "score": 0.5341796875,
      "position_ego": [
        38.431495666503906,
        4.290088653564453,
        -1.0458984375
      ],
      "size_xyz": [
        2.16015625,
        4.94140625,
        1.810546875
      ],
      "yaw_rad": 1.244140625,
      "velocity_ego": [
        -6.616115570068359e-06,
        -2.2649765014648438e-06
      ],
      "speed_mps": 6.9930754170600005e-06,
      "distance_m": 38.67020454846277,
      "bearing_deg": 6.369529368132494,
      "source_confidence": 0.5341796875,
      "raw_box_9d": [
        38.431495666503906,
        4.290088653564453,
        -1.0458984375,
        2.16015625,
        4.94140625,
        1.810546875,
        1.244140625,
        -6.616115570068359e-06,
        -2.2649765014648438e-06
      ]
    },
    {
      "detection_id": "sample_000083_det_0005",
      "class_id": 0,
      "class_name": "car",
      "class_group": "vehicle",
      "score": 0.304443359375,
      "position_ego": [
        44.96733856201172,
        13.800003051757812,
        -0.81005859375
      ],
      "size_xyz": [
        2.169921875,
        4.88671875,
        1.822265625
      ],
      "yaw_rad": 1.1845703125,
      "velocity_ego": [
        -6.616115570068359e-06,
        -2.2649765014648438e-06
      ],
      "speed_mps": 6.9930754170600005e-06,
      "distance_m": 47.03723654275527,
      "bearing_deg": 17.060699001924103,
      "source_confidence": 0.304443359375,
      "raw_box_9d": [
        44.96733856201172,
        13.800003051757812,
        -0.81005859375,
        2.169921875,
        4.88671875,
        1.822265625,
        1.1845703125,
        -6.616115570068359e-06,
        -2.2649765014648438e-06
      ]
    },
    {
      "detection_id": "sample_000083_det_0004",
      "class_id": 0,
      "class_name": "car",
      "class_group": "vehicle",
      "score": 0.28173828125,
      "position_ego": [
        19.741409301757812,
        34.55628967285156,
        -0.5732421875
      ],
      "size_xyz": [
        2.25390625,
        5.16796875,
        2.0703125
      ],
      "yaw_rad": 1.197265625,
      "velocity_ego": [
        -6.616115570068359e-06,
        -2.2649765014648438e-06
      ],
      "speed_mps": 6.9930754170600005e-06,
      "distance_m": 39.797743619124404,
      "bearing_deg": 60.26142106305931,
      "source_confidence": 0.28173828125,
      "raw_box_9d": [
        19.741409301757812,
        34.55628967285156,
        -0.5732421875,
        2.25390625,
        5.16796875,
        2.0703125,
        1.197265625,
        -6.616115570068359e-06,
        -2.2649765014648438e-06
      ]
    },
    {
      "detection_id": "sample_000083_det_0006",
      "class_id": 0,
      "class_name": "car",
      "class_group": "vehicle",
      "score": 0.1109619140625,
      "position_ego": [
        -26.416112899780273,
        -8.229637145996094,
        -1.138671875
      ],
      "size_xyz": [
        2.224609375,
        5.0234375,
        1.884765625
      ],
      "yaw_rad": -1.2353515625,
      "velocity_ego": [
        -6.616115570068359e-06,
        -2.2649765014648438e-06
      ],
      "speed_mps": 6.9930754170600005e-06,
      "distance_m": 27.668356443574606,
      "bearing_deg": -162.69617585639128,