{
  "active_object_count": 8,
  "front_free_space_m": null,
  "left_side_occupancy": 0.37289202967875756,
  "right_side_occupancy": 0.8815430125230426,
  "rear_gap_m": 16.325469565277825,
  "nearest_front_vehicle": null,
  "nearest_vru": null,
  "nearest_any_object": {
    "track_id": 1,
    "class": "car",
    "distance_m": 16.338576916695814,
    "bearing_deg": -177.70481854326766,
    "position_ego": [
      -16.325469565277825,
      -0.6543234184810596,
      -1.4140625
    ],
    "velocity_ego": [
      -5.025208936158531,
      1.7623555884976638
    ],
    "risk_level": "low",
    "risk_score": 0.2274606731247814
  },
  "abnormal_flags": []
}