{
  "sample_name": "sample_000005",
  "sequence_index": 5,
  "frame_id": 3925,
  "timestamp": 39.63108655437827,
  "prediction_variant": "single",
  "source_sample_dir": "D:\\Agent-AI\\outputs\\s3a_left_v3\\sample_000005",
  "source_prediction_dir": "D:\\Agent-AI\\outputs\\live_watch_compare_multilane\\lw_left_positive_v1\\inference\\sample_000005",
  "ego": {
    "frame_id": 3925,
    "timestamp": 39.63108655437827,
    "sample_name": "sample_000005",
    "town": "Carla/Maps/Town10HD_Opt",
    "weather": {
      "cloudiness": 20.0,
      "dust_storm": 0.0,
      "fog_density": 2.0,
      "fog_distance": 0.75,
      "fog_falloff": 0.10000000149011612,
      "mie_scattering_scale": 0.029999999329447746,
      "precipitation": 0.0,
      "precipitation_deposits": 0.0,
      "rayleigh_scattering_scale": 0.03310000151395798,
      "scattering_intensity": 1.0,
      "sun_altitude_angle": 45.0,
      "sun_azimuth_angle": 300.0,
      "wetness": 0.0,
      "wind_intensity": 10.0
    },
    "position_world": [
      109.88274383544922,
      22.073328018188477,
      -0.006541900336742401
    ],
    "velocity_world": [
      -0.14096830785274506,
      5.171717643737793,
      0.0037914179265499115
    ],
    "speed_mps": 5.173639900999832,
    "yaw_deg": -91.1859130859375,
    "route_progress_m": 0.9361843165609074,
    "world_from_ego_bevfusion": [
      [
        -0.020695554092526436,
        -0.9997854828834534,
        0.000758171605411917,
        109.88274383544922
      ],
      [
        0.9997335076332092,
        -0.020702220499515533,
        -0.010210060514509678,
        22.073328018188477
      ],
      [
        0.010223567485809326,
        0.000546666735317558,
        0.9999475479125977,
        -0.006541900336742401
      ],
      [
        0.0,
        0.0,
        0.0,
        1.0
      ]
    ]
  },
  "detections": [
    {
      "detection_id": "sample_000005_det_0000",
      "class_id": 0,
      "class_name": "car",
      "class_group": "vehicle",
      "score": 0.77490234375,
      "position_ego": [
        23.020973205566406,
        5.097743988037109,
        -1.640625
      ],
      "size_xyz": [
        2.115234375,
        4.75390625,
        1.837890625
      ],
      "yaw_rad": -2.048828125,
      "velocity_ego": [
        -6.616115570068359e-06,
        -2.2649765014648438e-06
      ],
      "speed_mps": 6.9930754170600005e-06,
      "distance_m": 23.578638660850945,
      "bearing_deg": 12.486043486994394,
      "source_confidence": 0.77490234375,
      "raw_box_9d": [
        23.020973205566406,
        5.097743988037109,
        -1.640625,
        2.115234375,
        4.75390625,
        1.837890625,
        -2.048828125,
        -6.616115570068359e-06,
        -2.2649765014648438e-06
      ]
    },
    {
      "detection_id": "sample_000005_det_0001",
      "class_id": 0,
      "class_name": "car",
      "class_group": "vehicle",
      "score": 0.364990234375,
      "position_ego": [
        35.592262268066406,
        20.72845458984375,
        -1.53125
      ],
      "size_xyz": [
        2.240234375,
        5.23828125,
        1.8798828125
      ],
      "yaw_rad": 0.603515625,
      "velocity_ego": [
        -6.616115570068359e-06,
        -2.2649765014648438e-06
      ],
      "speed_mps": 6.9930754170600005e-06,
      "distance_m": 41.188323139477745,
      "bearing_deg": 30.21594598400957,
      "source_confidence": 0.364990234375,
      "raw_box_9d": [
        35.592262268066406,
        20.72845458984375,
        -1.53125,
        2.240234375,
        5.23828125,
        1.8798828125,
        0.603515625,
        -6.616115570068359e-06,
        -2.2649765014648438e-06
      ]
    },
    {
      "detection_id": "sample_000005_det_0002",
      "class_id": 6,
      "class_name": "motorcycle",
      "class_group": "vru",
      "score": 0.2017822265625,
      "position_ego": [
        39.450439453125,
        12.34918212890625,
        -1.46875
      ],
      "size_xyz": [
        0.92529296875,
        2.61328125,
        1.724609375
      ],
      "yaw_rad": 0.417724609375,
      "velocity_ego": [
        -5.9604644775390625e-06,
        0.0001499652862548828
      ],
      "speed_mps": 0.0001500836907138712,
      "distance_m": 41.338111619879044,
      "bearing_deg": 17.381700192770445,
      "source_confidence": 0.2017822265625,
      "raw_box_9d": [
        39.450439453125,
        12.34918212890625,
        -1.46875,
        0.92529296875,
        2.61328125,
        1.724609375,
        0.417724609375,
        -5.9604644775390625e-06,
        0.0001499652862548828
      ]
    }
  ],
  "class_names": [
    "car",
    "truck",
    "construction_vehicle",
    "bus",
    "trailer",
    "barrier",
    "motorcycle",
    "bicycle",
    "pedestrian",
    "traffic_cone"
  ],
  "raw_prediction_count": 200,
  "filtered_prediction_count": 3
}