{
  "active_object_count": 3,
  "front_free_space_m": null,
  "left_side_occupancy": 0.20930757904492137,
  "right_side_occupancy": 0.0,
  "rear_gap_m": null,
  "nearest_front_vehicle": null,
  "nearest_vru": {
    "track_id": 3,
    "class": "motorcycle",
    "distance_m": 41.338111619879044,
    "bearing_deg": 17.381700192770445,
    "position_ego": [
      39.450439453125,
      12.34918212890625,
      -1.46875
    ],
    "velocity_ego": [
      -5.9604644775390625e-06,
      0.0001499652862548828
    ],
    "risk_level": "low",
    "risk_score": 0.25
  },
  "nearest_any_object": {
    "track_id": 1,
    "class": "car",
    "distance_m": 23.72077262865236,
    "bearing_deg": 12.478754932567998,
    "position_ego": [
      23.1603977222696,
      5.125527431056443,
      -1.640625
    ],
    "velocity_ego": [
      -2.075343887460002,
      -0.3012269413772842
    ],
    "risk_level": "low",
    "risk_score": 0.2720942052851073
  },
  "abnormal_flags": []
}