{
  "active_object_count": 5,
  "front_free_space_m": null,
  "left_side_occupancy": 0.0,
  "right_side_occupancy": 0.7395162781152704,
  "rear_gap_m": null,
  "nearest_front_vehicle": null,
  "nearest_vru": null,
  "nearest_any_object": {
    "track_id": 1,
    "class": "car",
    "distance_m": 8.601346300738125,
    "bearing_deg": -17.704583804514357,
    "position_ego": [
      8.193962067433814,
      -2.615749189558742,
      -1.4248046875
    ],
    "velocity_ego": [
      -5.25283130770978,
      -1.1794443792978435
    ],
    "risk_level": "high",
    "risk_score": 0.635489902744464
  },
  "abnormal_flags": [
    "high_risk_scene"
  ]
}