{
  "frame": 726331,
  "timestamp": 5002.994624804705,
  "sample_name": "sample_000058",
  "ego": {
    "frame_id": 726331,
    "timestamp": 5002.994624804705,
    "sample_name": "sample_000058",
    "town": "Carla/Maps/Town10HD_Opt",
    "weather": {
      "cloudiness": 20.0,
      "dust_storm": 0.0,
      "fog_density": 2.0,
      "fog_distance": 0.75,
      "fog_falloff": 0.10000000149011612,
      "mie_scattering_scale": 0.029999999329447746,
      "precipitation": 0.0,
      "precipitation_deposits": 0.0,
      "rayleigh_scattering_scale": 0.03310000151395798,
      "scattering_intensity": 1.0,
      "sun_altitude_angle": 45.0,
      "sun_azimuth_angle": 300.0,
      "wetness": 0.0,
      "wind_intensity": 10.0
    },
    "position_world": [
      103.61872100830078,
      37.35603332519531,
      -0.0044970703311264515
    ],
    "velocity_world": [
      5.721895377064357e-06,
      -1.3926553037890699e-05,
      -1.3542174883696134e-06
    ],
    "speed_mps": 1.5116972951919283e-05,
    "yaw_deg": -109.1600341796875,
    "route_progress_m": 15.600492992586497,
    "world_from_ego_bevfusion": [
      [
        -0.3282078504562378,
        -0.9446055293083191,
        -7.299945082195336e-06,
        103.61872100830078
      ],
      [
        0.9446055293083191,
        -0.3282078504562378,
        1.6141209925990552e-05,
        37.35603332519531
      ],
      [
        -1.7642974853515625e-05,
        -1.5978970395735814e-06,
        1.0,
        -0.0044970703311264515
      ],
      [
        0.0,
        0.0,
        0.0,
        1.0
      ]
    ],
    "position_world_carla": [
      103.61872100830078,
      -37.35603332519531,
      -0.0044970703311264515
    ]
  },
  "scene": {
    "active_object_count": 2,
    "front_free_space_m": 5.393703377915212,
    "left_side_occupancy": 0.0,
    "right_side_occupancy": 0.7726008078881615,
    "rear_gap_m": null,
    "nearest_front_vehicle": {
      "track_id": 1,
      "class": "car",
      "distance_m": 6.470918568953074,
      "bearing_deg": 2.0078735647846986,
      "position_ego": [
        6.466945565415212,
        0.22672048865994945,
        -1.4677734375
      ],
      "velocity_ego": [
        -0.005339848490907739,
        -0.004757573754793048
      ],
      "risk_level": "high",
      "risk_score": 0.651468110732852
    },
    "nearest_vru": null,
    "nearest_any_object": {
      "track_id": 1,
      "class": "car",
      "distance_m": 6.470918568953074,
      "bearing_deg": 2.0078735647846986,
      "position_ego": [
        6.466945565415212,
        0.22672048865994945,
        -1.4677734375
      ],
      "velocity_ego": [
        -0.005339848490907739,
        -0.004757573754793048
      ],
      "risk_level": "high",
      "risk_score": 0.651468110732852
    },
    "abnormal_flags": [
      "front_blocked",
      "high_risk_scene"
    ],
    "lane_scene": {
      "current_lane_blocked": false,
      "front_object_in_current_lane": null,
      "front_object_count_current_lane": 0,
      "left_lane_occupancy_count": 0,
      "right_lane_occupancy_count": 1,
      "left_lane_available": false,
      "right_lane_available": true,
      "junction_active": false,
      "junction_ahead": false
    }
  },
  "risk_summary": {
    "highest_risk_level": "high",
    "highest_risk_score": 0.651468110732852,
    "urgent_track_ids": [
      1
    ],
    "front_hazard_track_id": 1,
    "nearest_front_vehicle_distance_m": 6.470918568953074,
    "nearest_vru_distance_m": null,
    "minimum_ttc_seconds": null,
    "flags": [
      "hazard_present",
      "front_vehicle_close"
    ]
  },
  "decision_context": {
    "recommended_maneuvers": [
      "slow_down"
    ],
    "hard_constraints": [
      "respect_front_obstacle_buffer"
    ],
    "soft_constraints": [
      "prefer_left_if_replan"
    ],
    "stage2_decision_intent": {
      "frame_id": 726331,
      "timestamp": 5002.994624804705,
      "maneuver": "lane_change_left",
      "target_speed_mps": 2.0,
      "lane_preference": "prefer_left",
      "constraints": [
        "lane_change_requires_validation",
        "respect_front_obstacle_buffer"
      ],
      "confidence": 0.62,
      "reasoning_tags": [
        "front_vehicle_slow",
        "left_gap_preferred"
      ]
    },
    "maneuver_validation_preview": {
      "frame_id": 726331,
      "requested_intent": {
        "frame_id": 726331,
        "timestamp": 5002.994624804705,
        "maneuver": "lane_change_left",
        "target_speed_mps": 2.0,
        "lane_preference": "prefer_left",
        "constraints": [
          "lane_change_requires_validation",
          "respect_front_obstacle_buffer"
        ],
        "confidence": 0.62,
        "reasoning_tags": [
          "front_vehicle_slow",
          "left_gap_preferred"
        ]
      },
      "valid_maneuvers": [
        "keep_lane",
        "slow_down",
        "stop"
      ],
      "invalid_maneuvers": [
        {
          "maneuver": "follow",
          "reason": "no_front_object_in_current_lane"
        },
        {
          "maneuver": "yield",
          "reason": "no_vru_yield_condition"
        },
        {
          "maneuver": "lane_change_left",
          "reason": "no_left_lane"
        },
        {
          "maneuver": "lane_change_right",
          "reason": "right_lane_rear_gap_too_small"
        }
      ],
      "selected_behavior": "keep_lane",
      "selected_maneuver": "keep_lane",
      "lane_change_permission": {
        "left": false,
        "right": false,
        "left_reason": "no_left_lane",
        "right_reason": "right_lane_rear_gap_too_small"
      },
      "reasoning_tags": []
    }
  },
  "lane_context": {
    "frame_id": 726331,
    "sample_name": "sample_000058",
    "current_lane": {
      "exists": true,
      "role": "current_lane",
      "road_id": 10,
      "section_id": 0,
      "lane_id": -1,
      "lane_width_m": 3.5,
      "lane_type": "Driving",
      "lane_change": "Right",
      "same_direction_as_ego": true,
      "transform_carla": {
        "location": {
          "x": 103.94172668457031,
          "y": -37.503726959228516,
          "z": 0.0
        },
        "rotation": {
          "roll": 0.0,
          "pitch": 0.0,
          "yaw": -110.2433853149414
        }
      },
      "transform_bevfusion_world": {
        "location": {
          "x": 103.94172668457031,
          "y": 37.503726959228516,
          "z": 0.0
        },
        "rotation": {
          "roll": 0.0,
          "pitch": 0.0,
          "yaw": -110.2433853149414
        }
      },
      "lane_change_allowed_from_current": false
    },
    "left_lane": {
      "exists": false,
      "role": "left_lane",
      "road_id": null,
      "section_id": null,
      "lane_id": null,
      "lane_width_m": null,
      "lane_type": null,
      "lane_change": null,
      "same_direction_as_ego": false,
      "transform_carla": null,
      "transform_bevfusion_world": null,
      "lane_change_allowed_from_current": false
    },
    "right_lane": {
      "exists": true,
      "role": "right_lane",
      "road_id": 10,
      "section_id": 0,
      "lane_id": -2,
      "lane_width_m": 3.5,
      "lane_type": "Driving",
      "lane_change": "Left",
      "same_direction_as_ego": true,
      "transform_carla": {
        "location": {
          "x": 107.22553253173828,
          "y": -38.714759826660156,
          "z": 0.0
        },
        "rotation": {
          "roll": 0.0,
          "pitch": 0.0,
          "yaw": -110.2433853149414
        }
      },
      "transform_bevfusion_world": {
        "location": {
          "x": 107.22553253173828,
          "y": 38.714759826660156,
          "z": 0.0
        },
        "rotation": {
          "roll": 0.0,
          "pitch": 0.0,
          "yaw": -110.2433853149414
        }
      },
      "lane_change_allowed_from_current": true
    },
    "forward_corridor": {
      "horizon_m": 60.0,
      "sample_step_m": 5.0,
      "chain": [
        {
          "distance_m": 0.0,