{
  "sample_name": "sample_000036",
  "sequence_index": 36,
  "frame_id": 726309,
  "timestamp": 5000.794624771923,
  "prediction_variant": "single",
  "source_sample_dir": "D:\\Agent-AI\\outputs\\s3a_ml_long_v1\\sample_000036",
  "source_prediction_dir": "D:\\Agent-AI\\outputs\\live_watch_compare_multilane\\lw_s3a_ml_long_v1\\inference\\sample_000036",
  "ego": {
    "frame_id": 726309,
    "timestamp": 5000.794624771923,
    "sample_name": "sample_000036",
    "town": "Carla/Maps/Town10HD_Opt",
    "weather": {
      "cloudiness": 20.0,
      "dust_storm": 0.0,
      "fog_density": 2.0,
      "fog_distance": 0.75,
      "fog_falloff": 0.10000000149011612,
      "mie_scattering_scale": 0.029999999329447746,
      "precipitation": 0.0,
      "precipitation_deposits": 0.0,
      "rayleigh_scattering_scale": 0.03310000151395798,
      "scattering_intensity": 1.0,
      "sun_altitude_angle": 45.0,
      "sun_azimuth_angle": 300.0,
      "wetness": 0.0,
      "wind_intensity": 10.0
    },
    "position_world": [
      103.9478759765625,
      36.44793701171875,
      -0.005039215087890625
    ],
    "velocity_world": [
      -1.212080478668213,
      3.304702043533325,
      -4.882812390860636e-06
    ],
    "speed_mps": 3.5199708355788606,
    "yaw_deg": -107.97284698486328,
    "route_progress_m": 14.633311560461895,
    "world_from_ego_bevfusion": [
      [
        -0.30856525897979736,
        -0.9511988162994385,
        0.002880258485674858,
        103.9478759765625
      ],
      [
        0.9511998295783997,
        -0.30857083201408386,
        -0.0017349391710013151,
        36.44793701171875
      ],
      [
        0.0025390356313437223,
        0.002204359509050846,
        0.9999943375587463,
        -0.005039215087890625
      ],
      [
        0.0,
        0.0,
        0.0,
        1.0
      ]
    ]
  },
  "detections": [
    {
      "detection_id": "sample_000036_det_0000",
      "class_id": 0,
      "class_name": "car",
      "class_group": "vehicle",
      "score": 0.7666015625,
      "position_ego": [
        7.350223541259766,
        0.4159431457519531,
        -1.486328125
      ],
      "size_xyz": [
        2.140625,
        4.9609375,
        1.8017578125
      ],
      "yaw_rad": -1.744140625,
      "velocity_ego": [
        -6.616115570068359e-06,
        -2.2649765014648438e-06
      ],
      "speed_mps": 6.9930754170600005e-06,
      "distance_m": 7.361983075706387,
      "bearing_deg": 3.2388669917121264,
      "source_confidence": 0.7666015625,
      "raw_box_9d": [
        7.350223541259766,
        0.4159431457519531,
        -1.486328125,
        2.140625,
        4.9609375,
        1.8017578125,
        -1.744140625,
        -6.616115570068359e-06,
        -2.2649765014648438e-06
      ]
    },
    {
      "detection_id": "sample_000036_det_0002",
      "class_id": 0,
      "class_name": "car",
      "class_group": "vehicle",
      "score": 0.671875,
      "position_ego": [
        6.986427307128906,
        -2.9702606201171875,
        -1.51171875
      ],
      "size_xyz": [
        2.12109375,
        4.83984375,
        1.8994140625
      ],
      "yaw_rad": -1.724609375,
      "velocity_ego": [
        -6.616115570068359e-06,
        -2.2649765014648438e-06
      ],
      "speed_mps": 6.9930754170600005e-06,
      "distance_m": 7.591614760327041,
      "bearing_deg": -23.03263950608823,
      "source_confidence": 0.671875,
      "raw_box_9d": [
        6.986427307128906,
        -2.9702606201171875,
        -1.51171875,
        2.12109375,
        4.83984375,
        1.8994140625,
        -1.724609375,
        -6.616115570068359e-06,
        -2.2649765014648438e-06
      ]
    },
    {
      "detection_id": "sample_000036_det_0001",
      "class_id": 0,
      "class_name": "car",
      "class_group": "vehicle",
      "score": 0.61083984375,
      "position_ego": [
        36.285362243652344,
        22.50501251220703,
        -1.09375
      ],
      "size_xyz": [
        2.1171875,
        4.96875,
        1.8251953125
      ],
      "yaw_rad": -2.689453125,
      "velocity_ego": [
        -6.616115570068359e-06,
        -2.2649765014648438e-06
      ],
      "speed_mps": 6.9930754170600005e-06,
      "distance_m": 42.69781143486942,
      "bearing_deg": 31.80813690580983,
      "source_confidence": 0.61083984375,
      "raw_box_9d": [
        36.285362243652344,
        22.50501251220703,
        -1.09375,
        2.1171875,
        4.96875,
        1.8251953125,
        -2.689453125,
        -6.616115570068359e-06,
        -2.2649765014648438e-06
      ]
    },
    {
      "detection_id": "sample_000036_det_0003",
      "class_id": 0,
      "class_name": "car",
      "class_group": "vehicle",
      "score": 0.59619140625,
      "position_ego": [
        26.57769012451172,
        5.456836700439453,
        -1.560546875
      ],
      "size_xyz": [
        2.138671875,
        4.94921875,
        1.8623046875
      ],
      "yaw_rad": -2.220703125,
      "velocity_ego": [
        -6.616115570068359e-06,
        -2.2649765014648438e-06
      ],
      "speed_mps": 6.9930754170600005e-06,
      "distance_m": 27.132096843587867,
      "bearing_deg": 11.602524565172738,
      "source_confidence": 0.59619140625,
      "raw_box_9d": [
        26.57769012451172,
        5.456836700439453,
        -1.560546875,
        2.138671875,
        4.94921875,
        1.8623046875,
        -2.220703125,
        -6.616115570068359e-06,
        -2.2649765014648438e-06
      ]
    },
    {
      "detection_id": "sample_000036_det_0004",
      "class_id": 0,
      "class_name": "car",
      "class_group": "vehicle",
      "score": 0.218017578125,
      "position_ego": [
        52.387794494628906,
        49.72016906738281,
        -1.197265625
      ],
      "size_xyz": [
        2.21875,
        5.14453125,
        1.9052734375
      ],
      "yaw_rad": 0.23095703125,
      "velocity_ego": [
        -0.0189361572265625,
        -0.016845703125
      ],
      "speed_mps": 0.025344738394481998,
      "distance_m": 72.22586949355889,
      "bearing_deg": 43.50345738919233,
      "source_confidence": 0.218017578125,
      "raw_box_9d": [
        52.387794494628906,
        49.72016906738281,
        -1.197265625,
        2.21875,
        5.14453125,
        1.9052734375,
        0.23095703125,
        -0.0189361572265625,
        -0.016845703125
      ]
    },
    {
      "detection_id": "sample_000036_det_0005",
      "class_id": 0,
      "class_name": "car",
      "class_group": "vehicle",
      "score": 0.11383056640625,
      "position_ego": [
        49.344879150390625,
        50.69574737548828,
        -1.3974609375
      ],
      "size_xyz": [
        2.20703125,
        5.14453125,
        1.9140625
      ],
      "yaw_rad": -2.80078125,
      "velocity_ego": [
        0.06689453125,
        0.06707763671875
      ],
      "speed_mps": 0.0947327169405049,
      "distance_m": 70.74585429780308,
      "bearing_deg": 45.77362914407572,
      "source_confidence": 0.11383056640625,
      "raw_box_9d": [
        49.344879150390625,
        50.69574737548828,
        -1.3974609375,
        2.20703125,
        5.14453125,
        1.9140625,
        -2.80078125,
        0.06689453125,
        0.06707763671875
      ]
    }
  ],
  "class_names": [
    "car",
    "truck",
    "construction_vehicle",
    "bus",
    "trailer",
    "barrier",
    "motorcycle",
    "bicycle",
    "pedestrian",
    "traffic_cone"
  ],
  "raw_prediction_count": 200,
  "filtered_prediction_count": 6
}