{
  "active_object_count": 8,
  "front_free_space_m": 6.340248308327928,
  "left_side_occupancy": 0.09323455244806422,
  "right_side_occupancy": 1.0,
  "rear_gap_m": null,
  "nearest_front_vehicle": {
    "track_id": 1,
    "class": "car",
    "distance_m": 7.423097390118985,
    "bearing_deg": 3.3303951167039676,
    "position_ego": [
      7.410560808327928,
      0.43123470322483604,
      -1.486328125
    ],
    "velocity_ego": [
      -1.9071020704706836,
      -0.5657741814715529
    ],
    "risk_level": "high",
    "risk_score": 0.7443267695741076
  },
  "nearest_vru": null,
  "nearest_any_object": {
    "track_id": 1,
    "class": "car",
    "distance_m": 7.423097390118985,
    "bearing_deg": 3.3303951167039676,
    "position_ego": [
      7.410560808327928,
      0.43123470322483604,
      -1.486328125
    ],
    "velocity_ego": [
      -1.9071020704706836,
      -0.5657741814715529
    ],
    "risk_level": "high",
    "risk_score": 0.7443267695741076
  },
  "abnormal_flags": [
    "front_blocked",
    "high_risk_scene"
  ]
}