{
  "active_object_count": 5,
  "front_free_space_m": null,
  "left_side_occupancy": 0.0,
  "right_side_occupancy": 0.8510964323742107,
  "rear_gap_m": 2.884135417390076,
  "nearest_front_vehicle": null,
  "nearest_vru": null,
  "nearest_any_object": {
    "track_id": 1,
    "class": "car",
    "distance_m": 4.467107028773677,
    "bearing_deg": -130.2135503882762,
    "position_ego": [
      -2.884135417390076,
      -3.41127660864307,
      -1.423828125
    ],
    "velocity_ego": [
      -5.31297972487441,
      0.12029360353652799
    ],
    "risk_level": "low",
    "risk_score": 0.3164966972841974
  },
  "abnormal_flags": []
}