{
  "sample_name": "sample_000073",
  "sequence_index": 73,
  "frame_id": 60074,
  "timestamp": 442.31970085948706,
  "prediction_variant": "single",
  "source_sample_dir": "D:\\Agent-AI\\outputs\\s3a_ml_long_v2\\sample_000073",
  "source_prediction_dir": "D:\\Agent-AI\\outputs\\live_watch_compare_multilane\\lw_s3a_ml_long_v2\\inference\\sample_000073",
  "ego": {
    "frame_id": 60074,
    "timestamp": 442.31970085948706,
    "sample_name": "sample_000073",
    "town": "Carla/Maps/Town10HD_Opt",
    "weather": {
      "cloudiness": 20.0,
      "dust_storm": 0.0,
      "fog_density": 2.0,
      "fog_distance": 0.75,
      "fog_falloff": 0.10000000149011612,
      "mie_scattering_scale": 0.029999999329447746,
      "precipitation": 0.0,
      "precipitation_deposits": 0.0,
      "rayleigh_scattering_scale": 0.03310000151395798,
      "scattering_intensity": 1.0,
      "sun_altitude_angle": 45.0,
      "sun_azimuth_angle": 300.0,
      "wetness": 0.0,
      "wind_intensity": 10.0
    },
    "position_world": [
      81.18168640136719,
      60.90135955810547,
      -0.006030196789652109
    ],
    "velocity_world": [
      -3.5644290447235107,
      1.4459120035171509,
      -6.11305222264491e-05
    ],
    "speed_mps": 3.8465329766583936,
    "yaw_deg": -156.28236389160156,
    "route_progress_m": 49.107156071859286,
    "world_from_ego_bevfusion": [
      [
        -0.9155148863792419,
        -0.4022182524204254,
        0.007278767880052328,
        81.18168640136719
      ],
      [
        0.40221908688545227,
        -0.9155424237251282,
        -0.0014124320587143302,
        60.90135955810547
      ],
      [
        0.007232125848531723,
        0.0016345568001270294,
        0.9999725222587585,
        -0.006030196789652109
      ],
      [
        0.0,
        0.0,
        0.0,
        1.0
      ]
    ]
  },
  "detections": [
    {
      "detection_id": "sample_000073_det_0000",
      "class_id": 0,
      "class_name": "car",
      "class_group": "vehicle",
      "score": 0.64892578125,
      "position_ego": [
        -24.72392463684082,
        3.5110855102539062,
        -1.166015625
      ],
      "size_xyz": [
        2.15625,
        4.99609375,
        1.8017578125
      ],
      "yaw_rad": -0.919921875,
      "velocity_ego": [
        -6.616115570068359e-06,
        -2.2649765014648438e-06
      ],
      "speed_mps": 6.9930754170600005e-06,
      "distance_m": 24.971987724418323,
      "bearing_deg": 171.91737715942878,
      "source_confidence": 0.64892578125,
      "raw_box_9d": [
        -24.72392463684082,
        3.5110855102539062,
        -1.166015625,
        2.15625,
        4.99609375,
        1.8017578125,
        -0.919921875,
        -6.616115570068359e-06,
        -2.2649765014648438e-06
      ]
    },
    {
      "detection_id": "sample_000073_det_0003",
      "class_id": 0,
      "class_name": "car",
      "class_group": "vehicle",
      "score": 0.568359375,
      "position_ego": [
        10.231788635253906,
        1.1315956115722656,
        -1.537109375
      ],
      "size_xyz": [
        2.173828125,
        5.13671875,
        1.787109375
      ],
      "yaw_rad": -1.8056640625,
      "velocity_ego": [
        -6.616115570068359e-06,
        -2.2649765014648438e-06
      ],
      "speed_mps": 6.9930754170600005e-06,
      "distance_m": 10.294173463889202,
      "bearing_deg": 6.311040289669148,
      "source_confidence": 0.568359375,
      "raw_box_9d": [
        10.231788635253906,
        1.1315956115722656,
        -1.537109375,
        2.173828125,
        5.13671875,
        1.787109375,
        -1.8056640625,
        -6.616115570068359e-06,
        -2.2649765014648438e-06
      ]
    },
    {
      "detection_id": "sample_000073_det_0001",
      "class_id": 0,
      "class_name": "car",
      "class_group": "vehicle",
      "score": 0.5546875,
      "position_ego": [
        41.25395965576172,
        7.143459320068359,
        -1.537109375
      ],
      "size_xyz": [
        2.142578125,
        4.8203125,
        1.7998046875
      ],
      "yaw_rad": 1.169921875,
      "velocity_ego": [
        -6.616115570068359e-06,
        -2.2649765014648438e-06
      ],
      "speed_mps": 6.9930754170600005e-06,
      "distance_m": 41.86786593960441,
      "bearing_deg": 9.823819160396885,
      "source_confidence": 0.5546875,
      "raw_box_9d": [
        41.25395965576172,
        7.143459320068359,
        -1.537109375,
        2.142578125,
        4.8203125,
        1.7998046875,
        1.169921875,
        -6.616115570068359e-06,
        -2.2649765014648438e-06
      ]
    },
    {
      "detection_id": "sample_000073_det_0002",
      "class_id": 0,
      "class_name": "car",
      "class_group": "vehicle",
      "score": 0.475341796875,
      "position_ego": [
        47.074073791503906,
        16.99614715576172,
        -1.50390625
      ],
      "size_xyz": [
        2.169921875,
        4.9609375,
        1.8251953125
      ],
      "yaw_rad": 1.1044921875,
      "velocity_ego": [
        -0.0277557373046875,
        -0.0204925537109375
      ],
      "speed_mps": 0.03450109724229767,
      "distance_m": 50.04835103645536,
      "bearing_deg": 19.85217368497357,
      "source_confidence": 0.475341796875,
      "raw_box_9d": [
        47.074073791503906,
        16.99614715576172,
        -1.50390625,
        2.169921875,
        4.9609375,
        1.8251953125,
        1.1044921875,
        -0.0277557373046875,
        -0.0204925537109375
      ]
    },
    {
      "detection_id": "sample_000073_det_0004",
      "class_id": 0,
      "class_name": "car",
      "class_group": "vehicle",
      "score": 0.430908203125,
      "position_ego": [
        39.548004150390625,
        9.71279525756836,
        -1.5830078125
      ],
      "size_xyz": [
        2.13671875,
        4.85546875,
        1.7861328125
      ],
      "yaw_rad": 1.1884765625,
      "velocity_ego": [
        -0.00022411346435546875,
        -0.0009775161743164062
      ],
      "speed_mps": 0.0010028782159143715,
      "distance_m": 40.72324918268134,
      "bearing_deg": 13.79846115427326,
      "source_confidence": 0.430908203125,
      "raw_box_9d": [
        39.548004150390625,
        9.71279525756836,
        -1.5830078125,
        2.13671875,
        4.85546875,
        1.7861328125,
        1.1884765625,
        -0.00022411346435546875,
        -0.0009775161743164062
      ]
    },
    {
      "detection_id": "sample_000073_det_0005",
      "class_id": 0,
      "class_name": "car",
      "class_group": "vehicle",
      "score": 0.278564453125,
      "position_ego": [
        20.502540588378906,
        36.03662109375,
        -0.908203125
      ],
      "size_xyz": [
        2.29296875,
        5.11328125,
        2.140625
      ],
      "yaw_rad": 1.16015625,
      "velocity_ego": [
        -6.616115570068359e-06,
        -2.2649765014648438e-06
      ],
      "speed_mps": 6.9930754170600005e-06,
      "distance_m": 41.460731185455856,
      "bearing_deg": 60.36288250144207,
      "source_confidence": 0.278564453125,
      "raw_box_9d": [
        20.502540588378906,
        36.03662109375,
        -0.908203125,
        2.29296875,
        5.11328125,
        2.140625,
        1.16015625,
        -6.616115570068359e-06,
        -2.2649765014648438e-06
      ]
    },
    {
      "detection_id": "sample_000073_det_0006",
      "class_id": 0,
      "class_name": "car",
      "class_group": "vehicle",
      "score": 0.2060546875,
      "position_ego": [
        -28.552221298217773,
        -7.704196929931641,
        -0.91748046875
      ],
      "size_xyz": [
        2.1953125,
        5.0,
        1.8447265625
      ],
      "yaw_rad": -1.3076171875,
      "velocity_ego": [
        -6.616115570068359e-06,
        -2.2649765014648438e-06
      ],
      "speed_mps": 6.9930754170600005e-06,
      "distance_m": 29.573366250692004,
      "bearing_deg": -164.8995952770566,
      "source_confidence": 0.2060546875,