{
  "active_object_count": 5,
  "front_free_space_m": 20.541873773537574,
  "left_side_occupancy": 0.28541432758982543,
  "right_side_occupancy": 0.0,
  "rear_gap_m": 50.96015548706055,
  "nearest_front_vehicle": {
    "track_id": 2,
    "class": "car",
    "distance_m": 21.650721876602944,
    "bearing_deg": 3.418983119081663,
    "position_ego": [
      21.612186273537574,
      1.2911863753646604,
      -1.658203125
    ],
    "velocity_ego": [
      -1.3861455993929386,
      -0.15952941835630274
    ],
    "risk_level": "medium",
    "risk_score": 0.537619585925478
  },
  "nearest_vru": null,
  "nearest_any_object": {
    "track_id": 1,
    "class": "car",
    "distance_m": 21.437570172305236,
    "bearing_deg": 12.57551532801828,
    "position_ego": [
      20.923280586205422,
      4.6675201556533565,
      -1.607421875
    ],
    "velocity_ego": [
      -1.2267122369005168,
      -0.008866044746869764
    ],
    "risk_level": "low",
    "risk_score": 0.2892182237077107
  },
  "abnormal_flags": []
}