{
  "active_object_count": 2,
  "front_free_space_m": null,
  "left_side_occupancy": 0.18550340978733837,
  "right_side_occupancy": 0.0,
  "rear_gap_m": null,
  "nearest_front_vehicle": null,
  "nearest_vru": null,
  "nearest_any_object": {
    "track_id": 1,
    "class": "car",
    "distance_m": 24.43489770637985,
    "bearing_deg": 12.304623243763853,
    "position_ego": [
      23.87358856201172,
      5.207302093505859,
      -1.658203125
    ],
    "velocity_ego": [
      -6.616115570068359e-06,
      -2.2649765014648438e-06
    ],
    "risk_level": "low",
    "risk_score": 0.2667382672021511
  },
  "abnormal_flags": []
}