{
  "sample_name": "sample_000008",
  "sequence_index": 8,
  "frame_id": 726281,
  "timestamp": 4997.9946247302,
  "prediction_variant": "single",
  "source_sample_dir": "D:\\Agent-AI\\outputs\\s3a_ml_long_v1\\sample_000008",
  "source_prediction_dir": "D:\\Agent-AI\\outputs\\live_watch_compare_multilane\\lw_s3a_ml_long_v1\\inference\\sample_000008",
  "ego": {
    "frame_id": 726281,
    "timestamp": 4997.9946247302,
    "sample_name": "sample_000008",
    "town": "Carla/Maps/Town10HD_Opt",
    "weather": {
      "cloudiness": 20.0,
      "dust_storm": 0.0,
      "fog_density": 2.0,
      "fog_distance": 0.75,
      "fog_falloff": 0.10000000149011612,
      "mie_scattering_scale": 0.029999999329447746,
      "precipitation": 0.0,
      "precipitation_deposits": 0.0,
      "rayleigh_scattering_scale": 0.03310000151395798,
      "scattering_intensity": 1.0,
      "sun_altitude_angle": 45.0,
      "sun_azimuth_angle": 300.0,
      "wetness": 0.0,
      "wind_intensity": 10.0
    },
    "position_world": [
      106.2540512084961,
      25.000967025756836,
      -0.006289672572165728
    ],
    "velocity_world": [
      -0.4818509817123413,
      7.080027103424072,
      -0.0003124237118754536
    ],
    "speed_mps": 7.096405023066622,
    "yaw_deg": -93.09050750732422,
    "route_progress_m": 2.9152999764581518,
    "world_from_ego_bevfusion": [
      [
        -0.05391097068786621,
        -0.9985384941101074,
        0.003808756358921528,
        106.2540512084961
      ],
      [
        0.9985014796257019,
        -0.053944122046232224,
        -0.009215748868882656,
        25.000967025756836
      ],
      [
        0.009407739154994488,
        0.0033062188886106014,
        0.9999502897262573,
        -0.006289672572165728
      ],
      [
        0.0,
        0.0,
        0.0,
        1.0
      ]
    ]
  },
  "detections": [
    {
      "detection_id": "sample_000008_det_0000",
      "class_id": 0,
      "class_name": "car",
      "class_group": "vehicle",
      "score": 0.7568359375,
      "position_ego": [
        18.4599609375,
        3.9871597290039062,
        -1.572265625
      ],
      "size_xyz": [
        2.1171875,
        4.77734375,
        1.798828125
      ],
      "yaw_rad": -2.0390625,
      "velocity_ego": [
        -6.616115570068359e-06,
        -2.2649765014648438e-06
      ],
      "speed_mps": 6.9930754170600005e-06,
      "distance_m": 18.88564535615917,
      "bearing_deg": 12.18806433163187,
      "source_confidence": 0.7568359375,
      "raw_box_9d": [
        18.4599609375,
        3.9871597290039062,
        -1.572265625,
        2.1171875,
        4.77734375,
        1.798828125,
        -2.0390625,
        -6.616115570068359e-06,
        -2.2649765014648438e-06
      ]
    },
    {
      "detection_id": "sample_000008_det_0001",
      "class_id": 0,
      "class_name": "car",
      "class_group": "vehicle",
      "score": 0.6240234375,
      "position_ego": [
        19.084571838378906,
        0.6399917602539062,
        -1.619140625
      ],
      "size_xyz": [
        2.11328125,
        4.8359375,
        1.814453125
      ],
      "yaw_rad": -1.9521484375,
      "velocity_ego": [
        -6.616115570068359e-06,
        -2.2649765014648438e-06
      ],
      "speed_mps": 6.9930754170600005e-06,
      "distance_m": 19.095299728138286,
      "bearing_deg": 1.920666121852094,
      "source_confidence": 0.6240234375,
      "raw_box_9d": [
        19.084571838378906,
        0.6399917602539062,
        -1.619140625,
        2.11328125,
        4.8359375,
        1.814453125,
        -1.9521484375,
        -6.616115570068359e-06,
        -2.2649765014648438e-06
      ]
    },
    {
      "detection_id": "sample_000008_det_0002",
      "class_id": 0,
      "class_name": "car",
      "class_group": "vehicle",
      "score": 0.374755859375,
      "position_ego": [
        40.730712890625,
        32.834991455078125,
        -1.51171875
      ],
      "size_xyz": [
        2.109375,
        4.95703125,
        1.849609375
      ],
      "yaw_rad": 0.2108154296875,
      "velocity_ego": [
        -0.0005645751953125,
        -0.0102996826171875
      ],
      "speed_mps": 0.01031514455380808,
      "distance_m": 52.31756527623948,
      "bearing_deg": 38.87396175943178,
      "source_confidence": 0.374755859375,
      "raw_box_9d": [
        40.730712890625,
        32.834991455078125,
        -1.51171875,
        2.109375,
        4.95703125,
        1.849609375,
        0.2108154296875,
        -0.0005645751953125,
        -0.0102996826171875
      ]
    },
    {
      "detection_id": "sample_000008_det_0003",
      "class_id": 0,
      "class_name": "car",
      "class_group": "vehicle",
      "score": 0.336669921875,
      "position_ego": [
        35.880767822265625,
        13.930961608886719,
        -1.7666015625
      ],
      "size_xyz": [
        2.19921875,
        5.1015625,
        1.8642578125
      ],
      "yaw_rad": 0.5927734375,
      "velocity_ego": [
        -6.616115570068359e-06,
        -2.2649765014648438e-06
      ],
      "speed_mps": 6.9930754170600005e-06,
      "distance_m": 38.49027397750772,
      "bearing_deg": 21.219053567780392,
      "source_confidence": 0.336669921875,
      "raw_box_9d": [
        35.880767822265625,
        13.930961608886719,
        -1.7666015625,
        2.19921875,
        5.1015625,
        1.8642578125,
        0.5927734375,
        -6.616115570068359e-06,
        -2.2649765014648438e-06
      ]
    },
    {
      "detection_id": "sample_000008_det_0004",
      "class_id": 0,
      "class_name": "car",
      "class_group": "vehicle",
      "score": 0.110107421875,
      "position_ego": [
        27.815338134765625,
        -8.17844009399414,
        -1.4072265625
      ],
      "size_xyz": [
        2.2265625,
        5.15234375,
        1.9365234375
      ],
      "yaw_rad": 1.6044921875,
      "velocity_ego": [
        -6.616115570068359e-06,
        -2.2649765014648438e-06
      ],
      "speed_mps": 6.9930754170600005e-06,
      "distance_m": 28.99275630088312,
      "bearing_deg": -16.38472148542778,
      "source_confidence": 0.110107421875,
      "raw_box_9d": [
        27.815338134765625,
        -8.17844009399414,
        -1.4072265625,
        2.2265625,
        5.15234375,
        1.9365234375,
        1.6044921875,
        -6.616115570068359e-06,
        -2.2649765014648438e-06
      ]
    }
  ],
  "class_names": [
    "car",
    "truck",
    "construction_vehicle",
    "bus",
    "trailer",
    "barrier",
    "motorcycle",
    "bicycle",
    "pedestrian",
    "traffic_cone"
  ],
  "raw_prediction_count": 200,
  "filtered_prediction_count": 5
}