{
  "sample_name": "sample_000014",
  "sequence_index": 14,
  "frame_id": 2191,
  "timestamp": 33.59063230454922,
  "prediction_variant": "bridge_minimal",
  "source_sample_dir": "/workspace/Agent-AI/outputs/samples/sample_000014",
  "source_prediction_dir": "/workspace/Agent-AI/outputs/live_watch_compare/live_20260401_095649/inference/sample_000014/bridge_minimal",
  "ego": {
    "frame_id": 2191,
    "timestamp": 33.59063230454922,
    "sample_name": "sample_000014",
    "town": "Carla/Maps/Town10HD_Opt",
    "weather": {
      "cloudiness": 20.0,
      "dust_storm": 0.0,
      "fog_density": 2.0,
      "fog_distance": 0.75,
      "fog_falloff": 0.10000000149011612,
      "mie_scattering_scale": 0.029999999329447746,
      "precipitation": 0.0,
      "precipitation_deposits": 0.0,
      "rayleigh_scattering_scale": 0.03310000151395798,
      "scattering_intensity": 1.0,
      "sun_altitude_angle": 45.0,
      "sun_azimuth_angle": 300.0,
      "wetness": 0.0,
      "wind_intensity": 10.0
    },
    "position_world": [
      -58.55111312866211,
      -23.310062408447266,
      -0.006453742738813162
    ],
    "velocity_world": [
      7.143049240112305,
      2.3893027305603027,
      -0.00031876564025878906
    ],
    "speed_mps": 7.532059485064057,
    "yaw_deg": -15.110308647155762,
    "route_progress_m": 1.719044111205486,
    "world_from_ego_bevfusion": [
      [
        0.9653762578964233,
        -0.26077908277511597,
        -0.006550147198140621,
        -58.55111312866211
      ],
      [
        0.26066485047340393,
        0.9653193950653076,
        -0.01457071304321289,
        -23.310062408447266
      ],
      [
        0.010122721083462238,
        0.012358828447759151,
        0.9998723864555359,
        -0.006453742738813162
      ],
      [
        0.0,
        0.0,
        0.0,
        1.0
      ]
    ]
  },
  "detections": [],
  "class_names": [
    "car",
    "truck",
    "construction_vehicle",
    "bus",
    "trailer",
    "barrier",
    "motorcycle",
    "bicycle",
    "pedestrian",
    "traffic_cone"
  ],
  "raw_prediction_count": 200,
  "filtered_prediction_count": 0
}