{
  "active_object_count": 1,
  "front_free_space_m": null,
  "left_side_occupancy": 0.0,
  "right_side_occupancy": 0.14855780483560932,
  "rear_gap_m": 7.185488891610191,
  "nearest_front_vehicle": null,
  "nearest_vru": null,
  "nearest_any_object": {
    "track_id": 2,
    "class": "car",
    "distance_m": 25.54326585493172,
    "bearing_deg": -106.3382012743065,
    "position_ego": [
      -7.185488891610191,
      -24.51177635187355,
      -0.6533203125
    ],
    "velocity_ego": [
      -0.0115814208984375,
      0.07403564453125
    ],
    "risk_level": "low",
    "risk_score": 0.13466168017481028
  },
  "abnormal_flags": []
}