{
  "active_object_count": 4,
  "front_free_space_m": 13.598275849372854,
  "left_side_occupancy": 0.0,
  "right_side_occupancy": 0.14440910503382254,
  "rear_gap_m": null,
  "nearest_front_vehicle": {
    "track_id": 1,
    "class": "car",
    "distance_m": 14.698094408586194,
    "bearing_deg": -3.3169614245159402,
    "position_ego": [
      14.673471161872854,
      -0.8504253673300525,
      -1.2939453125
    ],
    "velocity_ego": [
      -4.705481912737866,
      -1.8260731359801676
    ],
    "risk_level": "high",
    "risk_score": 0.6897642919356036
  },
  "nearest_vru": null,
  "nearest_any_object": {
    "track_id": 1,
    "class": "car",
    "distance_m": 14.698094408586194,
    "bearing_deg": -3.3169614245159402,
    "position_ego": [
      14.673471161872854,
      -0.8504253673300525,
      -1.2939453125
    ],
    "velocity_ego": [
      -4.705481912737866,
      -1.8260731359801676
    ],
    "risk_level": "high",
    "risk_score": 0.6897642919356036
  },
  "abnormal_flags": [
    "high_risk_scene"
  ]
}