{
  "active_object_count": 2,
  "front_free_space_m": 5.385572091699489,
  "left_side_occupancy": 0.0,
  "right_side_occupancy": 0.7731776700297388,
  "rear_gap_m": null,
  "nearest_front_vehicle": {
    "track_id": 1,
    "class": "car",
    "distance_m": 6.452082345407484,
    "bearing_deg": 2.0202080671924794,
    "position_ego": [
      6.448072091699489,
      0.22744865830580335,
      -1.478515625
    ],
    "velocity_ego": [
      2.57298859732638e-05,
      0.0005317701623547566
    ],
    "risk_level": "high",
    "risk_score": 0.6516093824094439
  },
  "nearest_vru": null,
  "nearest_any_object": {
    "track_id": 1,
    "class": "car",
    "distance_m": 6.452082345407484,
    "bearing_deg": 2.0202080671924794,
    "position_ego": [
      6.448072091699489,
      0.22744865830580335,
      -1.478515625
    ],
    "velocity_ego": [
      2.57298859732638e-05,
      0.0005317701623547566
    ],
    "risk_level": "high",
    "risk_score": 0.6516093824094439
  },
  "abnormal_flags": [
    "front_blocked",
    "high_risk_scene"
  ]
}