{
  "sample_name": "sample_000071",
  "sequence_index": 71,
  "frame_id": 60072,
  "timestamp": 442.1197008565068,
  "prediction_variant": "single",
  "source_sample_dir": "D:\\Agent-AI\\outputs\\s3a_ml_long_v2\\sample_000071",
  "source_prediction_dir": "D:\\Agent-AI\\outputs\\live_watch_compare_multilane\\lw_s3a_ml_long_v2\\inference\\sample_000071",
  "ego": {
    "frame_id": 60072,
    "timestamp": 442.1197008565068,
    "sample_name": "sample_000071",
    "town": "Carla/Maps/Town10HD_Opt",
    "weather": {
      "cloudiness": 20.0,
      "dust_storm": 0.0,
      "fog_density": 2.0,
      "fog_distance": 0.75,
      "fog_falloff": 0.10000000149011612,
      "mie_scattering_scale": 0.029999999329447746,
      "precipitation": 0.0,
      "precipitation_deposits": 0.0,
      "rayleigh_scattering_scale": 0.03310000151395798,
      "scattering_intensity": 1.0,
      "sun_altitude_angle": 45.0,
      "sun_azimuth_angle": 300.0,
      "wetness": 0.0,
      "wind_intensity": 10.0
    },
    "position_world": [
      81.83758544921875,
      60.629486083984375,
      -0.00520339934155345
    ],
    "velocity_world": [
      -2.746764659881592,
      1.1260565519332886,
      6.0052869230275974e-05
    ],
    "speed_mps": 2.9686224850143326,
    "yaw_deg": -155.39732360839844,
    "route_progress_m": 48.39714233807428,
    "world_from_ego_bevfusion": [
      [
        -0.9092115759849548,
        -0.41631728410720825,
        0.0037613860331475735,
        81.83758544921875
      ],
      [
        0.4163209795951843,
        -0.9092176556587219,
        0.00022231880575418472,
        60.629486083984375
      ],
      [
        0.0033273634035140276,
        0.0017680787714198232,
        0.9999929070472717,
        -0.00520339934155345
      ],
      [
        0.0,
        0.0,
        0.0,
        1.0
      ]
    ]
  },
  "detections": [
    {
      "detection_id": "sample_000071_det_0000",
      "class_id": 0,
      "class_name": "car",
      "class_group": "vehicle",
      "score": 0.62548828125,
      "position_ego": [
        10.859771728515625,
        1.3387222290039062,
        -1.4833984375
      ],
      "size_xyz": [
        2.1484375,
        4.9765625,
        1.8935546875
      ],
      "yaw_rad": -1.818359375,
      "velocity_ego": [
        -6.616115570068359e-06,
        -2.2649765014648438e-06
      ],
      "speed_mps": 6.9930754170600005e-06,
      "distance_m": 10.941975105157955,
      "bearing_deg": 7.027597267935233,
      "source_confidence": 0.62548828125,
      "raw_box_9d": [
        10.859771728515625,
        1.3387222290039062,
        -1.4833984375,
        2.1484375,
        4.9765625,
        1.8935546875,
        -1.818359375,
        -6.616115570068359e-06,
        -2.2649765014648438e-06
      ]
    },
    {
      "detection_id": "sample_000071_det_0001",
      "class_id": 0,
      "class_name": "car",
      "class_group": "vehicle",
      "score": 0.5830078125,
      "position_ego": [
        -24.01640510559082,
        3.1902122497558594,
        -1.294921875
      ],
      "size_xyz": [
        2.1328125,
        4.96484375,
        1.7861328125
      ],
      "yaw_rad": -0.9296875,
      "velocity_ego": [
        -6.616115570068359e-06,
        -2.2649765014648438e-06
      ],
      "speed_mps": 6.9930754170600005e-06,
      "distance_m": 24.227364041396275,
      "bearing_deg": 172.43342835418497,
      "source_confidence": 0.5830078125,
      "raw_box_9d": [
        -24.01640510559082,
        3.1902122497558594,
        -1.294921875,
        2.1328125,
        4.96484375,
        1.7861328125,
        -0.9296875,
        -6.616115570068359e-06,
        -2.2649765014648438e-06
      ]
    },
    {
      "detection_id": "sample_000071_det_0003",
      "class_id": 0,
      "class_name": "car",
      "class_group": "vehicle",
      "score": 0.51953125,
      "position_ego": [
        41.9677734375,
        7.849658966064453,
        -1.2802734375
      ],
      "size_xyz": [
        2.140625,
        4.859375,
        1.8125
      ],
      "yaw_rad": -1.9599609375,
      "velocity_ego": [
        -6.616115570068359e-06,
        -2.2649765014648438e-06
      ],
      "speed_mps": 6.9930754170600005e-06,
      "distance_m": 42.69556362416178,
      "bearing_deg": 10.594200944478187,
      "source_confidence": 0.51953125,
      "raw_box_9d": [
        41.9677734375,
        7.849658966064453,
        -1.2802734375,
        2.140625,
        4.859375,
        1.8125,
        -1.9599609375,
        -6.616115570068359e-06,
        -2.2649765014648438e-06
      ]
    },
    {
      "detection_id": "sample_000071_det_0004",
      "class_id": 0,
      "class_name": "car",
      "class_group": "vehicle",
      "score": 0.444580078125,
      "position_ego": [
        47.52935028076172,
        17.725799560546875,
        -1.2431640625
      ],
      "size_xyz": [
        2.216796875,
        5.09375,
        1.849609375
      ],
      "yaw_rad": 1.1103515625,
      "velocity_ego": [
        -6.616115570068359e-06,
        -2.2649765014648438e-06
      ],
      "speed_mps": 6.9930754170600005e-06,
      "distance_m": 50.727143702085456,
      "bearing_deg": 20.452712994292074,
      "source_confidence": 0.444580078125,
      "raw_box_9d": [
        47.52935028076172,
        17.725799560546875,
        -1.2431640625,
        2.216796875,
        5.09375,
        1.849609375,
        1.1103515625,
        -6.616115570068359e-06,
        -2.2649765014648438e-06
      ]
    },
    {
      "detection_id": "sample_000071_det_0002",
      "class_id": 0,
      "class_name": "car",
      "class_group": "vehicle",
      "score": 0.44384765625,
      "position_ego": [
        40.092628479003906,
        10.411598205566406,
        -1.38671875
      ],
      "size_xyz": [
        2.13671875,
        4.84765625,
        1.7685546875
      ],
      "yaw_rad": 1.14453125,
      "velocity_ego": [
        -6.616115570068359e-06,
        -2.2649765014648438e-06
      ],
      "speed_mps": 6.9930754170600005e-06,
      "distance_m": 41.42246052022488,
      "bearing_deg": 14.557502292962173,
      "source_confidence": 0.44384765625,
      "raw_box_9d": [
        40.092628479003906,
        10.411598205566406,
        -1.38671875,
        2.13671875,
        4.84765625,
        1.7685546875,
        1.14453125,
        -6.616115570068359e-06,
        -2.2649765014648438e-06
      ]
    },
    {
      "detection_id": "sample_000071_det_0005",
      "class_id": 0,
      "class_name": "car",
      "class_group": "vehicle",
      "score": 0.327880859375,
      "position_ego": [
        20.599151611328125,
        36.415069580078125,
        -0.8349609375
      ],
      "size_xyz": [
        2.283203125,
        5.18359375,
        2.091796875
      ],
      "yaw_rad": 1.11328125,
      "velocity_ego": [
        -6.616115570068359e-06,
        -2.2649765014648438e-06
      ],
      "speed_mps": 6.9930754170600005e-06,
      "distance_m": 41.837570909750646,
      "bearing_deg": 60.50417591556548,
      "source_confidence": 0.327880859375,
      "raw_box_9d": [
        20.599151611328125,
        36.415069580078125,
        -0.8349609375,
        2.283203125,
        5.18359375,
        2.091796875,
        1.11328125,
        -6.616115570068359e-06,
        -2.2649765014648438e-06
      ]
    },
    {
      "detection_id": "sample_000071_det_0006",
      "class_id": 0,
      "class_name": "car",
      "class_group": "vehicle",
      "score": 0.1888427734375,
      "position_ego": [
        -27.690526962280273,
        -8.27328872680664,
        -1.0439453125
      ],
      "size_xyz": [
        2.171875,
        5.0,
        1.8212890625
      ],
      "yaw_rad": -1.5654296875,
      "velocity_ego": [
        0.56005859375,
        -0.039031982421875
      ],
      "speed_mps": 0.5614170678604358,
      "distance_m": 28.900044806295313,
      "bearing_deg": -163.36507160996598,
      "source_confidence": 0.1888427734375,