{
  "active_object_count": 8,
  "front_free_space_m": 8.211209591648023,
  "left_side_occupancy": 0.13564997483571262,
  "right_side_occupancy": 0.0,
  "rear_gap_m": 25.643872756865335,
  "nearest_front_vehicle": {
    "track_id": 2,
    "class": "car",
    "distance_m": 9.338441279548062,
    "bearing_deg": 6.219579179237333,
    "position_ego": [
      9.283475216648023,
      1.0117180602565026,
      -1.4365234375
    ],
    "velocity_ego": [
      -1.960728514733068,
      -0.2514187469140244
    ],
    "risk_level": "high",
    "risk_score": 0.7299616904033895
  },
  "nearest_vru": null,
  "nearest_any_object": {
    "track_id": 2,
    "class": "car",
    "distance_m": 9.338441279548062,
    "bearing_deg": 6.219579179237333,
    "position_ego": [
      9.283475216648023,
      1.0117180602565026,
      -1.4365234375
    ],
    "velocity_ego": [
      -1.960728514733068,
      -0.2514187469140244
    ],
    "risk_level": "high",
    "risk_score": 0.7299616904033895
  },
  "abnormal_flags": [
    "high_risk_scene"
  ]
}