{
  "frame": 3933,
  "timestamp": 40.4310865662992,
  "sample_name": "sample_000013",
  "ego": {
    "frame_id": 3933,
    "timestamp": 40.4310865662992,
    "sample_name": "sample_000013",
    "town": "Carla/Maps/Town10HD_Opt",
    "weather": {
      "cloudiness": 20.0,
      "dust_storm": 0.0,
      "fog_density": 2.0,
      "fog_distance": 0.75,
      "fog_falloff": 0.10000000149011612,
      "mie_scattering_scale": 0.029999999329447746,
      "precipitation": 0.0,
      "precipitation_deposits": 0.0,
      "rayleigh_scattering_scale": 0.03310000151395798,
      "scattering_intensity": 1.0,
      "sun_altitude_angle": 45.0,
      "sun_azimuth_angle": 300.0,
      "wetness": 0.0,
      "wind_intensity": 10.0
    },
    "position_world": [
      109.5281982421875,
      27.31165885925293,
      -0.006074981763958931
    ],
    "velocity_world": [
      -0.9266950488090515,
      8.094374656677246,
      1.9779205103986897e-05
    ],
    "speed_mps": 8.147248909695671,
    "yaw_deg": -95.51145935058594,
    "route_progress_m": 6.187893355998007,
    "world_from_ego_bevfusion": [
      [
        -0.09604163467884064,
        -0.9953508377075195,
        0.0072605907917022705,
        109.5281982421875
      ],
      [
        0.9953438639640808,
        -0.09609569609165192,
        -0.007503634784370661,
        27.31165885925293
      ],
      [
        0.008166461251676083,
        0.006506122648715973,
        0.9999455213546753,
        -0.006074981763958931
      ],
      [
        0.0,
        0.0,
        0.0,
        1.0
      ]
    ],
    "position_world_carla": [
      109.5281982421875,
      -27.31165885925293,
      -0.006074981763958931
    ]
  },
  "scene": {
    "active_object_count": 2,
    "front_free_space_m": null,
    "left_side_occupancy": 0.37970685627232004,
    "right_side_occupancy": 0.0,
    "rear_gap_m": null,
    "nearest_front_vehicle": null,
    "nearest_vru": null,
    "nearest_any_object": {
      "track_id": 1,
      "class": "car",
      "distance_m": 18.608794311830398,
      "bearing_deg": 11.283115488713515,
      "position_ego": [
        18.24913022331993,
        3.6409438106516347,
        -1.634765625
      ],
      "velocity_ego": [
        -4.458747988758468,
        -1.6850867625156027
      ],
      "risk_level": "medium",
      "risk_score": 0.410434042661272
    },
    "abnormal_flags": [],
    "lane_scene": {
      "current_lane_blocked": false,
      "front_object_in_current_lane": null,
      "front_object_count_current_lane": 0,
      "left_lane_occupancy_count": 0,
      "right_lane_occupancy_count": 0,
      "left_lane_available": true,
      "right_lane_available": false,
      "junction_active": false,
      "junction_ahead": false
    }
  },
  "risk_summary": {
    "highest_risk_level": "medium",
    "highest_risk_score": 0.410434042661272,
    "urgent_track_ids": [],
    "front_hazard_track_id": null,
    "nearest_front_vehicle_distance_m": 18.608794311830398,
    "nearest_vru_distance_m": null,
    "minimum_ttc_seconds": 4.092882187854124,
    "flags": []
  },
  "decision_context": {
    "recommended_maneuvers": [
      "keep_lane"
    ],
    "hard_constraints": [],
    "soft_constraints": [
      "prefer_right_if_replan"
    ],
    "stage2_decision_intent": {
      "frame_id": 3933,
      "timestamp": 40.4310865662992,
      "maneuver": "slow_down",
      "target_speed_mps": 6.517799127756537,
      "lane_preference": "prefer_right",
      "constraints": [],
      "confidence": 0.65,
      "reasoning_tags": [
        "medium_risk_scene"
      ]
    },
    "maneuver_validation_preview": {
      "frame_id": 3933,
      "requested_intent": {
        "frame_id": 3933,
        "timestamp": 40.4310865662992,
        "maneuver": "slow_down",
        "target_speed_mps": 6.517799127756537,
        "lane_preference": "prefer_right",
        "constraints": [],
        "confidence": 0.65,
        "reasoning_tags": [
          "medium_risk_scene"
        ]
      },
      "valid_maneuvers": [
        "keep_lane",
        "slow_down",
        "lane_change_left"
      ],
      "invalid_maneuvers": [
        {
          "maneuver": "follow",
          "reason": "no_front_object_in_current_lane"
        },
        {
          "maneuver": "stop",
          "reason": "no_immediate_stop_condition"
        },
        {
          "maneuver": "yield",
          "reason": "no_vru_yield_condition"
        },
        {
          "maneuver": "lane_change_right",
          "reason": "no_right_lane"
        }
      ],
      "selected_behavior": "slow_down",
      "selected_maneuver": "slow_down",
      "lane_change_permission": {
        "left": true,
        "right": false,
        "left_reason": null,
        "right_reason": "no_right_lane"
      },
      "reasoning_tags": []
    }
  },
  "lane_context": {
    "frame_id": 3933,
    "sample_name": "sample_000013",
    "current_lane": {
      "exists": true,
      "role": "current_lane",
      "road_id": 10,
      "section_id": 0,
      "lane_id": -2,
      "lane_width_m": 3.5,
      "lane_type": "Driving",
      "lane_change": "Left",
      "same_direction_as_ego": true,
      "transform_carla": {
        "location": {
          "x": 109.79487609863281,
          "y": -27.37006950378418,
          "z": 0.0
        },
        "rotation": {
          "roll": 0.0,
          "pitch": 0.0,
          "yaw": -95.27865600585938
        }
      },
      "transform_bevfusion_world": {
        "location": {
          "x": 109.79487609863281,
          "y": 27.37006950378418,
          "z": 0.0
        },
        "rotation": {
          "roll": 0.0,
          "pitch": 0.0,
          "yaw": -95.27865600585938
        }
      },
      "lane_change_allowed_from_current": false
    },
    "left_lane": {
      "exists": true,
      "role": "left_lane",
      "road_id": 10,
      "section_id": 0,
      "lane_id": -1,
      "lane_width_m": 3.5,
      "lane_type": "Driving",
      "lane_change": "Right",
      "same_direction_as_ego": true,
      "transform_carla": {
        "location": {
          "x": 106.3097152709961,
          "y": -27.048070907592773,
          "z": 0.0
        },
        "rotation": {
          "roll": 0.0,
          "pitch": 0.0,
          "yaw": -95.27865600585938
        }
      },
      "transform_bevfusion_world": {
        "location": {
          "x": 106.3097152709961,
          "y": 27.048070907592773,
          "z": 0.0
        },
        "rotation": {
          "roll": 0.0,
          "pitch": 0.0,
          "yaw": -95.27865600585938
        }
      },
      "lane_change_allowed_from_current": true
    },
    "right_lane": {
      "exists": false,
      "role": "right_lane",
      "road_id": null,
      "section_id": null,
      "lane_id": null,
      "lane_width_m": null,
      "lane_type": null,
      "lane_change": null,
      "same_direction_as_ego": false,
      "transform_carla": null,
      "transform_bevfusion_world": null,
      "lane_change_allowed_from_current": false
    },
    "forward_corridor": {
      "horizon_m": 60.0,
      "sample_step_m": 5.0,
      "chain": [
        {
          "distance_m": 0.0,
          "road_id": 10,
          "section_id": 0,
          "lane_id": -2,
          "is_junction": false,
          "yaw_deg": -95.27865600585938,
          "position_carla": {
            "x": 109.79487609863281,
            "y": -27.37006950378418,
            "z": 0.0
          },
          "position_bevfusion_world": {
            "x": 109.79487609863281,
            "y": 27.37006950378418,
            "z": 0.0
          }
        },
        {
          "distance_m": 5.0,
          "road_id": 10,
          "section_id": 0,
          "lane_id": -2,
          "is_junction": false,
          "yaw_deg": -102.54737854003906,
          "position_carla": {
            "x": 108.91759490966797,
            "y": -32.96392822265625,
            "z": 0.0
          },
          "position_bevfusion_world": {
            "x": 108.91759490966797,