{
  "sample_name": "sample_000028",
  "sequence_index": 28,
  "frame_id": 726301,
  "timestamp": 4999.994624760002,
  "prediction_variant": "single",
  "source_sample_dir": "D:\\Agent-AI\\outputs\\s3a_ml_long_v1\\sample_000028",
  "source_prediction_dir": "D:\\Agent-AI\\outputs\\live_watch_compare_multilane\\lw_s3a_ml_long_v1\\inference\\sample_000028",
  "ego": {
    "frame_id": 726301,
    "timestamp": 4999.994624760002,
    "sample_name": "sample_000028",
    "town": "Carla/Maps/Town10HD_Opt",
    "weather": {
      "cloudiness": 20.0,
      "dust_storm": 0.0,
      "fog_density": 2.0,
      "fog_distance": 0.75,
      "fog_falloff": 0.10000000149011612,
      "mie_scattering_scale": 0.029999999329447746,
      "precipitation": 0.0,
      "precipitation_deposits": 0.0,
      "rayleigh_scattering_scale": 0.03310000151395798,
      "scattering_intensity": 1.0,
      "sun_altitude_angle": 45.0,
      "sun_azimuth_angle": 300.0,
      "wetness": 0.0,
      "wind_intensity": 10.0
    },
    "position_world": [
      104.75008392333984,
      33.94465637207031,
      -0.0059986114501953125
    ],
    "velocity_world": [
      -0.9957218766212463,
      3.304100513458252,
      -8.698463352629915e-05
    ],
    "speed_mps": 3.450875579644034,
    "yaw_deg": -104.6227798461914,
    "route_progress_m": 12.00393093433052,
    "world_from_ego_bevfusion": [
      [
        -0.2524477541446686,
        -0.9676039814949036,
        0.003567971521988511,
        104.75008392333984
      ],
      [
        0.9675845503807068,
        -0.2524662911891937,
        -0.006396458949893713,
        33.94465637207031
      ],
      [
        0.007090031635016203,
        0.0018375422805547714,
        0.9999731779098511,
        -0.0059986114501953125
      ],
      [
        0.0,
        0.0,
        0.0,
        1.0
      ]
    ]
  },
  "detections": [
    {
      "detection_id": "sample_000028_det_0000",
      "class_id": 0,
      "class_name": "car",
      "class_group": "vehicle",
      "score": 0.81298828125,
      "position_ego": [
        9.97719955444336,
        1.0155792236328125,
        -1.484375
      ],
      "size_xyz": [
        2.154296875,
        4.984375,
        1.7724609375
      ],
      "yaw_rad": -1.7568359375,
      "velocity_ego": [
        -6.616115570068359e-06,
        -2.2649765014648438e-06
      ],
      "speed_mps": 6.9930754170600005e-06,
      "distance_m": 10.028754265045055,
      "bearing_deg": 5.812119503599442,
      "source_confidence": 0.81298828125,
      "raw_box_9d": [
        9.97719955444336,
        1.0155792236328125,
        -1.484375,
        2.154296875,
        4.984375,
        1.7724609375,
        -1.7568359375,
        -6.616115570068359e-06,
        -2.2649765014648438e-06
      ]
    },
    {
      "detection_id": "sample_000028_det_0001",
      "class_id": 0,
      "class_name": "car",
      "class_group": "vehicle",
      "score": 0.736328125,
      "position_ego": [
        9.792556762695312,
        -2.454784393310547,
        -1.541015625
      ],
      "size_xyz": [
        2.15625,
        4.984375,
        1.8369140625
      ],
      "yaw_rad": -1.73046875,
      "velocity_ego": [
        -6.616115570068359e-06,
        -2.2649765014648438e-06
      ],
      "speed_mps": 6.9930754170600005e-06,
      "distance_m": 10.09555022612689,
      "bearing_deg": -14.07283127896902,
      "source_confidence": 0.736328125,
      "raw_box_9d": [
        9.792556762695312,
        -2.454784393310547,
        -1.541015625,
        2.15625,
        4.984375,
        1.8369140625,
        -1.73046875,
        -6.616115570068359e-06,
        -2.2649765014648438e-06
      ]
    },
    {
      "detection_id": "sample_000028_det_0003",
      "class_id": 0,
      "class_name": "car",
      "class_group": "vehicle",
      "score": 0.55908203125,
      "position_ego": [
        28.7373046875,
        7.023853302001953,
        -1.564453125
      ],
      "size_xyz": [
        2.103515625,
        4.76953125,
        1.802734375
      ],
      "yaw_rad": 0.81201171875,
      "velocity_ego": [
        -0.2705078125,
        -0.1749267578125
      ],
      "speed_mps": 0.3221394841094897,
      "distance_m": 29.583224907204645,
      "bearing_deg": 13.734723365556635,
      "source_confidence": 0.55908203125,
      "raw_box_9d": [
        28.7373046875,
        7.023853302001953,
        -1.564453125,
        2.103515625,
        4.76953125,
        1.802734375,
        0.81201171875,
        -0.2705078125,
        -0.1749267578125
      ]
    },
    {
      "detection_id": "sample_000028_det_0002",
      "class_id": 0,
      "class_name": "car",
      "class_group": "vehicle",
      "score": 0.51416015625,
      "position_ego": [
        37.44880676269531,
        24.710159301757812,
        -1.35546875
      ],
      "size_xyz": [
        2.1640625,
        5.09375,
        1.8486328125
      ],
      "yaw_rad": 0.395751953125,
      "velocity_ego": [
        -6.616115570068359e-06,
        -2.2649765014648438e-06
      ],
      "speed_mps": 6.9930754170600005e-06,
      "distance_m": 44.8665253910746,
      "bearing_deg": 33.41835960774731,
      "source_confidence": 0.51416015625,
      "raw_box_9d": [
        37.44880676269531,
        24.710159301757812,
        -1.35546875,
        2.1640625,
        5.09375,
        1.8486328125,
        0.395751953125,
        -6.616115570068359e-06,
        -2.2649765014648438e-06
      ]
    },
    {
      "detection_id": "sample_000028_det_0004",
      "class_id": 0,
      "class_name": "car",
      "class_group": "vehicle",
      "score": 0.36474609375,
      "position_ego": [
        48.88048553466797,
        53.22393035888672,
        -1.1787109375
      ],
      "size_xyz": [
        2.1953125,
        4.9453125,
        1.91796875
      ],
      "yaw_rad": 0.248291015625,
      "velocity_ego": [
        -6.616115570068359e-06,
        -2.2649765014648438e-06
      ],
      "speed_mps": 6.9930754170600005e-06,
      "distance_m": 72.26402029331408,
      "bearing_deg": 47.435850649822314,
      "source_confidence": 0.36474609375,
      "raw_box_9d": [
        48.88048553466797,
        53.22393035888672,
        -1.1787109375,
        2.1953125,
        4.9453125,
        1.91796875,
        0.248291015625,
        -6.616115570068359e-06,
        -2.2649765014648438e-06
      ]
    },
    {
      "detection_id": "sample_000028_det_0005",
      "class_id": 0,
      "class_name": "car",
      "class_group": "vehicle",
      "score": 0.28955078125,
      "position_ego": [
        51.88317108154297,
        52.75957489013672,
        -1.392578125
      ],
      "size_xyz": [
        2.162109375,
        4.8046875,
        1.9365234375
      ],
      "yaw_rad": 0.281005859375,
      "velocity_ego": [
        -6.616115570068359e-06,
        -2.2649765014648438e-06
      ],
      "speed_mps": 6.9930754170600005e-06,
      "distance_m": 73.99619033480441,
      "bearing_deg": 45.47985232888935,
      "source_confidence": 0.28955078125,
      "raw_box_9d": [
        51.88317108154297,
        52.75957489013672,
        -1.392578125,
        2.162109375,
        4.8046875,
        1.9365234375,
        0.281005859375,
        -6.616115570068359e-06,
        -2.2649765014648438e-06
      ]
    }
  ],
  "class_names": [
    "car",
    "truck",
    "construction_vehicle",
    "bus",
    "trailer",
    "barrier",
    "motorcycle",
    "bicycle",
    "pedestrian",
    "traffic_cone"
  ],
  "raw_prediction_count": 200,
  "filtered_prediction_count": 6
}