{
  "active_object_count": 3,
  "front_free_space_m": null,
  "left_side_occupancy": 0.21473329417999876,
  "right_side_occupancy": 0.0,
  "rear_gap_m": null,
  "nearest_front_vehicle": null,
  "nearest_vru": null,
  "nearest_any_object": {
    "track_id": 1,
    "class": "car",
    "distance_m": 23.558001174600037,
    "bearing_deg": 6.716113833248272,
    "position_ego": [
      23.39634140823834,
      2.7551094445790483,
      -1.5673828125
    ],
    "velocity_ego": [
      -3.501765186717341,
      -1.4387134657322633
    ],
    "risk_level": "low",
    "risk_score": 0.27331499119049973
  },
  "abnormal_flags": []
}