{
  "active_object_count": 7,
  "front_free_space_m": 10.451051103696662,
  "left_side_occupancy": 0.8259818598053876,
  "right_side_occupancy": 0.3355600059140027,
  "rear_gap_m": 23.446907415680954,
  "nearest_front_vehicle": {
    "track_id": 2,
    "class": "car",
    "distance_m": 11.624414132900414,
    "bearing_deg": 8.023507145319794,
    "position_ego": [
      11.510621416196662,
      1.6225284423299495,
      -1.29296875
    ],
    "velocity_ego": [
      -0.5969826150789429,
      -0.30637570281981796
    ],
    "risk_level": "high",
    "risk_score": 0.6128168940032469
  },
  "nearest_vru": null,
  "nearest_any_object": {
    "track_id": 2,
    "class": "car",
    "distance_m": 11.624414132900414,
    "bearing_deg": 8.023507145319794,
    "position_ego": [
      11.510621416196662,
      1.6225284423299495,
      -1.29296875
    ],
    "velocity_ego": [
      -0.5969826150789429,
      -0.30637570281981796
    ],
    "risk_level": "high",
    "risk_score": 0.6128168940032469
  },
  "abnormal_flags": [
    "high_risk_scene"
  ]
}