{
  "sample_name": "sample_000039",
  "sequence_index": 39,
  "frame_id": 3959,
  "timestamp": 43.03108660504222,
  "prediction_variant": "single",
  "source_sample_dir": "D:\\Agent-AI\\outputs\\s3a_left_v3\\sample_000039",
  "source_prediction_dir": "D:\\Agent-AI\\outputs\\live_watch_compare_multilane\\lw_left_positive_v1\\inference\\sample_000039",
  "ego": {
    "frame_id": 3959,
    "timestamp": 43.03108660504222,
    "sample_name": "sample_000039",
    "town": "Carla/Maps/Town10HD_Opt",
    "weather": {
      "cloudiness": 20.0,
      "dust_storm": 0.0,
      "fog_density": 2.0,
      "fog_distance": 0.75,
      "fog_falloff": 0.10000000149011612,
      "mie_scattering_scale": 0.029999999329447746,
      "precipitation": 0.0,
      "precipitation_deposits": 0.0,
      "rayleigh_scattering_scale": 0.03310000151395798,
      "scattering_intensity": 1.0,
      "sun_altitude_angle": 45.0,
      "sun_azimuth_angle": 300.0,
      "wetness": 0.0,
      "wind_intensity": 10.0
    },
    "position_world": [
      107.31654357910156,
      37.37863540649414,
      -0.005029716528952122
    ],
    "velocity_world": [
      -1.2144930362701416,
      3.2825639247894287,
      -9.317397598351818e-06
    ],
    "speed_mps": 3.500031322083341,
    "yaw_deg": -107.89252471923828,
    "route_progress_m": 16.52301173398416,
    "world_from_ego_bevfusion": [
      [
        -0.30723148584365845,
        -0.9516283869743347,
        0.0034939346369355917,
        107.31654357910156
      ],
      [
        0.9516316056251526,
        -0.30723798274993896,
        -0.0014960924163460732,
        37.37863540649414
      ],
      [
        0.0024971934035420418,
        0.0028652918990701437,
        0.9999927878379822,
        -0.005029716528952122
      ],
      [
        0.0,
        0.0,
        0.0,
        1.0
      ]
    ]
  },
  "detections": [
    {
      "detection_id": "sample_000039_det_0000",
      "class_id": 0,
      "class_name": "car",
      "class_group": "vehicle",
      "score": 0.71337890625,
      "position_ego": [
        8.231033325195312,
        0.5258827209472656,
        -1.552734375
      ],
      "size_xyz": [
        2.18359375,
        4.98828125,
        1.876953125
      ],
      "yaw_rad": -1.7333984375,
      "velocity_ego": [
        -6.616115570068359e-06,
        -2.2649765014648438e-06
      ],
      "speed_mps": 6.9930754170600005e-06,
      "distance_m": 8.247815603944277,
      "bearing_deg": 3.655672583445653,
      "source_confidence": 0.71337890625,
      "raw_box_9d": [
        8.231033325195312,
        0.5258827209472656,
        -1.552734375,
        2.18359375,
        4.98828125,
        1.876953125,
        -1.7333984375,
        -6.616115570068359e-06,
        -2.2649765014648438e-06
      ]
    },
    {
      "detection_id": "sample_000039_det_0001",
      "class_id": 0,
      "class_name": "car",
      "class_group": "vehicle",
      "score": 0.468505859375,
      "position_ego": [
        24.725830078125,
        11.830665588378906,
        -1.4453125
      ],
      "size_xyz": [
        2.2265625,
        5.1640625,
        1.884765625
      ],
      "yaw_rad": 0.85791015625,
      "velocity_ego": [
        -6.616115570068359e-06,
        -2.2649765014648438e-06
      ],
      "speed_mps": 6.9930754170600005e-06,
      "distance_m": 27.410423588780304,
      "bearing_deg": 25.569900285003,
      "source_confidence": 0.468505859375,
      "raw_box_9d": [
        24.725830078125,
        11.830665588378906,
        -1.4453125,
        2.2265625,
        5.1640625,
        1.884765625,
        0.85791015625,
        -6.616115570068359e-06,
        -2.2649765014648438e-06
      ]
    },
    {
      "detection_id": "sample_000039_det_0002",
      "class_id": 0,
      "class_name": "car",
      "class_group": "vehicle",
      "score": 0.228515625,
      "position_ego": [
        25.66845703125,
        -4.849803924560547,
        -1.244140625
      ],
      "size_xyz": [
        2.236328125,
        5.07421875,
        1.876953125
      ],
      "yaw_rad": 1.4404296875,
      "velocity_ego": [
        -0.08001708984375,
        0.01470947265625
      ],
      "speed_mps": 0.08135787148695402,
      "distance_m": 26.122601028071657,
      "bearing_deg": -10.699350459168224,
      "source_confidence": 0.228515625,
      "raw_box_9d": [
        25.66845703125,
        -4.849803924560547,
        -1.244140625,
        2.236328125,
        5.07421875,
        1.876953125,
        1.4404296875,
        -0.08001708984375,
        0.01470947265625
      ]
    },
    {
      "detection_id": "sample_000039_det_0003",
      "class_id": 0,
      "class_name": "car",
      "class_group": "vehicle",
      "score": 0.1231689453125,
      "position_ego": [
        51.37068176269531,
        24.93389892578125,
        -0.93408203125
      ],
      "size_xyz": [
        2.267578125,
        5.03515625,
        1.9482421875
      ],
      "yaw_rad": 0.5986328125,
      "velocity_ego": [
        -6.616115570068359e-06,
        -2.2649765014648438e-06
      ],
      "speed_mps": 6.9930754170600005e-06,
      "distance_m": 57.102068792690794,
      "bearing_deg": 25.890645448003845,
      "source_confidence": 0.1231689453125,
      "raw_box_9d": [
        51.37068176269531,
        24.93389892578125,
        -0.93408203125,
        2.267578125,
        5.03515625,
        1.9482421875,
        0.5986328125,
        -6.616115570068359e-06,
        -2.2649765014648438e-06
      ]
    }
  ],
  "class_names": [
    "car",
    "truck",
    "construction_vehicle",
    "bus",
    "trailer",
    "barrier",
    "motorcycle",
    "bicycle",
    "pedestrian",
    "traffic_cone"
  ],
  "raw_prediction_count": 200,
  "filtered_prediction_count": 4
}