{
  "active_object_count": 5,
  "front_free_space_m": 7.218156419028833,
  "left_side_occupancy": 0.08463939651842511,
  "right_side_occupancy": 0.1269911894598107,
  "rear_gap_m": 49.98187408474132,
  "nearest_front_vehicle": {
    "track_id": 1,
    "class": "car",
    "distance_m": 8.328798116751722,
    "bearing_deg": 3.855000256990576,
    "position_ego": [
      8.309953294028833,
      0.5599592133953838,
      -1.552734375
    ],
    "velocity_ego": [
      -1.922219191936187,
      -0.6011269756787304
    ],
    "risk_level": "high",
    "risk_score": 0.7375340141243621
  },
  "nearest_vru": null,
  "nearest_any_object": {
    "track_id": 1,
    "class": "car",
    "distance_m": 8.328798116751722,
    "bearing_deg": 3.855000256990576,
    "position_ego": [
      8.309953294028833,
      0.5599592133953838,
      -1.552734375
    ],
    "velocity_ego": [
      -1.922219191936187,
      -0.6011269756787304
    ],
    "risk_level": "high",
    "risk_score": 0.7375340141243621
  },
  "abnormal_flags": [
    "front_blocked",
    "high_risk_scene"
  ]
}