{
  "active_object_count": 2,
  "front_free_space_m": 5.3854703607850185,
  "left_side_occupancy": 0.0,
  "right_side_occupancy": 0.773212266667582,
  "rear_gap_m": null,
  "nearest_front_vehicle": {
    "track_id": 1,
    "class": "car",
    "distance_m": 6.451001490910129,
    "bearing_deg": 2.0197320085591555,
    "position_ego": [
      6.4469937982850185,
      0.22735698933442713,
      -1.4794921875
    ],
    "velocity_ego": [
      0.014057336753663049,
      -0.001367447200547182
    ],
    "risk_level": "high",
    "risk_score": 0.651617488818174
  },
  "nearest_vru": null,
  "nearest_any_object": {
    "track_id": 1,
    "class": "car",
    "distance_m": 6.451001490910129,
    "bearing_deg": 2.0197320085591555,
    "position_ego": [
      6.4469937982850185,
      0.22735698933442713,
      -1.4794921875
    ],
    "velocity_ego": [
      0.014057336753663049,
      -0.001367447200547182
    ],
    "risk_level": "high",
    "risk_score": 0.651617488818174
  },
  "abnormal_flags": [
    "front_blocked",
    "high_risk_scene"
  ]
}