{
  "sample_name": "sample_000031",
  "sequence_index": 31,
  "frame_id": 60032,
  "timestamp": 438.1197007969022,
  "prediction_variant": "single",
  "source_sample_dir": "D:\\Agent-AI\\outputs\\s3a_ml_long_v2\\sample_000031",
  "source_prediction_dir": "D:\\Agent-AI\\outputs\\live_watch_compare_multilane\\lw_s3a_ml_long_v2\\inference\\sample_000031",
  "ego": {
    "frame_id": 60032,
    "timestamp": 438.1197007969022,
    "sample_name": "sample_000031",
    "town": "Carla/Maps/Town10HD_Opt",
    "weather": {
      "cloudiness": 20.0,
      "dust_storm": 0.0,
      "fog_density": 2.0,
      "fog_distance": 0.75,
      "fog_falloff": 0.10000000149011612,
      "mie_scattering_scale": 0.029999999329447746,
      "precipitation": 0.0,
      "precipitation_deposits": 0.0,
      "rayleigh_scattering_scale": 0.03310000151395798,
      "scattering_intensity": 1.0,
      "sun_altitude_angle": 45.0,
      "sun_azimuth_angle": 300.0,
      "wetness": 0.0,
      "wind_intensity": 10.0
    },
    "position_world": [
      101.34529113769531,
      42.56004333496094,
      -0.004873084835708141
    ],
    "velocity_world": [
      -3.9477388858795166,
      7.401453018188477,
      8.26168034109287e-05
    ],
    "speed_mps": 8.388453319793946,
    "yaw_deg": -117.24761199951172,
    "route_progress_m": 21.29341621238973,
    "world_from_ego_bevfusion": [
      [
        -0.45783546566963196,
        -0.8889882564544678,
        0.009294782765209675,
        101.34529113769531
      ],
      [
        0.8890334367752075,
        -0.4578379690647125,
        0.001982572255656123,
        42.56004333496094
      ],
      [
        0.002493021311238408,
        0.00917106494307518,
        0.9999548196792603,
        -0.004873084835708141
      ],
      [
        0.0,
        0.0,
        0.0,
        1.0
      ]
    ]
  },
  "detections": [
    {
      "detection_id": "sample_000031_det_0000",
      "class_id": 0,
      "class_name": "car",
      "class_group": "vehicle",
      "score": 0.77392578125,
      "position_ego": [
        3.7622337341308594,
        -3.297496795654297,
        -1.44921875
      ],
      "size_xyz": [
        2.20703125,
        5.18359375,
        1.8017578125
      ],
      "yaw_rad": -1.5966796875,
      "velocity_ego": [
        -6.616115570068359e-06,
        -2.2649765014648438e-06
      ],
      "speed_mps": 6.9930754170600005e-06,
      "distance_m": 5.002788001463043,
      "bearing_deg": -41.23369455370133,
      "source_confidence": 0.77392578125,
      "raw_box_9d": [
        3.7622337341308594,
        -3.297496795654297,
        -1.44921875,
        2.20703125,
        5.18359375,
        1.8017578125,
        -1.5966796875,
        -6.616115570068359e-06,
        -2.2649765014648438e-06
      ]
    },
    {
      "detection_id": "sample_000031_det_0001",
      "class_id": 0,
      "class_name": "car",
      "class_group": "vehicle",
      "score": 0.495361328125,
      "position_ego": [
        32.795875549316406,
        16.925392150878906,
        -1.4921875
      ],
      "size_xyz": [
        2.234375,
        5.21484375,
        1.8681640625
      ],
      "yaw_rad": -2.568359375,
      "velocity_ego": [
        -6.616115570068359e-06,
        -2.2649765014648438e-06
      ],
      "speed_mps": 6.9930754170600005e-06,
      "distance_m": 36.90580377809543,
      "bearing_deg": 27.29748718355068,
      "source_confidence": 0.495361328125,
      "raw_box_9d": [
        32.795875549316406,
        16.925392150878906,
        -1.4921875,
        2.234375,
        5.21484375,
        1.8681640625,
        -2.568359375,
        -6.616115570068359e-06,
        -2.2649765014648438e-06
      ]
    },
    {
      "detection_id": "sample_000031_det_0002",
      "class_id": 0,
      "class_name": "car",
      "class_group": "vehicle",
      "score": 0.3828125,
      "position_ego": [
        53.03679656982422,
        41.13256072998047,
        -1.380859375
      ],
      "size_xyz": [
        2.26171875,
        5.171875,
        1.9052734375
      ],
      "yaw_rad": 0.468505859375,
      "velocity_ego": [
        -0.03106689453125,
        -0.1778564453125
      ],
      "speed_mps": 0.1805493480326476,
      "distance_m": 67.11772748383581,
      "bearing_deg": 37.79528122875489,
      "source_confidence": 0.3828125,
      "raw_box_9d": [
        53.03679656982422,
        41.13256072998047,
        -1.380859375,
        2.26171875,
        5.171875,
        1.9052734375,
        0.468505859375,
        -0.03106689453125,
        -0.1778564453125
      ]
    },
    {
      "detection_id": "sample_000031_det_0003",
      "class_id": 0,
      "class_name": "car",
      "class_group": "vehicle",
      "score": 0.330078125,
      "position_ego": [
        51.48384094238281,
        52.446502685546875,
        -1.5703125
      ],
      "size_xyz": [
        2.25390625,
        5.08203125,
        1.916015625
      ],
      "yaw_rad": 0.445556640625,
      "velocity_ego": [
        -6.616115570068359e-06,
        -2.2649765014648438e-06
      ],
      "speed_mps": 6.9930754170600005e-06,
      "distance_m": 73.49300321884832,
      "bearing_deg": 45.53069080455803,
      "source_confidence": 0.330078125,
      "raw_box_9d": [
        51.48384094238281,
        52.446502685546875,
        -1.5703125,
        2.25390625,
        5.08203125,
        1.916015625,
        0.445556640625,
        -6.616115570068359e-06,
        -2.2649765014648438e-06
      ]
    },
    {
      "detection_id": "sample_000031_det_0004",
      "class_id": 0,
      "class_name": "car",
      "class_group": "vehicle",
      "score": 0.2384033203125,
      "position_ego": [
        50.21375274658203,
        42.26953887939453,
        -1.5703125
      ],
      "size_xyz": [
        2.25,
        5.21875,
        1.892578125
      ],
      "yaw_rad": 0.462890625,
      "velocity_ego": [
        -6.616115570068359e-06,
        -2.2649765014648438e-06
      ],
      "speed_mps": 6.9930754170600005e-06,
      "distance_m": 65.63638382765706,
      "bearing_deg": 40.09040671660524,
      "source_confidence": 0.2384033203125,
      "raw_box_9d": [
        50.21375274658203,
        42.26953887939453,
        -1.5703125,
        2.25,
        5.21875,
        1.892578125,
        0.462890625,
        -6.616115570068359e-06,
        -2.2649765014648438e-06
      ]
    }
  ],
  "class_names": [
    "car",
    "truck",
    "construction_vehicle",
    "bus",
    "trailer",
    "barrier",
    "motorcycle",
    "bicycle",
    "pedestrian",
    "traffic_cone"
  ],
  "raw_prediction_count": 200,
  "filtered_prediction_count": 5
}