{
  "active_object_count": 5,
  "front_free_space_m": 7.952118794959148,
  "left_side_occupancy": 0.0,
  "right_side_occupancy": 0.6874277273430196,
  "rear_gap_m": null,
  "nearest_front_vehicle": {
    "track_id": 1,
    "class": "car",
    "distance_m": 9.377168179709411,
    "bearing_deg": -15.070450697221098,
    "position_ego": [
      9.054657857459148,
      -2.4381251311013563,
      -1.482421875
    ],
    "velocity_ego": [
      -5.3094386100781366,
      -1.339124135751684
    ],
    "risk_level": "critical",
    "risk_score": 0.8796712386521794
  },
  "nearest_vru": null,
  "nearest_any_object": {
    "track_id": 1,
    "class": "car",
    "distance_m": 9.377168179709411,
    "bearing_deg": -15.070450697221098,
    "position_ego": [
      9.054657857459148,
      -2.4381251311013563,
      -1.482421875
    ],
    "velocity_ego": [
      -5.3094386100781366,
      -1.339124135751684
    ],
    "risk_level": "critical",
    "risk_score": 0.8796712386521794
  },
  "abnormal_flags": [
    "front_blocked",
    "high_risk_scene"
  ]
}