{
  "sample_name": "sample_000004",
  "sequence_index": 4,
  "frame_id": 726277,
  "timestamp": 4997.594624724239,
  "prediction_variant": "single",
  "source_sample_dir": "D:\\Agent-AI\\outputs\\s3a_ml_long_v1\\sample_000004",
  "source_prediction_dir": "D:\\Agent-AI\\outputs\\live_watch_compare_multilane\\lw_s3a_ml_long_v1\\inference\\sample_000004",
  "ego": {
    "frame_id": 726277,
    "timestamp": 4997.594624724239,
    "sample_name": "sample_000004",
    "town": "Carla/Maps/Town10HD_Opt",
    "weather": {
      "cloudiness": 20.0,
      "dust_storm": 0.0,
      "fog_density": 2.0,
      "fog_distance": 0.75,
      "fog_falloff": 0.10000000149011612,
      "mie_scattering_scale": 0.029999999329447746,
      "precipitation": 0.0,
      "precipitation_deposits": 0.0,
      "rayleigh_scattering_scale": 0.03310000151395798,
      "scattering_intensity": 1.0,
      "sun_altitude_angle": 45.0,
      "sun_azimuth_angle": 300.0,
      "wetness": 0.0,
      "wind_intensity": 10.0
    },
    "position_world": [
      106.37284851074219,
      22.624698638916016,
      -0.0061884308233857155
    ],
    "velocity_world": [
      -0.1412162184715271,
      5.37196159362793,
      0.0006295680650509894
    ],
    "speed_mps": 5.373817430852007,
    "yaw_deg": -91.22921752929688,
    "route_progress_m": 0.5358206287581454,
    "world_from_ego_bevfusion": [
      [
        -0.021451318636536598,
        -0.9997696280479431,
        0.0006783699500374496,
        106.37284851074219
      ],
      [
        0.9997261762619019,
        -0.021456720307469368,
        -0.009335373528301716,
        22.624698638916016
      ],
      [
        0.009347778744995594,
        0.0004779281734954566,
        0.9999561905860901,
        -0.0061884308233857155
      ],
      [
        0.0,
        0.0,
        0.0,
        1.0
      ]
    ]
  },
  "detections": [
    {
      "detection_id": "sample_000004_det_0000",
      "class_id": 0,
      "class_name": "car",
      "class_group": "vehicle",
      "score": 0.75927734375,
      "position_ego": [
        20.810089111328125,
        4.6667022705078125,
        -1.607421875
      ],
      "size_xyz": [
        2.16796875,
        4.9609375,
        1.814453125
      ],
      "yaw_rad": -2.052734375,
      "velocity_ego": [
        -6.616115570068359e-06,
        -2.2649765014648438e-06
      ],
      "speed_mps": 6.9930754170600005e-06,
      "distance_m": 21.326929429783842,
      "bearing_deg": 12.639580017420192,
      "source_confidence": 0.75927734375,
      "raw_box_9d": [
        20.810089111328125,
        4.6667022705078125,
        -1.607421875,
        2.16796875,
        4.9609375,
        1.814453125,
        -2.052734375,
        -6.616115570068359e-06,
        -2.2649765014648438e-06
      ]
    },
    {
      "detection_id": "sample_000004_det_0001",
      "class_id": 0,
      "class_name": "car",
      "class_group": "vehicle",
      "score": 0.62744140625,
      "position_ego": [
        21.484283447265625,
        1.2764663696289062,
        -1.658203125
      ],
      "size_xyz": [
        2.140625,
        4.89453125,
        1.8251953125
      ],
      "yaw_rad": -1.96875,
      "velocity_ego": [
        -6.616115570068359e-06,
        -2.2649765014648438e-06
      ],
      "speed_mps": 6.9930754170600005e-06,
      "distance_m": 21.522170002935237,
      "bearing_deg": 3.400172053786869,
      "source_confidence": 0.62744140625,
      "raw_box_9d": [
        21.484283447265625,
        1.2764663696289062,
        -1.658203125,
        2.140625,
        4.89453125,
        1.8251953125,
        -1.96875,
        -6.616115570068359e-06,
        -2.2649765014648438e-06
      ]
    },
    {
      "detection_id": "sample_000004_det_0002",
      "class_id": 0,
      "class_name": "car",
      "class_group": "vehicle",
      "score": 0.43798828125,
      "position_ego": [
        42.07720184326172,
        34.171875,
        -1.107421875
      ],
      "size_xyz": [
        2.197265625,
        5.0078125,
        1.85546875
      ],
      "yaw_rad": 0.11328125,
      "velocity_ego": [
        -6.616115570068359e-06,
        -2.2649765014648438e-06
      ],
      "speed_mps": 6.9930754170600005e-06,
      "distance_m": 54.20523919303569,
      "bearing_deg": 39.08085487939021,
      "source_confidence": 0.43798828125,
      "raw_box_9d": [
        42.07720184326172,
        34.171875,
        -1.107421875,
        2.197265625,
        5.0078125,
        1.85546875,
        0.11328125,
        -6.616115570068359e-06,
        -2.2649765014648438e-06
      ]
    },
    {
      "detection_id": "sample_000004_det_0004",
      "class_id": 0,
      "class_name": "car",
      "class_group": "vehicle",
      "score": 0.1527099609375,
      "position_ego": [
        37.82051086425781,
        15.132720947265625,
        -1.482421875
      ],
      "size_xyz": [
        2.28515625,
        5.421875,
        1.892578125
      ],
      "yaw_rad": 0.576171875,
      "velocity_ego": [
        -0.01261138916015625,
        -0.01120758056640625
      ],
      "speed_mps": 0.016871781136009133,
      "distance_m": 40.73561445837358,
      "bearing_deg": 21.80730784460879,
      "source_confidence": 0.1527099609375,
      "raw_box_9d": [
        37.82051086425781,
        15.132720947265625,
        -1.482421875,
        2.28515625,
        5.421875,
        1.892578125,
        0.576171875,
        -0.01261138916015625,
        -0.01120758056640625
      ]
    },
    {
      "detection_id": "sample_000004_det_0003",
      "class_id": 0,
      "class_name": "car",
      "class_group": "vehicle",
      "score": 0.1177978515625,
      "position_ego": [
        -50.96015548706055,
        -17.451560974121094,
        0.3232421875
      ],
      "size_xyz": [
        2.228515625,
        4.99609375,
        2.091796875
      ],
      "yaw_rad": -0.03759765625,
      "velocity_ego": [
        -6.616115570068359e-06,
        -2.2649765014648438e-06
      ],
      "speed_mps": 6.9930754170600005e-06,
      "distance_m": 53.865521697082386,
      "bearing_deg": -161.09597467678432,
      "source_confidence": 0.1177978515625,
      "raw_box_9d": [
        -50.96015548706055,
        -17.451560974121094,
        0.3232421875,
        2.228515625,
        4.99609375,
        2.091796875,
        -0.03759765625,
        -6.616115570068359e-06,
        -2.2649765014648438e-06
      ]
    }
  ],
  "class_names": [
    "car",
    "truck",
    "construction_vehicle",
    "bus",
    "trailer",
    "barrier",
    "motorcycle",
    "bicycle",
    "pedestrian",
    "traffic_cone"
  ],
  "raw_prediction_count": 200,
  "filtered_prediction_count": 5
}