{
  "frame": 2205,
  "timestamp": 34.29063231498003,
  "sample_name": "sample_000028",
  "ego": {
    "frame_id": 2205,
    "timestamp": 34.29063231498003,
    "sample_name": "sample_000028",
    "town": "Carla/Maps/Town10HD_Opt",
    "weather": {
      "cloudiness": 20.0,
      "dust_storm": 0.0,
      "fog_density": 2.0,
      "fog_distance": 0.75,
      "fog_falloff": 0.10000000149011612,
      "mie_scattering_scale": 0.029999999329447746,
      "precipitation": 0.0,
      "precipitation_deposits": 0.0,
      "rayleigh_scattering_scale": 0.03310000151395798,
      "scattering_intensity": 1.0,
      "sun_altitude_angle": 45.0,
      "sun_azimuth_angle": 300.0,
      "wetness": 0.0,
      "wind_intensity": 10.0
    },
    "position_world": [
      -53.52241516113281,
      -20.844179153442383,
      -0.004255218431353569
    ],
    "velocity_world": [
      6.4478654861450195,
      4.5759429931640625,
      0.00022089004050940275
    ],
    "speed_mps": 7.9065936820415805,
    "yaw_deg": -32.98833084106445,
    "route_progress_m": 7.3427124885748,
    "world_from_ego_bevfusion": [
      [
        0.8387813568115234,
        -0.5443312525749207,
        0.012219869531691074,
        -53.52241516113281
      ],
      [
        0.5444681644439697,
        0.8385893702507019,
        -0.017951952293515205,
        -20.844179153442383
      ],
      [
        -0.0004756449779961258,
        0.021711094304919243,
        0.9997641444206238,
        -0.004255218431353569
      ],
      [
        0.0,
        0.0,
        0.0,
        1.0
      ]
    ],
    "position_world_carla": [
      -53.52241516113281,
      20.844179153442383,
      -0.004255218431353569
    ]
  },
  "scene": {
    "active_object_count": 1,
    "front_free_space_m": null,
    "left_side_occupancy": 0.0,
    "right_side_occupancy": 0.0,
    "rear_gap_m": null,
    "nearest_front_vehicle": null,
    "nearest_vru": null,
    "nearest_any_object": {
      "track_id": 4,
      "class": "car",
      "distance_m": 43.07629445985653,
      "bearing_deg": -18.0162869101753,
      "position_ego": [
        40.964205013857786,
        -13.32295207433002,
        -0.84375
      ],
      "velocity_ego": [
        -7.990018691499389,
        -11.067982465207706
      ],
      "risk_level": "low",
      "risk_score": 0.15000000000000002
    },
    "abnormal_flags": [],
    "lane_scene": {
      "current_lane_blocked": false,
      "front_object_in_current_lane": null,
      "front_object_count_current_lane": 0,
      "left_lane_occupancy_count": 0,
      "right_lane_occupancy_count": 0,
      "left_lane_available": false,
      "right_lane_available": false,
      "junction_active": true,
      "junction_ahead": true
    }
  },
  "risk_summary": {
    "highest_risk_level": "low",
    "highest_risk_score": 0.15000000000000002,
    "urgent_track_ids": [],
    "front_hazard_track_id": null,
    "nearest_front_vehicle_distance_m": 43.07629445985653,
    "nearest_vru_distance_m": null,
    "minimum_ttc_seconds": 5.126922300875185,
    "flags": []
  },
  "decision_context": {
    "recommended_maneuvers": [
      "keep_lane"
    ],
    "hard_constraints": [],
    "soft_constraints": [
      "prefer_keep_lane"
    ],
    "stage2_decision_intent": {
      "frame_id": 2205,
      "timestamp": 34.29063231498003,
      "maneuver": "keep_lane",
      "target_speed_mps": 8.0,
      "lane_preference": "keep_current",
      "constraints": [],
      "confidence": 0.6,
      "reasoning_tags": [
        "cruise"
      ]
    },
    "maneuver_validation_preview": {
      "frame_id": 2205,
      "requested_intent": {
        "frame_id": 2205,
        "timestamp": 34.29063231498003,
        "maneuver": "keep_lane",
        "target_speed_mps": 8.0,
        "lane_preference": "keep_current",
        "constraints": [],
        "confidence": 0.6,
        "reasoning_tags": [
          "cruise"
        ]
      },
      "valid_maneuvers": [
        "keep_lane",
        "slow_down"
      ],
      "invalid_maneuvers": [
        {
          "maneuver": "follow",
          "reason": "no_front_object_in_current_lane"
        },
        {
          "maneuver": "stop",
          "reason": "no_immediate_stop_condition"
        },
        {
          "maneuver": "yield",
          "reason": "no_vru_yield_condition"
        },
        {
          "maneuver": "lane_change_left",
          "reason": "no_left_lane"
        },
        {
          "maneuver": "lane_change_right",
          "reason": "no_right_lane"
        }
      ],
      "selected_behavior": "keep_lane",
      "selected_maneuver": "keep_lane",
      "lane_change_permission": {
        "left": false,
        "right": false,
        "left_reason": "no_left_lane",
        "right_reason": "no_right_lane"
      },
      "reasoning_tags": []
    }
  },
  "lane_context": {
    "frame_id": 2205,
    "sample_name": "sample_000028",
    "current_lane": {
      "exists": true,
      "role": "current_lane",
      "road_id": 296,
      "section_id": 0,
      "lane_id": -1,
      "lane_width_m": 3.5,
      "lane_type": "Driving",
      "lane_change": "NONE",
      "same_direction_as_ego": true,
      "transform_carla": {
        "location": {
          "x": -53.35354995727539,
          "y": 21.048160552978516,
          "z": 0.0
        },
        "rotation": {
          "roll": 0.0,
          "pitch": 0.0,
          "yaw": -35.874637603759766
        }
      },
      "transform_bevfusion_world": {
        "location": {
          "x": -53.35354995727539,
          "y": -21.048160552978516,
          "z": 0.0
        },
        "rotation": {
          "roll": 0.0,
          "pitch": 0.0,
          "yaw": -35.874637603759766
        }
      },
      "lane_change_allowed_from_current": false
    },
    "left_lane": {
      "exists": false,
      "role": "left_lane",
      "road_id": null,
      "section_id": null,
      "lane_id": null,
      "lane_width_m": null,
      "lane_type": null,
      "lane_change": null,
      "same_direction_as_ego": false,
      "transform_carla": null,
      "transform_bevfusion_world": null,
      "lane_change_allowed_from_current": false
    },
    "right_lane": {
      "exists": false,
      "role": "right_lane",
      "road_id": null,
      "section_id": null,
      "lane_id": null,
      "lane_width_m": null,
      "lane_type": null,
      "lane_change": null,
      "same_direction_as_ego": false,
      "transform_carla": null,
      "transform_bevfusion_world": null,
      "lane_change_allowed_from_current": false
    },
    "forward_corridor": {
      "horizon_m": 60.0,
      "sample_step_m": 5.0,
      "chain": [
        {
          "distance_m": 0.0,
          "road_id": 296,
          "section_id": 0,
          "lane_id": -1,
          "is_junction": true,
          "yaw_deg": -35.874637603759766,
          "position_carla": {
            "x": -53.35354995727539,
            "y": 21.048160552978516,
            "z": 0.0
          },
          "position_bevfusion_world": {
            "x": -53.35354995727539,
            "y": -21.048160552978516,
            "z": 0.0
          }
        },
        {
          "distance_m": 5.0,
          "road_id": 296,
          "section_id": 0,
          "lane_id": -1,
          "is_junction": true,
          "yaw_deg": -47.52093505859375,
          "position_carla": {
            "x": -49.4207649230957,
            "y": 17.42447280883789,
            "z": 0.0
          },
          "position_bevfusion_world": {
            "x": -49.4207649230957,
            "y": -17.42447280883789,
            "z": 0.0
          }
        },
        {
          "distance_m": 10.0,
          "road_id": 296,
          "section_id": 0,
          "lane_id": -1,
          "is_junction": true,
          "yaw_deg": -67.9874267578125,
          "position_carla": {
            "x": -46.435401916503906,
            "y": 12.692191123962402,
            "z": 0.0
          },