{
  "frame": 3951,
  "timestamp": 42.23108659312129,
  "sample_name": "sample_000031",
  "ego": {
    "frame_id": 3951,
    "timestamp": 42.23108659312129,
    "sample_name": "sample_000031",
    "town": "Carla/Maps/Town10HD_Opt",
    "weather": {
      "cloudiness": 20.0,
      "dust_storm": 0.0,
      "fog_density": 2.0,
      "fog_distance": 0.75,
      "fog_falloff": 0.10000000149011612,
      "mie_scattering_scale": 0.029999999329447746,
      "precipitation": 0.0,
      "precipitation_deposits": 0.0,
      "rayleigh_scattering_scale": 0.03310000151395798,
      "scattering_intensity": 1.0,
      "sun_altitude_angle": 45.0,
      "sun_azimuth_angle": 300.0,
      "wetness": 0.0,
      "wind_intensity": 10.0
    },
    "position_world": [
      108.11178588867188,
      34.883216857910156,
      -0.006008453201502562
    ],
    "velocity_world": [
      -0.9824045300483704,
      3.2124710083007812,
      -8.405685366597027e-05
    ],
    "speed_mps": 3.3593286006132463,
    "yaw_deg": -105.18594360351562,
    "route_progress_m": 13.903427631496966,
    "world_from_ego_bevfusion": [
      [
        -0.2619457542896271,
        -0.9650769233703613,
        0.0033269452396780252,
        108.11178588867188
      ],
      [
        0.9650562405586243,
        -0.26196253299713135,
        -0.006493426859378815,
        34.883216857910156
      ],
      [
        0.007138191256672144,
        0.0015097635332494974,
        0.9999734163284302,
        -0.006008453201502562
      ],
      [
        0.0,
        0.0,
        0.0,
        1.0
      ]
    ],
    "position_world_carla": [
      108.11178588867188,
      -34.883216857910156,
      -0.006008453201502562
    ]
  },
  "scene": {
    "active_object_count": 2,
    "front_free_space_m": 9.755860172886388,
    "left_side_occupancy": 0.006582158839803176,
    "right_side_occupancy": 0.0,
    "rear_gap_m": null,
    "nearest_front_vehicle": {
      "track_id": 1,
      "class": "car",
      "distance_m": 10.887671927886707,
      "bearing_deg": 5.427001367577753,
      "position_ego": [
        10.838867985386388,
        1.029728510170643,
        -1.6025390625
      ],
      "velocity_ego": [
        -1.457874255595376,
        -0.5362964217842453
      ],
      "risk_level": "high",
      "risk_score": 0.6183424605408497
    },
    "nearest_vru": null,
    "nearest_any_object": {
      "track_id": 1,
      "class": "car",
      "distance_m": 10.887671927886707,
      "bearing_deg": 5.427001367577753,
      "position_ego": [
        10.838867985386388,
        1.029728510170643,
        -1.6025390625
      ],
      "velocity_ego": [
        -1.457874255595376,
        -0.5362964217842453
      ],
      "risk_level": "high",
      "risk_score": 0.6183424605408497
    },
    "abnormal_flags": [
      "high_risk_scene"
    ],
    "lane_scene": {
      "current_lane_blocked": false,
      "front_object_in_current_lane": null,
      "front_object_count_current_lane": 0,
      "left_lane_occupancy_count": 0,
      "right_lane_occupancy_count": 0,
      "left_lane_available": true,
      "right_lane_available": false,
      "junction_active": false,
      "junction_ahead": false
    }
  },
  "risk_summary": {
    "highest_risk_level": "high",
    "highest_risk_score": 0.6183424605408497,
    "urgent_track_ids": [
      1
    ],
    "front_hazard_track_id": 1,
    "nearest_front_vehicle_distance_m": 10.887671927886707,
    "nearest_vru_distance_m": null,
    "minimum_ttc_seconds": 7.434707035799834,
    "flags": [
      "hazard_present"
    ]
  },
  "decision_context": {
    "recommended_maneuvers": [
      "keep_lane"
    ],
    "hard_constraints": [],
    "soft_constraints": [
      "prefer_keep_lane"
    ],
    "stage2_decision_intent": {
      "frame_id": 3951,
      "timestamp": 42.23108659312129,
      "maneuver": "slow_down",
      "target_speed_mps": 2.3515300204292724,
      "lane_preference": "keep_current",
      "constraints": [],
      "confidence": 0.7,
      "reasoning_tags": [
        "front_vehicle_present",
        "reduce_speed"
      ]
    },
    "maneuver_validation_preview": {
      "frame_id": 3951,
      "requested_intent": {
        "frame_id": 3951,
        "timestamp": 42.23108659312129,
        "maneuver": "slow_down",
        "target_speed_mps": 2.3515300204292724,
        "lane_preference": "keep_current",
        "constraints": [],
        "confidence": 0.7,
        "reasoning_tags": [
          "front_vehicle_present",
          "reduce_speed"
        ]
      },
      "valid_maneuvers": [
        "keep_lane",
        "slow_down",
        "stop",
        "lane_change_left"
      ],
      "invalid_maneuvers": [
        {
          "maneuver": "follow",
          "reason": "no_front_object_in_current_lane"
        },
        {
          "maneuver": "yield",
          "reason": "no_vru_yield_condition"
        },
        {
          "maneuver": "lane_change_right",
          "reason": "no_right_lane"
        }
      ],
      "selected_behavior": "slow_down",
      "selected_maneuver": "slow_down",
      "lane_change_permission": {
        "left": true,
        "right": false,
        "left_reason": null,
        "right_reason": "no_right_lane"
      },
      "reasoning_tags": []
    }
  },
  "lane_context": {
    "frame_id": 3951,
    "sample_name": "sample_000031",
    "current_lane": {
      "exists": true,
      "role": "current_lane",
      "road_id": 10,
      "section_id": 0,
      "lane_id": -2,
      "lane_width_m": 3.5,
      "lane_type": "Driving",
      "lane_change": "Left",
      "same_direction_as_ego": true,
      "transform_carla": {
        "location": {
          "x": 108.3817367553711,
          "y": -35.11776351928711,
          "z": 0.0
        },
        "rotation": {
          "roll": 0.0,
          "pitch": 0.0,
          "yaw": -105.39497375488281
        }
      },
      "transform_bevfusion_world": {
        "location": {
          "x": 108.3817367553711,
          "y": 35.11776351928711,
          "z": 0.0
        },
        "rotation": {
          "roll": 0.0,
          "pitch": 0.0,
          "yaw": -105.39497375488281
        }
      },
      "lane_change_allowed_from_current": false
    },
    "left_lane": {
      "exists": true,
      "role": "left_lane",
      "road_id": 10,
      "section_id": 0,
      "lane_id": -1,
      "lane_width_m": 3.5,
      "lane_type": "Driving",
      "lane_change": "Right",
      "same_direction_as_ego": true,
      "transform_carla": {
        "location": {
          "x": 105.00732421875,
          "y": -34.18861389160156,
          "z": 0.0
        },
        "rotation": {
          "roll": 0.0,
          "pitch": 0.0,
          "yaw": -105.39497375488281
        }
      },
      "transform_bevfusion_world": {
        "location": {
          "x": 105.00732421875,
          "y": 34.18861389160156,
          "z": 0.0
        },
        "rotation": {
          "roll": 0.0,
          "pitch": 0.0,
          "yaw": -105.39497375488281
        }
      },
      "lane_change_allowed_from_current": true
    },
    "right_lane": {
      "exists": false,
      "role": "right_lane",
      "road_id": null,
      "section_id": null,
      "lane_id": null,
      "lane_width_m": null,
      "lane_type": null,
      "lane_change": null,
      "same_direction_as_ego": false,
      "transform_carla": null,
      "transform_bevfusion_world": null,
      "lane_change_allowed_from_current": false
    },
    "forward_corridor": {
      "horizon_m": 60.0,
      "sample_step_m": 5.0,
      "chain": [
        {
          "distance_m": 0.0,
          "road_id": 10,
          "section_id": 0,
          "lane_id": -2,
          "is_junction": false,
          "yaw_deg": -105.39497375488281,
          "position_carla": {
            "x": 108.3817367553711,
            "y": -35.11776351928711,
            "z": 0.0
          },
          "position_bevfusion_world": {
            "x": 108.3817367553711,
            "y": 35.11776351928711,