{
  "sample_name": "sample_000011",
  "sequence_index": 11,
  "frame_id": 3931,
  "timestamp": 40.23108656331897,
  "prediction_variant": "single",
  "source_sample_dir": "D:\\Agent-AI\\outputs\\s3a_left_v3\\sample_000011",
  "source_prediction_dir": "D:\\Agent-AI\\outputs\\live_watch_compare_multilane\\lw_left_positive_v1\\inference\\sample_000011",
  "ego": {
    "frame_id": 3931,
    "timestamp": 40.23108656331897,
    "sample_name": "sample_000011",
    "town": "Carla/Maps/Town10HD_Opt",
    "weather": {
      "cloudiness": 20.0,
      "dust_storm": 0.0,
      "fog_density": 2.0,
      "fog_distance": 0.75,
      "fog_falloff": 0.10000000149011612,
      "mie_scattering_scale": 0.029999999329447746,
      "precipitation": 0.0,
      "precipitation_deposits": 0.0,
      "rayleigh_scattering_scale": 0.03310000151395798,
      "scattering_intensity": 1.0,
      "sun_altitude_angle": 45.0,
      "sun_azimuth_angle": 300.0,
      "wetness": 0.0,
      "wind_intensity": 10.0
    },
    "position_world": [
      109.6842041015625,
      25.714384078979492,
      -0.006501960568130016
    ],
    "velocity_world": [
      -0.5273474454879761,
      7.634118556976318,
      -0.00021155357535462826
    ],
    "speed_mps": 7.652310861105147,
    "yaw_deg": -93.56314849853516,
    "route_progress_m": 4.582972045287506,
    "world_from_ego_bevfusion": [
      [
        -0.06214528903365135,
        -0.9980634450912476,
        0.0027013937942683697,
        109.6842041015625
      ],
      [
        0.9980138540267944,
        -0.06216970458626747,
        -0.010161723010241985,
        25.714384078979492
      ],
      [
        0.01030998956412077,
        0.002064525382593274,
        0.9999446868896484,
        -0.006501960568130016
      ],
      [
        0.0,
        0.0,
        0.0,
        1.0
      ]
    ]
  },
  "detections": [
    {
      "detection_id": "sample_000011_det_0000",
      "class_id": 0,
      "class_name": "car",
      "class_group": "vehicle",
      "score": 0.66552734375,
      "position_ego": [
        19.56145477294922,
        4.183597564697266,
        -1.6318359375
      ],
      "size_xyz": [
        2.150390625,
        4.87109375,
        1.8486328125
      ],
      "yaw_rad": -2.025390625,
      "velocity_ego": [
        -6.616115570068359e-06,
        -2.2649765014648438e-06
      ],
      "speed_mps": 6.9930754170600005e-06,
      "distance_m": 20.003824669734502,
      "bearing_deg": 12.071952003330107,
      "source_confidence": 0.66552734375,
      "raw_box_9d": [
        19.56145477294922,
        4.183597564697266,
        -1.6318359375,
        2.150390625,
        4.87109375,
        1.8486328125,
        -2.025390625,
        -6.616115570068359e-06,
        -2.2649765014648438e-06
      ]
    },
    {
      "detection_id": "sample_000011_det_0001",
      "class_id": 0,
      "class_name": "car",
      "class_group": "vehicle",
      "score": 0.427490234375,
      "position_ego": [
        32.686370849609375,
        19.19780731201172,
        -1.685546875
      ],
      "size_xyz": [
        2.193359375,
        4.98046875,
        1.833984375
      ],
      "yaw_rad": 0.6796875,
      "velocity_ego": [
        -6.616115570068359e-06,
        -2.2649765014648438e-06
      ],
      "speed_mps": 6.9930754170600005e-06,
      "distance_m": 37.90718460803076,
      "bearing_deg": 30.427152069091623,
      "source_confidence": 0.427490234375,
      "raw_box_9d": [
        32.686370849609375,
        19.19780731201172,
        -1.685546875,
        2.193359375,
        4.98046875,
        1.833984375,
        0.6796875,
        -6.616115570068359e-06,
        -2.2649765014648438e-06
      ]
    }
  ],
  "class_names": [
    "car",
    "truck",
    "construction_vehicle",
    "bus",
    "trailer",
    "barrier",
    "motorcycle",
    "bicycle",
    "pedestrian",
    "traffic_cone"
  ],
  "raw_prediction_count": 200,
  "filtered_prediction_count": 2
}