{
  "active_object_count": 3,
  "front_free_space_m": null,
  "left_side_occupancy": 0.3272161308402006,
  "right_side_occupancy": 0.05168891063003045,
  "rear_gap_m": null,
  "nearest_front_vehicle": null,
  "nearest_vru": null,
  "nearest_any_object": {
    "track_id": 1,
    "class": "car",
    "distance_m": 20.18351607479398,
    "bearing_deg": 12.03504249280048,
    "position_ego": [
      19.739887590286145,
      4.2084627911309855,
      -1.6318359375
    ],
    "velocity_ego": [
      -4.219706492811573,
      -0.8955989055587102
    ],
    "risk_level": "medium",
    "risk_score": 0.3986236294390451
  },
  "abnormal_flags": []
}