{
  "active_object_count": 4,
  "front_free_space_m": 5.374990603888424,
  "left_side_occupancy": 0.12259704731208054,
  "right_side_occupancy": 0.7728806348095659,
  "rear_gap_m": null,
  "nearest_front_vehicle": {
    "track_id": 1,
    "class": "car",
    "distance_m": 6.447144313141889,
    "bearing_deg": 1.9658167425352149,
    "position_ego": [
      6.443349978888424,
      0.22115796172949242,
      -1.44921875
    ],
    "velocity_ego": [
      0.1201207830910659,
      -0.01182250732145031
    ],
    "risk_level": "high",
    "risk_score": 0.6516464176514358
  },
  "nearest_vru": null,
  "nearest_any_object": {
    "track_id": 1,
    "class": "car",
    "distance_m": 6.447144313141889,
    "bearing_deg": 1.9658167425352149,
    "position_ego": [
      6.443349978888424,
      0.22115796172949242,
      -1.44921875
    ],
    "velocity_ego": [
      0.1201207830910659,
      -0.01182250732145031
    ],
    "risk_level": "high",
    "risk_score": 0.6516464176514358
  },
  "abnormal_flags": [
    "front_blocked",
    "high_risk_scene"
  ]
}