{
  "active_object_count": 6,
  "front_free_space_m": 15.806374084317383,
  "left_side_occupancy": 0.4400297469390604,
  "right_side_occupancy": 0.00037844222378424774,
  "rear_gap_m": null,
  "nearest_front_vehicle": {
    "track_id": 2,
    "class": "car",
    "distance_m": 16.862495242628412,
    "bearing_deg": -0.42187259256459725,
    "position_ego": [
      16.862038146817383,
      -0.12415853954205781,
      -1.5849609375
    ],
    "velocity_ego": [
      -4.819791604791423,
      -1.8331111145784327
    ],
    "risk_level": "high",
    "risk_score": 0.673531285680287
  },
  "nearest_vru": null,
  "nearest_any_object": {
    "track_id": 1,
    "class": "car",
    "distance_m": 16.79910759182819,
    "bearing_deg": 11.35596340079844,
    "position_ego": [
      16.470228124068317,
      3.3078091575797686,
      -1.55078125
    ],
    "velocity_ego": [
      -4.394117455650061,
      -1.7303206228027026
    ],
    "risk_level": "medium",
    "risk_score": 0.4240066930612885
  },
  "abnormal_flags": [
    "high_risk_scene"
  ]
}