{
  "frame": 2204,
  "timestamp": 34.24063231423497,
  "sample_name": "sample_000027",
  "ego": {
    "frame_id": 2204,
    "timestamp": 34.24063231423497,
    "sample_name": "sample_000027",
    "town": "Carla/Maps/Town10HD_Opt",
    "weather": {
      "cloudiness": 20.0,
      "dust_storm": 0.0,
      "fog_density": 2.0,
      "fog_distance": 0.75,
      "fog_falloff": 0.10000000149011612,
      "mie_scattering_scale": 0.029999999329447746,
      "precipitation": 0.0,
      "precipitation_deposits": 0.0,
      "rayleigh_scattering_scale": 0.03310000151395798,
      "scattering_intensity": 1.0,
      "sun_altitude_angle": 45.0,
      "sun_azimuth_angle": 300.0,
      "wetness": 0.0,
      "wind_intensity": 10.0
    },
    "position_world": [
      -53.84721374511719,
      -21.0659122467041,
      -0.004174461122602224
    ],
    "velocity_world": [
      6.440028667449951,
      4.439436435699463,
      7.050514250295237e-05
    ],
    "speed_mps": 7.821928477630316,
    "yaw_deg": -31.847612380981445,
    "route_progress_m": 6.94944453309703,
    "world_from_ego_bevfusion": [
      [
        0.8494542241096497,
        -0.5275076031684875,
        0.012775549665093422,
        -53.84721374511719
      ],
      [
        0.5276616811752319,
        0.8492419719696045,
        -0.019004395231604576,
        -21.0659122467041
      ],
      [
        -0.0008245704811997712,
        0.022884530946612358,
        0.9997377395629883,
        -0.004174461122602224
      ],
      [
        0.0,
        0.0,
        0.0,
        1.0
      ]
    ],
    "position_world_carla": [
      -53.84721374511719,
      21.0659122467041,
      -0.004174461122602224
    ]
  },
  "scene": {
    "active_object_count": 1,
    "front_free_space_m": null,
    "left_side_occupancy": 0.0,
    "right_side_occupancy": 0.0,
    "rear_gap_m": null,
    "nearest_front_vehicle": null,
    "nearest_vru": null,
    "nearest_any_object": {
      "track_id": 4,
      "class": "car",
      "distance_m": 43.44215840274962,
      "bearing_deg": -16.704925957644523,
      "position_ego": [
        41.608803125071454,
        -12.487138550870394,
        -0.8916015625
      ],
      "velocity_ego": [
        -7.942175981696156,
        -12.672231734551161
      ],
      "risk_level": "low",
      "risk_score": 0.15000000000000002
    },
    "abnormal_flags": [],
    "lane_scene": {
      "current_lane_blocked": false,
      "front_object_in_current_lane": null,
      "front_object_count_current_lane": 0,
      "left_lane_occupancy_count": 0,
      "right_lane_occupancy_count": 0,
      "left_lane_available": false,
      "right_lane_available": false,
      "junction_active": true,
      "junction_ahead": true
    }
  },
  "risk_summary": {
    "highest_risk_level": "low",
    "highest_risk_score": 0.15000000000000002,
    "urgent_track_ids": [],
    "front_hazard_track_id": null,
    "nearest_front_vehicle_distance_m": 43.44215840274962,
    "nearest_vru_distance_m": null,
    "minimum_ttc_seconds": 5.238967660873381,
    "flags": []
  },
  "decision_context": {
    "recommended_maneuvers": [
      "keep_lane"
    ],
    "hard_constraints": [],
    "soft_constraints": [
      "prefer_keep_lane"
    ],
    "stage2_decision_intent": {
      "frame_id": 2204,
      "timestamp": 34.24063231423497,
      "maneuver": "keep_lane",
      "target_speed_mps": 8.0,
      "lane_preference": "keep_current",
      "constraints": [],
      "confidence": 0.6,
      "reasoning_tags": [
        "cruise"
      ]
    },
    "maneuver_validation_preview": {
      "frame_id": 2204,
      "requested_intent": {
        "frame_id": 2204,
        "timestamp": 34.24063231423497,
        "maneuver": "keep_lane",
        "target_speed_mps": 8.0,
        "lane_preference": "keep_current",
        "constraints": [],
        "confidence": 0.6,
        "reasoning_tags": [
          "cruise"
        ]
      },
      "valid_maneuvers": [
        "keep_lane",
        "slow_down"
      ],
      "invalid_maneuvers": [
        {
          "maneuver": "follow",
          "reason": "no_front_object_in_current_lane"
        },
        {
          "maneuver": "stop",
          "reason": "no_immediate_stop_condition"
        },
        {
          "maneuver": "yield",
          "reason": "no_vru_yield_condition"
        },
        {
          "maneuver": "lane_change_left",
          "reason": "no_left_lane"
        },
        {
          "maneuver": "lane_change_right",
          "reason": "no_right_lane"
        }
      ],
      "selected_behavior": "keep_lane",
      "selected_maneuver": "keep_lane",
      "lane_change_permission": {
        "left": false,
        "right": false,
        "left_reason": "no_left_lane",
        "right_reason": "no_right_lane"
      },
      "reasoning_tags": []
    }
  },
  "lane_context": {
    "frame_id": 2204,
    "sample_name": "sample_000027",
    "current_lane": {
      "exists": true,
      "role": "current_lane",
      "road_id": 296,
      "section_id": 0,
      "lane_id": -1,
      "lane_width_m": 3.5,
      "lane_type": "Driving",
      "lane_change": "NONE",
      "same_direction_as_ego": true,
      "transform_carla": {
        "location": {
          "x": -53.6271858215332,
          "y": 21.242244720458984,
          "z": 0.0
        },
        "rotation": {
          "roll": 0.0,
          "pitch": 0.0,
          "yaw": -34.82014083862305
        }
      },
      "transform_bevfusion_world": {
        "location": {
          "x": -53.6271858215332,
          "y": -21.242244720458984,
          "z": 0.0
        },
        "rotation": {
          "roll": 0.0,
          "pitch": 0.0,
          "yaw": -34.82014083862305
        }
      },
      "lane_change_allowed_from_current": false
    },
    "left_lane": {
      "exists": false,
      "role": "left_lane",
      "road_id": null,
      "section_id": null,
      "lane_id": null,
      "lane_width_m": null,
      "lane_type": null,
      "lane_change": null,
      "same_direction_as_ego": false,
      "transform_carla": null,
      "transform_bevfusion_world": null,
      "lane_change_allowed_from_current": false
    },
    "right_lane": {
      "exists": false,
      "role": "right_lane",
      "road_id": null,
      "section_id": null,
      "lane_id": null,
      "lane_width_m": null,
      "lane_type": null,
      "lane_change": null,
      "same_direction_as_ego": false,
      "transform_carla": null,
      "transform_bevfusion_world": null,
      "lane_change_allowed_from_current": false
    },
    "forward_corridor": {
      "horizon_m": 60.0,
      "sample_step_m": 5.0,
      "chain": [
        {
          "distance_m": 0.0,
          "road_id": 296,
          "section_id": 0,
          "lane_id": -1,
          "is_junction": true,
          "yaw_deg": -34.82014083862305,
          "position_carla": {
            "x": -53.6271858215332,
            "y": 21.242244720458984,
            "z": 0.0
          },
          "position_bevfusion_world": {
            "x": -53.6271858215332,
            "y": -21.242244720458984,
            "z": 0.0
          }
        },
        {
          "distance_m": 5.0,
          "road_id": 296,
          "section_id": 0,
          "lane_id": -1,
          "is_junction": true,
          "yaw_deg": -46.27956008911133,
          "position_carla": {
            "x": -49.65388488769531,
            "y": 17.67359161376953,
            "z": 0.0
          },
          "position_bevfusion_world": {
            "x": -49.65388488769531,
            "y": -17.67359161376953,
            "z": 0.0
          }
        },
        {
          "distance_m": 10.0,
          "road_id": 296,
          "section_id": 0,
          "lane_id": -1,
          "is_junction": true,
          "yaw_deg": -66.74604797363281,
          "position_carla": {
            "x": -46.56669998168945,
            "y": 13.007096290588379,
            "z": 0.0
          },