{
  "sample_name": "sample_000025",
  "sequence_index": 25,
  "frame_id": 726298,
  "timestamp": 4999.694624755532,
  "prediction_variant": "single",
  "source_sample_dir": "D:\\Agent-AI\\outputs\\s3a_ml_long_v1\\sample_000025",
  "source_prediction_dir": "D:\\Agent-AI\\outputs\\live_watch_compare_multilane\\lw_s3a_ml_long_v1\\inference\\sample_000025",
  "ego": {
    "frame_id": 726298,
    "timestamp": 4999.694624755532,
    "sample_name": "sample_000025",
    "town": "Carla/Maps/Town10HD_Opt",
    "weather": {
      "cloudiness": 20.0,
      "dust_storm": 0.0,
      "fog_density": 2.0,
      "fog_distance": 0.75,
      "fog_falloff": 0.10000000149011612,
      "mie_scattering_scale": 0.029999999329447746,
      "precipitation": 0.0,
      "precipitation_deposits": 0.0,
      "rayleigh_scattering_scale": 0.03310000151395798,
      "scattering_intensity": 1.0,
      "sun_altitude_angle": 45.0,
      "sun_azimuth_angle": 300.0,
      "wetness": 0.0,
      "wind_intensity": 10.0
    },
    "position_world": [
      104.97482299804688,
      33.17340850830078,
      -0.004500617738813162
    ],
    "velocity_world": [
      -0.5642827749252319,
      1.8373903036117554,
      0.00011672973050735891
    ],
    "speed_mps": 1.9220869365118864,
    "yaw_deg": -103.27946472167969,
    "route_progress_m": 11.20060510414417,
    "world_from_ego_bevfusion": [
      [
        -0.22970086336135864,
        -0.9732592701911926,
        0.0019972987938672304,
        104.97482299804688
      ],
      [
        0.973261296749115,
        -0.22970040142536163,
        0.00046550625120289624,
        33.17340850830078
      ],
      [
        5.722045443690149e-06,
        0.0020508207380771637,
        0.9999979138374329,
        -0.004500617738813162
      ],
      [
        0.0,
        0.0,
        0.0,
        1.0
      ]
    ]
  },
  "detections": [
    {
      "detection_id": "sample_000025_det_0000",
      "class_id": 0,
      "class_name": "car",
      "class_group": "vehicle",
      "score": 0.7802734375,
      "position_ego": [
        10.654983520507812,
        -2.1688461303710938,
        -1.453125
      ],
      "size_xyz": [
        2.099609375,
        4.79296875,
        1.7880859375
      ],
      "yaw_rad": -1.7607421875,
      "velocity_ego": [
        -6.616115570068359e-06,
        -2.2649765014648438e-06
      ],
      "speed_mps": 6.9930754170600005e-06,
      "distance_m": 10.873480002258647,
      "bearing_deg": -11.505500362481731,
      "source_confidence": 0.7802734375,
      "raw_box_9d": [
        10.654983520507812,
        -2.1688461303710938,
        -1.453125,
        2.099609375,
        4.79296875,
        1.7880859375,
        -1.7607421875,
        -6.616115570068359e-06,
        -2.2649765014648438e-06
      ]
    },
    {
      "detection_id": "sample_000025_det_0001",
      "class_id": 0,
      "class_name": "car",
      "class_group": "vehicle",
      "score": 0.68994140625,
      "position_ego": [
        10.6300048828125,
        1.2834968566894531,
        -1.451171875
      ],
      "size_xyz": [
        2.125,
        4.8359375,
        1.79296875
      ],
      "yaw_rad": -1.791015625,
      "velocity_ego": [
        -6.616115570068359e-06,
        -2.2649765014648438e-06
      ],
      "speed_mps": 6.9930754170600005e-06,
      "distance_m": 10.707211027608885,
      "bearing_deg": 6.884726480049247,
      "source_confidence": 0.68994140625,
      "raw_box_9d": [
        10.6300048828125,
        1.2834968566894531,
        -1.451171875,
        2.125,
        4.8359375,
        1.79296875,
        -1.791015625,
        -6.616115570068359e-06,
        -2.2649765014648438e-06
      ]
    },
    {
      "detection_id": "sample_000025_det_0003",
      "class_id": 0,
      "class_name": "car",
      "class_group": "vehicle",
      "score": 0.50390625,
      "position_ego": [
        29.228248596191406,
        7.720020294189453,
        -1.419921875
      ],
      "size_xyz": [
        2.12890625,
        4.796875,
        1.8115234375
      ],
      "yaw_rad": 0.79931640625,
      "velocity_ego": [
        -6.616115570068359e-06,
        -2.2649765014648438e-06
      ],
      "speed_mps": 6.9930754170600005e-06,
      "distance_m": 30.23060087632169,
      "bearing_deg": 14.795572724149892,
      "source_confidence": 0.50390625,
      "raw_box_9d": [
        29.228248596191406,
        7.720020294189453,
        -1.419921875,
        2.12890625,
        4.796875,
        1.8115234375,
        0.79931640625,
        -6.616115570068359e-06,
        -2.2649765014648438e-06
      ]
    },
    {
      "detection_id": "sample_000025_det_0002",
      "class_id": 0,
      "class_name": "car",
      "class_group": "vehicle",
      "score": 0.4853515625,
      "position_ego": [
        37.61470031738281,
        25.564895629882812,
        -1.0810546875
      ],
      "size_xyz": [
        2.169921875,
        5.0546875,
        1.84375
      ],
      "yaw_rad": 0.32958984375,
      "velocity_ego": [
        -0.034912109375,
        -0.310546875
      ],
      "speed_mps": 0.31250314710939725,
      "distance_m": 45.47999085898457,
      "bearing_deg": 34.202054418875115,
      "source_confidence": 0.4853515625,
      "raw_box_9d": [
        37.61470031738281,
        25.564895629882812,
        -1.0810546875,
        2.169921875,
        5.0546875,
        1.84375,
        0.32958984375,
        -0.034912109375,
        -0.310546875
      ]
    },
    {
      "detection_id": "sample_000025_det_0004",
      "class_id": 0,
      "class_name": "car",
      "class_group": "vehicle",
      "score": 0.1043701171875,
      "position_ego": [
        29.429298400878906,
        -6.1735076904296875,
        -1.271484375
      ],
      "size_xyz": [
        2.169921875,
        4.828125,
        1.892578125
      ],
      "yaw_rad": 1.361328125,
      "velocity_ego": [
        -6.616115570068359e-06,
        -2.2649765014648438e-06
      ],
      "speed_mps": 6.9930754170600005e-06,
      "distance_m": 30.06984871215298,
      "bearing_deg": -11.847387913870342,
      "source_confidence": 0.1043701171875,
      "raw_box_9d": [
        29.429298400878906,
        -6.1735076904296875,
        -1.271484375,
        2.169921875,
        4.828125,
        1.892578125,
        1.361328125,
        -6.616115570068359e-06,
        -2.2649765014648438e-06
      ]
    }
  ],
  "class_names": [
    "car",
    "truck",
    "construction_vehicle",
    "bus",
    "trailer",
    "barrier",
    "motorcycle",
    "bicycle",
    "pedestrian",
    "traffic_cone"
  ],
  "raw_prediction_count": 200,
  "filtered_prediction_count": 5
}