{
  "active_object_count": 1,
  "front_free_space_m": null,
  "left_side_occupancy": 0.0,
  "right_side_occupancy": 0.0,
  "rear_gap_m": null,
  "nearest_front_vehicle": null,
  "nearest_vru": null,
  "nearest_any_object": {
    "track_id": 1,
    "class": "car",
    "distance_m": 52.05220789729007,
    "bearing_deg": 4.970523894382244,
    "position_ego": [
      51.85646057128906,
      4.509971618652344,
      -1.48828125
    ],
    "velocity_ego": [
      -6.616115570068359e-06,
      -2.2649765014648438e-06
    ],
    "risk_level": "low",
    "risk_score": 0.15000000000000002
  },
  "abnormal_flags": []
}