{
  "sample_name": "sample_000012",
  "sequence_index": 12,
  "frame_id": 2189,
  "timestamp": 33.4906323030591,
  "prediction_variant": "bridge_minimal",
  "source_sample_dir": "/workspace/Agent-AI/outputs/samples/sample_000012",
  "source_prediction_dir": "/workspace/Agent-AI/outputs/live_watch_compare/live_20260401_095649/inference/sample_000012/bridge_minimal",
  "ego": {
    "frame_id": 2189,
    "timestamp": 33.4906323030591,
    "sample_name": "sample_000012",
    "town": "Carla/Maps/Town10HD_Opt",
    "weather": {
      "cloudiness": 20.0,
      "dust_storm": 0.0,
      "fog_density": 2.0,
      "fog_distance": 0.75,
      "fog_falloff": 0.10000000149011612,
      "mie_scattering_scale": 0.029999999329447746,
      "precipitation": 0.0,
      "precipitation_deposits": 0.0,
      "rayleigh_scattering_scale": 0.03310000151395798,
      "scattering_intensity": 1.0,
      "sun_altitude_angle": 45.0,
      "sun_azimuth_angle": 300.0,
      "wetness": 0.0,
      "wind_intensity": 10.0
    },
    "position_world": [
      -59.24892044067383,
      -23.51900863647461,
      -0.006324462592601776
    ],
    "velocity_world": [
      6.71343469619751,
      1.9530786275863647,
      -0.0004180431133136153
    ],
    "speed_mps": 6.991760988506632,
    "yaw_deg": -13.308917045593262,
    "route_progress_m": 0.9905779787153512,
    "world_from_ego_bevfusion": [
      [
        0.9730982780456543,
        -0.2302858829498291,
        -0.006936998106539249,
        -59.24892044067383
      ],
      [
        0.23019060492515564,
        0.9730672836303711,
        -0.012336956337094307,
        -23.51900863647461
      ],
      [
        0.009591192938387394,
        0.010408240370452404,
        0.9998998045921326,
        -0.006324462592601776
      ],
      [
        0.0,
        0.0,
        0.0,
        1.0
      ]
    ]
  },
  "detections": [],
  "class_names": [
    "car",
    "truck",
    "construction_vehicle",
    "bus",
    "trailer",
    "barrier",
    "motorcycle",
    "bicycle",
    "pedestrian",
    "traffic_cone"
  ],
  "raw_prediction_count": 200,
  "filtered_prediction_count": 0
}