{
  "active_object_count": 1,
  "front_free_space_m": null,
  "left_side_occupancy": 0.0,
  "right_side_occupancy": 0.0,
  "rear_gap_m": null,
  "nearest_front_vehicle": null,
  "nearest_vru": null,
  "nearest_any_object": {
    "track_id": 1,
    "class": "car",
    "distance_m": 51.65244936480578,
    "bearing_deg": 4.041065781551552,
    "position_ego": [
      51.524030903827395,
      3.640022638015446,
      -1.6025390625
    ],
    "velocity_ego": [
      -1.4105043484196134,
      -3.691201843452451
    ],
    "risk_level": "low",
    "risk_score": 0.1275
  },
  "abnormal_flags": []
}