{
  "active_object_count": 3,
  "front_free_space_m": null,
  "left_side_occupancy": 0.3533859177185771,
  "right_side_occupancy": 0.06561481325556451,
  "rear_gap_m": null,
  "nearest_front_vehicle": null,
  "nearest_vru": null,
  "nearest_any_object": {
    "track_id": 1,
    "class": "car",
    "distance_m": 19.39842246844269,
    "bearing_deg": 11.796495161610212,
    "position_ego": [
      18.98872577142282,
      3.96573925540811,
      -1.62890625
    ],
    "velocity_ego": [
      -4.422057357280971,
      -1.24549788681006
    ],
    "risk_level": "medium",
    "risk_score": 0.40451183148667985
  },
  "abnormal_flags": []
}