{
  "active_object_count": 10,
  "front_free_space_m": 5.063116082806092,
  "left_side_occupancy": 0.03193143089155348,
  "right_side_occupancy": 0.04675532170303287,
  "rear_gap_m": 27.588911395044825,
  "nearest_front_vehicle": {
    "track_id": 2,
    "class": "car",
    "distance_m": 6.150097905968516,
    "bearing_deg": 2.2990768781714825,
    "position_ego": [
      6.145147332806092,
      0.24671544561398223,
      -1.53125
    ],
    "velocity_ego": [
      0.04787617328682461,
      0.019366275692611505
    ],
    "risk_level": "high",
    "risk_score": 0.6538742657052362
  },
  "nearest_vru": null,
  "nearest_any_object": {
    "track_id": 2,
    "class": "car",
    "distance_m": 6.150097905968516,
    "bearing_deg": 2.2990768781714825,
    "position_ego": [
      6.145147332806092,
      0.24671544561398223,
      -1.53125
    ],
    "velocity_ego": [
      0.04787617328682461,
      0.019366275692611505
    ],
    "risk_level": "high",
    "risk_score": 0.6538742657052362
  },
  "abnormal_flags": [
    "front_blocked",
    "high_risk_scene"
  ]
}