{
  "sample_name": "sample_000040",
  "sequence_index": 40,
  "frame_id": 60041,
  "timestamp": 439.0197008103132,
  "prediction_variant": "single",
  "source_sample_dir": "D:\\Agent-AI\\outputs\\s3a_ml_long_v2\\sample_000040",
  "source_prediction_dir": "D:\\Agent-AI\\outputs\\live_watch_compare_multilane\\lw_s3a_ml_long_v2\\inference\\sample_000040",
  "ego": {
    "frame_id": 60041,
    "timestamp": 439.0197008103132,
    "sample_name": "sample_000040",
    "town": "Carla/Maps/Town10HD_Opt",
    "weather": {
      "cloudiness": 20.0,
      "dust_storm": 0.0,
      "fog_density": 2.0,
      "fog_distance": 0.75,
      "fog_falloff": 0.10000000149011612,
      "mie_scattering_scale": 0.029999999329447746,
      "precipitation": 0.0,
      "precipitation_deposits": 0.0,
      "rayleigh_scattering_scale": 0.03310000151395798,
      "scattering_intensity": 1.0,
      "sun_altitude_angle": 45.0,
      "sun_azimuth_angle": 300.0,
      "wetness": 0.0,
      "wind_intensity": 10.0
    },
    "position_world": [
      97.38079833984375,
      48.6454963684082,
      -0.0045246887020766735
    ],
    "velocity_world": [
      -5.114292621612549,
      6.356655120849609,
      1.0414123607915826e-05
    ],
    "speed_mps": 8.158618347797168,
    "yaw_deg": -127.5430908203125,
    "route_progress_m": 28.567780982794876,
    "world_from_ego_bevfusion": [
      [
        -0.6093575954437256,
        -0.7928368449211121,
        0.009642582386732101,
        97.38079833984375
      ],
      [
        0.7928950190544128,
        -0.6093254089355469,
        0.006319396663457155,
        48.6454963684082
      ],
      [
        0.0008652208489365876,
        0.011496329680085182,
        0.9999335408210754,
        -0.0045246887020766735
      ],
      [
        0.0,
        0.0,
        0.0,
        1.0
      ]
    ]
  },
  "detections": [
    {
      "detection_id": "sample_000040_det_0000",
      "class_id": 0,
      "class_name": "car",
      "class_group": "vehicle",
      "score": 0.802734375,
      "position_ego": [
        -3.966869354248047,
        -3.3784408569335938,
        -1.408203125
      ],
      "size_xyz": [
        2.212890625,
        5.21875,
        1.7802734375
      ],
      "yaw_rad": -1.439453125,
      "velocity_ego": [
        -6.616115570068359e-06,
        -2.2649765014648438e-06
      ],
      "speed_mps": 6.9930754170600005e-06,
      "distance_m": 5.21055804088876,
      "bearing_deg": -139.58015030494224,
      "source_confidence": 0.802734375,
      "raw_box_9d": [
        -3.966869354248047,
        -3.3784408569335938,
        -1.408203125,
        2.212890625,
        5.21875,
        1.7802734375,
        -1.439453125,
        -6.616115570068359e-06,
        -2.2649765014648438e-06
      ]
    },
    {
      "detection_id": "sample_000040_det_0001",
      "class_id": 0,
      "class_name": "car",
      "class_group": "vehicle",
      "score": 0.60205078125,
      "position_ego": [
        28.020118713378906,
        11.339797973632812,
        -1.3974609375
      ],
      "size_xyz": [
        2.2265625,
        5.1484375,
        1.8486328125
      ],
      "yaw_rad": 0.79052734375,
      "velocity_ego": [
        -0.169921875,
        -0.1253662109375
      ],
      "speed_mps": 0.21116375268578025,
      "distance_m": 30.227769861414746,
      "bearing_deg": 22.03327755767432,
      "source_confidence": 0.60205078125,
      "raw_box_9d": [
        28.020118713378906,
        11.339797973632812,
        -1.3974609375,
        2.2265625,
        5.1484375,
        1.8486328125,
        0.79052734375,
        -0.169921875,
        -0.1253662109375
      ]
    },
    {
      "detection_id": "sample_000040_det_0002",
      "class_id": 0,
      "class_name": "car",
      "class_group": "vehicle",
      "score": 0.310546875,
      "position_ego": [
        52.38288879394531,
        31.637115478515625,
        -1.2548828125
      ],
      "size_xyz": [
        2.28125,
        5.18359375,
        1.8642578125
      ],
      "yaw_rad": 0.6728515625,
      "velocity_ego": [
        -6.616115570068359e-06,
        -2.2649765014648438e-06
      ],
      "speed_mps": 6.9930754170600005e-06,
      "distance_m": 61.19537657535718,
      "bearing_deg": 31.130253626775843,
      "source_confidence": 0.310546875,
      "raw_box_9d": [
        52.38288879394531,
        31.637115478515625,
        -1.2548828125,
        2.28125,
        5.18359375,
        1.8642578125,
        0.6728515625,
        -6.616115570068359e-06,
        -2.2649765014648438e-06
      ]
    },
    {
      "detection_id": "sample_000040_det_0003",
      "class_id": 0,
      "class_name": "car",
      "class_group": "vehicle",
      "score": 0.2303466796875,
      "position_ego": [
        49.893898010253906,
        33.26136779785156,
        -1.345703125
      ],
      "size_xyz": [
        2.30859375,
        5.25390625,
        1.931640625
      ],
      "yaw_rad": 0.677734375,
      "velocity_ego": [
        -6.616115570068359e-06,
        -2.2649765014648438e-06
      ],
      "speed_mps": 6.9930754170600005e-06,
      "distance_m": 59.9643197780278,
      "bearing_deg": 33.68908895241367,
      "source_confidence": 0.2303466796875,
      "raw_box_9d": [
        49.893898010253906,
        33.26136779785156,
        -1.345703125,
        2.30859375,
        5.25390625,
        1.931640625,
        0.677734375,
        -6.616115570068359e-06,
        -2.2649765014648438e-06
      ]
    },
    {
      "detection_id": "sample_000040_det_0004",
      "class_id": 0,
      "class_name": "car",
      "class_group": "vehicle",
      "score": 0.16796875,
      "position_ego": [
        52.763526916503906,
        42.958778381347656,
        -1.423828125
      ],
      "size_xyz": [
        2.259765625,
        5.0703125,
        1.8955078125
      ],
      "yaw_rad": 0.65478515625,
      "velocity_ego": [
        -0.0002791881561279297,
        -0.0051727294921875
      ],
      "speed_mps": 0.005180258335823462,
      "distance_m": 68.04003536658675,
      "bearing_deg": 39.151641695109944,
      "source_confidence": 0.16796875,
      "raw_box_9d": [
        52.763526916503906,
        42.958778381347656,
        -1.423828125,
        2.259765625,
        5.0703125,
        1.8955078125,
        0.65478515625,
        -0.0002791881561279297,
        -0.0051727294921875
      ]
    }
  ],
  "class_names": [
    "car",
    "truck",
    "construction_vehicle",
    "bus",
    "trailer",
    "barrier",
    "motorcycle",
    "bicycle",
    "pedestrian",
    "traffic_cone"
  ],
  "raw_prediction_count": 200,
  "filtered_prediction_count": 5
}