{
  "active_object_count": 5,
  "front_free_space_m": null,
  "left_side_occupancy": 0.0,
  "right_side_occupancy": 0.8309697412395803,
  "rear_gap_m": 3.7758051133641426,
  "nearest_front_vehicle": null,
  "nearest_vru": null,
  "nearest_any_object": {
    "track_id": 1,
    "class": "car",
    "distance_m": 5.070907762812589,
    "bearing_deg": -138.12487521487836,
    "position_ego": [
      -3.7758051133641426,
      -3.3848783264463402,
      -1.408203125
    ],
    "velocity_ego": [
      -5.368360977616207,
      0.14442981457841
    ],
    "risk_level": "low",
    "risk_score": 0.31196819177890556
  },
  "abnormal_flags": []
}