{
  "frame": 2191,
  "timestamp": 33.59063230454922,
  "sample_name": "sample_000014",
  "ego": {
    "frame_id": 2191,
    "timestamp": 33.59063230454922,
    "sample_name": "sample_000014",
    "town": "Carla/Maps/Town10HD_Opt",
    "weather": {
      "cloudiness": 20.0,
      "dust_storm": 0.0,
      "fog_density": 2.0,
      "fog_distance": 0.75,
      "fog_falloff": 0.10000000149011612,
      "mie_scattering_scale": 0.029999999329447746,
      "precipitation": 0.0,
      "precipitation_deposits": 0.0,
      "rayleigh_scattering_scale": 0.03310000151395798,
      "scattering_intensity": 1.0,
      "sun_altitude_angle": 45.0,
      "sun_azimuth_angle": 300.0,
      "wetness": 0.0,
      "wind_intensity": 10.0
    },
    "position_world": [
      -58.55111312866211,
      -23.310062408447266,
      -0.006453742738813162
    ],
    "velocity_world": [
      7.143049240112305,
      2.3893027305603027,
      -0.00031876564025878906
    ],
    "speed_mps": 7.532059485064057,
    "yaw_deg": -15.110308647155762,
    "route_progress_m": 1.719044111205486,
    "world_from_ego_bevfusion": [
      [
        0.9653762578964233,
        -0.26077908277511597,
        -0.006550147198140621,
        -58.55111312866211
      ],
      [
        0.26066485047340393,
        0.9653193950653076,
        -0.01457071304321289,
        -23.310062408447266
      ],
      [
        0.010122721083462238,
        0.012358828447759151,
        0.9998723864555359,
        -0.006453742738813162
      ],
      [
        0.0,
        0.0,
        0.0,
        1.0
      ]
    ],
    "position_world_carla": [
      -58.55111312866211,
      23.310062408447266,
      -0.006453742738813162
    ]
  },
  "scene": {
    "active_object_count": 1,
    "front_free_space_m": null,
    "left_side_occupancy": 0.0,
    "right_side_occupancy": 0.14855780483560932,
    "rear_gap_m": 7.185488891610191,
    "nearest_front_vehicle": null,
    "nearest_vru": null,
    "nearest_any_object": {
      "track_id": 2,
      "class": "car",
      "distance_m": 25.54326585493172,
      "bearing_deg": -106.3382012743065,
      "position_ego": [
        -7.185488891610191,
        -24.51177635187355,
        -0.6533203125
      ],
      "velocity_ego": [
        -0.0115814208984375,
        0.07403564453125
      ],
      "risk_level": "low",
      "risk_score": 0.13466168017481028
    },
    "abnormal_flags": [],
    "lane_scene": {
      "current_lane_blocked": false,
      "front_object_in_current_lane": null,
      "front_object_count_current_lane": 0,
      "left_lane_occupancy_count": 0,
      "right_lane_occupancy_count": 0,
      "left_lane_available": false,
      "right_lane_available": false,
      "junction_active": true,
      "junction_ahead": true
    }
  },
  "risk_summary": {
    "highest_risk_level": "low",
    "highest_risk_score": 0.13466168017481028,
    "urgent_track_ids": [],
    "front_hazard_track_id": null,
    "nearest_front_vehicle_distance_m": null,
    "nearest_vru_distance_m": null,
    "minimum_ttc_seconds": null,
    "flags": []
  },
  "decision_context": {
    "recommended_maneuvers": [
      "keep_lane"
    ],
    "hard_constraints": [],
    "soft_constraints": [
      "prefer_keep_lane"
    ],
    "stage2_decision_intent": {
      "frame_id": 2191,
      "timestamp": 33.59063230454922,
      "maneuver": "keep_lane",
      "target_speed_mps": 8.0,
      "lane_preference": "keep_current",
      "constraints": [],
      "confidence": 0.6,
      "reasoning_tags": [
        "cruise"
      ]
    },
    "maneuver_validation_preview": {
      "frame_id": 2191,
      "requested_intent": {
        "frame_id": 2191,
        "timestamp": 33.59063230454922,
        "maneuver": "keep_lane",
        "target_speed_mps": 8.0,
        "lane_preference": "keep_current",
        "constraints": [],
        "confidence": 0.6,
        "reasoning_tags": [
          "cruise"
        ]
      },
      "valid_maneuvers": [
        "keep_lane",
        "slow_down"
      ],
      "invalid_maneuvers": [
        {
          "maneuver": "follow",
          "reason": "no_front_object_in_current_lane"
        },
        {
          "maneuver": "stop",
          "reason": "no_immediate_stop_condition"
        },
        {
          "maneuver": "yield",
          "reason": "no_vru_yield_condition"
        },
        {
          "maneuver": "lane_change_left",
          "reason": "no_left_lane"
        },
        {
          "maneuver": "lane_change_right",
          "reason": "no_right_lane"
        }
      ],
      "selected_behavior": "keep_lane",
      "selected_maneuver": "keep_lane",
      "lane_change_permission": {
        "left": false,
        "right": false,
        "left_reason": "no_left_lane",
        "right_reason": "no_right_lane"
      },
      "reasoning_tags": []
    }
  },
  "lane_context": {
    "frame_id": 2191,
    "sample_name": "sample_000014",
    "current_lane": {
      "exists": true,
      "role": "current_lane",
      "road_id": 296,
      "section_id": 0,
      "lane_id": -1,
      "lane_width_m": 3.5,
      "lane_type": "Driving",
      "lane_change": "NONE",
      "same_direction_as_ego": true,
      "transform_carla": {
        "location": {
          "x": -58.36332321166992,
          "y": 23.601032257080078,
          "z": 0.0
        },
        "rotation": {
          "roll": 0.0,
          "pitch": 0.0,
          "yaw": -18.13018798828125
        }
      },
      "transform_bevfusion_world": {
        "location": {
          "x": -58.36332321166992,
          "y": -23.601032257080078,
          "z": 0.0
        },
        "rotation": {
          "roll": 0.0,
          "pitch": 0.0,
          "yaw": -18.13018798828125
        }
      },
      "lane_change_allowed_from_current": false
    },
    "left_lane": {
      "exists": false,
      "role": "left_lane",
      "road_id": null,
      "section_id": null,
      "lane_id": null,
      "lane_width_m": null,
      "lane_type": null,
      "lane_change": null,
      "same_direction_as_ego": false,
      "transform_carla": null,
      "transform_bevfusion_world": null,
      "lane_change_allowed_from_current": false
    },
    "right_lane": {
      "exists": false,
      "role": "right_lane",
      "road_id": null,
      "section_id": null,
      "lane_id": null,
      "lane_width_m": null,
      "lane_type": null,
      "lane_change": null,
      "same_direction_as_ego": false,
      "transform_carla": null,
      "transform_bevfusion_world": null,
      "lane_change_allowed_from_current": false
    },
    "forward_corridor": {
      "horizon_m": 60.0,
      "sample_step_m": 5.0,
      "chain": [
        {
          "distance_m": 0.0,
          "road_id": 296,
          "section_id": 0,
          "lane_id": -1,
          "is_junction": true,
          "yaw_deg": -18.13018798828125,
          "position_carla": {
            "x": -58.36332321166992,
            "y": 23.601032257080078,
            "z": 0.0
          },
          "position_bevfusion_world": {
            "x": -58.36332321166992,
            "y": -23.601032257080078,
            "z": 0.0
          }
        },
        {
          "distance_m": 5.0,
          "road_id": 296,
          "section_id": 0,
          "lane_id": -1,
          "is_junction": true,
          "yaw_deg": -35.515533447265625,
          "position_carla": {
            "x": -53.44633483886719,
            "y": 21.114822387695312,
            "z": 0.0
          },
          "position_bevfusion_world": {
            "x": -53.44633483886719,
            "y": -21.114822387695312,
            "z": 0.0
          }
        },
        {
          "distance_m": 10.0,
          "road_id": 296,
          "section_id": 0,
          "lane_id": -1,
          "is_junction": true,
          "yaw_deg": -47.09819030761719,
          "position_carla": {
            "x": -49.49954605102539,
            "y": 17.50987434387207,
            "z": 0.0
          },