{
  "frame": 2202,
  "timestamp": 34.140632312744856,
  "sample_name": "sample_000025",
  "ego": {
    "frame_id": 2202,
    "timestamp": 34.140632312744856,
    "sample_name": "sample_000025",
    "town": "Carla/Maps/Town10HD_Opt",
    "weather": {
      "cloudiness": 20.0,
      "dust_storm": 0.0,
      "fog_density": 2.0,
      "fog_distance": 0.75,
      "fog_falloff": 0.10000000149011612,
      "mie_scattering_scale": 0.029999999329447746,
      "precipitation": 0.0,
      "precipitation_deposits": 0.0,
      "rayleigh_scattering_scale": 0.03310000151395798,
      "scattering_intensity": 1.0,
      "sun_altitude_angle": 45.0,
      "sun_azimuth_angle": 300.0,
      "wetness": 0.0,
      "wind_intensity": 10.0
    },
    "position_world": [
      -54.50008010864258,
      -21.488611221313477,
      -0.00426342012360692
    ],
    "velocity_world": [
      6.569108963012695,
      4.193087100982666,
      -0.00026908874860964715
    ],
    "speed_mps": 7.79327736429095,
    "yaw_deg": -29.158170700073242,
    "route_progress_m": 6.17165311090361,
    "world_from_ego_bevfusion": [
      [
        0.8732779622077942,
        -0.4870765507221222,
        0.01191564928740263,
        -54.50008010864258
      ],
      [
        0.48722219467163086,
        0.8730314373970032,
        -0.020752733573317528,
        -21.488611221313477
      ],
      [
        -0.00029456612537615,
        0.02392847277224064,
        0.9997135996818542,
        -0.00426342012360692
      ],
      [
        0.0,
        0.0,
        0.0,
        1.0
      ]
    ],
    "position_world_carla": [
      -54.50008010864258,
      21.488611221313477,
      -0.00426342012360692
    ]
  },
  "scene": {
    "active_object_count": 1,
    "front_free_space_m": null,
    "left_side_occupancy": 0.0,
    "right_side_occupancy": 0.0,
    "rear_gap_m": null,
    "nearest_front_vehicle": null,
    "nearest_vru": null,
    "nearest_any_object": {
      "track_id": 4,
      "class": "car",
      "distance_m": 44.05835959685609,
      "bearing_deg": -13.542527855320241,
      "position_ego": [
        42.83337759771086,
        -10.317015747676411,
        -0.82275390625
      ],
      "velocity_ego": [
        -8.605527116502707,
        -13.139153100380792
      ],
      "risk_level": "low",
      "risk_score": 0.25
    },
    "abnormal_flags": [],
    "lane_scene": {
      "current_lane_blocked": false,
      "front_object_in_current_lane": null,
      "front_object_count_current_lane": 0,
      "left_lane_occupancy_count": 0,
      "right_lane_occupancy_count": 0,
      "left_lane_available": false,
      "right_lane_available": false,
      "junction_active": true,
      "junction_ahead": true
    }
  },
  "risk_summary": {
    "highest_risk_level": "low",
    "highest_risk_score": 0.25,
    "urgent_track_ids": [],
    "front_hazard_track_id": null,
    "nearest_front_vehicle_distance_m": 44.05835959685609,
    "nearest_vru_distance_m": null,
    "minimum_ttc_seconds": 4.977426370032563,
    "flags": []
  },
  "decision_context": {
    "recommended_maneuvers": [
      "keep_lane"
    ],
    "hard_constraints": [],
    "soft_constraints": [
      "prefer_keep_lane"
    ],
    "stage2_decision_intent": {
      "frame_id": 2202,
      "timestamp": 34.140632312744856,
      "maneuver": "keep_lane",
      "target_speed_mps": 8.0,
      "lane_preference": "keep_current",
      "constraints": [],
      "confidence": 0.6,
      "reasoning_tags": [
        "cruise"
      ]
    },
    "maneuver_validation_preview": {
      "frame_id": 2202,
      "requested_intent": {
        "frame_id": 2202,
        "timestamp": 34.140632312744856,
        "maneuver": "keep_lane",
        "target_speed_mps": 8.0,
        "lane_preference": "keep_current",
        "constraints": [],
        "confidence": 0.6,
        "reasoning_tags": [
          "cruise"
        ]
      },
      "valid_maneuvers": [
        "keep_lane",
        "slow_down"
      ],
      "invalid_maneuvers": [
        {
          "maneuver": "follow",
          "reason": "no_front_object_in_current_lane"
        },
        {
          "maneuver": "stop",
          "reason": "no_immediate_stop_condition"
        },
        {
          "maneuver": "yield",
          "reason": "no_vru_yield_condition"
        },
        {
          "maneuver": "lane_change_left",
          "reason": "no_left_lane"
        },
        {
          "maneuver": "lane_change_right",
          "reason": "no_right_lane"
        }
      ],
      "selected_behavior": "keep_lane",
      "selected_maneuver": "keep_lane",
      "lane_change_permission": {
        "left": false,
        "right": false,
        "left_reason": "no_left_lane",
        "right_reason": "no_right_lane"
      },
      "reasoning_tags": []
    }
  },
  "lane_context": {
    "frame_id": 2202,
    "sample_name": "sample_000025",
    "current_lane": {
      "exists": true,
      "role": "current_lane",
      "road_id": 296,
      "section_id": 0,
      "lane_id": -1,
      "lane_width_m": 3.5,
      "lane_type": "Driving",
      "lane_change": "NONE",
      "same_direction_as_ego": true,
      "transform_carla": {
        "location": {
          "x": -54.3447380065918,
          "y": 21.716609954833984,
          "z": 0.0
        },
        "rotation": {
          "roll": 0.0,
          "pitch": 0.0,
          "yaw": -32.11612319946289
        }
      },
      "transform_bevfusion_world": {
        "location": {
          "x": -54.3447380065918,
          "y": -21.716609954833984,
          "z": 0.0
        },
        "rotation": {
          "roll": 0.0,
          "pitch": 0.0,
          "yaw": -32.11612319946289
        }
      },
      "lane_change_allowed_from_current": false
    },
    "left_lane": {
      "exists": false,
      "role": "left_lane",
      "road_id": null,
      "section_id": null,
      "lane_id": null,
      "lane_width_m": null,
      "lane_type": null,
      "lane_change": null,
      "same_direction_as_ego": false,
      "transform_carla": null,
      "transform_bevfusion_world": null,
      "lane_change_allowed_from_current": false
    },
    "right_lane": {
      "exists": false,
      "role": "right_lane",
      "road_id": null,
      "section_id": null,
      "lane_id": null,
      "lane_width_m": null,
      "lane_type": null,
      "lane_change": null,
      "same_direction_as_ego": false,
      "transform_carla": null,
      "transform_bevfusion_world": null,
      "lane_change_allowed_from_current": false
    },
    "forward_corridor": {
      "horizon_m": 60.0,
      "sample_step_m": 5.0,
      "chain": [
        {
          "distance_m": 0.0,
          "road_id": 296,
          "section_id": 0,
          "lane_id": -1,
          "is_junction": true,
          "yaw_deg": -32.11612319946289,
          "position_carla": {
            "x": -54.3447380065918,
            "y": 21.716609954833984,
            "z": 0.0
          },
          "position_bevfusion_world": {
            "x": -54.3447380065918,
            "y": -21.716609954833984,
            "z": 0.0
          }
        },
        {
          "distance_m": 5.0,
          "road_id": 296,
          "section_id": 0,
          "lane_id": -1,
          "is_junction": true,
          "yaw_deg": -44.899234771728516,
          "position_carla": {
            "x": -50.231361389160156,
            "y": 18.255489349365234,
            "z": 0.0
          },
          "position_bevfusion_world": {
            "x": -50.231361389160156,
            "y": -18.255489349365234,
            "z": 0.0
          }
        },
        {
          "distance_m": 10.0,
          "road_id": 296,
          "section_id": 0,
          "lane_id": -1,
          "is_junction": true,
          "yaw_deg": -63.562801361083984,
          "position_carla": {
            "x": -46.93426513671875,
            "y": 13.800915718078613,
            "z": 0.0
          },
          "position_bevfusion_world": {
            "x": -46.93426513671875,