{
  "active_object_count": 9,
  "front_free_space_m": 5.271649481548775,
  "left_side_occupancy": 0.12834443181535216,
  "right_side_occupancy": 1.0,
  "rear_gap_m": 15.144080985272383,
  "nearest_front_vehicle": {
    "track_id": 1,
    "class": "car",
    "distance_m": 6.339505134315494,
    "bearing_deg": 2.355302735507856,
    "position_ego": [
      6.334149481548775,
      0.2605296401715031,
      -1.4130859375
    ],
    "velocity_ego": [
      0.06822931554028464,
      0.037640316824752884
    ],
    "risk_level": "high",
    "risk_score": 0.6524537114926339
  },
  "nearest_vru": null,
  "nearest_any_object": {
    "track_id": 1,
    "class": "car",
    "distance_m": 6.339505134315494,
    "bearing_deg": 2.355302735507856,
    "position_ego": [
      6.334149481548775,
      0.2605296401715031,
      -1.4130859375
    ],
    "velocity_ego": [
      0.06822931554028464,
      0.037640316824752884
    ],
    "risk_level": "high",
    "risk_score": 0.6524537114926339
  },
  "abnormal_flags": [
    "front_blocked",
    "high_risk_scene"
  ]
}