{
  "sample_name": "sample_000022",
  "sequence_index": 22,
  "frame_id": 726295,
  "timestamp": 4999.394624751061,
  "prediction_variant": "single",
  "source_sample_dir": "D:\\Agent-AI\\outputs\\s3a_ml_long_v1\\sample_000022",
  "source_prediction_dir": "D:\\Agent-AI\\outputs\\live_watch_compare_multilane\\lw_s3a_ml_long_v1\\inference\\sample_000022",
  "ego": {
    "frame_id": 726295,
    "timestamp": 4999.394624751061,
    "sample_name": "sample_000022",
    "town": "Carla/Maps/Town10HD_Opt",
    "weather": {
      "cloudiness": 20.0,
      "dust_storm": 0.0,
      "fog_density": 2.0,
      "fog_distance": 0.75,
      "fog_falloff": 0.10000000149011612,
      "mie_scattering_scale": 0.029999999329447746,
      "precipitation": 0.0,
      "precipitation_deposits": 0.0,
      "rayleigh_scattering_scale": 0.03310000151395798,
      "scattering_intensity": 1.0,
      "sun_altitude_angle": 45.0,
      "sun_azimuth_angle": 300.0,
      "wetness": 0.0,
      "wind_intensity": 10.0
    },
    "position_world": [
      105.08604431152344,
      32.74920654296875,
      -0.0017790221609175205
    ],
    "velocity_world": [
      -0.25688251852989197,
      1.0167183876037598,
      0.0010729026980698109
    ],
    "speed_mps": 1.0486687079998378,
    "yaw_deg": -102.72090911865234,
    "route_progress_m": 10.76199317153307,
    "world_from_ego_bevfusion": [
      [
        -0.2201826423406601,
        -0.9754566550254822,
        -0.001977517269551754,
        105.08604431152344
      ],
      [
        0.9753676652908325,
        -0.22018931806087494,
        0.013218220323324203,
        32.74920654296875
      ],
      [
        -0.013329229317605495,
        0.000981616321951151,
        0.9999107122421265,
        -0.0017790221609175205
      ],
      [
        0.0,
        0.0,
        0.0,
        1.0
      ]
    ]
  },
  "detections": [
    {
      "detection_id": "sample_000022_det_0000",
      "class_id": 0,
      "class_name": "car",
      "class_group": "vehicle",
      "score": 0.85595703125,
      "position_ego": [
        11.087692260742188,
        -2.0451393127441406,
        -1.2626953125
      ],
      "size_xyz": [
        2.08984375,
        4.76171875,
        1.7744140625
      ],
      "yaw_rad": -1.771484375,
      "velocity_ego": [
        -6.616115570068359e-06,
        -2.2649765014648438e-06
      ],
      "speed_mps": 6.9930754170600005e-06,
      "distance_m": 11.274729020134089,
      "bearing_deg": -10.450817640695192,
      "source_confidence": 0.85595703125,
      "raw_box_9d": [
        11.087692260742188,
        -2.0451393127441406,
        -1.2626953125,
        2.08984375,
        4.76171875,
        1.7744140625,
        -1.771484375,
        -6.616115570068359e-06,
        -2.2649765014648438e-06
      ]
    },
    {
      "detection_id": "sample_000022_det_0001",
      "class_id": 0,
      "class_name": "car",
      "class_group": "vehicle",
      "score": 0.8154296875,
      "position_ego": [
        11.065177917480469,
        1.4104270935058594,
        -1.302734375
      ],
      "size_xyz": [
        2.0859375,
        4.7109375,
        1.7958984375
      ],
      "yaw_rad": -1.8154296875,
      "velocity_ego": [
        -6.616115570068359e-06,
        -2.2649765014648438e-06
      ],
      "speed_mps": 6.9930754170600005e-06,
      "distance_m": 11.154706044158797,
      "bearing_deg": 7.264056514446525,
      "source_confidence": 0.8154296875,
      "raw_box_9d": [
        11.065177917480469,
        1.4104270935058594,
        -1.302734375,
        2.0859375,
        4.7109375,
        1.7958984375,
        -1.8154296875,
        -6.616115570068359e-06,
        -2.2649765014648438e-06
      ]
    },
    {
      "detection_id": "sample_000022_det_0002",
      "class_id": 0,
      "class_name": "car",
      "class_group": "vehicle",
      "score": 0.580078125,
      "position_ego": [
        29.892776489257812,
        8.226783752441406,
        -0.9423828125
      ],
      "size_xyz": [
        2.095703125,
        4.83203125,
        1.7802734375
      ],
      "yaw_rad": -2.30078125,
      "velocity_ego": [
        0.298583984375,
        0.2900390625
      ],
      "speed_mps": 0.41626320219439183,
      "distance_m": 31.004161932652824,
      "bearing_deg": 15.387423863683553,
      "source_confidence": 0.580078125,
      "raw_box_9d": [
        29.892776489257812,
        8.226783752441406,
        -0.9423828125,
        2.095703125,
        4.83203125,
        1.7802734375,
        -2.30078125,
        0.298583984375,
        0.2900390625
      ]
    },
    {
      "detection_id": "sample_000022_det_0003",
      "class_id": 0,
      "class_name": "car",
      "class_group": "vehicle",
      "score": 0.34765625,
      "position_ego": [
        37.742584228515625,
        26.000831604003906,
        -0.5830078125
      ],
      "size_xyz": [
        2.130859375,
        5.03515625,
        1.8193359375
      ],
      "yaw_rad": -2.263671875,
      "velocity_ego": [
        -6.616115570068359e-06,
        -2.2649765014648438e-06
      ],
      "speed_mps": 6.9930754170600005e-06,
      "distance_m": 45.83171291089135,
      "bearing_deg": 34.56292068629166,
      "source_confidence": 0.34765625,
      "raw_box_9d": [
        37.742584228515625,
        26.000831604003906,
        -0.5830078125,
        2.130859375,
        5.03515625,
        1.8193359375,
        -2.263671875,
        -6.616115570068359e-06,
        -2.2649765014648438e-06
      ]
    },
    {
      "detection_id": "sample_000022_det_0005",
      "class_id": 0,
      "class_name": "car",
      "class_group": "vehicle",
      "score": 0.161376953125,
      "position_ego": [
        23.653533935546875,
        -7.968894958496094,
        -0.8115234375
      ],
      "size_xyz": [
        2.205078125,
        5.09375,
        1.8720703125
      ],
      "yaw_rad": 0.59326171875,
      "velocity_ego": [
        -0.05712890625,
        -0.128662109375
      ],
      "speed_mps": 0.14077517649836477,
      "distance_m": 24.95982681229203,
      "bearing_deg": -18.61871321137324,
      "source_confidence": 0.161376953125,
      "raw_box_9d": [
        23.653533935546875,
        -7.968894958496094,
        -0.8115234375,
        2.205078125,
        5.09375,
        1.8720703125,
        0.59326171875,
        -0.05712890625,
        -0.128662109375
      ]
    },
    {
      "detection_id": "sample_000022_det_0004",
      "class_id": 0,
      "class_name": "car",
      "class_group": "vehicle",
      "score": 0.135009765625,
      "position_ego": [
        35.22444152832031,
        -1.6390838623046875,
        -0.60107421875
      ],
      "size_xyz": [
        2.216796875,
        5.09765625,
        1.8740234375
      ],
      "yaw_rad": 1.02734375,
      "velocity_ego": [
        -0.026519775390625,
        -0.026458740234375
      ],
      "speed_mps": 0.037461492516440584,
      "distance_m": 35.262556301120945,
      "bearing_deg": -2.664198183809614,
      "source_confidence": 0.135009765625,
      "raw_box_9d": [
        35.22444152832031,
        -1.6390838623046875,
        -0.60107421875,
        2.216796875,
        5.09765625,
        1.8740234375,
        1.02734375,
        -0.026519775390625,
        -0.026458740234375
      ]
    }
  ],
  "class_names": [
    "car",
    "truck",
    "construction_vehicle",
    "bus",
    "trailer",
    "barrier",
    "motorcycle",
    "bicycle",
    "pedestrian",
    "traffic_cone"
  ],
  "raw_prediction_count": 200,
  "filtered_prediction_count": 6
}