{
  "active_object_count": 9,
  "front_free_space_m": 10.03853000041872,
  "left_side_occupancy": 0.0,
  "right_side_occupancy": 1.0,
  "rear_gap_m": null,
  "nearest_front_vehicle": {
    "track_id": 1,
    "class": "car",
    "distance_m": 11.170972686878086,
    "bearing_deg": 7.256558618290536,
    "position_ego": [
      11.08149875041872,
      1.4110337400092632,
      -1.302734375
    ],
    "velocity_ego": [
      -0.7811452772500581,
      -0.12189528317678522
    ],
    "risk_level": "high",
    "risk_score": 0.6162177048484144
  },
  "nearest_vru": null,
  "nearest_any_object": {
    "track_id": 1,
    "class": "car",
    "distance_m": 11.170972686878086,
    "bearing_deg": 7.256558618290536,
    "position_ego": [
      11.08149875041872,
      1.4110337400092632,
      -1.302734375
    ],
    "velocity_ego": [
      -0.7811452772500581,
      -0.12189528317678522
    ],
    "risk_level": "high",
    "risk_score": 0.6162177048484144
  },
  "abnormal_flags": [
    "high_risk_scene"
  ]
}