{
  "active_object_count": 7,
  "front_free_space_m": null,
  "left_side_occupancy": 0.03851816559913013,
  "right_side_occupancy": 0.8826440498086555,
  "rear_gap_m": 5.427406275394411,
  "nearest_front_vehicle": null,
  "nearest_vru": null,
  "nearest_any_object": {
    "track_id": 1,
    "class": "car",
    "distance_m": 6.347065049783749,
    "bearing_deg": -148.77132301583168,
    "position_ego": [
      -5.427406275394411,
      -3.2906679972303117,
      -1.44140625
    ],
    "velocity_ego": [
      -5.037207523108504,
      0.3097756696057379
    ],
    "risk_level": "low",
    "risk_score": 0.30239701212662184
  },
  "abnormal_flags": []
}