{
  "active_object_count": 3,
  "front_free_space_m": 5.055611408991327,
  "left_side_occupancy": 0.0,
  "right_side_occupancy": 0.0811136688442321,
  "rear_gap_m": null,
  "nearest_front_vehicle": {
    "track_id": 2,
    "class": "car",
    "distance_m": 6.118201513415371,
    "bearing_deg": 2.3102594989856415,
    "position_ego": [
      6.113228596491327,
      0.24662904492133908,
      -1.533203125
    ],
    "velocity_ego": [
      0.00032451306961579145,
      0.0033975686692190982
    ],
    "risk_level": "high",
    "risk_score": 0.6541134886493848
  },
  "nearest_vru": null,
  "nearest_any_object": {
    "track_id": 2,
    "class": "car",
    "distance_m": 6.118201513415371,
    "bearing_deg": 2.3102594989856415,
    "position_ego": [
      6.113228596491327,
      0.24662904492133908,
      -1.533203125
    ],
    "velocity_ego": [
      0.00032451306961579145,
      0.0033975686692190982
    ],
    "risk_level": "high",
    "risk_score": 0.6541134886493848
  },
  "abnormal_flags": [
    "front_blocked",
    "high_risk_scene"
  ]
}