{
  "sample_name": "sample_000005",
  "sequence_index": 5,
  "frame_id": 726278,
  "timestamp": 4997.694624725729,
  "prediction_variant": "single",
  "source_sample_dir": "D:\\Agent-AI\\outputs\\s3a_ml_long_v1\\sample_000005",
  "source_prediction_dir": "D:\\Agent-AI\\outputs\\live_watch_compare_multilane\\lw_s3a_ml_long_v1\\inference\\sample_000005",
  "ego": {
    "frame_id": 726278,
    "timestamp": 4997.694624725729,
    "sample_name": "sample_000005",
    "town": "Carla/Maps/Town10HD_Opt",
    "weather": {
      "cloudiness": 20.0,
      "dust_storm": 0.0,
      "fog_density": 2.0,
      "fog_distance": 0.75,
      "fog_falloff": 0.10000000149011612,
      "mie_scattering_scale": 0.029999999329447746,
      "precipitation": 0.0,
      "precipitation_deposits": 0.0,
      "rayleigh_scattering_scale": 0.03310000151395798,
      "scattering_intensity": 1.0,
      "sun_altitude_angle": 45.0,
      "sun_azimuth_angle": 300.0,
      "wetness": 0.0,
      "wind_intensity": 10.0
    },
    "position_world": [
      106.35897827148438,
      23.16143798828125,
      -0.005612983368337154
    ],
    "velocity_world": [
      -0.14428433775901794,
      5.375669956207275,
      -0.0001602077390998602
    ],
    "speed_mps": 5.37760592400174,
    "yaw_deg": -91.33004760742188,
    "route_progress_m": 1.0727391632622953,
    "world_from_ego_bevfusion": [
      [
        -0.023211073130369186,
        -0.9997304677963257,
        0.000550107448361814,
        106.35897827148438
      ],
      [
        0.9997085928916931,
        -0.023214207962155342,
        -0.006620339583605528,
        23.16143798828125
      ],
      [
        0.006631325464695692,
        0.0003962819173466414,
        0.9999779462814331,
        -0.005612983368337154
      ],
      [
        0.0,
        0.0,
        0.0,
        1.0
      ]
    ]
  },
  "detections": [
    {
      "detection_id": "sample_000005_det_0000",
      "class_id": 0,
      "class_name": "car",
      "class_group": "vehicle",
      "score": 0.72900390625,
      "position_ego": [
        20.276519775390625,
        4.623195648193359,
        -1.513671875
      ],
      "size_xyz": [
        2.134765625,
        4.8046875,
        1.8232421875
      ],
      "yaw_rad": -2.046875,
      "velocity_ego": [
        -6.616115570068359e-06,
        -2.2649765014648438e-06
      ],
      "speed_mps": 6.9930754170600005e-06,
      "distance_m": 20.796903428233758,
      "bearing_deg": 12.844283447665259,
      "source_confidence": 0.72900390625,
      "raw_box_9d": [
        20.276519775390625,
        4.623195648193359,
        -1.513671875,
        2.134765625,
        4.8046875,
        1.8232421875,
        -2.046875,
        -6.616115570068359e-06,
        -2.2649765014648438e-06
      ]
    },
    {
      "detection_id": "sample_000005_det_0001",
      "class_id": 0,
      "class_name": "car",
      "class_group": "vehicle",
      "score": 0.61669921875,
      "position_ego": [
        20.896583557128906,
        1.2388191223144531,
        -1.587890625
      ],
      "size_xyz": [
        2.142578125,
        4.87890625,
        1.8056640625
      ],
      "yaw_rad": -1.98828125,
      "velocity_ego": [
        -6.616115570068359e-06,
        -2.2649765014648438e-06
      ],
      "speed_mps": 6.9930754170600005e-06,
      "distance_m": 20.933272013182318,
      "bearing_deg": 3.39271391682568,
      "source_confidence": 0.61669921875,
      "raw_box_9d": [
        20.896583557128906,
        1.2388191223144531,
        -1.587890625,
        2.142578125,
        4.87890625,
        1.8056640625,
        -1.98828125,
        -6.616115570068359e-06,
        -2.2649765014648438e-06
      ]
    },
    {
      "detection_id": "sample_000005_det_0002",
      "class_id": 0,
      "class_name": "car",
      "class_group": "vehicle",
      "score": 0.416015625,
      "position_ego": [
        41.54985809326172,
        33.93382263183594,
        -0.974609375
      ],
      "size_xyz": [
        2.171875,
        5.01953125,
        1.8681640625
      ],
      "yaw_rad": 0.1163330078125,
      "velocity_ego": [
        -0.0052032470703125,
        -0.2398681640625
      ],
      "speed_mps": 0.23992459213425607,
      "distance_m": 53.64601593761728,
      "bearing_deg": 39.23855709763036,
      "source_confidence": 0.416015625,
      "raw_box_9d": [
        41.54985809326172,
        33.93382263183594,
        -0.974609375,
        2.171875,
        5.01953125,
        1.8681640625,
        0.1163330078125,
        -0.0052032470703125,
        -0.2398681640625
      ]
    },
    {
      "detection_id": "sample_000005_det_0003",
      "class_id": 0,
      "class_name": "car",
      "class_group": "vehicle",
      "score": 0.291259765625,
      "position_ego": [
        37.42529296875,
        15.184646606445312,
        -1.548828125
      ],
      "size_xyz": [
        2.2109375,
        5.24609375,
        1.861328125
      ],
      "yaw_rad": 0.6025390625,
      "velocity_ego": [
        -0.052398681640625,
        -0.04852294921875
      ],
      "speed_mps": 0.0714149734898849,
      "distance_m": 40.38843951379403,
      "bearing_deg": 22.083978919957037,
      "source_confidence": 0.291259765625,
      "raw_box_9d": [
        37.42529296875,
        15.184646606445312,
        -1.548828125,
        2.2109375,
        5.24609375,
        1.861328125,
        0.6025390625,
        -0.052398681640625,
        -0.04852294921875
      ]
    }
  ],
  "class_names": [
    "car",
    "truck",
    "construction_vehicle",
    "bus",
    "trailer",
    "barrier",
    "motorcycle",
    "bicycle",
    "pedestrian",
    "traffic_cone"
  ],
  "raw_prediction_count": 200,
  "filtered_prediction_count": 4
}