{
  "active_object_count": 4,
  "front_free_space_m": 5.0521630782762585,
  "left_side_occupancy": 0.0,
  "right_side_occupancy": 0.0,
  "rear_gap_m": null,
  "nearest_front_vehicle": {
    "track_id": 2,
    "class": "car",
    "distance_m": 6.1156215654558,
    "bearing_deg": 2.2854715133522068,
    "position_ego": [
      6.1107568282762585,
      0.2438813595647173,
      -1.53515625
    ],
    "velocity_ego": [
      0.015080901674956484,
      0.015919084955733537
    ],
    "risk_level": "high",
    "risk_score": 0.6541328382590815
  },
  "nearest_vru": null,
  "nearest_any_object": {
    "track_id": 2,
    "class": "car",
    "distance_m": 6.1156215654558,
    "bearing_deg": 2.2854715133522068,
    "position_ego": [
      6.1107568282762585,
      0.2438813595647173,
      -1.53515625
    ],
    "velocity_ego": [
      0.015080901674956484,
      0.015919084955733537
    ],
    "risk_level": "high",
    "risk_score": 0.6541328382590815
  },
  "abnormal_flags": [
    "front_blocked",
    "high_risk_scene"
  ]
}