{
  "active_object_count": 6,
  "front_free_space_m": null,
  "left_side_occupancy": 0.0,
  "right_side_occupancy": 0.806114544111893,
  "rear_gap_m": null,
  "nearest_front_vehicle": null,
  "nearest_vru": {
    "track_id": 12,
    "class": "motorcycle",
    "distance_m": 64.22549507605373,
    "bearing_deg": 54.909662455098456,
    "position_ego": [
      36.92113500237465,
      52.5522978365421,
      -1.6953125
    ],
    "velocity_ego": [
      5.364418029785156e-07,
      -1.6629695892333984e-05
    ],
    "risk_level": "low",
    "risk_score": 0.2125
  },
  "nearest_any_object": {
    "track_id": 1,
    "class": "car",
    "distance_m": 5.816563676643209,
    "bearing_deg": -33.7469685886385,
    "position_ego": [
      4.83646691144737,
      -3.231253753409025,
      -1.4697265625
    ],
    "velocity_ego": [
      -5.152358982423689,
      -0.9128901967217193
    ],
    "risk_level": "high",
    "risk_score": 0.806375772425176
  },
  "abnormal_flags": [
    "high_risk_scene"
  ]
}