{
  "active_object_count": 6,
  "front_free_space_m": null,
  "left_side_occupancy": 0.24309039193536286,
  "right_side_occupancy": 0.7253457231771382,
  "rear_gap_m": 12.179390522710708,
  "nearest_front_vehicle": null,
  "nearest_vru": null,
  "nearest_any_object": {
    "track_id": 1,
    "class": "car",
    "distance_m": 12.347495178222266,
    "bearing_deg": -170.53475135913544,
    "position_ego": [
      -12.179390522710708,
      -2.030537778896679,
      -1.466796875
    ],
    "velocity_ego": [
      -4.990157148046221,
      1.393637047993253
    ],
    "risk_level": "low",
    "risk_score": 0.25739378616333297
  },
  "abnormal_flags": []
}