{
  "sample_name": "sample_000013",
  "sequence_index": 13,
  "frame_id": 60014,
  "timestamp": 436.3197007700801,
  "prediction_variant": "single",
  "source_sample_dir": "D:\\Agent-AI\\outputs\\s3a_ml_long_v2\\sample_000013",
  "source_prediction_dir": "D:\\Agent-AI\\outputs\\live_watch_compare_multilane\\lw_s3a_ml_long_v2\\inference\\sample_000013",
  "ego": {
    "frame_id": 60014,
    "timestamp": 436.3197007700801,
    "sample_name": "sample_000013",
    "town": "Carla/Maps/Town10HD_Opt",
    "weather": {
      "cloudiness": 20.0,
      "dust_storm": 0.0,
      "fog_density": 2.0,
      "fog_distance": 0.75,
      "fog_falloff": 0.10000000149011612,
      "mie_scattering_scale": 0.029999999329447746,
      "precipitation": 0.0,
      "precipitation_deposits": 0.0,
      "rayleigh_scattering_scale": 0.03310000151395798,
      "scattering_intensity": 1.0,
      "sun_altitude_angle": 45.0,
      "sun_azimuth_angle": 300.0,
      "wetness": 0.0,
      "wind_intensity": 10.0
    },
    "position_world": [
      105.81912994384766,
      29.0882511138916,
      -0.005884933285415173
    ],
    "velocity_world": [
      -1.4132505655288696,
      8.729753494262695,
      -9.168624819722027e-05
    ],
    "speed_mps": 8.843408462802438,
    "yaw_deg": -97.58258819580078,
    "route_progress_m": 7.028103844807736,
    "world_from_ego_bevfusion": [
      [
        -0.13195158541202545,
        -0.9911969304084778,
        0.010835135355591774,
        105.81912994384766
      ],
      [
        0.9912292957305908,
        -0.13202065229415894,
        -0.005923905875533819,
        29.0882511138916
      ],
      [
        0.007302219048142433,
        0.009958433918654919,
        0.9999237656593323,
        -0.005884933285415173
      ],
      [
        0.0,
        0.0,
        0.0,
        1.0
      ]
    ]
  },
  "detections": [
    {
      "detection_id": "sample_000013_det_0000",
      "class_id": 0,
      "class_name": "car",
      "class_group": "vehicle",
      "score": 0.7001953125,
      "position_ego": [
        18.45879364013672,
        0.7725601196289062,
        -1.5224609375
      ],
      "size_xyz": [
        2.10546875,
        4.77734375,
        1.8046875
      ],
      "yaw_rad": -1.96484375,
      "velocity_ego": [
        -6.616115570068359e-06,
        -2.2649765014648438e-06
      ],
      "speed_mps": 6.9930754170600005e-06,
      "distance_m": 18.47495363424744,
      "bearing_deg": 2.3966146635064933,
      "source_confidence": 0.7001953125,
      "raw_box_9d": [
        18.45879364013672,
        0.7725601196289062,
        -1.5224609375,
        2.10546875,
        4.77734375,
        1.8046875,
        -1.96484375,
        -6.616115570068359e-06,
        -2.2649765014648438e-06
      ]
    },
    {
      "detection_id": "sample_000013_det_0001",
      "class_id": 0,
      "class_name": "car",
      "class_group": "vehicle",
      "score": 0.461181640625,
      "position_ego": [
        39.157257080078125,
        29.7861328125,
        -1.75
      ],
      "size_xyz": [
        2.15234375,
        4.93359375,
        1.8349609375
      ],
      "yaw_rad": -2.880859375,
      "velocity_ego": [
        0.042633056640625,
        0.04754638671875
      ],
      "speed_mps": 0.0638610711508323,
      "distance_m": 49.19862284616529,
      "bearing_deg": 37.259513540752096,
      "source_confidence": 0.461181640625,
      "raw_box_9d": [
        39.157257080078125,
        29.7861328125,
        -1.75,
        2.15234375,
        4.93359375,
        1.8349609375,
        -2.880859375,
        0.042633056640625,
        0.04754638671875
      ]
    },
    {
      "detection_id": "sample_000013_det_0003",
      "class_id": 0,
      "class_name": "car",
      "class_group": "vehicle",
      "score": 0.11083984375,
      "position_ego": [
        32.80268859863281,
        3.778491973876953,
        -1.447265625
      ],
      "size_xyz": [
        2.10546875,
        4.6484375,
        1.8623046875
      ],
      "yaw_rad": 0.94921875,
      "velocity_ego": [
        -0.0033893585205078125,
        -0.007595062255859375
      ],
      "speed_mps": 0.00831701399848038,
      "distance_m": 33.019590865053544,
      "bearing_deg": 6.570854558366334,
      "source_confidence": 0.11083984375,
      "raw_box_9d": [
        32.80268859863281,
        3.778491973876953,
        -1.447265625,
        2.10546875,
        4.6484375,
        1.8623046875,
        0.94921875,
        -0.0033893585205078125,
        -0.007595062255859375
      ]
    }
  ],
  "class_names": [
    "car",
    "truck",
    "construction_vehicle",
    "bus",
    "trailer",
    "barrier",
    "motorcycle",
    "bicycle",
    "pedestrian",
    "traffic_cone"
  ],
  "raw_prediction_count": 200,
  "filtered_prediction_count": 3
}