{
  "sample_name": "sample_000045",
  "sequence_index": 45,
  "frame_id": 60046,
  "timestamp": 439.5197008177638,
  "prediction_variant": "single",
  "source_sample_dir": "D:\\Agent-AI\\outputs\\s3a_ml_long_v2\\sample_000045",
  "source_prediction_dir": "D:\\Agent-AI\\outputs\\live_watch_compare_multilane\\lw_s3a_ml_long_v2\\inference\\sample_000045",
  "ego": {
    "frame_id": 60046,
    "timestamp": 439.5197008177638,
    "sample_name": "sample_000045",
    "town": "Carla/Maps/Town10HD_Opt",
    "weather": {
      "cloudiness": 20.0,
      "dust_storm": 0.0,
      "fog_density": 2.0,
      "fog_distance": 0.75,
      "fog_falloff": 0.10000000149011612,
      "mie_scattering_scale": 0.029999999329447746,
      "precipitation": 0.0,
      "precipitation_deposits": 0.0,
      "rayleigh_scattering_scale": 0.03310000151395798,
      "scattering_intensity": 1.0,
      "sun_altitude_angle": 45.0,
      "sun_azimuth_angle": 300.0,
      "wetness": 0.0,
      "wind_intensity": 10.0
    },
    "position_world": [
      94.78401947021484,
      51.61924362182617,
      -0.0046701813116669655
    ],
    "velocity_world": [
      -5.645261287689209,
      6.0381999015808105,
      9.399413829669356e-05
    ],
    "speed_mps": 8.266125638203658,
    "yaw_deg": -132.4998779296875,
    "route_progress_m": 32.517028293730384,
    "world_from_ego_bevfusion": [
      [
        -0.6755877733230591,
        -0.7372514605522156,
        0.0064307874999940395,
        94.78401947021484
      ],
      [
        0.7372778654098511,
        -0.6755788922309875,
        0.0037945350632071495,
        51.61924362182617
      ],
      [
        0.0015469783684238791,
        0.00730481930077076,
        0.9999721050262451,
        -0.0046701813116669655
      ],
      [
        0.0,
        0.0,
        0.0,
        1.0
      ]
    ]
  },
  "detections": [
    {
      "detection_id": "sample_000045_det_0000",
      "class_id": 0,
      "class_name": "car",
      "class_group": "vehicle",
      "score": 0.68310546875,
      "position_ego": [
        24.84203338623047,
        8.927345275878906,
        -1.521484375
      ],
      "size_xyz": [
        2.15625,
        4.96484375,
        1.798828125
      ],
      "yaw_rad": -2.255859375,
      "velocity_ego": [
        -6.616115570068359e-06,
        -2.2649765014648438e-06
      ],
      "speed_mps": 6.9930754170600005e-06,
      "distance_m": 26.397426322225936,
      "bearing_deg": 19.76663663384203,
      "source_confidence": 0.68310546875,
      "raw_box_9d": [
        24.84203338623047,
        8.927345275878906,
        -1.521484375,
        2.15625,
        4.96484375,
        1.798828125,
        -2.255859375,
        -6.616115570068359e-06,
        -2.2649765014648438e-06
      ]
    },
    {
      "detection_id": "sample_000045_det_0001",
      "class_id": 0,
      "class_name": "car",
      "class_group": "vehicle",
      "score": 0.66015625,
      "position_ego": [
        -8.112808227539062,
        -2.939647674560547,
        -1.44921875
      ],
      "size_xyz": [
        2.21484375,
        5.234375,
        1.8046875
      ],
      "yaw_rad": -1.3505859375,
      "velocity_ego": [
        -6.616115570068359e-06,
        -2.2649765014648438e-06
      ],
      "speed_mps": 6.9930754170600005e-06,
      "distance_m": 8.628973623054756,
      "bearing_deg": -160.08219309873778,
      "source_confidence": 0.66015625,
      "raw_box_9d": [
        -8.112808227539062,
        -2.939647674560547,
        -1.44921875,
        2.21484375,
        5.234375,
        1.8046875,
        -1.3505859375,
        -6.616115570068359e-06,
        -2.2649765014648438e-06
      ]
    },
    {
      "detection_id": "sample_000045_det_0002",
      "class_id": 0,
      "class_name": "car",
      "class_group": "vehicle",
      "score": 0.404541015625,
      "position_ego": [
        50.93189239501953,
        27.014358520507812,
        -1.1865234375
      ],
      "size_xyz": [
        2.2421875,
        5.00390625,
        1.8212890625
      ],
      "yaw_rad": 0.734375,
      "velocity_ego": [
        -6.616115570068359e-06,
        -2.2649765014648438e-06
      ],
      "speed_mps": 6.9930754170600005e-06,
      "distance_m": 57.65269489982564,
      "bearing_deg": 27.94155179403038,
      "source_confidence": 0.404541015625,
      "raw_box_9d": [
        50.93189239501953,
        27.014358520507812,
        -1.1865234375,
        2.2421875,
        5.00390625,
        1.8212890625,
        0.734375,
        -6.616115570068359e-06,
        -2.2649765014648438e-06
      ]
    },
    {
      "detection_id": "sample_000045_det_0003",
      "class_id": 0,
      "class_name": "car",
      "class_group": "vehicle",
      "score": 0.336669921875,
      "position_ego": [
        48.45777130126953,
        28.78740692138672,
        -1.1923828125
      ],
      "size_xyz": [
        2.2421875,
        5.0390625,
        1.8447265625
      ],
      "yaw_rad": 0.7373046875,
      "velocity_ego": [
        -6.616115570068359e-06,
        -2.2649765014648438e-06
      ],
      "speed_mps": 6.9930754170600005e-06,
      "distance_m": 56.36373299155801,
      "bearing_deg": 30.713362653243315,
      "source_confidence": 0.336669921875,
      "raw_box_9d": [
        48.45777130126953,
        28.78740692138672,
        -1.1923828125,
        2.2421875,
        5.0390625,
        1.8447265625,
        0.7373046875,
        -6.616115570068359e-06,
        -2.2649765014648438e-06
      ]
    },
    {
      "detection_id": "sample_000045_det_0004",
      "class_id": 0,
      "class_name": "car",
      "class_group": "vehicle",
      "score": 0.281494140625,
      "position_ego": [
        52.36487579345703,
        38.353858947753906,
        -1.220703125
      ],
      "size_xyz": [
        2.2421875,
        5.1796875,
        1.8388671875
      ],
      "yaw_rad": 0.712890625,
      "velocity_ego": [
        -0.280029296875,
        -0.445068359375
      ],
      "speed_mps": 0.5258348140101233,
      "distance_m": 64.90838707785292,
      "bearing_deg": 36.22034625458257,
      "source_confidence": 0.281494140625,
      "raw_box_9d": [
        52.36487579345703,
        38.353858947753906,
        -1.220703125,
        2.2421875,
        5.1796875,
        1.8388671875,
        0.712890625,
        -0.280029296875,
        -0.445068359375
      ]
    },
    {
      "detection_id": "sample_000045_det_0005",
      "class_id": 8,
      "class_name": "pedestrian",
      "class_group": "vru",
      "score": 0.1116943359375,
      "position_ego": [
        6.357898712158203,
        -43.96728515625,
        -0.38671875
      ],
      "size_xyz": [
        0.73974609375,
        0.78369140625,
        2.119140625
      ],
      "yaw_rad": 1.8740234375,
      "velocity_ego": [
        -0.05865478515625,
        -0.0160980224609375
      ],
      "speed_mps": 0.060823763027937475,
      "distance_m": 44.42459949223026,
      "bearing_deg": -81.7717677580289,
      "source_confidence": 0.1116943359375,
      "raw_box_9d": [
        6.357898712158203,
        -43.96728515625,
        -0.38671875,
        0.73974609375,
        0.78369140625,
        2.119140625,
        1.8740234375,
        -0.05865478515625,
        -0.0160980224609375
      ]
    }
  ],
  "class_names": [
    "car",
    "truck",
    "construction_vehicle",
    "bus",
    "trailer",
    "barrier",
    "motorcycle",
    "bicycle",
    "pedestrian",
    "traffic_cone"
  ],
  "raw_prediction_count": 200,
  "filtered_prediction_count": 6
}