{
  "sample_name": "sample_000076",
  "sequence_index": 76,
  "frame_id": 726349,
  "timestamp": 5004.7946248315275,
  "prediction_variant": "single",
  "source_sample_dir": "D:\\Agent-AI\\outputs\\s3a_ml_long_v1\\sample_000076",
  "source_prediction_dir": "D:\\Agent-AI\\outputs\\live_watch_compare_multilane\\lw_s3a_ml_long_v1\\inference\\sample_000076",
  "ego": {
    "frame_id": 726349,
    "timestamp": 5004.7946248315275,
    "sample_name": "sample_000076",
    "town": "Carla/Maps/Town10HD_Opt",
    "weather": {
      "cloudiness": 20.0,
      "dust_storm": 0.0,
      "fog_density": 2.0,
      "fog_distance": 0.75,
      "fog_falloff": 0.10000000149011612,
      "mie_scattering_scale": 0.029999999329447746,
      "precipitation": 0.0,
      "precipitation_deposits": 0.0,
      "rayleigh_scattering_scale": 0.03310000151395798,
      "scattering_intensity": 1.0,
      "sun_altitude_angle": 45.0,
      "sun_azimuth_angle": 300.0,
      "wetness": 0.0,
      "wind_intensity": 10.0
    },
    "position_world": [
      103.61872100830078,
      37.35604476928711,
      -0.0045007322914898396
    ],
    "velocity_world": [
      1.9548552998571722e-08,
      -1.4051344088272799e-08,
      -1.9073485191256623e-07
    ],
    "speed_mps": 1.9224819876694185e-07,
    "yaw_deg": -109.1600341796875,
    "route_progress_m": 15.600504436678294,
    "world_from_ego_bevfusion": [
      [
        -0.3282078504562378,
        -0.9446055293083191,
        0.0,
        103.61872100830078
      ],
      [
        0.9446055293083191,
        -0.3282078504562378,
        0.0,
        37.35604476928711
      ],
      [
        0.0,
        0.0,
        1.0,
        -0.0045007322914898396
      ],
      [
        0.0,
        0.0,
        0.0,
        1.0
      ]
    ]
  },
  "detections": [
    {
      "detection_id": "sample_000076_det_0000",
      "class_id": 0,
      "class_name": "car",
      "class_group": "vehicle",
      "score": 0.6513671875,
      "position_ego": [
        6.448246002197266,
        0.2273101806640625,
        -1.478515625
      ],
      "size_xyz": [
        2.125,
        4.88671875,
        1.7822265625
      ],
      "yaw_rad": -1.6767578125,
      "velocity_ego": [
        -6.616115570068359e-06,
        -2.2649765014648438e-06
      ],
      "speed_mps": 6.9930754170600005e-06,
      "distance_m": 6.452251267820135,
      "bearing_deg": 2.0189247142606783,
      "source_confidence": 0.6513671875,
      "raw_box_9d": [
        6.448246002197266,
        0.2273101806640625,
        -1.478515625,
        2.125,
        4.88671875,
        1.7822265625,
        -1.6767578125,
        -6.616115570068359e-06,
        -2.2649765014648438e-06
      ]
    },
    {
      "detection_id": "sample_000076_det_0001",
      "class_id": 0,
      "class_name": "car",
      "class_group": "vehicle",
      "score": 0.12432861328125,
      "position_ego": [
        6.017726898193359,
        -3.179882049560547,
        -1.630859375
      ],
      "size_xyz": [
        2.169921875,
        5.08984375,
        1.798828125
      ],
      "yaw_rad": -1.6298828125,
      "velocity_ego": [
        -6.616115570068359e-06,
        -2.2649765014648438e-06
      ],
      "speed_mps": 6.9930754170600005e-06,
      "distance_m": 6.806224127249797,
      "bearing_deg": -27.85283004382637,
      "source_confidence": 0.12432861328125,
      "raw_box_9d": [
        6.017726898193359,
        -3.179882049560547,
        -1.630859375,
        2.169921875,
        5.08984375,
        1.798828125,
        -1.6298828125,
        -6.616115570068359e-06,
        -2.2649765014648438e-06
      ]
    }
  ],
  "class_names": [
    "car",
    "truck",
    "construction_vehicle",
    "bus",
    "trailer",
    "barrier",
    "motorcycle",
    "bicycle",
    "pedestrian",
    "traffic_cone"
  ],
  "raw_prediction_count": 200,
  "filtered_prediction_count": 2
}