{
  "sample_name": "sample_000034",
  "sequence_index": 34,
  "frame_id": 726307,
  "timestamp": 5000.594624768943,
  "prediction_variant": "single",
  "source_sample_dir": "D:\\Agent-AI\\outputs\\s3a_ml_long_v1\\sample_000034",
  "source_prediction_dir": "D:\\Agent-AI\\outputs\\live_watch_compare_multilane\\lw_s3a_ml_long_v1\\inference\\sample_000034",
  "ego": {
    "frame_id": 726307,
    "timestamp": 5000.594624768943,
    "sample_name": "sample_000034",
    "town": "Carla/Maps/Town10HD_Opt",
    "weather": {
      "cloudiness": 20.0,
      "dust_storm": 0.0,
      "fog_density": 2.0,
      "fog_distance": 0.75,
      "fog_falloff": 0.10000000149011612,
      "mie_scattering_scale": 0.029999999329447746,
      "precipitation": 0.0,
      "precipitation_deposits": 0.0,
      "rayleigh_scattering_scale": 0.03310000151395798,
      "scattering_intensity": 1.0,
      "sun_altitude_angle": 45.0,
      "sun_azimuth_angle": 300.0,
      "wetness": 0.0,
      "wind_intensity": 10.0
    },
    "position_world": [
      104.18180084228516,
      35.790767669677734,
      -0.004475364461541176
    ],
    "velocity_world": [
      -1.1077256202697754,
      2.984161376953125,
      -2.0999908883823082e-05
    ],
    "speed_mps": 3.1831234933539454,
    "yaw_deg": -106.80174255371094,
    "route_progress_m": 13.935749561011983,
    "world_from_ego_bevfusion": [
      [
        -0.28906089067459106,
        -0.9573065042495728,
        0.002842681249603629,
        104.18180084228516
      ],
      [
        0.9573107361793518,
        -0.28905928134918213,
        0.0009685546392574906,
        35.790767669677734
      ],
      [
        -0.00010550021397648379,
        0.003001300385221839,
        0.9999954700469971,
        -0.004475364461541176
      ],
      [
        0.0,
        0.0,
        0.0,
        1.0
      ]
    ]
  },
  "detections": [
    {
      "detection_id": "sample_000034_det_0000",
      "class_id": 0,
      "class_name": "car",
      "class_group": "vehicle",
      "score": 0.70751953125,
      "position_ego": [
        7.763233184814453,
        -2.8215789794921875,
        -1.4638671875
      ],
      "size_xyz": [
        2.16015625,
        4.9609375,
        1.8310546875
      ],
      "yaw_rad": -1.73046875,
      "velocity_ego": [
        -6.616115570068359e-06,
        -2.2649765014648438e-06
      ],
      "speed_mps": 6.9930754170600005e-06,
      "distance_m": 8.260090642318433,
      "bearing_deg": -19.973882978857965,
      "source_confidence": 0.70751953125,
      "raw_box_9d": [
        7.763233184814453,
        -2.8215789794921875,
        -1.4638671875,
        2.16015625,
        4.9609375,
        1.8310546875,
        -1.73046875,
        -6.616115570068359e-06,
        -2.2649765014648438e-06
      ]
    },
    {
      "detection_id": "sample_000034_det_0001",
      "class_id": 0,
      "class_name": "car",
      "class_group": "vehicle",
      "score": 0.640625,
      "position_ego": [
        7.992847442626953,
        0.6319351196289062,
        -1.4765625
      ],
      "size_xyz": [
        2.154296875,
        4.96484375,
        1.8466796875
      ],
      "yaw_rad": -1.74609375,
      "velocity_ego": [
        -6.616115570068359e-06,
        -2.2649765014648438e-06
      ],
      "speed_mps": 6.9930754170600005e-06,
      "distance_m": 8.017789735115821,
      "bearing_deg": 4.520548500228952,
      "source_confidence": 0.640625,
      "raw_box_9d": [
        7.992847442626953,
        0.6319351196289062,
        -1.4765625,
        2.154296875,
        4.96484375,
        1.8466796875,
        -1.74609375,
        -6.616115570068359e-06,
        -2.2649765014648438e-06
      ]
    },
    {
      "detection_id": "sample_000034_det_0002",
      "class_id": 0,
      "class_name": "car",
      "class_group": "vehicle",
      "score": 0.58056640625,
      "position_ego": [
        27.177322387695312,
        6.0546417236328125,
        -1.4013671875
      ],
      "size_xyz": [
        2.158203125,
        4.8984375,
        1.9033203125
      ],
      "yaw_rad": -2.23046875,
      "velocity_ego": [
        -6.616115570068359e-06,
        -2.2649765014648438e-06
      ],
      "speed_mps": 6.9930754170600005e-06,
      "distance_m": 27.843590619140343,
      "bearing_deg": 12.559414849960323,
      "source_confidence": 0.58056640625,
      "raw_box_9d": [
        27.177322387695312,
        6.0546417236328125,
        -1.4013671875,
        2.158203125,
        4.8984375,
        1.9033203125,
        -2.23046875,
        -6.616115570068359e-06,
        -2.2649765014648438e-06
      ]
    },
    {
      "detection_id": "sample_000034_det_0003",
      "class_id": 0,
      "class_name": "car",
      "class_group": "vehicle",
      "score": 0.52685546875,
      "position_ego": [
        36.424224853515625,
        23.295852661132812,
        -1.0380859375
      ],
      "size_xyz": [
        2.150390625,
        4.91796875,
        1.8466796875
      ],
      "yaw_rad": -2.73046875,
      "velocity_ego": [
        -6.616115570068359e-06,
        -2.2649765014648438e-06
      ],
      "speed_mps": 6.9930754170600005e-06,
      "distance_m": 43.23680038333866,
      "bearing_deg": 32.60177399098219,
      "source_confidence": 0.52685546875,
      "raw_box_9d": [
        36.424224853515625,
        23.295852661132812,
        -1.0380859375,
        2.150390625,
        4.91796875,
        1.8466796875,
        -2.73046875,
        -6.616115570068359e-06,
        -2.2649765014648438e-06
      ]
    },
    {
      "detection_id": "sample_000034_det_0005",
      "class_id": 0,
      "class_name": "car",
      "class_group": "vehicle",
      "score": 0.26611328125,
      "position_ego": [
        26.330276489257812,
        -7.746971130371094,
        -1.201171875
      ],
      "size_xyz": [
        2.232421875,
        5.046875,
        1.9296875
      ],
      "yaw_rad": 1.361328125,
      "velocity_ego": [
        -6.616115570068359e-06,
        -2.2649765014648438e-06
      ],
      "speed_mps": 6.9930754170600005e-06,
      "distance_m": 27.44629340540478,
      "bearing_deg": -16.39509223591813,
      "source_confidence": 0.26611328125,
      "raw_box_9d": [
        26.330276489257812,
        -7.746971130371094,
        -1.201171875,
        2.232421875,
        5.046875,
        1.9296875,
        1.361328125,
        -6.616115570068359e-06,
        -2.2649765014648438e-06
      ]
    },
    {
      "detection_id": "sample_000034_det_0004",
      "class_id": 0,
      "class_name": "car",
      "class_group": "vehicle",
      "score": 0.2362060546875,
      "position_ego": [
        48.87330627441406,
        51.30567932128906,
        -1.2890625
      ],
      "size_xyz": [
        2.19140625,
        5.02734375,
        1.8564453125
      ],
      "yaw_rad": 0.2626953125,
      "velocity_ego": [
        -6.616115570068359e-06,
        -2.2649765014648438e-06
      ],
      "speed_mps": 6.9930754170600005e-06,
      "distance_m": 70.85811736711348,
      "bearing_deg": 46.390883846621016,
      "source_confidence": 0.2362060546875,
      "raw_box_9d": [
        48.87330627441406,
        51.30567932128906,
        -1.2890625,
        2.19140625,
        5.02734375,
        1.8564453125,
        0.2626953125,
        -6.616115570068359e-06,
        -2.2649765014648438e-06
      ]
    },
    {
      "detection_id": "sample_000034_det_0007",
      "class_id": 0,
      "class_name": "car",
      "class_group": "vehicle",
      "score": 0.12164306640625,
      "position_ego": [
        14.524810791015625,
        -12.41162109375,
        -1.2744140625
      ],
      "size_xyz": [
        2.205078125,
        5.04296875,
        1.91796875
      ],
      "yaw_rad": -1.5634765625,
      "velocity_ego": [
        -6.616115570068359e-06,
        -2.2649765014648438e-06
      ],
      "speed_mps": 6.9930754170600005e-06,
      "distance_m": 19.105456463786044,
      "bearing_deg": -40.5142769751505,