{
  "sample_name": "sample_000092",
  "sequence_index": 92,
  "frame_id": 60093,
  "timestamp": 444.21970088779926,
  "prediction_variant": "single",
  "source_sample_dir": "D:\\Agent-AI\\outputs\\s3a_ml_long_v2\\sample_000092",
  "source_prediction_dir": "D:\\Agent-AI\\outputs\\live_watch_compare_multilane\\lw_s3a_ml_long_v2\\inference\\sample_000092",
  "ego": {
    "frame_id": 60093,
    "timestamp": 444.21970088779926,
    "sample_name": "sample_000092",
    "town": "Carla/Maps/Town10HD_Opt",
    "weather": {
      "cloudiness": 20.0,
      "dust_storm": 0.0,
      "fog_density": 2.0,
      "fog_distance": 0.75,
      "fog_falloff": 0.10000000149011612,
      "mie_scattering_scale": 0.029999999329447746,
      "precipitation": 0.0,
      "precipitation_deposits": 0.0,
      "rayleigh_scattering_scale": 0.03310000151395798,
      "scattering_intensity": 1.0,
      "sun_altitude_angle": 45.0,
      "sun_azimuth_angle": 300.0,
      "wetness": 0.0,
      "wind_intensity": 10.0
    },
    "position_world": [
      77.28860473632812,
      62.27961730957031,
      -0.0038680266588926315
    ],
    "velocity_world": [
      0.0025255971122533083,
      -0.00046202054363675416,
      6.261825183173642e-05
    ],
    "speed_mps": 0.0025682727272677086,
    "yaw_deg": -161.72349548339844,
    "route_progress_m": 53.24047444377822,
    "world_from_ego_bevfusion": [
      [
        -0.9495499134063721,
        -0.31360238790512085,
        -0.0029021708760410547,
        77.28860473632812
      ],
      [
        0.31360164284706116,
        -0.9495543837547302,
        0.0007184035493992269,
        62.27961730957031
      ],
      [
        -0.0029810620471835136,
        -0.00022796557459514588,
        0.9999955296516418,
        -0.0038680266588926315
      ],
      [
        0.0,
        0.0,
        0.0,
        1.0
      ]
    ]
  },
  "detections": [
    {
      "detection_id": "sample_000092_det_0000",
      "class_id": 0,
      "class_name": "car",
      "class_group": "vehicle",
      "score": 0.646484375,
      "position_ego": [
        -28.420019149780273,
        5.966163635253906,
        -1.3408203125
      ],
      "size_xyz": [
        2.1328125,
        4.91796875,
        1.7744140625
      ],
      "yaw_rad": -0.83984375,
      "velocity_ego": [
        0.045166015625,
        -0.034515380859375
      ],
      "speed_mps": 0.05684435313472618,
      "distance_m": 29.03950063269862,
      "bearing_deg": 168.14416068488194,
      "source_confidence": 0.646484375,
      "raw_box_9d": [
        -28.420019149780273,
        5.966163635253906,
        -1.3408203125,
        2.1328125,
        4.91796875,
        1.7744140625,
        -0.83984375,
        0.045166015625,
        -0.034515380859375
      ]
    },
    {
      "detection_id": "sample_000092_det_0001",
      "class_id": 0,
      "class_name": "car",
      "class_group": "vehicle",
      "score": 0.6376953125,
      "position_ego": [
        6.115726470947266,
        0.2580718994140625,
        -1.4697265625
      ],
      "size_xyz": [
        2.107421875,
        4.96484375,
        1.76171875
      ],
      "yaw_rad": -1.7109375,
      "velocity_ego": [
        0.01238250732421875,
        0.0009026527404785156
      ],
      "speed_mps": 0.01241536425580113,
      "distance_m": 6.12116911812705,
      "bearing_deg": 2.4163381832062503,
      "source_confidence": 0.6376953125,
      "raw_box_9d": [
        6.115726470947266,
        0.2580718994140625,
        -1.4697265625,
        2.107421875,
        4.96484375,
        1.76171875,
        -1.7109375,
        0.01238250732421875,
        0.0009026527404785156
      ]
    },
    {
      "detection_id": "sample_000092_det_0002",
      "class_id": 0,
      "class_name": "car",
      "class_group": "vehicle",
      "score": 0.5771484375,
      "position_ego": [
        37.75005340576172,
        3.2856826782226562,
        -0.91259765625
      ],
      "size_xyz": [
        2.17578125,
        4.9453125,
        1.8193359375
      ],
      "yaw_rad": 1.263671875,
      "velocity_ego": [
        -6.616115570068359e-06,
        -2.2649765014648438e-06
      ],
      "speed_mps": 6.9930754170600005e-06,
      "distance_m": 37.892772962661816,
      "bearing_deg": 4.9743642751075665,
      "source_confidence": 0.5771484375,
      "raw_box_9d": [
        37.75005340576172,
        3.2856826782226562,
        -0.91259765625,
        2.17578125,
        4.9453125,
        1.8193359375,
        1.263671875,
        -6.616115570068359e-06,
        -2.2649765014648438e-06
      ]
    },
    {
      "detection_id": "sample_000092_det_0003",
      "class_id": 0,
      "class_name": "car",
      "class_group": "vehicle",
      "score": 0.509765625,
      "position_ego": [
        36.176734924316406,
        6.077930450439453,
        -1.103515625
      ],
      "size_xyz": [
        2.1328125,
        4.875,
        1.779296875
      ],
      "yaw_rad": 1.240234375,
      "velocity_ego": [
        -6.616115570068359e-06,
        -2.2649765014648438e-06
      ],
      "speed_mps": 6.9930754170600005e-06,
      "distance_m": 36.68374828646377,
      "bearing_deg": 9.537003863994913,
      "source_confidence": 0.509765625,
      "raw_box_9d": [
        36.176734924316406,
        6.077930450439453,
        -1.103515625,
        2.1328125,
        4.875,
        1.779296875,
        1.240234375,
        -6.616115570068359e-06,
        -2.2649765014648438e-06
      ]
    },
    {
      "detection_id": "sample_000092_det_0005",
      "class_id": 0,
      "class_name": "car",
      "class_group": "vehicle",
      "score": 0.365966796875,
      "position_ego": [
        44.399269104003906,
        12.57275390625,
        -0.94091796875
      ],
      "size_xyz": [
        2.154296875,
        4.87109375,
        1.8125
      ],
      "yaw_rad": 1.2421875,
      "velocity_ego": [
        -6.616115570068359e-06,
        -2.2649765014648438e-06
      ],
      "speed_mps": 6.9930754170600005e-06,
      "distance_m": 46.14508898850321,
      "bearing_deg": 15.810785016394231,
      "source_confidence": 0.365966796875,
      "raw_box_9d": [
        44.399269104003906,
        12.57275390625,
        -0.94091796875,
        2.154296875,
        4.87109375,
        1.8125,
        1.2421875,
        -6.616115570068359e-06,
        -2.2649765014648438e-06
      ]
    },
    {
      "detection_id": "sample_000092_det_0004",
      "class_id": 0,
      "class_name": "car",
      "class_group": "vehicle",
      "score": 0.348876953125,
      "position_ego": [
        19.57159423828125,
        33.933143615722656,
        -0.63671875
      ],
      "size_xyz": [
        2.24609375,
        5.08203125,
        2.04296875
      ],
      "yaw_rad": 1.189453125,
      "velocity_ego": [
        -6.616115570068359e-06,
        -2.2649765014648438e-06
      ],
      "speed_mps": 6.9930754170600005e-06,
      "distance_m": 39.17276524159589,
      "bearing_deg": 60.024973178377444,
      "source_confidence": 0.348876953125,
      "raw_box_9d": [
        19.57159423828125,
        33.933143615722656,
        -0.63671875,
        2.24609375,
        5.08203125,
        2.04296875,
        1.189453125,
        -6.616115570068359e-06,
        -2.2649765014648438e-06
      ]
    },
    {
      "detection_id": "sample_000092_det_0006",
      "class_id": 0,
      "class_name": "car",
      "class_group": "vehicle",
      "score": 0.11822509765625,
      "position_ego": [
        -27.865135192871094,
        -8.28207778930664,
        -1.2236328125
      ],
      "size_xyz": [
        2.2421875,
        5.1796875,
        1.87890625
      ],
      "yaw_rad": -1.369140625,
      "velocity_ego": [
        1.9384765625,
        -0.410400390625
      ],
      "speed_mps": 1.9814438836330865,
      "distance_m": 29.069891156058866,
      "bearing_deg": -163.44699350511917,
      "source_confidence": 0.11822509765625,