{
  "active_object_count": 5,
  "front_free_space_m": 8.747302005125615,
  "left_side_occupancy": 0.04144969302975554,
  "right_side_occupancy": 0.30096081564106747,
  "rear_gap_m": null,
  "nearest_front_vehicle": {
    "track_id": 1,
    "class": "car",
    "distance_m": 9.857408851755526,
    "bearing_deg": 5.022013204674729,
    "position_ego": [
      9.819567630125615,
      0.8629025600016523,
      -1.5810546875
    ],
    "velocity_ego": [
      -2.041150451490452,
      -0.34050067897462133
    ],
    "risk_level": "high",
    "risk_score": 0.7260694336118335
  },
  "nearest_vru": null,
  "nearest_any_object": {
    "track_id": 1,
    "class": "car",
    "distance_m": 9.857408851755526,
    "bearing_deg": 5.022013204674729,
    "position_ego": [
      9.819567630125615,
      0.8629025600016523,
      -1.5810546875
    ],
    "velocity_ego": [
      -2.041150451490452,
      -0.34050067897462133
    ],
    "risk_level": "high",
    "risk_score": 0.7260694336118335
  },
  "abnormal_flags": [
    "high_risk_scene"
  ]
}