{
  "sample_name": "sample_000024",
  "sequence_index": 24,
  "frame_id": 60025,
  "timestamp": 437.41970078647137,
  "prediction_variant": "single",
  "source_sample_dir": "D:\\Agent-AI\\outputs\\s3a_ml_long_v2\\sample_000024",
  "source_prediction_dir": "D:\\Agent-AI\\outputs\\live_watch_compare_multilane\\lw_s3a_ml_long_v2\\inference\\sample_000024",
  "ego": {
    "frame_id": 60025,
    "timestamp": 437.41970078647137,
    "sample_name": "sample_000024",
    "town": "Carla/Maps/Town10HD_Opt",
    "weather": {
      "cloudiness": 20.0,
      "dust_storm": 0.0,
      "fog_density": 2.0,
      "fog_distance": 0.75,
      "fog_falloff": 0.10000000149011612,
      "mie_scattering_scale": 0.029999999329447746,
      "precipitation": 0.0,
      "precipitation_deposits": 0.0,
      "rayleigh_scattering_scale": 0.03310000151395798,
      "scattering_intensity": 1.0,
      "sun_altitude_angle": 45.0,
      "sun_azimuth_angle": 300.0,
      "wetness": 0.0,
      "wind_intensity": 10.0
    },
    "position_world": [
      103.64698028564453,
      37.4630012512207,
      -0.005261802580207586
    ],
    "velocity_world": [
      -2.9775195121765137,
      7.93923282623291,
      -5.0268172344658524e-05
    ],
    "speed_mps": 8.479212246255718,
    "yaw_deg": -109.333984375,
    "route_progress_m": 15.695675369413257,
    "world_from_ego_bevfusion": [
      [
        -0.33107104897499084,
        -0.943541407585144,
        0.011026855558156967,
        103.64698028564453
      ],
      [
        0.9435957670211792,
        -0.3310987949371338,
        -0.0007397669833153486,
        37.4630012512207
      ],
      [
        0.004348979331552982,
        0.010159979574382305,
        0.9999389052391052,
        -0.005261802580207586
      ],
      [
        0.0,
        0.0,
        0.0,
        1.0
      ]
    ]
  },
  "detections": [
    {
      "detection_id": "sample_000024_det_0000",
      "class_id": 0,
      "class_name": "car",
      "class_group": "vehicle",
      "score": 0.70361328125,
      "position_ego": [
        9.727588653564453,
        -2.2785606384277344,
        -1.4423828125
      ],
      "size_xyz": [
        2.19140625,
        5.0703125,
        1.875
      ],
      "yaw_rad": -1.732421875,
      "velocity_ego": [
        -6.616115570068359e-06,
        -2.2649765014648438e-06
      ],
      "speed_mps": 6.9930754170600005e-06,
      "distance_m": 9.990886827301573,
      "bearing_deg": -13.183112339786923,
      "source_confidence": 0.70361328125,
      "raw_box_9d": [
        9.727588653564453,
        -2.2785606384277344,
        -1.4423828125,
        2.19140625,
        5.0703125,
        1.875,
        -1.732421875,
        -6.616115570068359e-06,
        -2.2649765014648438e-06
      ]
    },
    {
      "detection_id": "sample_000024_det_0001",
      "class_id": 0,
      "class_name": "car",
      "class_group": "vehicle",
      "score": 0.55224609375,
      "position_ego": [
        35.671913146972656,
        21.702102661132812,
        -1.658203125
      ],
      "size_xyz": [
        2.197265625,
        5.08984375,
        1.859375
      ],
      "yaw_rad": -2.703125,
      "velocity_ego": [
        -6.616115570068359e-06,
        -2.2649765014648438e-06
      ],
      "speed_mps": 6.9930754170600005e-06,
      "distance_m": 41.75483980905098,
      "bearing_deg": 31.315523111903204,
      "source_confidence": 0.55224609375,
      "raw_box_9d": [
        35.671913146972656,
        21.702102661132812,
        -1.658203125,
        2.197265625,
        5.08984375,
        1.859375,
        -2.703125,
        -6.616115570068359e-06,
        -2.2649765014648438e-06
      ]
    },
    {
      "detection_id": "sample_000024_det_0002",
      "class_id": 0,
      "class_name": "car",
      "class_group": "vehicle",
      "score": 0.355712890625,
      "position_ego": [
        52.44038391113281,
        48.580230712890625,
        -1.494140625
      ],
      "size_xyz": [
        2.197265625,
        5.015625,
        1.875
      ],
      "yaw_rad": 0.346435546875,
      "velocity_ego": [
        -0.00295257568359375,
        -0.1307373046875
      ],
      "speed_mps": 0.13077064097158642,
      "distance_m": 71.48449259010431,
      "bearing_deg": 42.81170470716381,
      "source_confidence": 0.355712890625,
      "raw_box_9d": [
        52.44038391113281,
        48.580230712890625,
        -1.494140625,
        2.197265625,
        5.015625,
        1.875,
        0.346435546875,
        -0.00295257568359375,
        -0.1307373046875
      ]
    },
    {
      "detection_id": "sample_000024_det_0003",
      "class_id": 0,
      "class_name": "car",
      "class_group": "vehicle",
      "score": 0.2008056640625,
      "position_ego": [
        49.468727111816406,
        49.19532012939453,
        -1.6552734375
      ],
      "size_xyz": [
        2.208984375,
        4.98828125,
        1.9052734375
      ],
      "yaw_rad": 0.360595703125,
      "velocity_ego": [
        -0.005466461181640625,
        -0.130615234375
      ],
      "speed_mps": 0.13072957449898842,
      "distance_m": 69.76628472763166,
      "bearing_deg": 44.84122862863079,
      "source_confidence": 0.2008056640625,
      "raw_box_9d": [
        49.468727111816406,
        49.19532012939453,
        -1.6552734375,
        2.208984375,
        4.98828125,
        1.9052734375,
        0.360595703125,
        -0.005466461181640625,
        -0.130615234375
      ]
    }
  ],
  "class_names": [
    "car",
    "truck",
    "construction_vehicle",
    "bus",
    "trailer",
    "barrier",
    "motorcycle",
    "bicycle",
    "pedestrian",
    "traffic_cone"
  ],
  "raw_prediction_count": 200,
  "filtered_prediction_count": 4
}