{
  "sample_name": "sample_000100",
  "sequence_index": 100,
  "frame_id": 60101,
  "timestamp": 445.0197008997202,
  "prediction_variant": "single",
  "source_sample_dir": "D:\\Agent-AI\\outputs\\s3a_ml_long_v2\\sample_000100",
  "source_prediction_dir": "D:\\Agent-AI\\outputs\\live_watch_compare_multilane\\lw_s3a_ml_long_v2\\inference\\sample_000100",
  "ego": {
    "frame_id": 60101,
    "timestamp": 445.0197008997202,
    "sample_name": "sample_000100",
    "town": "Carla/Maps/Town10HD_Opt",
    "weather": {
      "cloudiness": 20.0,
      "dust_storm": 0.0,
      "fog_density": 2.0,
      "fog_distance": 0.75,
      "fog_falloff": 0.10000000149011612,
      "mie_scattering_scale": 0.029999999329447746,
      "precipitation": 0.0,
      "precipitation_deposits": 0.0,
      "rayleigh_scattering_scale": 0.03310000151395798,
      "scattering_intensity": 1.0,
      "sun_altitude_angle": 45.0,
      "sun_azimuth_angle": 300.0,
      "wetness": 0.0,
      "wind_intensity": 10.0
    },
    "position_world": [
      77.28759002685547,
      62.2798957824707,
      -0.004471473395824432
    ],
    "velocity_world": [
      5.798908750875853e-05,
      -1.2444724234228488e-05,
      -2.384185791015625e-06
    ],
    "speed_mps": 5.935730598039747e-05,
    "yaw_deg": -161.72349548339844,
    "route_progress_m": 53.241529200027,
    "world_from_ego_bevfusion": [
      [
        -0.9495541453361511,
        -0.3136030435562134,
        -0.00013372556713875383,
        77.28759002685547
      ],
      [
        0.3136030435562134,
        -0.9495541453361511,
        2.9580522095784545e-05,
        62.2798957824707
      ],
      [
        -0.00013625621795654297,
        -1.3848437447450124e-05,
        1.0,
        -0.004471473395824432
      ],
      [
        0.0,
        0.0,
        0.0,
        1.0
      ]
    ]
  },
  "detections": [
    {
      "detection_id": "sample_000100_det_0000",
      "class_id": 0,
      "class_name": "car",
      "class_group": "vehicle",
      "score": 0.58544921875,
      "position_ego": [
        6.136379241943359,
        0.2317047119140625,
        -1.513671875
      ],
      "size_xyz": [
        2.16015625,
        5.02734375,
        1.794921875
      ],
      "yaw_rad": -1.720703125,
      "velocity_ego": [
        -6.616115570068359e-06,
        -2.2649765014648438e-06
      ],
      "speed_mps": 6.9930754170600005e-06,
      "distance_m": 6.14075217497633,
      "bearing_deg": 2.1624149435081916,
      "source_confidence": 0.58544921875,
      "raw_box_9d": [
        6.136379241943359,
        0.2317047119140625,
        -1.513671875,
        2.16015625,
        5.02734375,
        1.794921875,
        -1.720703125,
        -6.616115570068359e-06,
        -2.2649765014648438e-06
      ]
    },
    {
      "detection_id": "sample_000100_det_0001",
      "class_id": 0,
      "class_name": "car",
      "class_group": "vehicle",
      "score": 0.541015625,
      "position_ego": [
        -28.399803161621094,
        5.9916534423828125,
        -1.107421875
      ],
      "size_xyz": [
        2.125,
        4.87890625,
        1.759765625
      ],
      "yaw_rad": -0.82080078125,
      "velocity_ego": [
        0.51318359375,
        -0.66552734375
      ],
      "speed_mps": 0.840407071705787,
      "distance_m": 29.02496736591518,
      "bearing_deg": 168.0867179199059,
      "source_confidence": 0.541015625,
      "raw_box_9d": [
        -28.399803161621094,
        5.9916534423828125,
        -1.107421875,
        2.125,
        4.87890625,
        1.759765625,
        -0.82080078125,
        0.51318359375,
        -0.66552734375
      ]
    },
    {
      "detection_id": "sample_000100_det_0003",
      "class_id": 0,
      "class_name": "car",
      "class_group": "vehicle",
      "score": 0.3662109375,
      "position_ego": [
        36.25880432128906,
        6.014942169189453,
        -1.2490234375
      ],
      "size_xyz": [
        2.20703125,
        4.99609375,
        1.7880859375
      ],
      "yaw_rad": 1.2568359375,
      "velocity_ego": [
        -6.616115570068359e-06,
        -2.2649765014648438e-06
      ],
      "speed_mps": 6.9930754170600005e-06,
      "distance_m": 36.75432518912875,
      "bearing_deg": 9.418972246737162,
      "source_confidence": 0.3662109375,
      "raw_box_9d": [
        36.25880432128906,
        6.014942169189453,
        -1.2490234375,
        2.20703125,
        4.99609375,
        1.7880859375,
        1.2568359375,
        -6.616115570068359e-06,
        -2.2649765014648438e-06
      ]
    },
    {
      "detection_id": "sample_000100_det_0002",
      "class_id": 4,
      "class_name": "trailer",
      "class_group": "vehicle",
      "score": 0.245361328125,
      "position_ego": [
        15.034278869628906,
        27.288848876953125,
        0.017578125
      ],
      "size_xyz": [
        3.484375,
        17.859375,
        3.59375
      ],
      "yaw_rad": -1.873046875,
      "velocity_ego": [
        6.2734375,
        0.78515625
      ],
      "speed_mps": 6.322379963535909,
      "distance_m": 31.156232348584062,
      "bearing_deg": 61.1482587468852,
      "source_confidence": 0.245361328125,
      "raw_box_9d": [
        15.034278869628906,
        27.288848876953125,
        0.017578125,
        3.484375,
        17.859375,
        3.59375,
        -1.873046875,
        6.2734375,
        0.78515625
      ]
    },
    {
      "detection_id": "sample_000100_det_0004",
      "class_id": 4,
      "class_name": "trailer",
      "class_group": "vehicle",
      "score": 0.153564453125,
      "position_ego": [
        26.269927978515625,
        30.964454650878906,
        0.2548828125
      ],
      "size_xyz": [
        3.650390625,
        18.6875,
        3.947265625
      ],
      "yaw_rad": 1.3857421875,
      "velocity_ego": [
        -0.75634765625,
        -1.0546875
      ],
      "speed_mps": 1.2978549609918353,
      "distance_m": 40.60673057293254,
      "bearing_deg": 49.68906580341628,
      "source_confidence": 0.153564453125,
      "raw_box_9d": [
        26.269927978515625,
        30.964454650878906,
        0.2548828125,
        3.650390625,
        18.6875,
        3.947265625,
        1.3857421875,
        -0.75634765625,
        -1.0546875
      ]
    },
    {
      "detection_id": "sample_000100_det_0005",
      "class_id": 0,
      "class_name": "car",
      "class_group": "vehicle",
      "score": 0.1470947265625,
      "position_ego": [
        19.483261108398438,
        33.91820526123047,
        -0.6806640625
      ],
      "size_xyz": [
        2.375,
        5.46875,
        2.1328125
      ],
      "yaw_rad": 1.291015625,
      "velocity_ego": [
        -4.7421875,
        -1.95703125
      ],
      "speed_mps": 5.1301377757944095,
      "distance_m": 39.11575272906037,
      "bearing_deg": 60.12612245332629,
      "source_confidence": 0.1470947265625,
      "raw_box_9d": [
        19.483261108398438,
        33.91820526123047,
        -0.6806640625,
        2.375,
        5.46875,
        2.1328125,
        1.291015625,
        -4.7421875,
        -1.95703125
      ]
    },
    {
      "detection_id": "sample_000100_det_0007",
      "class_id": 0,
      "class_name": "car",
      "class_group": "vehicle",
      "score": 0.135498046875,
      "position_ego": [
        44.49433898925781,
        12.586380004882812,
        -1.134765625
      ],
      "size_xyz": [
        2.2578125,
        5.046875,
        1.9033203125
      ],
      "yaw_rad": 1.2578125,
      "velocity_ego": [
        -6.616115570068359e-06,
        -2.2649765014648438e-06
      ],
      "speed_mps": 6.9930754170600005e-06,
      "distance_m": 46.240276423463364,
      "bearing_deg": 15.794934238543958,
      "source_confidence": 0.135498046875,