{
  "sample_name": "sample_000090",
  "sequence_index": 90,
  "frame_id": 60091,
  "timestamp": 444.01970088481903,
  "prediction_variant": "single",
  "source_sample_dir": "D:\\Agent-AI\\outputs\\s3a_ml_long_v2\\sample_000090",
  "source_prediction_dir": "D:\\Agent-AI\\outputs\\live_watch_compare_multilane\\lw_s3a_ml_long_v2\\inference\\sample_000090",
  "ego": {
    "frame_id": 60091,
    "timestamp": 444.01970088481903,
    "sample_name": "sample_000090",
    "town": "Carla/Maps/Town10HD_Opt",
    "weather": {
      "cloudiness": 20.0,
      "dust_storm": 0.0,
      "fog_density": 2.0,
      "fog_distance": 0.75,
      "fog_falloff": 0.10000000149011612,
      "mie_scattering_scale": 0.029999999329447746,
      "precipitation": 0.0,
      "precipitation_deposits": 0.0,
      "rayleigh_scattering_scale": 0.03310000151395798,
      "scattering_intensity": 1.0,
      "sun_altitude_angle": 45.0,
      "sun_azimuth_angle": 300.0,
      "wetness": 0.0,
      "wind_intensity": 10.0
    },
    "position_world": [
      77.2900619506836,
      62.2791633605957,
      -0.0029992293566465378
    ],
    "velocity_world": [
      0.005416104570031166,
      -0.0007506650290451944,
      0.00019215582869946957
    ],
    "speed_mps": 0.005471253107090466,
    "yaw_deg": -161.72311401367188,
    "route_progress_m": 53.23894814247808,
    "world_from_ego_bevfusion": [
      [
        -0.94952791929245,
        -0.3136059045791626,
        -0.006934877019375563,
        77.2900619506836
      ],
      [
        0.31360140442848206,
        -0.9495530724525452,
        0.001752456184476614,
        62.2791633605957
      ],
      [
        -0.0071346149779856205,
        -0.0005107813631184399,
        0.9999744296073914,
        -0.0029992293566465378
      ],
      [
        0.0,
        0.0,
        0.0,
        1.0
      ]
    ]
  },
  "detections": [
    {
      "detection_id": "sample_000090_det_0000",
      "class_id": 0,
      "class_name": "car",
      "class_group": "vehicle",
      "score": 0.63232421875,
      "position_ego": [
        6.092433929443359,
        0.26682281494140625,
        -1.42578125
      ],
      "size_xyz": [
        2.111328125,
        4.99609375,
        1.76171875
      ],
      "yaw_rad": -1.712890625,
      "velocity_ego": [
        -6.616115570068359e-06,
        -2.2649765014648438e-06
      ],
      "speed_mps": 6.9930754170600005e-06,
      "distance_m": 6.098273985252377,
      "bearing_deg": 2.507710090586015,
      "source_confidence": 0.63232421875,
      "raw_box_9d": [
        6.092433929443359,
        0.26682281494140625,
        -1.42578125,
        2.111328125,
        4.99609375,
        1.76171875,
        -1.712890625,
        -6.616115570068359e-06,
        -2.2649765014648438e-06
      ]
    },
    {
      "detection_id": "sample_000090_det_0002",
      "class_id": 0,
      "class_name": "car",
      "class_group": "vehicle",
      "score": 0.58349609375,
      "position_ego": [
        36.299949645996094,
        6.062404632568359,
        -0.732421875
      ],
      "size_xyz": [
        2.166015625,
        4.9453125,
        1.8427734375
      ],
      "yaw_rad": 1.2314453125,
      "velocity_ego": [
        -6.616115570068359e-06,
        -2.2649765014648438e-06
      ],
      "speed_mps": 6.9930754170600005e-06,
      "distance_m": 36.80270498524311,
      "bearing_deg": 9.48138431555569,
      "source_confidence": 0.58349609375,
      "raw_box_9d": [
        36.299949645996094,
        6.062404632568359,
        -0.732421875,
        2.166015625,
        4.9453125,
        1.8427734375,
        1.2314453125,
        -6.616115570068359e-06,
        -2.2649765014648438e-06
      ]
    },
    {
      "detection_id": "sample_000090_det_0003",
      "class_id": 0,
      "class_name": "car",
      "class_group": "vehicle",
      "score": 0.57861328125,
      "position_ego": [
        -28.416501998901367,
        5.9337921142578125,
        -1.4658203125
      ],
      "size_xyz": [
        2.1796875,
        5.08203125,
        1.7802734375
      ],
      "yaw_rad": -0.83154296875,
      "velocity_ego": [
        0.228759765625,
        -0.31103515625
      ],
      "speed_mps": 0.3861008919858472,
      "distance_m": 29.029424291721558,
      "bearing_deg": 168.20526364560195,
      "source_confidence": 0.57861328125,
      "raw_box_9d": [
        -28.416501998901367,
        5.9337921142578125,
        -1.4658203125,
        2.1796875,
        5.08203125,
        1.7802734375,
        -0.83154296875,
        0.228759765625,
        -0.31103515625
      ]
    },
    {
      "detection_id": "sample_000090_det_0001",
      "class_id": 0,
      "class_name": "car",
      "class_group": "vehicle",
      "score": 0.53857421875,
      "position_ego": [
        37.619972229003906,
        3.3127479553222656,
        -0.908203125
      ],
      "size_xyz": [
        2.1953125,
        5.0234375,
        1.8388671875
      ],
      "yaw_rad": 1.22265625,
      "velocity_ego": [
        -6.616115570068359e-06,
        -2.2649765014648438e-06
      ],
      "speed_mps": 6.9930754170600005e-06,
      "distance_m": 37.76554791773207,
      "bearing_deg": 5.03238394005261,
      "source_confidence": 0.53857421875,
      "raw_box_9d": [
        37.619972229003906,
        3.3127479553222656,
        -0.908203125,
        2.1953125,
        5.0234375,
        1.8388671875,
        1.22265625,
        -6.616115570068359e-06,
        -2.2649765014648438e-06
      ]
    },
    {
      "detection_id": "sample_000090_det_0004",
      "class_id": 0,
      "class_name": "car",
      "class_group": "vehicle",
      "score": 0.401611328125,
      "position_ego": [
        -33.19086837768555,
        -4.570308685302734,
        -1.205078125
      ],
      "size_xyz": [
        2.208984375,
        5.0703125,
        1.8583984375
      ],
      "yaw_rad": -1.3408203125,
      "velocity_ego": [
        3.00390625,
        -0.5859375
      ],
      "speed_mps": 3.060518830638902,
      "distance_m": 33.50405147357257,
      "bearing_deg": -172.1598024470555,
      "source_confidence": 0.401611328125,
      "raw_box_9d": [
        -33.19086837768555,
        -4.570308685302734,
        -1.205078125,
        2.208984375,
        5.0703125,
        1.8583984375,
        -1.3408203125,
        3.00390625,
        -0.5859375
      ]
    },
    {
      "detection_id": "sample_000090_det_0005",
      "class_id": 0,
      "class_name": "car",
      "class_group": "vehicle",
      "score": 0.32080078125,
      "position_ego": [
        19.50379180908203,
        34.05029296875,
        -0.62890625
      ],
      "size_xyz": [
        2.322265625,
        5.28125,
        2.087890625
      ],
      "yaw_rad": 1.2236328125,
      "velocity_ego": [
        -6.616115570068359e-06,
        -2.2649765014648438e-06
      ],
      "speed_mps": 6.9930754170600005e-06,
      "distance_m": 39.24054467243951,
      "bearing_deg": 60.19619234998582,
      "source_confidence": 0.32080078125,
      "raw_box_9d": [
        19.50379180908203,
        34.05029296875,
        -0.62890625,
        2.322265625,
        5.28125,
        2.087890625,
        1.2236328125,
        -6.616115570068359e-06,
        -2.2649765014648438e-06
      ]
    },
    {
      "detection_id": "sample_000090_det_0006",
      "class_id": 0,
      "class_name": "car",
      "class_group": "vehicle",
      "score": 0.294921875,
      "position_ego": [
        44.37378692626953,
        12.561187744140625,
        -0.91162109375
      ],
      "size_xyz": [
        2.1796875,
        4.9453125,
        1.91796875
      ],
      "yaw_rad": 1.19140625,
      "velocity_ego": [
        -6.616115570068359e-06,
        -2.2649765014648438e-06
      ],
      "speed_mps": 6.9930754170600005e-06,
      "distance_m": 46.11741974266901,
      "bearing_deg": 15.80558478884995,
      "source_confidence": 0.294921875,