{
  "frame": 3935,
  "timestamp": 40.63108656927943,
  "sample_name": "sample_000015",
  "ego": {
    "frame_id": 3935,
    "timestamp": 40.63108656927943,
    "sample_name": "sample_000015",
    "town": "Carla/Maps/Town10HD_Opt",
    "weather": {
      "cloudiness": 20.0,
      "dust_storm": 0.0,
      "fog_density": 2.0,
      "fog_distance": 0.75,
      "fog_falloff": 0.10000000149011612,
      "mie_scattering_scale": 0.029999999329447746,
      "precipitation": 0.0,
      "precipitation_deposits": 0.0,
      "rayleigh_scattering_scale": 0.03310000151395798,
      "scattering_intensity": 1.0,
      "sun_altitude_angle": 45.0,
      "sun_azimuth_angle": 300.0,
      "wetness": 0.0,
      "wind_intensity": 10.0
    },
    "position_world": [
      109.32575225830078,
      29.059804916381836,
      -0.005972022656351328
    ],
    "velocity_world": [
      -1.0817493200302124,
      8.818532943725586,
      6.937980651855469e-05
    ],
    "speed_mps": 8.884633074909331,
    "yaw_deg": -96.66128540039062,
    "route_progress_m": 7.9477289152195985,
    "world_from_ego_bevfusion": [
      [
        -0.11599626392126083,
        -0.9932339191436768,
        0.005587454419583082,
        109.32575225830078
      ],
      [
        0.9932200908660889,
        -0.11603434383869171,
        -0.007054342422634363,
        29.059804916381836
      ],
      [
        0.007654949091374874,
        0.004731294699013233,
        0.9999594688415527,
        -0.005972022656351328
      ],
      [
        0.0,
        0.0,
        0.0,
        1.0
      ]
    ],
    "position_world_carla": [
      109.32575225830078,
      -29.059804916381836,
      -0.005972022656351328
    ]
  },
  "scene": {
    "active_object_count": 2,
    "front_free_space_m": null,
    "left_side_occupancy": 0.4336730416271988,
    "right_side_occupancy": 0.0,
    "rear_gap_m": null,
    "nearest_front_vehicle": null,
    "nearest_vru": null,
    "nearest_any_object": {
      "track_id": 1,
      "class": "car",
      "distance_m": 16.989808751184036,
      "bearing_deg": 11.004482590900608,
      "position_ego": [
        16.677404434677896,
        3.2431131222940133,
        -1.62890625
      ],
      "velocity_ego": [
        -4.751102824457144,
        -1.1355986379118463
      ],
      "risk_level": "medium",
      "risk_score": 0.42257643436611975
    },
    "abnormal_flags": [],
    "lane_scene": {
      "current_lane_blocked": false,
      "front_object_in_current_lane": null,
      "front_object_count_current_lane": 0,
      "left_lane_occupancy_count": 0,
      "right_lane_occupancy_count": 0,
      "left_lane_available": true,
      "right_lane_available": false,
      "junction_active": false,
      "junction_ahead": false
    }
  },
  "risk_summary": {
    "highest_risk_level": "medium",
    "highest_risk_score": 0.42257643436611975,
    "urgent_track_ids": [],
    "front_hazard_track_id": null,
    "nearest_front_vehicle_distance_m": 16.989808751184036,
    "nearest_vru_distance_m": null,
    "minimum_ttc_seconds": 3.5102175328279577,
    "flags": []
  },
  "decision_context": {
    "recommended_maneuvers": [
      "keep_lane"
    ],
    "hard_constraints": [],
    "soft_constraints": [
      "prefer_right_if_replan"
    ],
    "stage2_decision_intent": {
      "frame_id": 3935,
      "timestamp": 40.63108656927943,
      "maneuver": "slow_down",
      "target_speed_mps": 7.107706459927465,
      "lane_preference": "prefer_right",
      "constraints": [],
      "confidence": 0.65,
      "reasoning_tags": [
        "medium_risk_scene"
      ]
    },
    "maneuver_validation_preview": {
      "frame_id": 3935,
      "requested_intent": {
        "frame_id": 3935,
        "timestamp": 40.63108656927943,
        "maneuver": "slow_down",
        "target_speed_mps": 7.107706459927465,
        "lane_preference": "prefer_right",
        "constraints": [],
        "confidence": 0.65,
        "reasoning_tags": [
          "medium_risk_scene"
        ]
      },
      "valid_maneuvers": [
        "keep_lane",
        "slow_down",
        "lane_change_left"
      ],
      "invalid_maneuvers": [
        {
          "maneuver": "follow",
          "reason": "no_front_object_in_current_lane"
        },
        {
          "maneuver": "stop",
          "reason": "no_immediate_stop_condition"
        },
        {
          "maneuver": "yield",
          "reason": "no_vru_yield_condition"
        },
        {
          "maneuver": "lane_change_right",
          "reason": "no_right_lane"
        }
      ],
      "selected_behavior": "slow_down",
      "selected_maneuver": "slow_down",
      "lane_change_permission": {
        "left": true,
        "right": false,
        "left_reason": null,
        "right_reason": "no_right_lane"
      },
      "reasoning_tags": []
    }
  },
  "lane_context": {
    "frame_id": 3935,
    "sample_name": "sample_000015",
    "current_lane": {
      "exists": true,
      "role": "current_lane",
      "road_id": 10,
      "section_id": 0,
      "lane_id": -2,
      "lane_width_m": 3.5,
      "lane_type": "Driving",
      "lane_change": "Left",
      "same_direction_as_ego": true,
      "transform_carla": {
        "location": {
          "x": 109.567138671875,
          "y": -29.351097106933594,
          "z": 0.0
        },
        "rotation": {
          "roll": 0.0,
          "pitch": 0.0,
          "yaw": -97.83698272705078
        }
      },
      "transform_bevfusion_world": {
        "location": {
          "x": 109.567138671875,
          "y": 29.351097106933594,
          "z": 0.0
        },
        "rotation": {
          "roll": 0.0,
          "pitch": 0.0,
          "yaw": -97.83698272705078
        }
      },
      "lane_change_allowed_from_current": false
    },
    "left_lane": {
      "exists": true,
      "role": "left_lane",
      "road_id": 10,
      "section_id": 0,
      "lane_id": -1,
      "lane_width_m": 3.5,
      "lane_type": "Driving",
      "lane_change": "Right",
      "same_direction_as_ego": true,
      "transform_carla": {
        "location": {
          "x": 106.0998306274414,
          "y": -28.87385368347168,
          "z": 0.0
        },
        "rotation": {
          "roll": 0.0,
          "pitch": 0.0,
          "yaw": -97.83698272705078
        }
      },
      "transform_bevfusion_world": {
        "location": {
          "x": 106.0998306274414,
          "y": 28.87385368347168,
          "z": 0.0
        },
        "rotation": {
          "roll": 0.0,
          "pitch": 0.0,
          "yaw": -97.83698272705078
        }
      },
      "lane_change_allowed_from_current": true
    },
    "right_lane": {
      "exists": false,
      "role": "right_lane",
      "road_id": null,
      "section_id": null,
      "lane_id": null,
      "lane_width_m": null,
      "lane_type": null,
      "lane_change": null,
      "same_direction_as_ego": false,
      "transform_carla": null,
      "transform_bevfusion_world": null,
      "lane_change_allowed_from_current": false
    },
    "forward_corridor": {
      "horizon_m": 60.0,
      "sample_step_m": 5.0,
      "chain": [
        {
          "distance_m": 0.0,
          "road_id": 10,
          "section_id": 0,
          "lane_id": -2,
          "is_junction": false,
          "yaw_deg": -97.83698272705078,
          "position_carla": {
            "x": 109.567138671875,
            "y": -29.351097106933594,
            "z": 0.0
          },
          "position_bevfusion_world": {
            "x": 109.567138671875,
            "y": 29.351097106933594,
            "z": 0.0
          }
        },
        {
          "distance_m": 5.0,
          "road_id": 10,
          "section_id": 0,
          "lane_id": -2,
          "is_junction": false,
          "yaw_deg": -105.105712890625,
          "position_carla": {
            "x": 108.44104766845703,
            "y": -34.90021896362305,
            "z": 0.0
          },