{
  "active_object_count": 3,
  "front_free_space_m": 17.614346149899447,
  "left_side_occupancy": 0.0,
  "right_side_occupancy": 0.0,
  "rear_gap_m": null,
  "nearest_front_vehicle": {
    "track_id": 1,
    "class": "car",
    "distance_m": 18.686874267347537,
    "bearing_deg": 2.6373732583584517,
    "position_ego": [
      18.667080524899447,
      0.8598689205776471,
      -1.5224609375
    ],
    "velocity_ego": [
      -5.41341440216482,
      -2.2642860257269177
    ],
    "risk_level": "high",
    "risk_score": 0.6598484429948935
  },
  "nearest_vru": null,
  "nearest_any_object": {
    "track_id": 1,
    "class": "car",
    "distance_m": 18.686874267347537,
    "bearing_deg": 2.6373732583584517,
    "position_ego": [
      18.667080524899447,
      0.8598689205776471,
      -1.5224609375
    ],
    "velocity_ego": [
      -5.41341440216482,
      -2.2642860257269177
    ],
    "risk_level": "high",
    "risk_score": 0.6598484429948935
  },
  "abnormal_flags": [
    "high_risk_scene"
  ]
}