{
  "active_object_count": 4,
  "front_free_space_m": 5.053922855347429,
  "left_side_occupancy": 0.0,
  "right_side_occupancy": 0.0,
  "rear_gap_m": null,
  "nearest_front_vehicle": {
    "track_id": 2,
    "class": "car",
    "distance_m": 6.117422142615249,
    "bearing_deg": 2.2946989686765855,
    "position_ego": [
      6.112516605347429,
      0.24493758452159836,
      -1.53515625
    ],
    "velocity_ego": [
      0.012394462958624442,
      0.010131385022637515
    ],
    "risk_level": "high",
    "risk_score": 0.6541193339303857
  },
  "nearest_vru": null,
  "nearest_any_object": {
    "track_id": 2,
    "class": "car",
    "distance_m": 6.117422142615249,
    "bearing_deg": 2.2946989686765855,
    "position_ego": [
      6.112516605347429,
      0.24493758452159836,
      -1.53515625
    ],
    "velocity_ego": [
      0.012394462958624442,
      0.010131385022637515
    ],
    "risk_level": "high",
    "risk_score": 0.6541193339303857
  },
  "abnormal_flags": [
    "front_blocked",
    "high_risk_scene"
  ]
}