{
  "sample_name": "sample_000029",
  "sequence_index": 29,
  "frame_id": 60030,
  "timestamp": 437.91970079392195,
  "prediction_variant": "single",
  "source_sample_dir": "D:\\Agent-AI\\outputs\\s3a_ml_long_v2\\sample_000029",
  "source_prediction_dir": "D:\\Agent-AI\\outputs\\live_watch_compare_multilane\\lw_s3a_ml_long_v2\\inference\\sample_000029",
  "ego": {
    "frame_id": 60030,
    "timestamp": 437.91970079392195,
    "sample_name": "sample_000029",
    "town": "Carla/Maps/Town10HD_Opt",
    "weather": {
      "cloudiness": 20.0,
      "dust_storm": 0.0,
      "fog_density": 2.0,
      "fog_distance": 0.75,
      "fog_falloff": 0.10000000149011612,
      "mie_scattering_scale": 0.029999999329447746,
      "precipitation": 0.0,
      "precipitation_deposits": 0.0,
      "rayleigh_scattering_scale": 0.03310000151395798,
      "scattering_intensity": 1.0,
      "sun_altitude_angle": 45.0,
      "sun_azimuth_angle": 300.0,
      "wetness": 0.0,
      "wind_intensity": 10.0
    },
    "position_world": [
      102.09529876708984,
      41.10532760620117,
      -0.004107093904167414
    ],
    "velocity_world": [
      -3.568457841873169,
      6.992671966552734,
      -0.00011559486301848665
    ],
    "speed_mps": 7.8505638405404214,
    "yaw_deg": -114.98229217529297,
    "route_progress_m": 19.65671860637242,
    "world_from_ego_bevfusion": [
      [
        -0.4223378300666809,
        -0.906380832195282,
        0.010227621532976627,
        102.09529876708984
      ],
      [
        0.9064379334449768,
        -0.4222976863384247,
        0.005915905348956585,
        41.10532760620117
      ],
      [
        -0.0010429617250338197,
        0.011769214645028114,
        0.999930202960968,
        -0.004107093904167414
      ],
      [
        0.0,
        0.0,
        0.0,
        1.0
      ]
    ]
  },
  "detections": [
    {
      "detection_id": "sample_000029_det_0000",
      "class_id": 0,
      "class_name": "car",
      "class_group": "vehicle",
      "score": 0.6953125,
      "position_ego": [
        5.5001983642578125,
        -3.1362266540527344,
        -1.419921875
      ],
      "size_xyz": [
        2.197265625,
        5.14453125,
        1.8232421875
      ],
      "yaw_rad": -1.6123046875,
      "velocity_ego": [
        -6.616115570068359e-06,
        -2.2649765014648438e-06
      ],
      "speed_mps": 6.9930754170600005e-06,
      "distance_m": 6.331516380123732,
      "bearing_deg": -29.69189500025864,
      "source_confidence": 0.6953125,
      "raw_box_9d": [
        5.5001983642578125,
        -3.1362266540527344,
        -1.419921875,
        2.197265625,
        5.14453125,
        1.8232421875,
        -1.6123046875,
        -6.616115570068359e-06,
        -2.2649765014648438e-06
      ]
    },
    {
      "detection_id": "sample_000029_det_0001",
      "class_id": 0,
      "class_name": "car",
      "class_group": "vehicle",
      "score": 0.5380859375,
      "position_ego": [
        33.73213195800781,
        18.299484252929688,
        -1.427734375
      ],
      "size_xyz": [
        2.216796875,
        5.1875,
        1.857421875
      ],
      "yaw_rad": -2.6171875,
      "velocity_ego": [
        0.0243682861328125,
        0.0172271728515625
      ],
      "speed_mps": 0.0298427353556646,
      "distance_m": 38.37613646989068,
      "bearing_deg": 28.479572174503506,
      "source_confidence": 0.5380859375,
      "raw_box_9d": [
        33.73213195800781,
        18.299484252929688,
        -1.427734375,
        2.216796875,
        5.1875,
        1.857421875,
        -2.6171875,
        0.0243682861328125,
        0.0172271728515625
      ]
    },
    {
      "detection_id": "sample_000029_det_0002",
      "class_id": 0,
      "class_name": "car",
      "class_group": "vehicle",
      "score": 0.392822265625,
      "position_ego": [
        50.03804016113281,
        44.148780822753906,
        -1.5205078125
      ],
      "size_xyz": [
        2.234375,
        5.046875,
        1.884765625
      ],
      "yaw_rad": 0.408935546875,
      "velocity_ego": [
        -6.616115570068359e-06,
        -2.2649765014648438e-06
      ],
      "speed_mps": 6.9930754170600005e-06,
      "distance_m": 66.73020538933402,
      "bearing_deg": 41.42210043335864,
      "source_confidence": 0.392822265625,
      "raw_box_9d": [
        50.03804016113281,
        44.148780822753906,
        -1.5205078125,
        2.234375,
        5.046875,
        1.884765625,
        0.408935546875,
        -6.616115570068359e-06,
        -2.2649765014648438e-06
      ]
    },
    {
      "detection_id": "sample_000029_det_0003",
      "class_id": 0,
      "class_name": "car",
      "class_group": "vehicle",
      "score": 0.1629638671875,
      "position_ego": [
        53.02185821533203,
        43.242774963378906,
        -1.4130859375
      ],
      "size_xyz": [
        2.287109375,
        5.21875,
        1.986328125
      ],
      "yaw_rad": 0.420654296875,
      "velocity_ego": [
        -6.616115570068359e-06,
        -2.2649765014648438e-06
      ],
      "speed_mps": 6.9930754170600005e-06,
      "distance_m": 68.41969771301392,
      "bearing_deg": 39.19948252715012,
      "source_confidence": 0.1629638671875,
      "raw_box_9d": [
        53.02185821533203,
        43.242774963378906,
        -1.4130859375,
        2.287109375,
        5.21875,
        1.986328125,
        0.420654296875,
        -6.616115570068359e-06,
        -2.2649765014648438e-06
      ]
    },
    {
      "detection_id": "sample_000029_det_0004",
      "class_id": 6,
      "class_name": "motorcycle",
      "class_group": "vru",
      "score": 0.117919921875,
      "position_ego": [
        36.92113494873047,
        52.55229949951172,
        -1.6953125
      ],
      "size_xyz": [
        0.923828125,
        2.55078125,
        1.560546875
      ],
      "yaw_rad": 0.161376953125,
      "velocity_ego": [
        5.364418029785156e-07,
        -1.6629695892333984e-05
      ],
      "speed_mps": 1.6638345929794e-05,
      "distance_m": 64.22549640593482,
      "bearing_deg": 54.90966334709561,
      "source_confidence": 0.117919921875,
      "raw_box_9d": [
        36.92113494873047,
        52.55229949951172,
        -1.6953125,
        0.923828125,
        2.55078125,
        1.560546875,
        0.161376953125,
        5.364418029785156e-07,
        -1.6629695892333984e-05
      ]
    }
  ],
  "class_names": [
    "car",
    "truck",
    "construction_vehicle",
    "bus",
    "trailer",
    "barrier",
    "motorcycle",
    "bicycle",
    "pedestrian",
    "traffic_cone"
  ],
  "raw_prediction_count": 200,
  "filtered_prediction_count": 5
}