{
  "sample_name": "sample_000095",
  "sequence_index": 95,
  "frame_id": 60096,
  "timestamp": 444.5197008922696,
  "prediction_variant": "single",
  "source_sample_dir": "D:\\Agent-AI\\outputs\\s3a_ml_long_v2\\sample_000095",
  "source_prediction_dir": "D:\\Agent-AI\\outputs\\live_watch_compare_multilane\\lw_s3a_ml_long_v2\\inference\\sample_000095",
  "ego": {
    "frame_id": 60096,
    "timestamp": 444.5197008922696,
    "sample_name": "sample_000095",
    "town": "Carla/Maps/Town10HD_Opt",
    "weather": {
      "cloudiness": 20.0,
      "dust_storm": 0.0,
      "fog_density": 2.0,
      "fog_distance": 0.75,
      "fog_falloff": 0.10000000149011612,
      "mie_scattering_scale": 0.029999999329447746,
      "precipitation": 0.0,
      "precipitation_deposits": 0.0,
      "rayleigh_scattering_scale": 0.03310000151395798,
      "scattering_intensity": 1.0,
      "sun_altitude_angle": 45.0,
      "sun_azimuth_angle": 300.0,
      "wetness": 0.0,
      "wind_intensity": 10.0
    },
    "position_world": [
      77.2878189086914,
      62.27981948852539,
      -0.004339637700468302
    ],
    "velocity_world": [
      0.0006430686335079372,
      -0.00016321563452947885,
      -5.111694008519407e-06
    ],
    "speed_mps": 0.0006634777616260117,
    "yaw_deg": -161.72349548339844,
    "route_progress_m": 53.24128732519133,
    "world_from_ego_bevfusion": [
      [
        -0.9495538473129272,
        -0.3136029839515686,
        -0.0007316239061765373,
        77.2878189086914
      ],
      [
        0.3136029541492462,
        -0.9495541453361511,
        0.0001692688383627683,
        62.27981948852539
      ],
      [
        -0.000747799756936729,
        -6.870952347526327e-05,
        0.9999997019767761,
        -0.004339637700468302
      ],
      [
        0.0,
        0.0,
        0.0,
        1.0
      ]
    ]
  },
  "detections": [
    {
      "detection_id": "sample_000095_det_0001",
      "class_id": 0,
      "class_name": "car",
      "class_group": "vehicle",
      "score": 0.66455078125,
      "position_ego": [
        -28.426427841186523,
        5.997657775878906,
        -1.2275390625
      ],
      "size_xyz": [
        2.115234375,
        4.8125,
        1.8046875
      ],
      "yaw_rad": -0.859375,
      "velocity_ego": [
        0.11407470703125,
        -0.11480712890625
      ],
      "speed_mps": 0.16184472692047097,
      "distance_m": 29.052258063819153,
      "bearing_deg": 168.08597077099233,
      "source_confidence": 0.66455078125,
      "raw_box_9d": [
        -28.426427841186523,
        5.997657775878906,
        -1.2275390625,
        2.115234375,
        4.8125,
        1.8046875,
        -0.859375,
        0.11407470703125,
        -0.11480712890625
      ]
    },
    {
      "detection_id": "sample_000095_det_0000",
      "class_id": 0,
      "class_name": "car",
      "class_group": "vehicle",
      "score": 0.64453125,
      "position_ego": [
        37.67915344238281,
        3.3092002868652344,
        -1.17578125
      ],
      "size_xyz": [
        2.193359375,
        4.98046875,
        1.798828125
      ],
      "yaw_rad": 1.2314453125,
      "velocity_ego": [
        -6.616115570068359e-06,
        -2.2649765014648438e-06
      ],
      "speed_mps": 6.9930754170600005e-06,
      "distance_m": 37.82419081319807,
      "bearing_deg": 5.019166929914191,
      "source_confidence": 0.64453125,
      "raw_box_9d": [
        37.67915344238281,
        3.3092002868652344,
        -1.17578125,
        2.193359375,
        4.98046875,
        1.798828125,
        1.2314453125,
        -6.616115570068359e-06,
        -2.2649765014648438e-06
      ]
    },
    {
      "detection_id": "sample_000095_det_0002",
      "class_id": 0,
      "class_name": "car",
      "class_group": "vehicle",
      "score": 0.6376953125,
      "position_ego": [
        6.111183166503906,
        0.2601585388183594,
        -1.466796875
      ],
      "size_xyz": [
        2.123046875,
        4.98828125,
        1.7548828125
      ],
      "yaw_rad": -1.7265625,
      "velocity_ego": [
        -6.616115570068359e-06,
        -2.2649765014648438e-06
      ],
      "speed_mps": 6.9930754170600005e-06,
      "distance_m": 6.116718250817248,
      "bearing_deg": 2.4376607669641213,
      "source_confidence": 0.6376953125,
      "raw_box_9d": [
        6.111183166503906,
        0.2601585388183594,
        -1.466796875,
        2.123046875,
        4.98828125,
        1.7548828125,
        -1.7265625,
        -6.616115570068359e-06,
        -2.2649765014648438e-06
      ]
    },
    {
      "detection_id": "sample_000095_det_0003",
      "class_id": 0,
      "class_name": "car",
      "class_group": "vehicle",
      "score": 0.54541015625,
      "position_ego": [
        36.26557922363281,
        6.0700225830078125,
        -1.2705078125
      ],
      "size_xyz": [
        2.177734375,
        4.9140625,
        1.798828125
      ],
      "yaw_rad": 1.2431640625,
      "velocity_ego": [
        -6.616115570068359e-06,
        -2.2649765014648438e-06
      ],
      "speed_mps": 6.9930754170600005e-06,
      "distance_m": 36.77006133505644,
      "bearing_deg": 9.501914814301719,
      "source_confidence": 0.54541015625,
      "raw_box_9d": [
        36.26557922363281,
        6.0700225830078125,
        -1.2705078125,
        2.177734375,
        4.9140625,
        1.798828125,
        1.2431640625,
        -6.616115570068359e-06,
        -2.2649765014648438e-06
      ]
    },
    {
      "detection_id": "sample_000095_det_0004",
      "class_id": 0,
      "class_name": "car",
      "class_group": "vehicle",
      "score": 0.2548828125,
      "position_ego": [
        26.39165496826172,
        -8.60544204711914,
        -1.1953125
      ],
      "size_xyz": [
        2.205078125,
        4.94921875,
        1.81640625
      ],
      "yaw_rad": 1.38671875,
      "velocity_ego": [
        -6.616115570068359e-06,
        -2.2649765014648438e-06
      ],
      "speed_mps": 6.9930754170600005e-06,
      "distance_m": 27.759198201498897,
      "bearing_deg": -18.059427191650048,
      "source_confidence": 0.2548828125,
      "raw_box_9d": [
        26.39165496826172,
        -8.60544204711914,
        -1.1953125,
        2.205078125,
        4.94921875,
        1.81640625,
        1.38671875,
        -6.616115570068359e-06,
        -2.2649765014648438e-06
      ]
    },
    {
      "detection_id": "sample_000095_det_0005",
      "class_id": 0,
      "class_name": "car",
      "class_group": "vehicle",
      "score": 0.2474365234375,
      "position_ego": [
        19.705520629882812,
        33.926902770996094,
        -0.73046875
      ],
      "size_xyz": [
        2.3125,
        5.31640625,
        2.06640625
      ],
      "yaw_rad": 1.208984375,
      "velocity_ego": [
        -0.0005521774291992188,
        -0.00759124755859375
      ],
      "speed_mps": 0.0076113033975248046,
      "distance_m": 39.2344526523228,
      "bearing_deg": 59.85100087137514,
      "source_confidence": 0.2474365234375,
      "raw_box_9d": [
        19.705520629882812,
        33.926902770996094,
        -0.73046875,
        2.3125,
        5.31640625,
        2.06640625,
        1.208984375,
        -0.0005521774291992188,
        -0.00759124755859375
      ]
    },
    {
      "detection_id": "sample_000095_det_0007",
      "class_id": 0,
      "class_name": "car",
      "class_group": "vehicle",
      "score": 0.220458984375,
      "position_ego": [
        34.88555145263672,
        22.117530822753906,
        -1.0498046875
      ],
      "size_xyz": [
        2.2578125,
        5.09765625,
        1.8525390625
      ],
      "yaw_rad": 1.30078125,
      "velocity_ego": [
        -6.616115570068359e-06,
        -2.2649765014648438e-06
      ],
      "speed_mps": 6.9930754170600005e-06,
      "distance_m": 41.306014935479226,
      "bearing_deg": 32.37480419530721,
      "source_confidence": 0.220458984375,