{
  "active_object_count": 2,
  "front_free_space_m": 5.367156434010848,
  "left_side_occupancy": 0.0,
  "right_side_occupancy": 0.7729806470128686,
  "rear_gap_m": null,
  "nearest_front_vehicle": {
    "track_id": 1,
    "class": "car",
    "distance_m": 6.426913906062864,
    "bearing_deg": 2.045041106254682,
    "position_ego": [
      6.422820496510848,
      0.2293452104238115,
      -1.482421875
    ],
    "velocity_ego": [
      -0.16013907267011473,
      0.007759005473177633
    ],
    "risk_level": "high",
    "risk_score": 0.6517981457045285
  },
  "nearest_vru": null,
  "nearest_any_object": {
    "track_id": 1,
    "class": "car",
    "distance_m": 6.426913906062864,
    "bearing_deg": 2.045041106254682,
    "position_ego": [
      6.422820496510848,
      0.2293452104238115,
      -1.482421875
    ],
    "velocity_ego": [
      -0.16013907267011473,
      0.007759005473177633
    ],
    "risk_level": "high",
    "risk_score": 0.6517981457045285
  },
  "abnormal_flags": [
    "front_blocked",
    "high_risk_scene"
  ]
}