{
  "sample_name": "sample_000017",
  "sequence_index": 17,
  "frame_id": 726290,
  "timestamp": 4998.894624743611,
  "prediction_variant": "single",
  "source_sample_dir": "D:\\Agent-AI\\outputs\\s3a_ml_long_v1\\sample_000017",
  "source_prediction_dir": "D:\\Agent-AI\\outputs\\live_watch_compare_multilane\\lw_s3a_ml_long_v1\\inference\\sample_000017",
  "ego": {
    "frame_id": 726290,
    "timestamp": 4998.894624743611,
    "sample_name": "sample_000017",
    "town": "Carla/Maps/Town10HD_Opt",
    "weather": {
      "cloudiness": 20.0,
      "dust_storm": 0.0,
      "fog_density": 2.0,
      "fog_distance": 0.75,
      "fog_falloff": 0.10000000149011612,
      "mie_scattering_scale": 0.029999999329447746,
      "precipitation": 0.0,
      "precipitation_deposits": 0.0,
      "rayleigh_scattering_scale": 0.03310000151395798,
      "scattering_intensity": 1.0,
      "sun_altitude_angle": 45.0,
      "sun_azimuth_angle": 300.0,
      "wetness": 0.0,
      "wind_intensity": 10.0
    },
    "position_world": [
      105.31021118164062,
      31.79530143737793,
      -0.002550926059484482
    ],
    "velocity_world": [
      -1.267815113067627,
      5.408944129943848,
      -9.34600830078125e-05
    ],
    "speed_mps": 5.55554063710378,
    "yaw_deg": -101.77452087402344,
    "route_progress_m": 9.782081715001024,
    "world_from_ego_bevfusion": [
      [
        -0.20405350625514984,
        -0.9789376854896545,
        0.006574975326657295,
        105.31021118164062
      ],
      [
        0.9789237976074219,
        -0.20398388803005219,
        0.009935659356415272,
        31.79530143737793
      ],
      [
        -0.008385201916098595,
        0.008463805541396141,
        0.9999290108680725,
        -0.002550926059484482
      ],
      [
        0.0,
        0.0,
        0.0,
        1.0
      ]
    ]
  },
  "detections": [
    {
      "detection_id": "sample_000017_det_0000",
      "class_id": 0,
      "class_name": "car",
      "class_group": "vehicle",
      "score": 0.76318359375,
      "position_ego": [
        12.110893249511719,
        1.6144065856933594,
        -1.337890625
      ],
      "size_xyz": [
        2.15234375,
        4.98046875,
        1.80859375
      ],
      "yaw_rad": -1.8330078125,
      "velocity_ego": [
        -6.616115570068359e-06,
        -2.2649765014648438e-06
      ],
      "speed_mps": 6.9930754170600005e-06,
      "distance_m": 12.218021276990747,
      "bearing_deg": 7.592880817415259,
      "source_confidence": 0.76318359375,
      "raw_box_9d": [
        12.110893249511719,
        1.6144065856933594,
        -1.337890625,
        2.15234375,
        4.98046875,
        1.80859375,
        -1.8330078125,
        -6.616115570068359e-06,
        -2.2649765014648438e-06
      ]
    },
    {
      "detection_id": "sample_000017_det_0001",
      "class_id": 0,
      "class_name": "car",
      "class_group": "vehicle",
      "score": 0.623046875,
      "position_ego": [
        30.697998046875,
        8.691875457763672,
        -1.1396484375
      ],
      "size_xyz": [
        2.1484375,
        4.93359375,
        1.814453125
      ],
      "yaw_rad": -2.345703125,
      "velocity_ego": [
        -6.616115570068359e-06,
        -2.2649765014648438e-06
      ],
      "speed_mps": 6.9930754170600005e-06,
      "distance_m": 31.904792477921177,
      "bearing_deg": 15.809015943539565,
      "source_confidence": 0.623046875,
      "raw_box_9d": [
        30.697998046875,
        8.691875457763672,
        -1.1396484375,
        2.1484375,
        4.93359375,
        1.814453125,
        -2.345703125,
        -6.616115570068359e-06,
        -2.2649765014648438e-06
      ]
    },
    {
      "detection_id": "sample_000017_det_0003",
      "class_id": 0,
      "class_name": "car",
      "class_group": "vehicle",
      "score": 0.56640625,
      "position_ego": [
        12.060943603515625,
        -1.8083457946777344,
        -1.3115234375
      ],
      "size_xyz": [
        2.1484375,
        5.01953125,
        1.8271484375
      ],
      "yaw_rad": -1.8056640625,
      "velocity_ego": [
        -6.616115570068359e-06,
        -2.2649765014648438e-06
      ],
      "speed_mps": 6.9930754170600005e-06,
      "distance_m": 12.195756439037028,
      "bearing_deg": -8.52706854896777,
      "source_confidence": 0.56640625,
      "raw_box_9d": [
        12.060943603515625,
        -1.8083457946777344,
        -1.3115234375,
        2.1484375,
        5.01953125,
        1.8271484375,
        -1.8056640625,
        -6.616115570068359e-06,
        -2.2649765014648438e-06
      ]
    },
    {
      "detection_id": "sample_000017_det_0002",
      "class_id": 0,
      "class_name": "car",
      "class_group": "vehicle",
      "score": 0.46142578125,
      "position_ego": [
        38.252197265625,
        26.573585510253906,
        -0.84423828125
      ],
      "size_xyz": [
        2.15625,
        5.0,
        1.8662109375
      ],
      "yaw_rad": 0.310546875,
      "velocity_ego": [
        -6.616115570068359e-06,
        -2.2649765014648438e-06
      ],
      "speed_mps": 6.9930754170600005e-06,
      "distance_m": 46.576668435162524,
      "bearing_deg": 34.78749041108146,
      "source_confidence": 0.46142578125,
      "raw_box_9d": [
        38.252197265625,
        26.573585510253906,
        -0.84423828125,
        2.15625,
        5.0,
        1.8662109375,
        0.310546875,
        -6.616115570068359e-06,
        -2.2649765014648438e-06
      ]
    },
    {
      "detection_id": "sample_000017_det_0005",
      "class_id": 0,
      "class_name": "car",
      "class_group": "vehicle",
      "score": 0.11968994140625,
      "position_ego": [
        19.654541015625,
        -10.560165405273438,
        -1.08203125
      ],
      "size_xyz": [
        2.23828125,
        5.18359375,
        1.935546875
      ],
      "yaw_rad": -1.7841796875,
      "velocity_ego": [
        -0.0290985107421875,
        -0.0263214111328125
      ],
      "speed_mps": 0.039236972505989134,
      "distance_m": 22.31183712565192,
      "bearing_deg": -28.24864177615897,
      "source_confidence": 0.11968994140625,
      "raw_box_9d": [
        19.654541015625,
        -10.560165405273438,
        -1.08203125,
        2.23828125,
        5.18359375,
        1.935546875,
        -1.7841796875,
        -0.0290985107421875,
        -0.0263214111328125
      ]
    },
    {
      "detection_id": "sample_000017_det_0004",
      "class_id": 0,
      "class_name": "car",
      "class_group": "vehicle",
      "score": 0.10736083984375,
      "position_ego": [
        19.694091796875,
        -11.878562927246094,
        -1.0166015625
      ],
      "size_xyz": [
        2.21484375,
        5.1171875,
        1.9111328125
      ],
      "yaw_rad": -1.91015625,
      "velocity_ego": [
        -6.616115570068359e-06,
        -2.2649765014648438e-06
      ],
      "speed_mps": 6.9930754170600005e-06,
      "distance_m": 22.99907626232594,
      "bearing_deg": -31.0964317049938,
      "source_confidence": 0.10736083984375,
      "raw_box_9d": [
        19.694091796875,
        -11.878562927246094,
        -1.0166015625,
        2.21484375,
        5.1171875,
        1.9111328125,
        -1.91015625,
        -6.616115570068359e-06,
        -2.2649765014648438e-06
      ]
    }
  ],
  "class_names": [
    "car",
    "truck",
    "construction_vehicle",
    "bus",
    "trailer",
    "barrier",
    "motorcycle",
    "bicycle",
    "pedestrian",
    "traffic_cone"
  ],
  "raw_prediction_count": 200,
  "filtered_prediction_count": 6
}