{
  "sample_name": "sample_000045",
  "sequence_index": 45,
  "frame_id": 726318,
  "timestamp": 5001.694624785334,
  "prediction_variant": "single",
  "source_sample_dir": "D:\\Agent-AI\\outputs\\s3a_ml_long_v1\\sample_000045",
  "source_prediction_dir": "D:\\Agent-AI\\outputs\\live_watch_compare_multilane\\lw_s3a_ml_long_v1\\inference\\sample_000045",
  "ego": {
    "frame_id": 726318,
    "timestamp": 5001.694624785334,
    "sample_name": "sample_000045",
    "town": "Carla/Maps/Town10HD_Opt",
    "weather": {
      "cloudiness": 20.0,
      "dust_storm": 0.0,
      "fog_density": 2.0,
      "fog_distance": 0.75,
      "fog_falloff": 0.10000000149011612,
      "mie_scattering_scale": 0.029999999329447746,
      "precipitation": 0.0,
      "precipitation_deposits": 0.0,
      "rayleigh_scattering_scale": 0.03310000151395798,
      "scattering_intensity": 1.0,
      "sun_altitude_angle": 45.0,
      "sun_azimuth_angle": 300.0,
      "wetness": 0.0,
      "wind_intensity": 10.0
    },
    "position_world": [
      103.61921691894531,
      37.35497283935547,
      -0.0038407514803111553
    ],
    "velocity_world": [
      0.0011531312484294176,
      -0.0024049740750342607,
      6.465911428676918e-05
    ],
    "speed_mps": 0.002667919185198764,
    "yaw_deg": -109.16010284423828,
    "route_progress_m": 15.59931146808879,
    "world_from_ego_bevfusion": [
      [
        -0.328207403421402,
        -0.9446049332618713,
        -0.0011762055801227689,
        103.61921691894531
      ],
      [
        0.944600522518158,
        -0.32820945978164673,
        0.0028821087907999754,
        37.35497283935547
      ],
      [
        -0.003108496079221368,
        -0.0001651151105761528,
        0.9999951720237732,
        -0.0038407514803111553
      ],
      [
        0.0,
        0.0,
        0.0,
        1.0
      ]
    ]
  },
  "detections": [
    {
      "detection_id": "sample_000045_det_0000",
      "class_id": 0,
      "class_name": "car",
      "class_group": "vehicle",
      "score": 0.818359375,
      "position_ego": [
        6.322120666503906,
        0.26325225830078125,
        -1.419921875
      ],
      "size_xyz": [
        2.126953125,
        4.88671875,
        1.7783203125
      ],
      "yaw_rad": -1.693359375,
      "velocity_ego": [
        -6.616115570068359e-06,
        -2.2649765014648438e-06
      ],
      "speed_mps": 6.9930754170600005e-06,
      "distance_m": 6.32759918715908,
      "bearing_deg": 2.3844111331319926,
      "source_confidence": 0.818359375,
      "raw_box_9d": [
        6.322120666503906,
        0.26325225830078125,
        -1.419921875,
        2.126953125,
        4.88671875,
        1.7783203125,
        -1.693359375,
        -6.616115570068359e-06,
        -2.2649765014648438e-06
      ]
    },
    {
      "detection_id": "sample_000045_det_0001",
      "class_id": 0,
      "class_name": "car",
      "class_group": "vehicle",
      "score": 0.74755859375,
      "position_ego": [
        5.930713653564453,
        -3.1778297424316406,
        -1.462890625
      ],
      "size_xyz": [
        2.142578125,
        4.99609375,
        1.78125
      ],
      "yaw_rad": -1.6552734375,
      "velocity_ego": [
        -6.616115570068359e-06,
        -2.2649765014648438e-06
      ],
      "speed_mps": 6.9930754170600005e-06,
      "distance_m": 6.728444568580391,
      "bearing_deg": -28.18355706870035,
      "source_confidence": 0.74755859375,
      "raw_box_9d": [
        5.930713653564453,
        -3.1778297424316406,
        -1.462890625,
        2.142578125,
        4.99609375,
        1.78125,
        -1.6552734375,
        -6.616115570068359e-06,
        -2.2649765014648438e-06
      ]
    },
    {
      "detection_id": "sample_000045_det_0003",
      "class_id": 0,
      "class_name": "car",
      "class_group": "vehicle",
      "score": 0.52783203125,
      "position_ego": [
        25.71123504638672,
        4.916751861572266,
        -1.2841796875
      ],
      "size_xyz": [
        2.12109375,
        4.8125,
        1.8603515625
      ],
      "yaw_rad": -2.203125,
      "velocity_ego": [
        -6.616115570068359e-06,
        -2.2649765014648438e-06
      ],
      "speed_mps": 6.9930754170600005e-06,
      "distance_m": 26.17712849949014,
      "bearing_deg": 10.825953690614474,
      "source_confidence": 0.52783203125,
      "raw_box_9d": [
        25.71123504638672,
        4.916751861572266,
        -1.2841796875,
        2.12109375,
        4.8125,
        1.8603515625,
        -2.203125,
        -6.616115570068359e-06,
        -2.2649765014648438e-06
      ]
    },
    {
      "detection_id": "sample_000045_det_0002",
      "class_id": 0,
      "class_name": "car",
      "class_group": "vehicle",
      "score": 0.491943359375,
      "position_ego": [
        35.68867492675781,
        21.810134887695312,
        -0.89453125
      ],
      "size_xyz": [
        2.19140625,
        5.05859375,
        1.8935546875
      ],
      "yaw_rad": -2.41796875,
      "velocity_ego": [
        -6.616115570068359e-06,
        -2.2649765014648438e-06
      ],
      "speed_mps": 6.9930754170600005e-06,
      "distance_m": 41.82539302681155,
      "bearing_deg": 31.43002043043724,
      "source_confidence": 0.491943359375,
      "raw_box_9d": [
        35.68867492675781,
        21.810134887695312,
        -0.89453125,
        2.19140625,
        5.05859375,
        1.8935546875,
        -2.41796875,
        -6.616115570068359e-06,
        -2.2649765014648438e-06
      ]
    },
    {
      "detection_id": "sample_000045_det_0004",
      "class_id": 0,
      "class_name": "car",
      "class_group": "vehicle",
      "score": 0.12017822265625,
      "position_ego": [
        45.22405242919922,
        8.18972396850586,
        -0.9365234375
      ],
      "size_xyz": [
        2.27734375,
        5.16796875,
        1.9716796875
      ],
      "yaw_rad": 1.681640625,
      "velocity_ego": [
        -0.03314208984375,
        -0.0095062255859375
      ],
      "speed_mps": 0.034478492485924175,
      "distance_m": 45.959618109806776,
      "bearing_deg": 10.264577705395592,
      "source_confidence": 0.12017822265625,
      "raw_box_9d": [
        45.22405242919922,
        8.18972396850586,
        -0.9365234375,
        2.27734375,
        5.16796875,
        1.9716796875,
        1.681640625,
        -0.03314208984375,
        -0.0095062255859375
      ]
    }
  ],
  "class_names": [
    "car",
    "truck",
    "construction_vehicle",
    "bus",
    "trailer",
    "barrier",
    "motorcycle",
    "bicycle",
    "pedestrian",
    "traffic_cone"
  ],
  "raw_prediction_count": 200,
  "filtered_prediction_count": 5
}