{
  "sample_name": "sample_000078",
  "sequence_index": 78,
  "frame_id": 726351,
  "timestamp": 5004.994624834508,
  "prediction_variant": "single",
  "source_sample_dir": "D:\\Agent-AI\\outputs\\s3a_ml_long_v1\\sample_000078",
  "source_prediction_dir": "D:\\Agent-AI\\outputs\\live_watch_compare_multilane\\lw_s3a_ml_long_v1\\inference\\sample_000078",
  "ego": {
    "frame_id": 726351,
    "timestamp": 5004.994624834508,
    "sample_name": "sample_000078",
    "town": "Carla/Maps/Town10HD_Opt",
    "weather": {
      "cloudiness": 20.0,
      "dust_storm": 0.0,
      "fog_density": 2.0,
      "fog_distance": 0.75,
      "fog_falloff": 0.10000000149011612,
      "mie_scattering_scale": 0.029999999329447746,
      "precipitation": 0.0,
      "precipitation_deposits": 0.0,
      "rayleigh_scattering_scale": 0.03310000151395798,
      "scattering_intensity": 1.0,
      "sun_altitude_angle": 45.0,
      "sun_azimuth_angle": 300.0,
      "wetness": 0.0,
      "wind_intensity": 10.0
    },
    "position_world": [
      103.61872100830078,
      37.35604476928711,
      -0.0045007322914898396
    ],
    "velocity_world": [
      -5.201931685405725e-08,
      7.748923280814779e-09,
      -2.0027160019253643e-07
    ],
    "speed_mps": 2.070622345616262e-07,
    "yaw_deg": -109.1600341796875,
    "route_progress_m": 15.600504436678294,
    "world_from_ego_bevfusion": [
      [
        -0.3282078504562378,
        -0.9446055293083191,
        0.0,
        103.61872100830078
      ],
      [
        0.9446055293083191,
        -0.3282078504562378,
        0.0,
        37.35604476928711
      ],
      [
        0.0,
        0.0,
        1.0,
        -0.0045007322914898396
      ],
      [
        0.0,
        0.0,
        0.0,
        1.0
      ]
    ]
  },
  "detections": [
    {
      "detection_id": "sample_000078_det_0000",
      "class_id": 0,
      "class_name": "car",
      "class_group": "vehicle",
      "score": 0.6513671875,
      "position_ego": [
        6.4479522705078125,
        0.22716140747070312,
        -1.478515625
      ],
      "size_xyz": [
        2.125,
        4.88671875,
        1.7822265625
      ],
      "yaw_rad": -1.6767578125,
      "velocity_ego": [
        -6.616115570068359e-06,
        -2.2649765014648438e-06
      ],
      "speed_mps": 6.9930754170600005e-06,
      "distance_m": 6.451952478730057,
      "bearing_deg": 2.0176962667023335,
      "source_confidence": 0.6513671875,
      "raw_box_9d": [
        6.4479522705078125,
        0.22716140747070312,
        -1.478515625,
        2.125,
        4.88671875,
        1.7822265625,
        -1.6767578125,
        -6.616115570068359e-06,
        -2.2649765014648438e-06
      ]
    },
    {
      "detection_id": "sample_000078_det_0001",
      "class_id": 0,
      "class_name": "car",
      "class_group": "vehicle",
      "score": 0.12445068359375,
      "position_ego": [
        6.0150909423828125,
        -3.179882049560547,
        -1.6298828125
      ],
      "size_xyz": [
        2.16796875,
        5.078125,
        1.7998046875
      ],
      "yaw_rad": -1.6298828125,
      "velocity_ego": [
        -6.616115570068359e-06,
        -2.2649765014648438e-06
      ],
      "speed_mps": 6.9930754170600005e-06,
      "distance_m": 6.803893656888909,
      "bearing_deg": -27.863200742315225,
      "source_confidence": 0.12445068359375,
      "raw_box_9d": [
        6.0150909423828125,
        -3.179882049560547,
        -1.6298828125,
        2.16796875,
        5.078125,
        1.7998046875,
        -1.6298828125,
        -6.616115570068359e-06,
        -2.2649765014648438e-06
      ]
    }
  ],
  "class_names": [
    "car",
    "truck",
    "construction_vehicle",
    "bus",
    "trailer",
    "barrier",
    "motorcycle",
    "bicycle",
    "pedestrian",
    "traffic_cone"
  ],
  "raw_prediction_count": 200,
  "filtered_prediction_count": 2
}