{
  "active_object_count": 2,
  "front_free_space_m": 5.385522835145508,
  "left_side_occupancy": 0.0,
  "right_side_occupancy": 0.7731989827520551,
  "rear_gap_m": null,
  "nearest_front_vehicle": {
    "track_id": 1,
    "class": "car",
    "distance_m": 6.4520260785538195,
    "bearing_deg": 2.0184501575407547,
    "position_ego": [
      6.448022835145508,
      0.22724884109860455,
      -1.478515625
    ],
    "velocity_ego": [
      -0.0003934084217578023,
      -0.0005205434646214148
    ],
    "risk_level": "high",
    "risk_score": 0.6516098044108464
  },
  "nearest_vru": null,
  "nearest_any_object": {
    "track_id": 1,
    "class": "car",
    "distance_m": 6.4520260785538195,
    "bearing_deg": 2.0184501575407547,
    "position_ego": [
      6.448022835145508,
      0.22724884109860455,
      -1.478515625
    ],
    "velocity_ego": [
      -0.0003934084217578023,
      -0.0005205434646214148
    ],
    "risk_level": "high",
    "risk_score": 0.6516098044108464
  },
  "abnormal_flags": [
    "front_blocked",
    "high_risk_scene"
  ]
}