{
  "sample_name": "sample_000029",
  "sequence_index": 29,
  "frame_id": 726302,
  "timestamp": 5000.094624761492,
  "prediction_variant": "single",
  "source_sample_dir": "D:\\Agent-AI\\outputs\\s3a_ml_long_v1\\sample_000029",
  "source_prediction_dir": "D:\\Agent-AI\\outputs\\live_watch_compare_multilane\\lw_s3a_ml_long_v1\\inference\\sample_000029",
  "ego": {
    "frame_id": 726302,
    "timestamp": 5000.094624761492,
    "sample_name": "sample_000029",
    "town": "Carla/Maps/Town10HD_Opt",
    "weather": {
      "cloudiness": 20.0,
      "dust_storm": 0.0,
      "fog_density": 2.0,
      "fog_distance": 0.75,
      "fog_falloff": 0.10000000149011612,
      "mie_scattering_scale": 0.029999999329447746,
      "precipitation": 0.0,
      "precipitation_deposits": 0.0,
      "rayleigh_scattering_scale": 0.03310000151395798,
      "scattering_intensity": 1.0,
      "sun_altitude_angle": 45.0,
      "sun_azimuth_angle": 300.0,
      "wetness": 0.0,
      "wind_intensity": 10.0
    },
    "position_world": [
      104.64582824707031,
      34.29677963256836,
      -0.006160049233585596
    ],
    "velocity_world": [
      -1.0847740173339844,
      3.572382926940918,
      -5.013465852243826e-05
    ],
    "speed_mps": 3.733450742663596,
    "yaw_deg": -105.0853271484375,
    "route_progress_m": 12.371163880317386,
    "world_from_ego_bevfusion": [
      [
        -0.2602492868900299,
        -0.9655343294143677,
        0.003699392545968294,
        104.64582824707031
      ],
      [
        0.9655097126960754,
        -0.2602699100971222,
        -0.007109267171472311,
        34.29677963256836
      ],
      [
        0.00782708264887333,
        0.0017216178821399808,
        0.9999678730964661,
        -0.006160049233585596
      ],
      [
        0.0,
        0.0,
        0.0,
        1.0
      ]
    ]
  },
  "detections": [
    {
      "detection_id": "sample_000029_det_0000",
      "class_id": 0,
      "class_name": "car",
      "class_group": "vehicle",
      "score": 0.7939453125,
      "position_ego": [
        9.398731231689453,
        -2.552928924560547,
        -1.55078125
      ],
      "size_xyz": [
        2.1484375,
        4.91796875,
        1.8271484375
      ],
      "yaw_rad": -1.728515625,
      "velocity_ego": [
        -6.616115570068359e-06,
        -2.2649765014648438e-06
      ],
      "speed_mps": 6.9930754170600005e-06,
      "distance_m": 9.739281023740542,
      "bearing_deg": -15.19631079428296,
      "source_confidence": 0.7939453125,
      "raw_box_9d": [
        9.398731231689453,
        -2.552928924560547,
        -1.55078125,
        2.1484375,
        4.91796875,
        1.8271484375,
        -1.728515625,
        -6.616115570068359e-06,
        -2.2649765014648438e-06
      ]
    },
    {
      "detection_id": "sample_000029_det_0001",
      "class_id": 0,
      "class_name": "car",
      "class_group": "vehicle",
      "score": 0.70361328125,
      "position_ego": [
        9.626224517822266,
        0.9532127380371094,
        -1.49609375
      ],
      "size_xyz": [
        2.162109375,
        5.09375,
        1.8154296875
      ],
      "yaw_rad": -1.7666015625,
      "velocity_ego": [
        -6.616115570068359e-06,
        -2.2649765014648438e-06
      ],
      "speed_mps": 6.9930754170600005e-06,
      "distance_m": 9.673304140337919,
      "bearing_deg": 5.655135216793473,
      "source_confidence": 0.70361328125,
      "raw_box_9d": [
        9.626224517822266,
        0.9532127380371094,
        -1.49609375,
        2.162109375,
        5.09375,
        1.8154296875,
        -1.7666015625,
        -6.616115570068359e-06,
        -2.2649765014648438e-06
      ]
    },
    {
      "detection_id": "sample_000029_det_0002",
      "class_id": 0,
      "class_name": "car",
      "class_group": "vehicle",
      "score": 0.62255859375,
      "position_ego": [
        28.56713104248047,
        6.895961761474609,
        -1.5927734375
      ],
      "size_xyz": [
        2.158203125,
        4.984375,
        1.837890625
      ],
      "yaw_rad": 0.87353515625,
      "velocity_ego": [
        -6.616115570068359e-06,
        -2.2649765014648438e-06
      ],
      "speed_mps": 6.9930754170600005e-06,
      "distance_m": 29.387671983571124,
      "bearing_deg": 13.571282254939629,
      "source_confidence": 0.62255859375,
      "raw_box_9d": [
        28.56713104248047,
        6.895961761474609,
        -1.5927734375,
        2.158203125,
        4.984375,
        1.837890625,
        0.87353515625,
        -6.616115570068359e-06,
        -2.2649765014648438e-06
      ]
    },
    {
      "detection_id": "sample_000029_det_0003",
      "class_id": 0,
      "class_name": "car",
      "class_group": "vehicle",
      "score": 0.50830078125,
      "position_ego": [
        37.31806945800781,
        24.460548400878906,
        -1.376953125
      ],
      "size_xyz": [
        2.1953125,
        5.03515625,
        1.8515625
      ],
      "yaw_rad": -2.8203125,
      "velocity_ego": [
        -6.616115570068359e-06,
        -2.2649765014648438e-06
      ],
      "speed_mps": 6.9930754170600005e-06,
      "distance_m": 44.62013823538017,
      "bearing_deg": 33.24328833707625,
      "source_confidence": 0.50830078125,
      "raw_box_9d": [
        37.31806945800781,
        24.460548400878906,
        -1.376953125,
        2.1953125,
        5.03515625,
        1.8515625,
        -2.8203125,
        -6.616115570068359e-06,
        -2.2649765014648438e-06
      ]
    },
    {
      "detection_id": "sample_000029_det_0004",
      "class_id": 0,
      "class_name": "car",
      "class_group": "vehicle",
      "score": 0.31396484375,
      "position_ego": [
        48.893035888671875,
        52.79810333251953,
        -1.37890625
      ],
      "size_xyz": [
        2.20703125,
        4.95703125,
        1.8955078125
      ],
      "yaw_rad": 0.29150390625,
      "velocity_ego": [
        -6.616115570068359e-06,
        -2.2649765014648438e-06
      ],
      "speed_mps": 6.9930754170600005e-06,
      "distance_m": 71.95949328561427,
      "bearing_deg": 47.1991493101725,
      "source_confidence": 0.31396484375,
      "raw_box_9d": [
        48.893035888671875,
        52.79810333251953,
        -1.37890625,
        2.20703125,
        4.95703125,
        1.8955078125,
        0.29150390625,
        -6.616115570068359e-06,
        -2.2649765014648438e-06
      ]
    },
    {
      "detection_id": "sample_000029_det_0005",
      "class_id": 0,
      "class_name": "car",
      "class_group": "vehicle",
      "score": 0.290771484375,
      "position_ego": [
        51.94764709472656,
        52.40998840332031,
        -1.412109375
      ],
      "size_xyz": [
        2.228515625,
        5.109375,
        1.9755859375
      ],
      "yaw_rad": 0.26513671875,
      "velocity_ego": [
        -6.616115570068359e-06,
        -2.2649765014648438e-06
      ],
      "speed_mps": 6.9930754170600005e-06,
      "distance_m": 73.79271592179286,
      "bearing_deg": 45.25383894753514,
      "source_confidence": 0.290771484375,
      "raw_box_9d": [
        51.94764709472656,
        52.40998840332031,
        -1.412109375,
        2.228515625,
        5.109375,
        1.9755859375,
        0.26513671875,
        -6.616115570068359e-06,
        -2.2649765014648438e-06
      ]
    }
  ],
  "class_names": [
    "car",
    "truck",
    "construction_vehicle",
    "bus",
    "trailer",
    "barrier",
    "motorcycle",
    "bicycle",
    "pedestrian",
    "traffic_cone"
  ],
  "raw_prediction_count": 200,
  "filtered_prediction_count": 6
}