{
  "active_object_count": 2,
  "front_free_space_m": 5.382579361788297,
  "left_side_occupancy": 0.0,
  "right_side_occupancy": 0.7731505124325198,
  "rear_gap_m": null,
  "nearest_front_vehicle": {
    "track_id": 1,
    "class": "car",
    "distance_m": 6.44909990540316,
    "bearing_deg": 2.023266225328297,
    "position_ego": [
      6.445079361788297,
      0.2276875273738142,
      -1.4794921875
    ],
    "velocity_ego": [
      0.0024618901679663028,
      -0.0006744289849843869
    ],
    "risk_level": "high",
    "risk_score": 0.6516317507094763
  },
  "nearest_vru": null,
  "nearest_any_object": {
    "track_id": 1,
    "class": "car",
    "distance_m": 6.44909990540316,
    "bearing_deg": 2.023266225328297,
    "position_ego": [
      6.445079361788297,
      0.2276875273738142,
      -1.4794921875
    ],
    "velocity_ego": [
      0.0024618901679663028,
      -0.0006744289849843869
    ],
    "risk_level": "high",
    "risk_score": 0.6516317507094763
  },
  "abnormal_flags": [
    "front_blocked",
    "high_risk_scene"
  ]
}