{
  "active_object_count": 3,
  "front_free_space_m": null,
  "left_side_occupancy": 0.2788672381458632,
  "right_side_occupancy": 0.0030191014499009183,
  "rear_gap_m": null,
  "nearest_front_vehicle": null,
  "nearest_vru": null,
  "nearest_any_object": {
    "track_id": 1,
    "class": "car",
    "distance_m": 21.633982855624105,
    "bearing_deg": 12.000742965157276,
    "position_ego": [
      21.16117009689848,
      4.498232355889047,
      -1.58984375
    ],
    "velocity_ego": [
      -3.116413629140724,
      -1.1254542127431533
    ],
    "risk_level": "low",
    "risk_score": 0.2877451285828192
  },
  "abnormal_flags": []
}