{
  "active_object_count": 7,
  "front_free_space_m": null,
  "left_side_occupancy": 0.18989133583277173,
  "right_side_occupancy": 0.743211008718124,
  "rear_gap_m": 10.548557422406486,
  "nearest_front_vehicle": null,
  "nearest_vru": null,
  "nearest_any_object": {
    "track_id": 1,
    "class": "car",
    "distance_m": 10.839958166826131,
    "bearing_deg": -166.6848249124157,
    "position_ego": [
      -10.548557422406486,
      -2.496523455674623,
      -1.416015625
    ],
    "velocity_ego": [
      -5.329101164951744,
      0.9581969853272101
    ],
    "risk_level": "low",
    "risk_score": 0.26870031374880404
  },
  "abnormal_flags": []
}