{
  "sample_name": "sample_000085",
  "sequence_index": 85,
  "frame_id": 60086,
  "timestamp": 443.51970087736845,
  "prediction_variant": "single",
  "source_sample_dir": "D:\\Agent-AI\\outputs\\s3a_ml_long_v2\\sample_000085",
  "source_prediction_dir": "D:\\Agent-AI\\outputs\\live_watch_compare_multilane\\lw_s3a_ml_long_v2\\inference\\sample_000085",
  "ego": {
    "frame_id": 60086,
    "timestamp": 443.51970087736845,
    "sample_name": "sample_000085",
    "town": "Carla/Maps/Town10HD_Opt",
    "weather": {
      "cloudiness": 20.0,
      "dust_storm": 0.0,
      "fog_density": 2.0,
      "fog_distance": 0.75,
      "fog_falloff": 0.10000000149011612,
      "mie_scattering_scale": 0.029999999329447746,
      "precipitation": 0.0,
      "precipitation_deposits": 0.0,
      "rayleigh_scattering_scale": 0.03310000151395798,
      "scattering_intensity": 1.0,
      "sun_altitude_angle": 45.0,
      "sun_azimuth_angle": 300.0,
      "wetness": 0.0,
      "wind_intensity": 10.0
    },
    "position_world": [
      77.61636352539062,
      62.18412399291992,
      -0.00405742647126317
    ],
    "velocity_world": [
      -2.536935806274414,
      0.6946147084236145,
      -2.1438598196255043e-05
    ],
    "speed_mps": 2.630310414908333,
    "yaw_deg": -160.99974060058594,
    "route_progress_m": 52.89768549296238,
    "world_from_ego_bevfusion": [
      [
        -0.9455150961875916,
        -0.3255763053894043,
        -0.0011409225407987833,
        77.61636352539062
      ],
      [
        0.3255716860294342,
        -0.9455123543739319,
        0.0030671244021505117,
        62.18412399291992
      ],
      [
        -0.0020773394498974085,
        0.002528560347855091,
        0.9999946355819702,
        -0.00405742647126317
      ],
      [
        0.0,
        0.0,
        0.0,
        1.0
      ]
    ]
  },
  "detections": [
    {
      "detection_id": "sample_000085_det_0000",
      "class_id": 0,
      "class_name": "car",
      "class_group": "vehicle",
      "score": 0.78466796875,
      "position_ego": [
        6.344753265380859,
        0.3875999450683594,
        -1.4296875
      ],
      "size_xyz": [
        2.076171875,
        4.80859375,
        1.748046875
      ],
      "yaw_rad": -1.7421875,
      "velocity_ego": [
        -6.616115570068359e-06,
        -2.2649765014648438e-06
      ],
      "speed_mps": 6.9930754170600005e-06,
      "distance_m": 6.356581448858975,
      "bearing_deg": 3.495845376658471,
      "source_confidence": 0.78466796875,
      "raw_box_9d": [
        6.344753265380859,
        0.3875999450683594,
        -1.4296875,
        2.076171875,
        4.80859375,
        1.748046875,
        -1.7421875,
        -6.616115570068359e-06,
        -2.2649765014648438e-06
      ]
    },
    {
      "detection_id": "sample_000085_det_0002",
      "class_id": 0,
      "class_name": "car",
      "class_group": "vehicle",
      "score": 0.638671875,
      "position_ego": [
        -28.162939071655273,
        5.601783752441406,
        -1.2919921875
      ],
      "size_xyz": [
        2.109375,
        4.90234375,
        1.736328125
      ],
      "yaw_rad": -0.85498046875,
      "velocity_ego": [
        -6.616115570068359e-06,
        -2.2649765014648438e-06
      ],
      "speed_mps": 6.9930754170600005e-06,
      "distance_m": 28.714649891003088,
      "bearing_deg": 168.75033881845485,
      "source_confidence": 0.638671875,
      "raw_box_9d": [
        -28.162939071655273,
        5.601783752441406,
        -1.2919921875,
        2.109375,
        4.90234375,
        1.736328125,
        -0.85498046875,
        -6.616115570068359e-06,
        -2.2649765014648438e-06
      ]
    },
    {
      "detection_id": "sample_000085_det_0001",
      "class_id": 0,
      "class_name": "car",
      "class_group": "vehicle",
      "score": 0.60693359375,
      "position_ego": [
        37.952125549316406,
        3.841114044189453,
        -1.1015625
      ],
      "size_xyz": [
        2.177734375,
        5.0,
        1.810546875
      ],
      "yaw_rad": -1.892578125,
      "velocity_ego": [
        -6.616115570068359e-06,
        -2.2649765014648438e-06
      ],
      "speed_mps": 6.9930754170600005e-06,
      "distance_m": 38.14600884511438,
      "bearing_deg": 5.779195602426563,
      "source_confidence": 0.60693359375,
      "raw_box_9d": [
        37.952125549316406,
        3.841114044189453,
        -1.1015625,
        2.177734375,
        5.0,
        1.810546875,
        -1.892578125,
        -6.616115570068359e-06,
        -2.2649765014648438e-06
      ]
    },
    {
      "detection_id": "sample_000085_det_0003",
      "class_id": 0,
      "class_name": "car",
      "class_group": "vehicle",
      "score": 0.473876953125,
      "position_ego": [
        36.61567687988281,
        6.604984283447266,
        -1.255859375
      ],
      "size_xyz": [
        2.16015625,
        5.0,
        1.7880859375
      ],
      "yaw_rad": -1.947265625,
      "velocity_ego": [
        -6.616115570068359e-06,
        -2.2649765014648438e-06
      ],
      "speed_mps": 6.9930754170600005e-06,
      "distance_m": 37.20663396165488,
      "bearing_deg": 10.225438010443154,
      "source_confidence": 0.473876953125,
      "raw_box_9d": [
        36.61567687988281,
        6.604984283447266,
        -1.255859375,
        2.16015625,
        5.0,
        1.7880859375,
        -1.947265625,
        -6.616115570068359e-06,
        -2.2649765014648438e-06
      ]
    },
    {
      "detection_id": "sample_000085_det_0004",
      "class_id": 0,
      "class_name": "car",
      "class_group": "vehicle",
      "score": 0.387451171875,
      "position_ego": [
        44.591529846191406,
        13.087944030761719,
        -0.88623046875
      ],
      "size_xyz": [
        2.205078125,
        5.0234375,
        1.86328125
      ],
      "yaw_rad": 1.2236328125,
      "velocity_ego": [
        -6.616115570068359e-06,
        -2.2649765014648438e-06
      ],
      "speed_mps": 6.9930754170600005e-06,
      "distance_m": 46.47255978506166,
      "bearing_deg": 16.35735429530476,
      "source_confidence": 0.387451171875,
      "raw_box_9d": [
        44.591529846191406,
        13.087944030761719,
        -0.88623046875,
        2.205078125,
        5.0234375,
        1.86328125,
        1.2236328125,
        -6.616115570068359e-06,
        -2.2649765014648438e-06
      ]
    },
    {
      "detection_id": "sample_000085_det_0005",
      "class_id": 0,
      "class_name": "car",
      "class_group": "vehicle",
      "score": 0.29150390625,
      "position_ego": [
        -27.019187927246094,
        -8.110179901123047,
        -1.12109375
      ],
      "size_xyz": [
        2.2421875,
        5.04296875,
        1.9404296875
      ],
      "yaw_rad": -1.541015625,
      "velocity_ego": [
        -6.616115570068359e-06,
        -2.2649765014648438e-06
      ],
      "speed_mps": 6.9930754170600005e-06,
      "distance_m": 28.210131766378215,
      "bearing_deg": -163.292150336425,
      "source_confidence": 0.29150390625,
      "raw_box_9d": [
        -27.019187927246094,
        -8.110179901123047,
        -1.12109375,
        2.2421875,
        5.04296875,
        1.9404296875,
        -1.541015625,
        -6.616115570068359e-06,
        -2.2649765014648438e-06
      ]
    },
    {
      "detection_id": "sample_000085_det_0007",
      "class_id": 0,
      "class_name": "car",
      "class_group": "vehicle",
      "score": 0.1641845703125,
      "position_ego": [
        19.65380859375,
        34.36809539794922,
        -0.689453125
      ],
      "size_xyz": [
        2.318359375,
        5.4921875,
        2.2265625
      ],
      "yaw_rad": 1.232421875,
      "velocity_ego": [
        -0.0257720947265625,
        -0.030517578125
      ],
      "speed_mps": 0.03994400382047835,
      "distance_m": 39.59088498028681,
      "bearing_deg": 60.23640042924242,
      "source_confidence": 0.1641845703125,