{
  "active_object_count": 11,
  "front_free_space_m": 5.38564706943853,
  "left_side_occupancy": 0.04397697920350763,
  "right_side_occupancy": 0.1231472490900497,
  "rear_gap_m": 26.92133629557652,
  "nearest_front_vehicle": {
    "track_id": 2,
    "class": "car",
    "distance_m": 6.435559310450722,
    "bearing_deg": 3.474045651952097,
    "position_ego": [
      6.42373300693853,
      0.3899716578130193,
      -1.4296875
    ],
    "velocity_ego": [
      -1.8829617359031154,
      -0.16882039853091146
    ],
    "risk_level": "high",
    "risk_score": 0.7517333051716196
  },
  "nearest_vru": null,
  "nearest_any_object": {
    "track_id": 2,
    "class": "car",
    "distance_m": 6.435559310450722,
    "bearing_deg": 3.474045651952097,
    "position_ego": [
      6.42373300693853,
      0.3899716578130193,
      -1.4296875
    ],
    "velocity_ego": [
      -1.8829617359031154,
      -0.16882039853091146
    ],
    "risk_level": "high",
    "risk_score": 0.7517333051716196
  },
  "abnormal_flags": [
    "front_blocked",
    "high_risk_scene"
  ]
}