{
  "sample_name": "sample_000017",
  "sequence_index": 17,
  "frame_id": 60018,
  "timestamp": 436.71970077604055,
  "prediction_variant": "single",
  "source_sample_dir": "D:\\Agent-AI\\outputs\\s3a_ml_long_v2\\sample_000017",
  "source_prediction_dir": "D:\\Agent-AI\\outputs\\live_watch_compare_multilane\\lw_s3a_ml_long_v2\\inference\\sample_000017",
  "ego": {
    "frame_id": 60018,
    "timestamp": 436.71970077604055,
    "sample_name": "sample_000017",
    "town": "Carla/Maps/Town10HD_Opt",
    "weather": {
      "cloudiness": 20.0,
      "dust_storm": 0.0,
      "fog_density": 2.0,
      "fog_distance": 0.75,
      "fog_falloff": 0.10000000149011612,
      "mie_scattering_scale": 0.029999999329447746,
      "precipitation": 0.0,
      "precipitation_deposits": 0.0,
      "rayleigh_scattering_scale": 0.03310000151395798,
      "scattering_intensity": 1.0,
      "sun_altitude_angle": 45.0,
      "sun_azimuth_angle": 300.0,
      "wetness": 0.0,
      "wind_intensity": 10.0
    },
    "position_world": [
      105.20468139648438,
      32.31193161010742,
      -0.003603172255679965
    ],
    "velocity_world": [
      -1.7545437812805176,
      7.298548221588135,
      -2.3250579033629037e-05
    ],
    "speed_mps": 7.506479202916508,
    "yaw_deg": -102.23139953613281,
    "route_progress_m": 10.31079872308371,
    "world_from_ego_bevfusion": [
      [
        -0.2118590921163559,
        -0.9772518873214722,
        0.009715323336422443,
        105.20468139648438
      ],
      [
        0.9772940874099731,
        -0.2118120938539505,
        0.005645697936415672,
        32.31193161010742
      ],
      [
        -0.0034594463650137186,
        0.010690821334719658,
        0.9999368786811829,
        -0.003603172255679965
      ],
      [
        0.0,
        0.0,
        0.0,
        1.0
      ]
    ]
  },
  "detections": [
    {
      "detection_id": "sample_000017_det_0000",
      "class_id": 0,
      "class_name": "car",
      "class_group": "vehicle",
      "score": 0.72607421875,
      "position_ego": [
        15.268768310546875,
        -0.6719207763671875,
        -1.3623046875
      ],
      "size_xyz": [
        2.146484375,
        4.89453125,
        1.8388671875
      ],
      "yaw_rad": -1.8291015625,
      "velocity_ego": [
        -6.616115570068359e-06,
        -2.2649765014648438e-06
      ],
      "speed_mps": 6.9930754170600005e-06,
      "distance_m": 15.283545506552933,
      "bearing_deg": -2.519744978360465,
      "source_confidence": 0.72607421875,
      "raw_box_9d": [
        15.268768310546875,
        -0.6719207763671875,
        -1.3623046875,
        2.146484375,
        4.89453125,
        1.8388671875,
        -1.8291015625,
        -6.616115570068359e-06,
        -2.2649765014648438e-06
      ]
    },
    {
      "detection_id": "sample_000017_det_0001",
      "class_id": 0,
      "class_name": "car",
      "class_group": "vehicle",
      "score": 0.48486328125,
      "position_ego": [
        38.07183837890625,
        26.245826721191406,
        -1.123046875
      ],
      "size_xyz": [
        2.099609375,
        4.8046875,
        1.8271484375
      ],
      "yaw_rad": 0.34375,
      "velocity_ego": [
        -0.0162200927734375,
        -0.252197265625
      ],
      "speed_mps": 0.25271832580623377,
      "distance_m": 46.241845744178114,
      "bearing_deg": 34.58146289129759,
      "source_confidence": 0.48486328125,
      "raw_box_9d": [
        38.07183837890625,
        26.245826721191406,
        -1.123046875,
        2.099609375,
        4.8046875,
        1.8271484375,
        0.34375,
        -0.0162200927734375,
        -0.252197265625
      ]
    },
    {
      "detection_id": "sample_000017_det_0002",
      "class_id": 0,
      "class_name": "car",
      "class_group": "vehicle",
      "score": 0.1650390625,
      "position_ego": [
        24.802886962890625,
        -8.59189224243164,
        -1.0400390625
      ],
      "size_xyz": [
        2.234375,
        5.109375,
        1.9560546875
      ],
      "yaw_rad": 1.46484375,
      "velocity_ego": [
        -6.616115570068359e-06,
        -2.2649765014648438e-06
      ],
      "speed_mps": 6.9930754170600005e-06,
      "distance_m": 26.248882147617007,
      "bearing_deg": -19.10644068495637,
      "source_confidence": 0.1650390625,
      "raw_box_9d": [
        24.802886962890625,
        -8.59189224243164,
        -1.0400390625,
        2.234375,
        5.109375,
        1.9560546875,
        1.46484375,
        -6.616115570068359e-06,
        -2.2649765014648438e-06
      ]
    },
    {
      "detection_id": "sample_000017_det_0003",
      "class_id": 0,
      "class_name": "car",
      "class_group": "vehicle",
      "score": 0.1640625,
      "position_ego": [
        45.23328399658203,
        7.6916046142578125,
        -0.93798828125
      ],
      "size_xyz": [
        2.21484375,
        5.0390625,
        1.880859375
      ],
      "yaw_rad": 1.7890625,
      "velocity_ego": [
        -6.616115570068359e-06,
        -2.2649765014648438e-06
      ],
      "speed_mps": 6.9930754170600005e-06,
      "distance_m": 45.88257580669939,
      "bearing_deg": 9.650441420928072,
      "source_confidence": 0.1640625,
      "raw_box_9d": [
        45.23328399658203,
        7.6916046142578125,
        -0.93798828125,
        2.21484375,
        5.0390625,
        1.880859375,
        1.7890625,
        -6.616115570068359e-06,
        -2.2649765014648438e-06
      ]
    }
  ],
  "class_names": [
    "car",
    "truck",
    "construction_vehicle",
    "bus",
    "trailer",
    "barrier",
    "motorcycle",
    "bicycle",
    "pedestrian",
    "traffic_cone"
  ],
  "raw_prediction_count": 200,
  "filtered_prediction_count": 4
}