{
  "active_object_count": 4,
  "front_free_space_m": 14.359102627018208,
  "left_side_occupancy": 0.0,
  "right_side_occupancy": 0.1214158739256459,
  "rear_gap_m": null,
  "nearest_front_vehicle": {
    "track_id": 1,
    "class": "car",
    "distance_m": 15.443564154991707,
    "bearing_deg": -2.1841065501000703,
    "position_ego": [
      15.432344814518208,
      -0.5885637902196326,
      -1.3623046875
    ],
    "velocity_ego": [
      -4.870298054948789,
      -2.1968798172225976
    ],
    "risk_level": "high",
    "risk_score": 0.6841732688375622
  },
  "nearest_vru": null,
  "nearest_any_object": {
    "track_id": 1,
    "class": "car",
    "distance_m": 15.443564154991707,
    "bearing_deg": -2.1841065501000703,
    "position_ego": [
      15.432344814518208,
      -0.5885637902196326,
      -1.3623046875
    ],
    "velocity_ego": [
      -4.870298054948789,
      -2.1968798172225976
    ],
    "risk_level": "high",
    "risk_score": 0.6841732688375622
  },
  "abnormal_flags": [
    "high_risk_scene"
  ]
}