{
  "active_object_count": 1,
  "front_free_space_m": null,
  "left_side_occupancy": 0.0,
  "right_side_occupancy": 0.0,
  "rear_gap_m": null,
  "nearest_front_vehicle": null,
  "nearest_vru": null,
  "nearest_any_object": {
    "track_id": 4,
    "class": "car",
    "distance_m": 45.02182676043961,
    "bearing_deg": -10.416407376975206,
    "position_ego": [
      44.279855193393985,
      -8.13998211908946,
      -1.046875
    ],
    "velocity_ego": [
      -6.362675444350581,
      -13.54736004620129
    ],
    "risk_level": "low",
    "risk_score": 0.15000000000000002
  },
  "abnormal_flags": []
}