{
  "active_object_count": 2,
  "front_free_space_m": 5.384427088147554,
  "left_side_occupancy": 0.0,
  "right_side_occupancy": 0.773198951513394,
  "rear_gap_m": null,
  "nearest_front_vehicle": {
    "track_id": 1,
    "class": "car",
    "distance_m": 6.450924450641851,
    "bearing_deg": 2.017139099798619,
    "position_ego": [
      6.446927088147554,
      0.22706252002074961,
      -1.48046875
    ],
    "velocity_ego": [
      0.002262382170176198,
      -0.0006782577856506604
    ],
    "risk_level": "high",
    "risk_score": 0.6516180666201862
  },
  "nearest_vru": null,
  "nearest_any_object": {
    "track_id": 1,
    "class": "car",
    "distance_m": 6.450924450641851,
    "bearing_deg": 2.017139099798619,
    "position_ego": [
      6.446927088147554,
      0.22706252002074961,
      -1.48046875
    ],
    "velocity_ego": [
      0.002262382170176198,
      -0.0006782577856506604
    ],
    "risk_level": "high",
    "risk_score": 0.6516180666201862
  },
  "abnormal_flags": [
    "front_blocked",
    "high_risk_scene"
  ]
}