{
  "active_object_count": 6,
  "front_free_space_m": 11.27219432060232,
  "left_side_occupancy": 0.5858407168561521,
  "right_side_occupancy": 0.47471110806791006,
  "rear_gap_m": null,
  "nearest_front_vehicle": {
    "track_id": 1,
    "class": "car",
    "distance_m": 12.424778494315435,
    "bearing_deg": 7.339566482654656,
    "position_ego": [
      12.32297557060232,
      1.5872598146307868,
      -1.22265625
    ],
    "velocity_ego": [
      -3.838406980676933,
      -1.5139292748981814
    ],
    "risk_level": "high",
    "risk_score": 0.7068141612926343
  },
  "nearest_vru": null,
  "nearest_any_object": {
    "track_id": 1,
    "class": "car",
    "distance_m": 12.424778494315435,
    "bearing_deg": 7.339566482654656,
    "position_ego": [
      12.32297557060232,
      1.5872598146307868,
      -1.22265625
    ],
    "velocity_ego": [
      -3.838406980676933,
      -1.5139292748981814
    ],
    "risk_level": "high",
    "risk_score": 0.7068141612926343
  },
  "abnormal_flags": [
    "high_risk_scene"
  ]
}