{
  "sample_name": "sample_000016",
  "sequence_index": 16,
  "frame_id": 3936,
  "timestamp": 40.73108657076955,
  "prediction_variant": "single",
  "source_sample_dir": "D:\\Agent-AI\\outputs\\s3a_left_v3\\sample_000016",
  "source_prediction_dir": "D:\\Agent-AI\\outputs\\live_watch_compare_multilane\\lw_left_positive_v1\\inference\\sample_000016",
  "ego": {
    "frame_id": 3936,
    "timestamp": 40.73108657076955,
    "sample_name": "sample_000016",
    "town": "Carla/Maps/Town10HD_Opt",
    "weather": {
      "cloudiness": 20.0,
      "dust_storm": 0.0,
      "fog_density": 2.0,
      "fog_distance": 0.75,
      "fog_falloff": 0.10000000149011612,
      "mie_scattering_scale": 0.029999999329447746,
      "precipitation": 0.0,
      "precipitation_deposits": 0.0,
      "rayleigh_scattering_scale": 0.03310000151395798,
      "scattering_intensity": 1.0,
      "sun_altitude_angle": 45.0,
      "sun_azimuth_angle": 300.0,
      "wetness": 0.0,
      "wind_intensity": 10.0
    },
    "position_world": [
      109.20319366455078,
      29.918535232543945,
      -0.005121040157973766
    ],
    "velocity_world": [
      -1.3564311265945435,
      8.395374298095703,
      -2.5367735361214727e-06
    ],
    "speed_mps": 8.504246880607765,
    "yaw_deg": -97.64857482910156,
    "route_progress_m": 8.815160967197073,
    "world_from_ego_bevfusion": [
      [
        -0.13309571146965027,
        -0.9910629987716675,
        0.0089180376380682,
        109.20319366455078
      ],
      [
        0.9910963177680969,
        -0.13312286138534546,
        -0.002521039918065071,
        29.918535232543945
      ],
      [
        0.003685704432427883,
        0.008503095246851444,
        0.9999570250511169,
        -0.005121040157973766
      ],
      [
        0.0,
        0.0,
        0.0,
        1.0
      ]
    ]
  },
  "detections": [
    {
      "detection_id": "sample_000016_det_0000",
      "class_id": 0,
      "class_name": "car",
      "class_group": "vehicle",
      "score": 0.6513671875,
      "position_ego": [
        15.645851135253906,
        2.9044952392578125,
        -1.61328125
      ],
      "size_xyz": [
        2.162109375,
        4.96875,
        1.873046875
      ],
      "yaw_rad": -1.94921875,
      "velocity_ego": [
        -6.616115570068359e-06,
        -2.2649765014648438e-06
      ],
      "speed_mps": 6.9930754170600005e-06,
      "distance_m": 15.913162801322597,
      "bearing_deg": 10.516667902494756,
      "source_confidence": 0.6513671875,
      "raw_box_9d": [
        15.645851135253906,
        2.9044952392578125,
        -1.61328125,
        2.162109375,
        4.96875,
        1.873046875,
        -1.94921875,
        -6.616115570068359e-06,
        -2.2649765014648438e-06
      ]
    },
    {
      "detection_id": "sample_000016_det_0001",
      "class_id": 0,
      "class_name": "car",
      "class_group": "vehicle",
      "score": 0.42529296875,
      "position_ego": [
        29.791412353515625,
        16.939895629882812,
        -1.5625
      ],
      "size_xyz": [
        2.16796875,
        4.94921875,
        1.921875
      ],
      "yaw_rad": 0.69091796875,
      "velocity_ego": [
        -6.616115570068359e-06,
        -2.2649765014648438e-06
      ],
      "speed_mps": 6.9930754170600005e-06,
      "distance_m": 34.27080848139603,
      "bearing_deg": 29.623284794594003,
      "source_confidence": 0.42529296875,
      "raw_box_9d": [
        29.791412353515625,
        16.939895629882812,
        -1.5625,
        2.16796875,
        4.94921875,
        1.921875,
        0.69091796875,
        -6.616115570068359e-06,
        -2.2649765014648438e-06
      ]
    },
    {
      "detection_id": "sample_000016_det_0003",
      "class_id": 0,
      "class_name": "car",
      "class_group": "vehicle",
      "score": 0.12152099609375,
      "position_ego": [
        28.431671142578125,
        -2.5894012451171875,
        -1.150390625
      ],
      "size_xyz": [
        2.2578125,
        5.19921875,
        1.9482421875
      ],
      "yaw_rad": 1.0849609375,
      "velocity_ego": [
        -6.616115570068359e-06,
        -2.2649765014648438e-06
      ],
      "speed_mps": 6.9930754170600005e-06,
      "distance_m": 28.5493418972824,
      "bearing_deg": -5.20383034985318,
      "source_confidence": 0.12152099609375,
      "raw_box_9d": [
        28.431671142578125,
        -2.5894012451171875,
        -1.150390625,
        2.2578125,
        5.19921875,
        1.9482421875,
        1.0849609375,
        -6.616115570068359e-06,
        -2.2649765014648438e-06
      ]
    },
    {
      "detection_id": "sample_000016_det_0002",
      "class_id": 0,
      "class_name": "car",
      "class_group": "vehicle",
      "score": 0.1072998046875,
      "position_ego": [
        22.87646484375,
        -5.746471405029297,
        -1.2314453125
      ],
      "size_xyz": [
        2.29296875,
        5.296875,
        1.9443359375
      ],
      "yaw_rad": 1.2138671875,
      "velocity_ego": [
        -0.0078582763671875,
        -0.006988525390625
      ],
      "speed_mps": 0.010516272847283294,
      "distance_m": 23.58716976146458,
      "bearing_deg": -14.100708206006741,
      "source_confidence": 0.1072998046875,
      "raw_box_9d": [
        22.87646484375,
        -5.746471405029297,
        -1.2314453125,
        2.29296875,
        5.296875,
        1.9443359375,
        1.2138671875,
        -0.0078582763671875,
        -0.006988525390625
      ]
    }
  ],
  "class_names": [
    "car",
    "truck",
    "construction_vehicle",
    "bus",
    "trailer",
    "barrier",
    "motorcycle",
    "bicycle",
    "pedestrian",
    "traffic_cone"
  ],
  "raw_prediction_count": 200,
  "filtered_prediction_count": 4
}