{
  "active_object_count": 4,
  "front_free_space_m": null,
  "left_side_occupancy": 0.46301995503746884,
  "right_side_occupancy": 0.2621162780417674,
  "rear_gap_m": null,
  "nearest_front_vehicle": null,
  "nearest_vru": null,
  "nearest_any_object": {
    "track_id": 1,
    "class": "car",
    "distance_m": 16.109401348875934,
    "bearing_deg": 10.63324667765876,
    "position_ego": [
      15.832777850702378,
      2.9725338264642205,
      -1.61328125
    ],
    "velocity_ego": [
      -4.97476962158228,
      -1.442219174402472
    ],
    "risk_level": "medium",
    "risk_score": 0.4291794898834305
  },
  "abnormal_flags": []
}