{
  "active_object_count": 5,
  "front_free_space_m": 10.593534286216915,
  "left_side_occupancy": 0.0,
  "right_side_occupancy": 0.18627577229800152,
  "rear_gap_m": null,
  "nearest_front_vehicle": {
    "track_id": 1,
    "class": "car",
    "distance_m": 11.716396340903714,
    "bearing_deg": 6.694881436238263,
    "position_ego": [
      11.636503036216915,
      1.3659210464944362,
      -1.40234375
    ],
    "velocity_ego": [
      -0.6344291536623722,
      -0.22055997874433142
    ],
    "risk_level": "high",
    "risk_score": 0.6121270274432222
  },
  "nearest_vru": null,
  "nearest_any_object": {
    "track_id": 1,
    "class": "car",
    "distance_m": 11.716396340903714,
    "bearing_deg": 6.694881436238263,
    "position_ego": [
      11.636503036216915,
      1.3659210464944362,
      -1.40234375
    ],
    "velocity_ego": [
      -0.6344291536623722,
      -0.22055997874433142
    ],
    "risk_level": "high",
    "risk_score": 0.6121270274432222
  },
  "abnormal_flags": [
    "high_risk_scene"
  ]
}