{
  "sample_name": "sample_000016",
  "sequence_index": 16,
  "frame_id": 60017,
  "timestamp": 436.61970077455044,
  "prediction_variant": "single",
  "source_sample_dir": "D:\\Agent-AI\\outputs\\s3a_ml_long_v2\\sample_000016",
  "source_prediction_dir": "D:\\Agent-AI\\outputs\\live_watch_compare_multilane\\lw_s3a_ml_long_v2\\inference\\sample_000016",
  "ego": {
    "frame_id": 60017,
    "timestamp": 436.61970077455044,
    "sample_name": "sample_000016",
    "town": "Carla/Maps/Town10HD_Opt",
    "weather": {
      "cloudiness": 20.0,
      "dust_storm": 0.0,
      "fog_density": 2.0,
      "fog_distance": 0.75,
      "fog_falloff": 0.10000000149011612,
      "mie_scattering_scale": 0.029999999329447746,
      "precipitation": 0.0,
      "precipitation_deposits": 0.0,
      "rayleigh_scattering_scale": 0.03310000151395798,
      "scattering_intensity": 1.0,
      "sun_altitude_angle": 45.0,
      "sun_azimuth_angle": 300.0,
      "wetness": 0.0,
      "wind_intensity": 10.0
    },
    "position_world": [
      105.37649536132812,
      31.554100036621094,
      -0.004081573337316513
    ],
    "velocity_world": [
      -1.7940713167190552,
      7.920262813568115,
      -0.00012463569873943925
    ],
    "speed_mps": 8.120914661600503,
    "yaw_deg": -100.9991226196289,
    "route_progress_m": 9.53373454794237,
    "world_from_ego_bevfusion": [
      [
        -0.19079381227493286,
        -0.9815682172775269,
        0.011018243618309498,
        105.37649536132812
      ],
      [
        0.9816294312477112,
        -0.19076840579509735,
        0.0033221174962818623,
        31.554100036621094
      ],
      [
        -0.0011589524801820517,
        0.011449672281742096,
        0.9999337792396545,
        -0.004081573337316513
      ],
      [
        0.0,
        0.0,
        0.0,
        1.0
      ]
    ]
  },
  "detections": [
    {
      "detection_id": "sample_000016_det_0000",
      "class_id": 0,
      "class_name": "car",
      "class_group": "vehicle",
      "score": 0.79150390625,
      "position_ego": [
        16.04436492919922,
        -0.2868156433105469,
        -1.3818359375
      ],
      "size_xyz": [
        2.11328125,
        4.796875,
        1.826171875
      ],
      "yaw_rad": -1.9072265625,
      "velocity_ego": [
        -6.616115570068359e-06,
        -2.2649765014648438e-06
      ],
      "speed_mps": 6.9930754170600005e-06,
      "distance_m": 16.04692834141679,
      "bearing_deg": -1.0241337539504787,
      "source_confidence": 0.79150390625,
      "raw_box_9d": [
        16.04436492919922,
        -0.2868156433105469,
        -1.3818359375,
        2.11328125,
        4.796875,
        1.826171875,
        -1.9072265625,
        -6.616115570068359e-06,
        -2.2649765014648438e-06
      ]
    },
    {
      "detection_id": "sample_000016_det_0001",
      "class_id": 0,
      "class_name": "car",
      "class_group": "vehicle",
      "score": 0.422607421875,
      "position_ego": [
        38.25337219238281,
        27.229400634765625,
        -1.37890625
      ],
      "size_xyz": [
        2.1484375,
        4.96875,
        1.8466796875
      ],
      "yaw_rad": -2.888671875,
      "velocity_ego": [
        -6.616115570068359e-06,
        -2.2649765014648438e-06
      ],
      "speed_mps": 6.9930754170600005e-06,
      "distance_m": 46.95487986373239,
      "bearing_deg": 35.44390759575845,
      "source_confidence": 0.422607421875,
      "raw_box_9d": [
        38.25337219238281,
        27.229400634765625,
        -1.37890625,
        2.1484375,
        4.96875,
        1.8466796875,
        -2.888671875,
        -6.616115570068359e-06,
        -2.2649765014648438e-06
      ]
    },
    {
      "detection_id": "sample_000016_det_0002",
      "class_id": 0,
      "class_name": "car",
      "class_group": "vehicle",
      "score": 0.2000732421875,
      "position_ego": [
        25.616455078125,
        -7.478427886962891,
        -1.0224609375
      ],
      "size_xyz": [
        2.201171875,
        4.96484375,
        1.9072265625
      ],
      "yaw_rad": 1.173828125,
      "velocity_ego": [
        -6.616115570068359e-06,
        -2.2649765014648438e-06
      ],
      "speed_mps": 6.9930754170600005e-06,
      "distance_m": 26.68575752025976,
      "bearing_deg": -16.274554225253343,
      "source_confidence": 0.2000732421875,
      "raw_box_9d": [
        25.616455078125,
        -7.478427886962891,
        -1.0224609375,
        2.201171875,
        4.96484375,
        1.9072265625,
        1.173828125,
        -6.616115570068359e-06,
        -2.2649765014648438e-06
      ]
    }
  ],
  "class_names": [
    "car",
    "truck",
    "construction_vehicle",
    "bus",
    "trailer",
    "barrier",
    "motorcycle",
    "bicycle",
    "pedestrian",
    "traffic_cone"
  ],
  "raw_prediction_count": 200,
  "filtered_prediction_count": 3
}