{
  "sample_name": "sample_000017",
  "sequence_index": 17,
  "frame_id": 2194,
  "timestamp": 33.74063230678439,
  "prediction_variant": "bridge_minimal",
  "source_sample_dir": "/workspace/Agent-AI/outputs/samples/sample_000017",
  "source_prediction_dir": "/workspace/Agent-AI/outputs/live_watch_compare/live_20260401_095649/inference/sample_000017/bridge_minimal",
  "ego": {
    "frame_id": 2194,
    "timestamp": 33.74063230678439,
    "sample_name": "sample_000017",
    "town": "Carla/Maps/Town10HD_Opt",
    "weather": {
      "cloudiness": 20.0,
      "dust_storm": 0.0,
      "fog_density": 2.0,
      "fog_distance": 0.75,
      "fog_falloff": 0.10000000149011612,
      "mie_scattering_scale": 0.029999999329447746,
      "precipitation": 0.0,
      "precipitation_deposits": 0.0,
      "rayleigh_scattering_scale": 0.03310000151395798,
      "scattering_intensity": 1.0,
      "sun_altitude_angle": 45.0,
      "sun_azimuth_angle": 300.0,
      "wetness": 0.0,
      "wind_intensity": 10.0
    },
    "position_world": [
      -57.42580795288086,
      -22.914833068847656,
      -0.006522102281451225
    ],
    "velocity_world": [
      7.756178855895996,
      2.951280355453491,
      -0.00017283439228776842
    ],
    "speed_mps": 8.298696657367682,
    "yaw_deg": -18.379310607910156,
    "route_progress_m": 2.9118008765295937,
    "world_from_ego_bevfusion": [
      [
        0.9489394426345825,
        -0.31541627645492554,
        -0.005154044833034277,
        -57.42580795288086
      ],
      [
        0.31528958678245544,
        0.9488394856452942,
        -0.017208537086844444,
        -22.914833068847656
      ],
      [
        0.010318214073777199,
        0.014704843051731586,
        0.999838650226593,
        -0.006522102281451225
      ],
      [
        0.0,
        0.0,
        0.0,
        1.0
      ]
    ]
  },
  "detections": [
    {
      "detection_id": "sample_000017_det_0000",
      "class_id": 7,
      "class_name": "bicycle",
      "class_group": "vru",
      "score": 0.1851806640625,
      "position_ego": [
        22.445472717285156,
        -22.476835250854492,
        -0.9150390625
      ],
      "size_xyz": [
        0.6962890625,
        1.998046875,
        1.2861328125
      ],
      "yaw_rad": -1.44921875,
      "velocity_ego": [
        0.00027823448181152344,
        0.00011479854583740234
      ],
      "speed_mps": 0.0003009869316022028,
      "distance_m": 31.764876332144713,
      "bearing_deg": -45.040001072912005,
      "source_confidence": 0.1851806640625,
      "raw_box_9d": [
        22.445472717285156,
        -22.476835250854492,
        -0.9150390625,
        0.6962890625,
        1.998046875,
        1.2861328125,
        -1.44921875,
        0.00027823448181152344,
        0.00011479854583740234
      ]
    }
  ],
  "class_names": [
    "car",
    "truck",
    "construction_vehicle",
    "bus",
    "trailer",
    "barrier",
    "motorcycle",
    "bicycle",
    "pedestrian",
    "traffic_cone"
  ],
  "raw_prediction_count": 200,
  "filtered_prediction_count": 1
}