{
  "highest_risk_level": "medium",
  "highest_risk_score": 0.5606018507358964,
  "urgent_track_ids": [],
  "front_hazard_track_id": null,
  "nearest_front_vehicle_distance_m": 47.513555502063724,
  "nearest_vru_distance_m": 31.919753235213815,
  "minimum_ttc_seconds": 2.4453236476235243,
  "flags": []
}