{
  "active_object_count": 2,
  "front_free_space_m": 46.43996692525604,
  "left_side_occupancy": 0.0,
  "right_side_occupancy": 0.0,
  "rear_gap_m": null,
  "nearest_front_vehicle": {
    "track_id": 4,
    "class": "car",
    "distance_m": 47.513555502063724,
    "bearing_deg": -1.3424741516539354,
    "position_ego": [
      47.50051380025604,
      -1.1131689716193114,
      -1.732421875
    ],
    "velocity_ego": [
      -3.614395107278825,
      -5.1306471955117345
    ],
    "risk_level": "low",
    "risk_score": 0.33999999999999997
  },
  "nearest_vru": {
    "track_id": 3,
    "class": "bicycle",
    "distance_m": 31.919753235213815,
    "bearing_deg": -44.21673266979472,
    "position_ego": [
      22.877109843298875,
      -22.26002003176503,
      -0.9150390625
    ],
    "velocity_ego": [
      -9.35545274979526,
      -4.699272365877923
    ],
    "risk_level": "medium",
    "risk_score": 0.5606018507358964
  },
  "nearest_any_object": {
    "track_id": 3,
    "class": "bicycle",
    "distance_m": 31.919753235213815,
    "bearing_deg": -44.21673266979472,
    "position_ego": [
      22.877109843298875,
      -22.26002003176503,
      -0.9150390625
    ],
    "velocity_ego": [
      -9.35545274979526,
      -4.699272365877923
    ],
    "risk_level": "medium",
    "risk_score": 0.5606018507358964
  },
  "abnormal_flags": []
}