{
  "active_object_count": 3,
  "front_free_space_m": 19.423979064796416,
  "left_side_occupancy": 0.315344038849085,
  "right_side_occupancy": 0.08085886700073308,
  "rear_gap_m": null,
  "nearest_front_vehicle": {
    "track_id": 1,
    "class": "car",
    "distance_m": 20.53967883452745,
    "bearing_deg": 4.45252963980183,
    "position_ego": [
      20.477690002296416,
      1.5945591225741098,
      -1.544921875
    ],
    "velocity_ego": [
      -4.676356171040549,
      -2.163750613572752
    ],
    "risk_level": "high",
    "risk_score": 0.6459524087410442
  },
  "nearest_vru": null,
  "nearest_any_object": {
    "track_id": 1,
    "class": "car",
    "distance_m": 20.53967883452745,
    "bearing_deg": 4.45252963980183,
    "position_ego": [
      20.477690002296416,
      1.5945591225741098,
      -1.544921875
    ],
    "velocity_ego": [
      -4.676356171040549,
      -2.163750613572752
    ],
    "risk_level": "high",
    "risk_score": 0.6459524087410442
  },
  "abnormal_flags": [
    "high_risk_scene"
  ]
}