{
  "sample_name": "sample_000028",
  "sequence_index": 28,
  "frame_id": 2205,
  "timestamp": 34.29063231498003,
  "prediction_variant": "bridge_minimal",
  "source_sample_dir": "/workspace/Agent-AI/outputs/samples/sample_000028",
  "source_prediction_dir": "/workspace/Agent-AI/outputs/live_watch_compare/live_20260401_095649/inference/sample_000028/bridge_minimal",
  "ego": {
    "frame_id": 2205,
    "timestamp": 34.29063231498003,
    "sample_name": "sample_000028",
    "town": "Carla/Maps/Town10HD_Opt",
    "weather": {
      "cloudiness": 20.0,
      "dust_storm": 0.0,
      "fog_density": 2.0,
      "fog_distance": 0.75,
      "fog_falloff": 0.10000000149011612,
      "mie_scattering_scale": 0.029999999329447746,
      "precipitation": 0.0,
      "precipitation_deposits": 0.0,
      "rayleigh_scattering_scale": 0.03310000151395798,
      "scattering_intensity": 1.0,
      "sun_altitude_angle": 45.0,
      "sun_azimuth_angle": 300.0,
      "wetness": 0.0,
      "wind_intensity": 10.0
    },
    "position_world": [
      -53.52241516113281,
      -20.844179153442383,
      -0.004255218431353569
    ],
    "velocity_world": [
      6.4478654861450195,
      4.5759429931640625,
      0.00022089004050940275
    ],
    "speed_mps": 7.9065936820415805,
    "yaw_deg": -32.98833084106445,
    "route_progress_m": 7.3427124885748,
    "world_from_ego_bevfusion": [
      [
        0.8387813568115234,
        -0.5443312525749207,
        0.012219869531691074,
        -53.52241516113281
      ],
      [
        0.5444681644439697,
        0.8385893702507019,
        -0.017951952293515205,
        -20.844179153442383
      ],
      [
        -0.0004756449779961258,
        0.021711094304919243,
        0.9997641444206238,
        -0.004255218431353569
      ],
      [
        0.0,
        0.0,
        0.0,
        1.0
      ]
    ]
  },
  "detections": [
    {
      "detection_id": "sample_000028_det_0000",
      "class_id": 0,
      "class_name": "car",
      "class_group": "vehicle",
      "score": 0.377197265625,
      "position_ego": [
        40.83222961425781,
        -13.475021362304688,
        -0.84375
      ],
      "size_xyz": [
        2.10546875,
        4.921875,
        1.7548828125
      ],
      "yaw_rad": 2.1015625,
      "velocity_ego": [
        -0.52685546875,
        0.246826171875
      ],
      "speed_mps": 0.5818073943103931,
      "distance_m": 42.9982229398616,
      "bearing_deg": -18.263377865142697,
      "source_confidence": 0.377197265625,
      "raw_box_9d": [
        40.83222961425781,
        -13.475021362304688,
        -0.84375,
        2.10546875,
        4.921875,
        1.7548828125,
        2.1015625,
        -0.52685546875,
        0.246826171875
      ]
    }
  ],
  "class_names": [
    "car",
    "truck",
    "construction_vehicle",
    "bus",
    "trailer",
    "barrier",
    "motorcycle",
    "bicycle",
    "pedestrian",
    "traffic_cone"
  ],
  "raw_prediction_count": 200,
  "filtered_prediction_count": 1
}