{
  "active_object_count": 1,
  "front_free_space_m": null,
  "left_side_occupancy": 0.0,
  "right_side_occupancy": 0.0,
  "rear_gap_m": null,
  "nearest_front_vehicle": null,
  "nearest_vru": null,
  "nearest_any_object": {
    "track_id": 4,
    "class": "car",
    "distance_m": 43.07629445985653,
    "bearing_deg": -18.0162869101753,
    "position_ego": [
      40.964205013857786,
      -13.32295207433002,
      -0.84375
    ],
    "velocity_ego": [
      -7.990018691499389,
      -11.067982465207706
    ],
    "risk_level": "low",
    "risk_score": 0.15000000000000002
  },
  "abnormal_flags": []
}