{
  "active_object_count": 5,
  "front_free_space_m": 19.985046826721735,
  "left_side_occupancy": 0.30198149078901204,
  "right_side_occupancy": 0.0,
  "rear_gap_m": 50.96015614867211,
  "nearest_front_vehicle": {
    "track_id": 2,
    "class": "car",
    "distance_m": 21.09338209013649,
    "bearing_deg": 3.3962522739116388,
    "position_ego": [
      21.056335889221735,
      1.2495947025989917,
      -1.587890625
    ],
    "velocity_ego": [
      -2.591674779958335,
      -0.2157988048710288
    ],
    "risk_level": "medium",
    "risk_score": 0.5417996343239764
  },
  "nearest_vru": null,
  "nearest_any_object": {
    "track_id": 1,
    "class": "car",
    "distance_m": 20.94055527632964,
    "bearing_deg": 12.78584427365605,
    "position_ego": [
      20.42131454943568,
      4.634303329954091,
      -1.513671875
    ],
    "velocity_ego": [
      -2.330614529274617,
      -0.12588273670328332
    ],
    "risk_level": "low",
    "risk_score": 0.2929458354275277
  },
  "abnormal_flags": []
}