{
  "active_object_count": 1,
  "front_free_space_m": null,
  "left_side_occupancy": 0.0,
  "right_side_occupancy": 0.0,
  "rear_gap_m": null,
  "nearest_front_vehicle": null,
  "nearest_vru": null,
  "nearest_any_object": {
    "track_id": 4,
    "class": "car",
    "distance_m": 44.38538973254349,
    "bearing_deg": -11.906546720790482,
    "position_ego": [
      43.430456600953036,
      -9.157415636658168,
      -0.81103515625
    ],
    "velocity_ego": [
      -9.048638505594319,
      -12.665535707965285
    ],
    "risk_level": "low",
    "risk_score": 0.25
  },
  "abnormal_flags": []
}