{
  "sample_name": "sample_000030",
  "sequence_index": 30,
  "frame_id": 726303,
  "timestamp": 5000.194624762982,
  "prediction_variant": "single",
  "source_sample_dir": "D:\\Agent-AI\\outputs\\s3a_ml_long_v1\\sample_000030",
  "source_prediction_dir": "D:\\Agent-AI\\outputs\\live_watch_compare_multilane\\lw_s3a_ml_long_v1\\inference\\sample_000030",
  "ego": {
    "frame_id": 726303,
    "timestamp": 5000.194624762982,
    "sample_name": "sample_000030",
    "town": "Carla/Maps/Town10HD_Opt",
    "weather": {
      "cloudiness": 20.0,
      "dust_storm": 0.0,
      "fog_density": 2.0,
      "fog_distance": 0.75,
      "fog_falloff": 0.10000000149011612,
      "mie_scattering_scale": 0.029999999329447746,
      "precipitation": 0.0,
      "precipitation_deposits": 0.0,
      "rayleigh_scattering_scale": 0.03310000151395798,
      "scattering_intensity": 1.0,
      "sun_altitude_angle": 45.0,
      "sun_azimuth_angle": 300.0,
      "wetness": 0.0,
      "wind_intensity": 10.0
    },
    "position_world": [
      104.54306030273438,
      34.640621185302734,
      -0.005594901740550995
    ],
    "velocity_world": [
      -1.01029372215271,
      3.304262638092041,
      7.074356108205393e-05
    ],
    "speed_mps": 3.4552633751302957,
    "yaw_deg": -105.4684829711914,
    "route_progress_m": 12.730034697979983,
    "world_from_ego_bevfusion": [
      [
        -0.2667047381401062,
        -0.9637747406959534,
        0.0026135235093533993,
        104.54306030273438
      ],
      [
        0.9637646079063416,
        -0.2667144238948822,
        -0.004597484599798918,
        34.640621185302734
      ],
      [
        0.005128003656864166,
        0.0012926504714414477,
        0.9999859929084778,
        -0.005594901740550995
      ],
      [
        0.0,
        0.0,
        0.0,
        1.0
      ]
    ]
  },
  "detections": [
    {
      "detection_id": "sample_000030_det_0000",
      "class_id": 0,
      "class_name": "car",
      "class_group": "vehicle",
      "score": 0.81494140625,
      "position_ego": [
        9.20962142944336,
        0.8499031066894531,
        -1.517578125
      ],
      "size_xyz": [
        2.130859375,
        4.859375,
        1.83203125
      ],
      "yaw_rad": -1.744140625,
      "velocity_ego": [
        -6.616115570068359e-06,
        -2.2649765014648438e-06
      ],
      "speed_mps": 6.9930754170600005e-06,
      "distance_m": 9.248754627755172,
      "bearing_deg": 5.272564775722361,
      "source_confidence": 0.81494140625,
      "raw_box_9d": [
        9.20962142944336,
        0.8499031066894531,
        -1.517578125,
        2.130859375,
        4.859375,
        1.83203125,
        -1.744140625,
        -6.616115570068359e-06,
        -2.2649765014648438e-06
      ]
    },
    {
      "detection_id": "sample_000030_det_0001",
      "class_id": 0,
      "class_name": "car",
      "class_group": "vehicle",
      "score": 0.74267578125,
      "position_ego": [
        9.043506622314453,
        -2.6227264404296875,
        -1.5078125
      ],
      "size_xyz": [
        2.15625,
        5.03515625,
        1.8173828125
      ],
      "yaw_rad": -1.703125,
      "velocity_ego": [
        -6.616115570068359e-06,
        -2.2649765014648438e-06
      ],
      "speed_mps": 6.9930754170600005e-06,
      "distance_m": 9.416140717362627,
      "bearing_deg": -16.1727990575129,
      "source_confidence": 0.74267578125,
      "raw_box_9d": [
        9.043506622314453,
        -2.6227264404296875,
        -1.5078125,
        2.15625,
        5.03515625,
        1.8173828125,
        -1.703125,
        -6.616115570068359e-06,
        -2.2649765014648438e-06
      ]
    },
    {
      "detection_id": "sample_000030_det_0002",
      "class_id": 0,
      "class_name": "car",
      "class_group": "vehicle",
      "score": 0.54248046875,
      "position_ego": [
        28.268707275390625,
        6.747219085693359,
        -1.5830078125
      ],
      "size_xyz": [
        2.15234375,
        4.96484375,
        1.8681640625
      ],
      "yaw_rad": -2.228515625,
      "velocity_ego": [
        -6.616115570068359e-06,
        -2.2649765014648438e-06
      ],
      "speed_mps": 6.9930754170600005e-06,
      "distance_m": 29.062773033763786,
      "bearing_deg": 13.424284954174128,
      "source_confidence": 0.54248046875,
      "raw_box_9d": [
        28.268707275390625,
        6.747219085693359,
        -1.5830078125,
        2.15234375,
        4.96484375,
        1.8681640625,
        -2.228515625,
        -6.616115570068359e-06,
        -2.2649765014648438e-06
      ]
    },
    {
      "detection_id": "sample_000030_det_0004",
      "class_id": 0,
      "class_name": "car",
      "class_group": "vehicle",
      "score": 0.416259765625,
      "position_ego": [
        37.080322265625,
        24.15227508544922,
        -1.322265625
      ],
      "size_xyz": [
        2.171875,
        5.0234375,
        1.8671875
      ],
      "yaw_rad": -2.740234375,
      "velocity_ego": [
        -6.616115570068359e-06,
        -2.2649765014648438e-06
      ],
      "speed_mps": 6.9930754170600005e-06,
      "distance_m": 44.25248796537677,
      "bearing_deg": 33.078217412524026,
      "source_confidence": 0.416259765625,
      "raw_box_9d": [
        37.080322265625,
        24.15227508544922,
        -1.322265625,
        2.171875,
        5.0234375,
        1.8671875,
        -2.740234375,
        -6.616115570068359e-06,
        -2.2649765014648438e-06
      ]
    },
    {
      "detection_id": "sample_000030_det_0003",
      "class_id": 0,
      "class_name": "car",
      "class_group": "vehicle",
      "score": 0.28076171875,
      "position_ego": [
        48.895416259765625,
        52.45452117919922,
        -1.18359375
      ],
      "size_xyz": [
        2.232421875,
        5.02734375,
        1.9111328125
      ],
      "yaw_rad": 0.1973876953125,
      "velocity_ego": [
        -6.616115570068359e-06,
        -2.2649765014648438e-06
      ],
      "speed_mps": 6.9930754170600005e-06,
      "distance_m": 71.70940331194238,
      "bearing_deg": 47.01122893834267,
      "source_confidence": 0.28076171875,
      "raw_box_9d": [
        48.895416259765625,
        52.45452117919922,
        -1.18359375,
        2.232421875,
        5.02734375,
        1.9111328125,
        0.1973876953125,
        -6.616115570068359e-06,
        -2.2649765014648438e-06
      ]
    },
    {
      "detection_id": "sample_000030_det_0005",
      "class_id": 0,
      "class_name": "car",
      "class_group": "vehicle",
      "score": 0.267578125,
      "position_ego": [
        51.88909912109375,
        52.078277587890625,
        -1.0029296875
      ],
      "size_xyz": [
        2.201171875,
        5.1015625,
        1.9091796875
      ],
      "yaw_rad": 0.26220703125,
      "velocity_ego": [
        -6.616115570068359e-06,
        -2.2649765014648438e-06
      ],
      "speed_mps": 6.9930754170600005e-06,
      "distance_m": 73.51615879600949,
      "bearing_deg": 45.10425497019195,
      "source_confidence": 0.267578125,
      "raw_box_9d": [
        51.88909912109375,
        52.078277587890625,
        -1.0029296875,
        2.201171875,
        5.1015625,
        1.9091796875,
        0.26220703125,
        -6.616115570068359e-06,
        -2.2649765014648438e-06
      ]
    }
  ],
  "class_names": [
    "car",
    "truck",
    "construction_vehicle",
    "bus",
    "trailer",
    "barrier",
    "motorcycle",
    "bicycle",
    "pedestrian",
    "traffic_cone"
  ],
  "raw_prediction_count": 200,
  "filtered_prediction_count": 6
}