{
  "active_object_count": 8,
  "front_free_space_m": null,
  "left_side_occupancy": 0.11397924925345226,
  "right_side_occupancy": 1.0,
  "rear_gap_m": 7.9335684620814835,
  "nearest_front_vehicle": null,
  "nearest_vru": {
    "track_id": 19,
    "class": "pedestrian",
    "distance_m": 44.42459949223025,
    "bearing_deg": -81.7717677580289,
    "position_ego": [
      6.357898712158203,
      -43.96728515625,
      -0.38671875
    ],
    "velocity_ego": [
      -0.05865478515625,
      -0.0160980224609375
    ],
    "risk_level": "low",
    "risk_score": 0.25
  },
  "nearest_any_object": {
    "track_id": 1,
    "class": "car",
    "distance_m": 8.471144206215634,
    "bearing_deg": -159.47844322305238,
    "position_ego": [
      -7.9335684620814835,
      -2.96964233872814,
      -1.44921875
    ],
    "velocity_ego": [
      -5.064820216178976,
      0.6625435894911402
    ],
    "risk_level": "low",
    "risk_score": 0.2864664184533827
  },
  "abnormal_flags": []
}