{
  "sample_name": "sample_000042",
  "sequence_index": 42,
  "frame_id": 60043,
  "timestamp": 439.21970081329346,
  "prediction_variant": "single",
  "source_sample_dir": "D:\\Agent-AI\\outputs\\s3a_ml_long_v2\\sample_000042",
  "source_prediction_dir": "D:\\Agent-AI\\outputs\\live_watch_compare_multilane\\lw_s3a_ml_long_v2\\inference\\sample_000042",
  "ego": {
    "frame_id": 60043,
    "timestamp": 439.21970081329346,
    "sample_name": "sample_000042",
    "town": "Carla/Maps/Town10HD_Opt",
    "weather": {
      "cloudiness": 20.0,
      "dust_storm": 0.0,
      "fog_density": 2.0,
      "fog_distance": 0.75,
      "fog_falloff": 0.10000000149011612,
      "mie_scattering_scale": 0.029999999329447746,
      "precipitation": 0.0,
      "precipitation_deposits": 0.0,
      "rayleigh_scattering_scale": 0.03310000151395798,
      "scattering_intensity": 1.0,
      "sun_altitude_angle": 45.0,
      "sun_azimuth_angle": 300.0,
      "wetness": 0.0,
      "wind_intensity": 10.0
    },
    "position_world": [
      96.37620544433594,
      49.86307144165039,
      -0.0038536833599209785
    ],
    "velocity_world": [
      -5.11814022064209,
      5.752164363861084,
      -0.00011490821634652093
    ],
    "speed_mps": 7.699529479145563,
    "yaw_deg": -129.7286376953125,
    "route_progress_m": 30.146471079380984,
    "world_from_ego_bevfusion": [
      [
        -0.6391506791114807,
        -0.7690424919128418,
        0.007741270586848259,
        96.37620544433594
      ],
      [
        0.769078254699707,
        -0.6390863060951233,
        0.009340481832623482,
        49.86307144165039
      ],
      [
        -0.002235887572169304,
        0.011923618614673615,
        0.9999263882637024,
        -0.0038536833599209785
      ],
      [
        0.0,
        0.0,
        0.0,
        1.0
      ]
    ]
  },
  "detections": [
    {
      "detection_id": "sample_000042_det_0000",
      "class_id": 0,
      "class_name": "car",
      "class_group": "vehicle",
      "score": 0.8154296875,
      "position_ego": [
        -5.595188140869141,
        -3.2709388732910156,
        -1.44140625
      ],
      "size_xyz": [
        2.19140625,
        5.1796875,
        1.7705078125
      ],
      "yaw_rad": -1.392578125,
      "velocity_ego": [
        -6.616115570068359e-06,
        -2.2649765014648438e-06
      ],
      "speed_mps": 6.9930754170600005e-06,
      "distance_m": 6.48113967173436,
      "bearing_deg": -149.68950564791666,
      "source_confidence": 0.8154296875,
      "raw_box_9d": [
        -5.595188140869141,
        -3.2709388732910156,
        -1.44140625,
        2.19140625,
        5.1796875,
        1.7705078125,
        -1.392578125,
        -6.616115570068359e-06,
        -2.2649765014648438e-06
      ]
    },
    {
      "detection_id": "sample_000042_det_0001",
      "class_id": 0,
      "class_name": "car",
      "class_group": "vehicle",
      "score": 0.6005859375,
      "position_ego": [
        26.804298400878906,
        10.230621337890625,
        -1.3701171875
      ],
      "size_xyz": [
        2.16015625,
        4.90234375,
        1.8720703125
      ],
      "yaw_rad": -2.298828125,
      "velocity_ego": [
        -6.616115570068359e-06,
        -2.2649765014648438e-06
      ],
      "speed_mps": 6.9930754170600005e-06,
      "distance_m": 28.690347256920095,
      "bearing_deg": 20.89077456097998,
      "source_confidence": 0.6005859375,
      "raw_box_9d": [
        26.804298400878906,
        10.230621337890625,
        -1.3701171875,
        2.16015625,
        4.90234375,
        1.8720703125,
        -2.298828125,
        -6.616115570068359e-06,
        -2.2649765014648438e-06
      ]
    },
    {
      "detection_id": "sample_000042_det_0004",
      "class_id": 0,
      "class_name": "car",
      "class_group": "vehicle",
      "score": 0.291259765625,
      "position_ego": [
        52.777442932128906,
        40.847900390625,
        -1.140625
      ],
      "size_xyz": [
        2.275390625,
        5.21484375,
        1.9404296875
      ],
      "yaw_rad": 0.66943359375,
      "velocity_ego": [
        -0.15966796875,
        -0.16162109375
      ],
      "speed_mps": 0.22718987255090678,
      "distance_m": 66.73836564358274,
      "bearing_deg": 37.7386215977151,
      "source_confidence": 0.291259765625,
      "raw_box_9d": [
        52.777442932128906,
        40.847900390625,
        -1.140625,
        2.275390625,
        5.21484375,
        1.9404296875,
        0.66943359375,
        -0.15966796875,
        -0.16162109375
      ]
    },
    {
      "detection_id": "sample_000042_det_0003",
      "class_id": 0,
      "class_name": "car",
      "class_group": "vehicle",
      "score": 0.276611328125,
      "position_ego": [
        49.337554931640625,
        31.167190551757812,
        -1.1884765625
      ],
      "size_xyz": [
        2.29296875,
        5.25390625,
        1.888671875
      ],
      "yaw_rad": 0.6865234375,
      "velocity_ego": [
        -0.1417236328125,
        -0.154296875
      ],
      "speed_mps": 0.20950683457190114,
      "distance_m": 58.35741678246423,
      "bearing_deg": 32.28114754923639,
      "source_confidence": 0.276611328125,
      "raw_box_9d": [
        49.337554931640625,
        31.167190551757812,
        -1.1884765625,
        2.29296875,
        5.25390625,
        1.888671875,
        0.6865234375,
        -0.1417236328125,
        -0.154296875
      ]
    },
    {
      "detection_id": "sample_000042_det_0002",
      "class_id": 0,
      "class_name": "car",
      "class_group": "vehicle",
      "score": 0.272216796875,
      "position_ego": [
        51.902862548828125,
        29.548683166503906,
        -1.1630859375
      ],
      "size_xyz": [
        2.26171875,
        5.1640625,
        1.9013671875
      ],
      "yaw_rad": 0.69677734375,
      "velocity_ego": [
        -6.616115570068359e-06,
        -2.2649765014648438e-06
      ],
      "speed_mps": 6.9930754170600005e-06,
      "distance_m": 59.724633256613444,
      "bearing_deg": 29.65317904705667,
      "source_confidence": 0.272216796875,
      "raw_box_9d": [
        51.902862548828125,
        29.548683166503906,
        -1.1630859375,
        2.26171875,
        5.1640625,
        1.9013671875,
        0.69677734375,
        -6.616115570068359e-06,
        -2.2649765014648438e-06
      ]
    }
  ],
  "class_names": [
    "car",
    "truck",
    "construction_vehicle",
    "bus",
    "trailer",
    "barrier",
    "motorcycle",
    "bicycle",
    "pedestrian",
    "traffic_cone"
  ],
  "raw_prediction_count": 200,
  "filtered_prediction_count": 5
}