{
  "sample_name": "sample_000014",
  "sequence_index": 14,
  "frame_id": 3934,
  "timestamp": 40.531086567789316,
  "prediction_variant": "single",
  "source_sample_dir": "D:\\Agent-AI\\outputs\\s3a_left_v3\\sample_000014",
  "source_prediction_dir": "D:\\Agent-AI\\outputs\\live_watch_compare_multilane\\lw_left_positive_v1\\inference\\sample_000014",
  "ego": {
    "frame_id": 3934,
    "timestamp": 40.531086567789316,
    "sample_name": "sample_000014",
    "town": "Carla/Maps/Town10HD_Opt",
    "weather": {
      "cloudiness": 20.0,
      "dust_storm": 0.0,
      "fog_density": 2.0,
      "fog_distance": 0.75,
      "fog_falloff": 0.10000000149011612,
      "mie_scattering_scale": 0.029999999329447746,
      "precipitation": 0.0,
      "precipitation_deposits": 0.0,
      "rayleigh_scattering_scale": 0.03310000151395798,
      "scattering_intensity": 1.0,
      "sun_altitude_angle": 45.0,
      "sun_azimuth_angle": 300.0,
      "wetness": 0.0,
      "wind_intensity": 10.0
    },
    "position_world": [
      109.43084716796875,
      28.172765731811523,
      -0.006271056830883026
    ],
    "velocity_world": [
      -1.056258201599121,
      8.836822509765625,
      -2.2087097022449598e-05
    ],
    "speed_mps": 8.899725470936376,
    "yaw_deg": -96.21605682373047,
    "route_progress_m": 7.054485692462614,
    "world_from_ego_bevfusion": [
      [
        -0.108273446559906,
        -0.9940985441207886,
        0.006711681839078665,
        109.43084716796875
      ],
      [
        0.9940794706344604,
        -0.10832825303077698,
        -0.008424152620136738,
        28.172765731811523
      ],
      [
        0.009101502597332,
        0.005759832914918661,
        0.9999420046806335,
        -0.006271056830883026
      ],
      [
        0.0,
        0.0,
        0.0,
        1.0
      ]
    ]
  },
  "detections": [
    {
      "detection_id": "sample_000014_det_0000",
      "class_id": 0,
      "class_name": "car",
      "class_group": "vehicle",
      "score": 0.75048828125,
      "position_ego": [
        17.31108856201172,
        3.3240623474121094,
        -1.583984375
      ],
      "size_xyz": [
        2.15625,
        4.8984375,
        1.8271484375
      ],
      "yaw_rad": -2.001953125,
      "velocity_ego": [
        -6.616115570068359e-06,
        -2.2649765014648438e-06
      ],
      "speed_mps": 6.9930754170600005e-06,
      "distance_m": 17.627341764749893,
      "bearing_deg": 10.869589402106069,
      "source_confidence": 0.75048828125,
      "raw_box_9d": [
        17.31108856201172,
        3.3240623474121094,
        -1.583984375,
        2.15625,
        4.8984375,
        1.8271484375,
        -2.001953125,
        -6.616115570068359e-06,
        -2.2649765014648438e-06
      ]
    },
    {
      "detection_id": "sample_000014_det_0001",
      "class_id": 0,
      "class_name": "car",
      "class_group": "vehicle",
      "score": 0.4775390625,
      "position_ego": [
        31.124855041503906,
        17.715660095214844,
        -1.630859375
      ],
      "size_xyz": [
        2.193359375,
        5.02734375,
        1.857421875
      ],
      "yaw_rad": -2.677734375,
      "velocity_ego": [
        -6.616115570068359e-06,
        -2.2649765014648438e-06
      ],
      "speed_mps": 6.9930754170600005e-06,
      "distance_m": 35.81342225987093,
      "bearing_deg": 29.64768747144183,
      "source_confidence": 0.4775390625,
      "raw_box_9d": [
        31.124855041503906,
        17.715660095214844,
        -1.630859375,
        2.193359375,
        5.02734375,
        1.857421875,
        -2.677734375,
        -6.616115570068359e-06,
        -2.2649765014648438e-06
      ]
    }
  ],
  "class_names": [
    "car",
    "truck",
    "construction_vehicle",
    "bus",
    "trailer",
    "barrier",
    "motorcycle",
    "bicycle",
    "pedestrian",
    "traffic_cone"
  ],
  "raw_prediction_count": 200,
  "filtered_prediction_count": 2
}