{
  "active_object_count": 2,
  "front_free_space_m": null,
  "left_side_occupancy": 0.40658983859908404,
  "right_side_occupancy": 0.0,
  "rear_gap_m": null,
  "nearest_front_vehicle": null,
  "nearest_vru": null,
  "nearest_any_object": {
    "track_id": 1,
    "class": "car",
    "distance_m": 17.80230484202748,
    "bearing_deg": 10.93800976027106,
    "position_ego": [
      17.47889128801918,
      3.3779308800036407,
      -1.583984375
    ],
    "velocity_ego": [
      -4.586052944531422,
      -1.6297136769240241
    ],
    "risk_level": "medium",
    "risk_score": 0.4164827136847939
  },
  "abnormal_flags": []
}