{
  "sample_name": "sample_000055",
  "sequence_index": 55,
  "frame_id": 60056,
  "timestamp": 440.51970083266497,
  "prediction_variant": "single",
  "source_sample_dir": "D:\\Agent-AI\\outputs\\s3a_ml_long_v2\\sample_000055",
  "source_prediction_dir": "D:\\Agent-AI\\outputs\\live_watch_compare_multilane\\lw_s3a_ml_long_v2\\inference\\sample_000055",
  "ego": {
    "frame_id": 60056,
    "timestamp": 440.51970083266497,
    "sample_name": "sample_000055",
    "town": "Carla/Maps/Town10HD_Opt",
    "weather": {
      "cloudiness": 20.0,
      "dust_storm": 0.0,
      "fog_density": 2.0,
      "fog_distance": 0.75,
      "fog_falloff": 0.10000000149011612,
      "mie_scattering_scale": 0.029999999329447746,
      "precipitation": 0.0,
      "precipitation_deposits": 0.0,
      "rayleigh_scattering_scale": 0.03310000151395798,
      "scattering_intensity": 1.0,
      "sun_altitude_angle": 45.0,
      "sun_azimuth_angle": 300.0,
      "wetness": 0.0,
      "wind_intensity": 10.0
    },
    "position_world": [
      88.63701629638672,
      56.86116027832031,
      -0.004310302436351776
    ],
    "velocity_world": [
      -6.665327072143555,
      4.451421737670898,
      -0.00010554313485044986
    ],
    "speed_mps": 8.015094539454799,
    "yaw_deg": -144.3975067138672,
    "route_progress_m": 40.61030526197963,
    "world_from_ego_bevfusion": [
      [
        -0.8130754232406616,
        -0.5821171998977661,
        0.0069225565530359745,
        88.63701629638672
      ],
      [
        0.5821583271026611,
        -0.8130160570144653,
        0.009822208434343338,
        56.86116027832031
      ],
      [
        -8.95261691766791e-05,
        0.012016220018267632,
        0.999927818775177,
        -0.004310302436351776
      ],
      [
        0.0,
        0.0,
        0.0,
        1.0
      ]
    ]
  },
  "detections": [
    {
      "detection_id": "sample_000055_det_0000",
      "class_id": 0,
      "class_name": "car",
      "class_group": "vehicle",
      "score": 0.6865234375,
      "position_ego": [
        18.150222778320312,
        4.316165924072266,
        -1.4423828125
      ],
      "size_xyz": [
        2.1796875,
        5.16796875,
        1.783203125
      ],
      "yaw_rad": -2.044921875,
      "velocity_ego": [
        -6.616115570068359e-06,
        -2.2649765014648438e-06
      ],
      "speed_mps": 6.9930754170600005e-06,
      "distance_m": 18.65636286061086,
      "bearing_deg": 13.376616615556085,
      "source_confidence": 0.6865234375,
      "raw_box_9d": [
        18.150222778320312,
        4.316165924072266,
        -1.4423828125,
        2.1796875,
        5.16796875,
        1.783203125,
        -2.044921875,
        -6.616115570068359e-06,
        -2.2649765014648438e-06
      ]
    },
    {
      "detection_id": "sample_000055_det_0001",
      "class_id": 0,
      "class_name": "car",
      "class_group": "vehicle",
      "score": 0.66015625,
      "position_ego": [
        -16.49311065673828,
        -0.5853500366210938,
        -1.4140625
      ],
      "size_xyz": [
        2.16796875,
        5.0625,
        1.8017578125
      ],
      "yaw_rad": -1.119140625,
      "velocity_ego": [
        -6.616115570068359e-06,
        -2.2649765014648438e-06
      ],
      "speed_mps": 6.9930754170600005e-06,
      "distance_m": 16.503494593593995,
      "bearing_deg": -177.9673927706942,
      "source_confidence": 0.66015625,
      "raw_box_9d": [
        -16.49311065673828,
        -0.5853500366210938,
        -1.4140625,
        2.16796875,
        5.0625,
        1.8017578125,
        -1.119140625,
        -6.616115570068359e-06,
        -2.2649765014648438e-06
      ]
    },
    {
      "detection_id": "sample_000055_det_0003",
      "class_id": 0,
      "class_name": "car",
      "class_group": "vehicle",
      "score": 0.394287109375,
      "position_ego": [
        45.545509338378906,
        18.97258758544922,
        -1.3720703125
      ],
      "size_xyz": [
        2.22265625,
        4.99609375,
        1.86328125
      ],
      "yaw_rad": 0.94775390625,
      "velocity_ego": [
        -6.616115570068359e-06,
        -2.2649765014648438e-06
      ],
      "speed_mps": 6.9930754170600005e-06,
      "distance_m": 49.339157882759835,
      "bearing_deg": 22.614818303869843,
      "source_confidence": 0.394287109375,
      "raw_box_9d": [
        45.545509338378906,
        18.97258758544922,
        -1.3720703125,
        2.22265625,
        4.99609375,
        1.86328125,
        0.94775390625,
        -6.616115570068359e-06,
        -2.2649765014648438e-06
      ]
    },
    {
      "detection_id": "sample_000055_det_0002",
      "class_id": 0,
      "class_name": "car",
      "class_group": "vehicle",
      "score": 0.393310546875,
      "position_ego": [
        47.38447570800781,
        16.643775939941406,
        -1.337890625
      ],
      "size_xyz": [
        2.2421875,
        5.0234375,
        1.8515625
      ],
      "yaw_rad": 0.8134765625,
      "velocity_ego": [
        -6.616115570068359e-06,
        -2.2649765014648438e-06
      ],
      "speed_mps": 6.9930754170600005e-06,
      "distance_m": 50.22254290317999,
      "bearing_deg": 19.353802330180297,
      "source_confidence": 0.393310546875,
      "raw_box_9d": [
        47.38447570800781,
        16.643775939941406,
        -1.337890625,
        2.2421875,
        5.0234375,
        1.8515625,
        0.8134765625,
        -6.616115570068359e-06,
        -2.2649765014648438e-06
      ]
    },
    {
      "detection_id": "sample_000055_det_0004",
      "class_id": 0,
      "class_name": "car",
      "class_group": "vehicle",
      "score": 0.25830078125,
      "position_ego": [
        51.06372833251953,
        27.374526977539062,
        -1.240234375
      ],
      "size_xyz": [
        2.240234375,
        5.08984375,
        1.8486328125
      ],
      "yaw_rad": 0.94873046875,
      "velocity_ego": [
        -6.616115570068359e-06,
        -2.2649765014648438e-06
      ],
      "speed_mps": 6.9930754170600005e-06,
      "distance_m": 57.93849392641624,
      "bearing_deg": 28.19511602920548,
      "source_confidence": 0.25830078125,
      "raw_box_9d": [
        51.06372833251953,
        27.374526977539062,
        -1.240234375,
        2.240234375,
        5.08984375,
        1.8486328125,
        0.94873046875,
        -6.616115570068359e-06,
        -2.2649765014648438e-06
      ]
    },
    {
      "detection_id": "sample_000055_det_0005",
      "class_id": 0,
      "class_name": "car",
      "class_group": "vehicle",
      "score": 0.12261962890625,
      "position_ego": [
        11.230079650878906,
        -14.11376953125,
        -1.0556640625
      ],
      "size_xyz": [
        2.15625,
        4.96875,
        1.8583984375
      ],
      "yaw_rad": 2.255859375,
      "velocity_ego": [
        -0.02362060546875,
        0.0172271728515625
      ],
      "speed_mps": 0.02923539784521419,
      "distance_m": 18.036440318042953,
      "bearing_deg": -51.491347311009775,
      "source_confidence": 0.12261962890625,
      "raw_box_9d": [
        11.230079650878906,
        -14.11376953125,
        -1.0556640625,
        2.15625,
        4.96875,
        1.8583984375,
        2.255859375,
        -0.02362060546875,
        0.0172271728515625
      ]
    },
    {
      "detection_id": "sample_000055_det_0006",
      "class_id": 0,
      "class_name": "car",
      "class_group": "vehicle",
      "score": 0.1021728515625,
      "position_ego": [
        11.55029296875,
        -13.845409393310547,
        -1.029296875
      ],
      "size_xyz": [
        2.154296875,
        4.91796875,
        1.8525390625
      ],
      "yaw_rad": 2.03515625,
      "velocity_ego": [
        -0.023468017578125,
        0.002002716064453125
      ],
      "speed_mps": 0.02355331655376802,
      "distance_m": 18.03065802826751,
      "bearing_deg": -50.16403197148677,
      "source_confidence": 0.1021728515625,