{
  "sample_name": "sample_000019",
  "sequence_index": 19,
  "frame_id": 60020,
  "timestamp": 436.9197007790208,
  "prediction_variant": "single",
  "source_sample_dir": "D:\\Agent-AI\\outputs\\s3a_ml_long_v2\\sample_000019",
  "source_prediction_dir": "D:\\Agent-AI\\outputs\\live_watch_compare_multilane\\lw_s3a_ml_long_v2\\inference\\sample_000019",
  "ego": {
    "frame_id": 60020,
    "timestamp": 436.9197007790208,
    "sample_name": "sample_000019",
    "town": "Carla/Maps/Town10HD_Opt",
    "weather": {
      "cloudiness": 20.0,
      "dust_storm": 0.0,
      "fog_density": 2.0,
      "fog_distance": 0.75,
      "fog_falloff": 0.10000000149011612,
      "mie_scattering_scale": 0.029999999329447746,
      "precipitation": 0.0,
      "precipitation_deposits": 0.0,
      "rayleigh_scattering_scale": 0.03310000151395798,
      "scattering_intensity": 1.0,
      "sun_altitude_angle": 45.0,
      "sun_azimuth_angle": 300.0,
      "wetness": 0.0,
      "wind_intensity": 10.0
    },
    "position_world": [
      104.85198974609375,
      33.7095832824707,
      -0.0033086775802075863
    ],
    "velocity_world": [
      -1.9855684041976929,
      6.8107452392578125,
      -7.716178515693173e-05
    ],
    "speed_mps": 7.094274635773207,
    "yaw_deg": -104.17366790771484,
    "route_progress_m": 11.752418941492241,
    "world_from_ego_bevfusion": [
      [
        -0.2448589950799942,
        -0.9695147275924683,
        0.009236106649041176,
        104.85198974609375
      ],
      [
        0.9695467352867126,
        -0.24479755759239197,
        0.007299049757421017,
        33.7095832824707
      ],
      [
        -0.004815559834241867,
        0.010742074809968472,
        0.9999306797981262,
        -0.0033086775802075863
      ],
      [
        0.0,
        0.0,
        0.0,
        1.0
      ]
    ]
  },
  "detections": [
    {
      "detection_id": "sample_000019_det_0000",
      "class_id": 0,
      "class_name": "car",
      "class_group": "vehicle",
      "score": 0.599609375,
      "position_ego": [
        13.847023010253906,
        -1.1488761901855469,
        -1.330078125
      ],
      "size_xyz": [
        2.169921875,
        5.04296875,
        1.8642578125
      ],
      "yaw_rad": -1.791015625,
      "velocity_ego": [
        -6.616115570068359e-06,
        -2.2649765014648438e-06
      ],
      "speed_mps": 6.9930754170600005e-06,
      "distance_m": 13.894601928334486,
      "bearing_deg": -4.742920698140755,
      "source_confidence": 0.599609375,
      "raw_box_9d": [
        13.847023010253906,
        -1.1488761901855469,
        -1.330078125,
        2.169921875,
        5.04296875,
        1.8642578125,
        -1.791015625,
        -6.616115570068359e-06,
        -2.2649765014648438e-06
      ]
    },
    {
      "detection_id": "sample_000019_det_0001",
      "class_id": 0,
      "class_name": "car",
      "class_group": "vehicle",
      "score": 0.432373046875,
      "position_ego": [
        37.561492919921875,
        25.071975708007812,
        -1.0224609375
      ],
      "size_xyz": [
        2.119140625,
        4.92578125,
        1.822265625
      ],
      "yaw_rad": -2.8671875,
      "velocity_ego": [
        -6.616115570068359e-06,
        -2.2649765014648438e-06
      ],
      "speed_mps": 6.9930754170600005e-06,
      "distance_m": 45.16048844151572,
      "bearing_deg": 33.72277153683314,
      "source_confidence": 0.432373046875,
      "raw_box_9d": [
        37.561492919921875,
        25.071975708007812,
        -1.0224609375,
        2.119140625,
        4.92578125,
        1.822265625,
        -2.8671875,
        -6.616115570068359e-06,
        -2.2649765014648438e-06
      ]
    },
    {
      "detection_id": "sample_000019_det_0002",
      "class_id": 0,
      "class_name": "car",
      "class_group": "vehicle",
      "score": 0.327392578125,
      "position_ego": [
        51.76136016845703,
        53.326026916503906,
        -0.9462890625
      ],
      "size_xyz": [
        2.162109375,
        4.9609375,
        1.884765625
      ],
      "yaw_rad": 0.1986083984375,
      "velocity_ego": [
        -6.616115570068359e-06,
        -2.2649765014648438e-06
      ],
      "speed_mps": 6.9930754170600005e-06,
      "distance_m": 74.31624017123329,
      "bearing_deg": 45.85302508400192,
      "source_confidence": 0.327392578125,
      "raw_box_9d": [
        51.76136016845703,
        53.326026916503906,
        -0.9462890625,
        2.162109375,
        4.9609375,
        1.884765625,
        0.1986083984375,
        -6.616115570068359e-06,
        -2.2649765014648438e-06
      ]
    },
    {
      "detection_id": "sample_000019_det_0003",
      "class_id": 0,
      "class_name": "car",
      "class_group": "vehicle",
      "score": 0.1263427734375,
      "position_ego": [
        23.056900024414062,
        -9.32431411743164,
        -1.0419921875
      ],
      "size_xyz": [
        2.267578125,
        5.1484375,
        1.9541015625
      ],
      "yaw_rad": 1.1044921875,
      "velocity_ego": [
        -6.616115570068359e-06,
        -2.2649765014648438e-06
      ],
      "speed_mps": 6.9930754170600005e-06,
      "distance_m": 24.87093630116004,
      "bearing_deg": -22.018629600424546,
      "source_confidence": 0.1263427734375,
      "raw_box_9d": [
        23.056900024414062,
        -9.32431411743164,
        -1.0419921875,
        2.267578125,
        5.1484375,
        1.9541015625,
        1.1044921875,
        -6.616115570068359e-06,
        -2.2649765014648438e-06
      ]
    }
  ],
  "class_names": [
    "car",
    "truck",
    "construction_vehicle",
    "bus",
    "trailer",
    "barrier",
    "motorcycle",
    "bicycle",
    "pedestrian",
    "traffic_cone"
  ],
  "raw_prediction_count": 200,
  "filtered_prediction_count": 4
}