{
  "sample_name": "sample_000049",
  "sequence_index": 49,
  "frame_id": 60050,
  "timestamp": 439.91970082372427,
  "prediction_variant": "single",
  "source_sample_dir": "D:\\Agent-AI\\outputs\\s3a_ml_long_v2\\sample_000049",
  "source_prediction_dir": "D:\\Agent-AI\\outputs\\live_watch_compare_multilane\\lw_s3a_ml_long_v2\\inference\\sample_000049",
  "ego": {
    "frame_id": 60050,
    "timestamp": 439.91970082372427,
    "sample_name": "sample_000049",
    "town": "Carla/Maps/Town10HD_Opt",
    "weather": {
      "cloudiness": 20.0,
      "dust_storm": 0.0,
      "fog_density": 2.0,
      "fog_distance": 0.75,
      "fog_falloff": 0.10000000149011612,
      "mie_scattering_scale": 0.029999999329447746,
      "precipitation": 0.0,
      "precipitation_deposits": 0.0,
      "rayleigh_scattering_scale": 0.03310000151395798,
      "scattering_intensity": 1.0,
      "sun_altitude_angle": 45.0,
      "sun_azimuth_angle": 300.0,
      "wetness": 0.0,
      "wind_intensity": 10.0
    },
    "position_world": [
      92.44426727294922,
      53.884735107421875,
      -0.003925895784050226
    ],
    "velocity_world": [
      -5.861807823181152,
      5.068206310272217,
      -0.00013133048196323216
    ],
    "speed_mps": 7.7490325961786075,
    "yaw_deg": -137.1846923828125,
    "route_progress_m": 35.7746591175568,
    "world_from_ego_bevfusion": [
      [
        -0.7335469722747803,
        -0.6796073317527771,
        0.006531288381665945,
        92.44426727294922
      ],
      [
        0.6796361207962036,
        -0.7334834933280945,
        0.009832799434661865,
        53.884735107421875
      ],
      [
        -0.0018918502610176802,
        0.0116517199203372,
        0.9999303221702576,
        -0.003925895784050226
      ],
      [
        0.0,
        0.0,
        0.0,
        1.0
      ]
    ]
  },
  "detections": [
    {
      "detection_id": "sample_000049_det_0000",
      "class_id": 0,
      "class_name": "car",
      "class_group": "vehicle",
      "score": 0.70263671875,
      "position_ego": [
        -11.53549575805664,
        -2.2352027893066406,
        -1.44921875
      ],
      "size_xyz": [
        2.15234375,
        5.046875,
        1.794921875
      ],
      "yaw_rad": -1.2392578125,
      "velocity_ego": [
        -6.616115570068359e-06,
        -2.2649765014648438e-06
      ],
      "speed_mps": 6.9930754170600005e-06,
      "distance_m": 11.750055059167465,
      "bearing_deg": -169.03384354976922,
      "source_confidence": 0.70263671875,
      "raw_box_9d": [
        -11.53549575805664,
        -2.2352027893066406,
        -1.44921875,
        2.15234375,
        5.046875,
        1.794921875,
        -1.2392578125,
        -6.616115570068359e-06,
        -2.2649765014648438e-06
      ]
    },
    {
      "detection_id": "sample_000049_det_0001",
      "class_id": 0,
      "class_name": "car",
      "class_group": "vehicle",
      "score": 0.60693359375,
      "position_ego": [
        22.27690887451172,
        7.0097198486328125,
        -1.412109375
      ],
      "size_xyz": [
        2.15625,
        5.07421875,
        1.77734375
      ],
      "yaw_rad": -2.22265625,
      "velocity_ego": [
        -6.616115570068359e-06,
        -2.2649765014648438e-06
      ],
      "speed_mps": 6.9930754170600005e-06,
      "distance_m": 23.353732921304374,
      "bearing_deg": 17.46686194746188,
      "source_confidence": 0.60693359375,
      "raw_box_9d": [
        22.27690887451172,
        7.0097198486328125,
        -1.412109375,
        2.15625,
        5.07421875,
        1.77734375,
        -2.22265625,
        -6.616115570068359e-06,
        -2.2649765014648438e-06
      ]
    },
    {
      "detection_id": "sample_000049_det_0003",
      "class_id": 0,
      "class_name": "car",
      "class_group": "vehicle",
      "score": 0.39892578125,
      "position_ego": [
        49.684425354003906,
        22.77978515625,
        -1.03125
      ],
      "size_xyz": [
        2.23046875,
        4.96875,
        1.8134765625
      ],
      "yaw_rad": 0.79833984375,
      "velocity_ego": [
        -6.616115570068359e-06,
        -2.2649765014648438e-06
      ],
      "speed_mps": 6.9930754170600005e-06,
      "distance_m": 54.657668579280745,
      "bearing_deg": 24.630956630971365,
      "source_confidence": 0.39892578125,
      "raw_box_9d": [
        49.684425354003906,
        22.77978515625,
        -1.03125,
        2.23046875,
        4.96875,
        1.8134765625,
        0.79833984375,
        -6.616115570068359e-06,
        -2.2649765014648438e-06
      ]
    },
    {
      "detection_id": "sample_000049_det_0002",
      "class_id": 0,
      "class_name": "car",
      "class_group": "vehicle",
      "score": 0.3779296875,
      "position_ego": [
        52.03132629394531,
        33.919776916503906,
        -1.046875
      ],
      "size_xyz": [
        2.1875,
        4.921875,
        1.830078125
      ],
      "yaw_rad": 0.77099609375,
      "velocity_ego": [
        -0.039825439453125,
        -0.0204925537109375
      ],
      "speed_mps": 0.04478850728959588,
      "distance_m": 62.111272583745986,
      "bearing_deg": 33.10075888207821,
      "source_confidence": 0.3779296875,
      "raw_box_9d": [
        52.03132629394531,
        33.919776916503906,
        -1.046875,
        2.1875,
        4.921875,
        1.830078125,
        0.77099609375,
        -0.039825439453125,
        -0.0204925537109375
      ]
    },
    {
      "detection_id": "sample_000049_det_0004",
      "class_id": 0,
      "class_name": "car",
      "class_group": "vehicle",
      "score": 0.3349609375,
      "position_ego": [
        47.44776153564453,
        24.763626098632812,
        -1.04296875
      ],
      "size_xyz": [
        2.232421875,
        5.171875,
        1.8271484375
      ],
      "yaw_rad": 0.80810546875,
      "velocity_ego": [
        -0.038818359375,
        -0.020477294921875
      ],
      "speed_mps": 0.043888319993867365,
      "distance_m": 53.52127850020286,
      "bearing_deg": 27.56066285402274,
      "source_confidence": 0.3349609375,
      "raw_box_9d": [
        47.44776153564453,
        24.763626098632812,
        -1.04296875,
        2.232421875,
        5.171875,
        1.8271484375,
        0.80810546875,
        -0.038818359375,
        -0.020477294921875
      ]
    },
    {
      "detection_id": "sample_000049_det_0005",
      "class_id": 0,
      "class_name": "car",
      "class_group": "vehicle",
      "score": 0.1312255859375,
      "position_ego": [
        24.550201416015625,
        -8.672367095947266,
        -1.0087890625
      ],
      "size_xyz": [
        2.240234375,
        5.0,
        1.8720703125
      ],
      "yaw_rad": 1.255859375,
      "velocity_ego": [
        -6.616115570068359e-06,
        -2.2649765014648438e-06
      ],
      "speed_mps": 6.9930754170600005e-06,
      "distance_m": 26.036941844498642,
      "bearing_deg": -19.455785129529886,
      "source_confidence": 0.1312255859375,
      "raw_box_9d": [
        24.550201416015625,
        -8.672367095947266,
        -1.0087890625,
        2.240234375,
        5.0,
        1.8720703125,
        1.255859375,
        -6.616115570068359e-06,
        -2.2649765014648438e-06
      ]
    }
  ],
  "class_names": [
    "car",
    "truck",
    "construction_vehicle",
    "bus",
    "trailer",
    "barrier",
    "motorcycle",
    "bicycle",
    "pedestrian",
    "traffic_cone"
  ],
  "raw_prediction_count": 200,
  "filtered_prediction_count": 6
}