{
  "sample_name": "sample_000102",
  "sequence_index": 102,
  "frame_id": 60103,
  "timestamp": 445.2197009027004,
  "prediction_variant": "single",
  "source_sample_dir": "D:\\Agent-AI\\outputs\\s3a_ml_long_v2\\sample_000102",
  "source_prediction_dir": "D:\\Agent-AI\\outputs\\live_watch_compare_multilane\\lw_s3a_ml_long_v2\\inference\\sample_000102",
  "ego": {
    "frame_id": 60103,
    "timestamp": 445.2197009027004,
    "sample_name": "sample_000102",
    "town": "Carla/Maps/Town10HD_Opt",
    "weather": {
      "cloudiness": 20.0,
      "dust_storm": 0.0,
      "fog_density": 2.0,
      "fog_distance": 0.75,
      "fog_falloff": 0.10000000149011612,
      "mie_scattering_scale": 0.029999999329447746,
      "precipitation": 0.0,
      "precipitation_deposits": 0.0,
      "rayleigh_scattering_scale": 0.03310000151395798,
      "scattering_intensity": 1.0,
      "sun_altitude_angle": 45.0,
      "sun_azimuth_angle": 300.0,
      "wetness": 0.0,
      "wind_intensity": 10.0
    },
    "position_world": [
      77.28755950927734,
      62.2799072265625,
      -0.0044866944663226604
    ],
    "velocity_world": [
      5.208420770941302e-05,
      -1.254824110219488e-05,
      -3.4046172459056834e-06
    ],
    "speed_mps": 5.368253408760814e-05,
    "yaw_deg": -161.72349548339844,
    "route_progress_m": 53.241561988271556,
    "world_from_ego_bevfusion": [
      [
        -0.9495541453361511,
        -0.3136030435562134,
        -6.488185317721218e-05,
        77.28755950927734
      ],
      [
        0.3136030435562134,
        -0.9495541453361511,
        1.4136032405076548e-05,
        62.2799072265625
      ],
      [
        -6.60419391351752e-05,
        -6.924219633219764e-06,
        1.0,
        -0.0044866944663226604
      ],
      [
        0.0,
        0.0,
        0.0,
        1.0
      ]
    ]
  },
  "detections": [
    {
      "detection_id": "sample_000102_det_0000",
      "class_id": 0,
      "class_name": "car",
      "class_group": "vehicle",
      "score": 0.59716796875,
      "position_ego": [
        6.148975372314453,
        0.2481842041015625,
        -1.53125
      ],
      "size_xyz": [
        2.1640625,
        5.015625,
        1.796875
      ],
      "yaw_rad": -1.7236328125,
      "velocity_ego": [
        -6.616115570068359e-06,
        -2.2649765014648438e-06
      ],
      "speed_mps": 6.9930754170600005e-06,
      "distance_m": 6.153981924615573,
      "bearing_deg": 2.311310798944916,
      "source_confidence": 0.59716796875,
      "raw_box_9d": [
        6.148975372314453,
        0.2481842041015625,
        -1.53125,
        2.1640625,
        5.015625,
        1.796875,
        -1.7236328125,
        -6.616115570068359e-06,
        -2.2649765014648438e-06
      ]
    },
    {
      "detection_id": "sample_000102_det_0001",
      "class_id": 0,
      "class_name": "car",
      "class_group": "vehicle",
      "score": 0.33740234375,
      "position_ego": [
        37.716064453125,
        3.3464393615722656,
        -1.265625
      ],
      "size_xyz": [
        2.21484375,
        5.0234375,
        1.80859375
      ],
      "yaw_rad": 1.25390625,
      "velocity_ego": [
        -6.616115570068359e-06,
        -2.2649765014648438e-06
      ],
      "speed_mps": 6.9930754170600005e-06,
      "distance_m": 37.864233443091905,
      "bearing_deg": 5.070414103062461,
      "source_confidence": 0.33740234375,
      "raw_box_9d": [
        37.716064453125,
        3.3464393615722656,
        -1.265625,
        2.21484375,
        5.0234375,
        1.80859375,
        1.25390625,
        -6.616115570068359e-06,
        -2.2649765014648438e-06
      ]
    },
    {
      "detection_id": "sample_000102_det_0002",
      "class_id": 0,
      "class_name": "car",
      "class_group": "vehicle",
      "score": 0.310546875,
      "position_ego": [
        36.216583251953125,
        6.000293731689453,
        -1.2109375
      ],
      "size_xyz": [
        2.212890625,
        5.01953125,
        1.7939453125
      ],
      "yaw_rad": 1.240234375,
      "velocity_ego": [
        -6.616115570068359e-06,
        -2.2649765014648438e-06
      ],
      "speed_mps": 6.9930754170600005e-06,
      "distance_m": 36.7102768623747,
      "bearing_deg": 9.407202027404088,
      "source_confidence": 0.310546875,
      "raw_box_9d": [
        36.216583251953125,
        6.000293731689453,
        -1.2109375,
        2.212890625,
        5.01953125,
        1.7939453125,
        1.240234375,
        -6.616115570068359e-06,
        -2.2649765014648438e-06
      ]
    },
    {
      "detection_id": "sample_000102_det_0004",
      "class_id": 0,
      "class_name": "car",
      "class_group": "vehicle",
      "score": 0.1766357421875,
      "position_ego": [
        19.625396728515625,
        33.9400634765625,
        -0.62841796875
      ],
      "size_xyz": [
        2.39453125,
        5.5,
        2.197265625
      ],
      "yaw_rad": 1.3056640625,
      "velocity_ego": [
        -4.23046875,
        -1.501953125
      ],
      "speed_mps": 4.489179104738842,
      "distance_m": 39.2056642023155,
      "bearing_deg": 59.96191493288046,
      "source_confidence": 0.1766357421875,
      "raw_box_9d": [
        19.625396728515625,
        33.9400634765625,
        -0.62841796875,
        2.39453125,
        5.5,
        2.197265625,
        1.3056640625,
        -4.23046875,
        -1.501953125
      ]
    },
    {
      "detection_id": "sample_000102_det_0003",
      "class_id": 4,
      "class_name": "trailer",
      "class_group": "vehicle",
      "score": 0.1300048828125,
      "position_ego": [
        14.994140625,
        27.215553283691406,
        -0.0068359375
      ],
      "size_xyz": [
        3.4765625,
        17.421875,
        3.416015625
      ],
      "yaw_rad": -1.8515625,
      "velocity_ego": [
        6.09375,
        0.7421875
      ],
      "speed_mps": 6.138780933349572,
      "distance_m": 31.072666342297076,
      "bearing_deg": 61.14786695952678,
      "source_confidence": 0.1300048828125,
      "raw_box_9d": [
        14.994140625,
        27.215553283691406,
        -0.0068359375,
        3.4765625,
        17.421875,
        3.416015625,
        -1.8515625,
        6.09375,
        0.7421875
      ]
    },
    {
      "detection_id": "sample_000102_det_0006",
      "class_id": 0,
      "class_name": "car",
      "class_group": "vehicle",
      "score": 0.12481689453125,
      "position_ego": [
        -28.430931091308594,
        5.991504669189453,
        -1.126953125
      ],
      "size_xyz": [
        2.150390625,
        4.9609375,
        1.8037109375
      ],
      "yaw_rad": -0.83642578125,
      "velocity_ego": [
        0.7216796875,
        -0.95166015625
      ],
      "speed_mps": 1.1943528056415627,
      "distance_m": 29.055394867729067,
      "bearing_deg": 168.0996762702695,
      "source_confidence": 0.12481689453125,
      "raw_box_9d": [
        -28.430931091308594,
        5.991504669189453,
        -1.126953125,
        2.150390625,
        4.9609375,
        1.8037109375,
        -0.83642578125,
        0.7216796875,
        -0.95166015625
      ]
    },
    {
      "detection_id": "sample_000102_det_0007",
      "class_id": 0,
      "class_name": "car",
      "class_group": "vehicle",
      "score": 0.115966796875,
      "position_ego": [
        44.460060119628906,
        12.555030822753906,
        -1.1650390625
      ],
      "size_xyz": [
        2.275390625,
        5.1015625,
        1.93359375
      ],
      "yaw_rad": 1.25390625,
      "velocity_ego": [
        -6.616115570068359e-06,
        -2.2649765014648438e-06
      ],
      "speed_mps": 6.9930754170600005e-06,
      "distance_m": 46.19876345532765,
      "bearing_deg": 15.769094688722127,
      "source_confidence": 0.115966796875,