{
  "active_object_count": 2,
  "front_free_space_m": 10.22123432601772,
  "left_side_occupancy": 0.0,
  "right_side_occupancy": 0.0,
  "rear_gap_m": null,
  "nearest_front_vehicle": {
    "track_id": 1,
    "class": "car",
    "distance_m": 11.38414353026512,
    "bearing_deg": 6.091408789594995,
    "position_ego": [
      11.31986713851772,
      1.2080280973486648,
      -1.541015625
    ],
    "velocity_ego": [
      -0.9946447940827731,
      -0.4466183478574021
    ],
    "risk_level": "high",
    "risk_score": 0.6146189235230116
  },
  "nearest_vru": null,
  "nearest_any_object": {
    "track_id": 1,
    "class": "car",
    "distance_m": 11.38414353026512,
    "bearing_deg": 6.091408789594995,
    "position_ego": [
      11.31986713851772,
      1.2080280973486648,
      -1.541015625
    ],
    "velocity_ego": [
      -0.9946447940827731,
      -0.4466183478574021
    ],
    "risk_level": "high",
    "risk_score": 0.6146189235230116
  },
  "abnormal_flags": [
    "high_risk_scene"
  ]
}