{
  "active_object_count": 2,
  "front_free_space_m": 5.053600709623977,
  "left_side_occupancy": 0.0,
  "right_side_occupancy": 0.0,
  "rear_gap_m": null,
  "nearest_front_vehicle": {
    "track_id": 2,
    "class": "car",
    "distance_m": 6.1171273736283,
    "bearing_deg": 2.3011494750081014,
    "position_ego": [
      6.112194459623977,
      0.24561391030358942,
      -1.5361328125
    ],
    "velocity_ego": [
      -0.002561358394938248,
      -0.0017746719894743842
    ],
    "risk_level": "high",
    "risk_score": 0.6541215446977878
  },
  "nearest_vru": null,
  "nearest_any_object": {
    "track_id": 2,
    "class": "car",
    "distance_m": 6.1171273736283,
    "bearing_deg": 2.3011494750081014,
    "position_ego": [
      6.112194459623977,
      0.24561391030358942,
      -1.5361328125
    ],
    "velocity_ego": [
      -0.002561358394938248,
      -0.0017746719894743842
    ],
    "risk_level": "high",
    "risk_score": 0.6541215446977878
  },
  "abnormal_flags": [
    "front_blocked",
    "high_risk_scene"
  ]
}