{
  "active_object_count": 2,
  "front_free_space_m": 5.385676667874187,
  "left_side_occupancy": 0.0,
  "right_side_occupancy": 0.7731336801095119,
  "rear_gap_m": null,
  "nearest_front_vehicle": {
    "track_id": 1,
    "class": "car",
    "distance_m": 6.452180731480513,
    "bearing_deg": 2.0186327464422957,
    "position_ego": [
      6.448176667874187,
      0.2272748370835445,
      -1.478515625
    ],
    "velocity_ego": [
      0.0013850174492217383,
      -1.1502431462967553e-05
    ],
    "risk_level": "high",
    "risk_score": 0.6516086445138962
  },
  "nearest_vru": null,
  "nearest_any_object": {
    "track_id": 1,
    "class": "car",
    "distance_m": 6.452180731480513,
    "bearing_deg": 2.0186327464422957,
    "position_ego": [
      6.448176667874187,
      0.2272748370835445,
      -1.478515625
    ],
    "velocity_ego": [
      0.0013850174492217383,
      -1.1502431462967553e-05
    ],
    "risk_level": "high",
    "risk_score": 0.6516086445138962
  },
  "abnormal_flags": [
    "front_blocked",
    "high_risk_scene"
  ]
}