{
  "sample_name": "sample_000041",
  "sequence_index": 41,
  "frame_id": 60042,
  "timestamp": 439.11970081180334,
  "prediction_variant": "single",
  "source_sample_dir": "D:\\Agent-AI\\outputs\\s3a_ml_long_v2\\sample_000041",
  "source_prediction_dir": "D:\\Agent-AI\\outputs\\live_watch_compare_multilane\\lw_s3a_ml_long_v2\\inference\\sample_000041",
  "ego": {
    "frame_id": 60042,
    "timestamp": 439.11970081180334,
    "sample_name": "sample_000041",
    "town": "Carla/Maps/Town10HD_Opt",
    "weather": {
      "cloudiness": 20.0,
      "dust_storm": 0.0,
      "fog_density": 2.0,
      "fog_distance": 0.75,
      "fog_falloff": 0.10000000149011612,
      "mie_scattering_scale": 0.029999999329447746,
      "precipitation": 0.0,
      "precipitation_deposits": 0.0,
      "rayleigh_scattering_scale": 0.03310000151395798,
      "scattering_intensity": 1.0,
      "sun_altitude_angle": 45.0,
      "sun_azimuth_angle": 300.0,
      "wetness": 0.0,
      "wind_intensity": 10.0
    },
    "position_world": [
      96.88018035888672,
      49.27094650268555,
      -0.004135856404900551
    ],
    "velocity_world": [
      -4.996031761169434,
      6.1176018714904785,
      0.00011060714314226061
    ],
    "speed_mps": 7.898442000097962,
    "yaw_deg": -128.47499084472656,
    "route_progress_m": 29.36890908324139,
    "world_from_ego_bevfusion": [
      [
        -0.6221725940704346,
        -0.7828513383865356,
        0.006719945929944515,
        96.88018035888672
      ],
      [
        0.7828795313835144,
        -0.6221383213996887,
        0.006601848639547825,
        49.27094650268555
      ],
      [
        -0.00098752963822335,
        0.009368397295475006,
        0.9999556541442871,
        -0.004135856404900551
      ],
      [
        0.0,
        0.0,
        0.0,
        1.0
      ]
    ]
  },
  "detections": [
    {
      "detection_id": "sample_000041_det_0000",
      "class_id": 0,
      "class_name": "car",
      "class_group": "vehicle",
      "score": 0.70947265625,
      "position_ego": [
        -4.783153533935547,
        -3.3522911071777344,
        -1.40625
      ],
      "size_xyz": [
        2.193359375,
        5.203125,
        1.775390625
      ],
      "yaw_rad": -1.423828125,
      "velocity_ego": [
        -6.616115570068359e-06,
        -2.2649765014648438e-06
      ],
      "speed_mps": 6.9930754170600005e-06,
      "distance_m": 5.840925731120285,
      "bearing_deg": -144.97516312557377,
      "source_confidence": 0.70947265625,
      "raw_box_9d": [
        -4.783153533935547,
        -3.3522911071777344,
        -1.40625,
        2.193359375,
        5.203125,
        1.775390625,
        -1.423828125,
        -6.616115570068359e-06,
        -2.2649765014648438e-06
      ]
    },
    {
      "detection_id": "sample_000041_det_0001",
      "class_id": 0,
      "class_name": "car",
      "class_group": "vehicle",
      "score": 0.52392578125,
      "position_ego": [
        27.337646484375,
        10.884086608886719,
        -1.447265625
      ],
      "size_xyz": [
        2.173828125,
        5.015625,
        1.8466796875
      ],
      "yaw_rad": -2.322265625,
      "velocity_ego": [
        -6.616115570068359e-06,
        -2.2649765014648438e-06
      ],
      "speed_mps": 6.9930754170600005e-06,
      "distance_m": 29.42465389115746,
      "bearing_deg": 21.709255525269157,
      "source_confidence": 0.52392578125,
      "raw_box_9d": [
        27.337646484375,
        10.884086608886719,
        -1.447265625,
        2.173828125,
        5.015625,
        1.8466796875,
        -2.322265625,
        -6.616115570068359e-06,
        -2.2649765014648438e-06
      ]
    },
    {
      "detection_id": "sample_000041_det_0002",
      "class_id": 0,
      "class_name": "car",
      "class_group": "vehicle",
      "score": 0.34765625,
      "position_ego": [
        51.945594787597656,
        30.696975708007812,
        -1.015625
      ],
      "size_xyz": [
        2.265625,
        5.0234375,
        1.87890625
      ],
      "yaw_rad": 0.669921875,
      "velocity_ego": [
        -6.616115570068359e-06,
        -2.2649765014648438e-06
      ],
      "speed_mps": 6.9930754170600005e-06,
      "distance_m": 60.33779193387271,
      "bearing_deg": 30.58074052652526,
      "source_confidence": 0.34765625,
      "raw_box_9d": [
        51.945594787597656,
        30.696975708007812,
        -1.015625,
        2.265625,
        5.0234375,
        1.87890625,
        0.669921875,
        -6.616115570068359e-06,
        -2.2649765014648438e-06
      ]
    },
    {
      "detection_id": "sample_000041_det_0003",
      "class_id": 0,
      "class_name": "car",
      "class_group": "vehicle",
      "score": 0.315673828125,
      "position_ego": [
        49.417091369628906,
        32.26069641113281,
        -1.13671875
      ],
      "size_xyz": [
        2.2578125,
        5.13671875,
        1.9052734375
      ],
      "yaw_rad": 0.685546875,
      "velocity_ego": [
        -0.256103515625,
        -0.271484375
      ],
      "speed_mps": 0.3732194750875485,
      "distance_m": 59.015264570833956,
      "bearing_deg": 33.13749348807701,
      "source_confidence": 0.315673828125,
      "raw_box_9d": [
        49.417091369628906,
        32.26069641113281,
        -1.13671875,
        2.2578125,
        5.13671875,
        1.9052734375,
        0.685546875,
        -0.256103515625,
        -0.271484375
      ]
    },
    {
      "detection_id": "sample_000041_det_0005",
      "class_id": 0,
      "class_name": "car",
      "class_group": "vehicle",
      "score": 0.276123046875,
      "position_ego": [
        52.66889953613281,
        42.065773010253906,
        -1.1943359375
      ],
      "size_xyz": [
        2.232421875,
        5.0625,
        1.91796875
      ],
      "yaw_rad": 0.66796875,
      "velocity_ego": [
        -0.06414794921875,
        -0.11834716796875
      ],
      "speed_mps": 0.13461430665124288,
      "distance_m": 67.40580269752343,
      "bearing_deg": 38.61377954870872,
      "source_confidence": 0.276123046875,
      "raw_box_9d": [
        52.66889953613281,
        42.065773010253906,
        -1.1943359375,
        2.232421875,
        5.0625,
        1.91796875,
        0.66796875,
        -0.06414794921875,
        -0.11834716796875
      ]
    },
    {
      "detection_id": "sample_000041_det_0004",
      "class_id": 0,
      "class_name": "car",
      "class_group": "vehicle",
      "score": 0.25732421875,
      "position_ego": [
        52.650733947753906,
        42.066505432128906,
        -1.103515625
      ],
      "size_xyz": [
        2.251953125,
        4.99609375,
        1.8955078125
      ],
      "yaw_rad": 0.6650390625,
      "velocity_ego": [
        -0.00024175643920898438,
        -0.004467010498046875
      ],
      "speed_mps": 0.004473547693448679,
      "distance_m": 67.39206677724387,
      "bearing_deg": 38.62390428135706,
      "source_confidence": 0.25732421875,
      "raw_box_9d": [
        52.650733947753906,
        42.066505432128906,
        -1.103515625,
        2.251953125,
        4.99609375,
        1.8955078125,
        0.6650390625,
        -0.00024175643920898438,
        -0.004467010498046875
      ]
    },
    {
      "detection_id": "sample_000041_det_0006",
      "class_id": 0,
      "class_name": "car",
      "class_group": "vehicle",
      "score": 0.1539306640625,
      "position_ego": [
        26.092300415039062,
        -7.5892791748046875,
        -1.1298828125
      ],
      "size_xyz": [
        2.291015625,
        5.1953125,
        1.9619140625
      ],
      "yaw_rad": 1.1865234375,
      "velocity_ego": [
        -6.616115570068359e-06,
        -2.2649765014648438e-06
      ],
      "speed_mps": 6.9930754170600005e-06,
      "distance_m": 27.17361402798258,
      "bearing_deg": -16.217747561042344,
      "source_confidence": 0.1539306640625,