{
  "active_object_count": 10,
  "front_free_space_m": 6.2234646953221935,
  "left_side_occupancy": 0.07255545354317583,
  "right_side_occupancy": 0.464187502917108,
  "rear_gap_m": 12.23098144227697,
  "nearest_front_vehicle": {
    "track_id": 2,
    "class": "car",
    "distance_m": 7.286144893844465,
    "bearing_deg": 3.774567913501345,
    "position_ego": [
      7.2703396953221935,
      0.4796541761708939,
      -1.4365234375
    ],
    "velocity_ego": [
      -2.374522609200723,
      -0.45796414745225555
    ],
    "risk_level": "high",
    "risk_score": 0.7453539132961665
  },
  "nearest_vru": null,
  "nearest_any_object": {
    "track_id": 2,
    "class": "car",
    "distance_m": 7.286144893844465,
    "bearing_deg": 3.774567913501345,
    "position_ego": [
      7.2703396953221935,
      0.4796541761708939,
      -1.4365234375
    ],
    "velocity_ego": [
      -2.374522609200723,
      -0.45796414745225555
    ],
    "risk_level": "high",
    "risk_score": 0.7453539132961665
  },
  "abnormal_flags": [
    "front_blocked",
    "high_risk_scene"
  ]
}