{
  "sample_name": "sample_000033",
  "sequence_index": 33,
  "frame_id": 726306,
  "timestamp": 5000.4946247674525,
  "prediction_variant": "single",
  "source_sample_dir": "D:\\Agent-AI\\outputs\\s3a_ml_long_v1\\sample_000033",
  "source_prediction_dir": "D:\\Agent-AI\\outputs\\live_watch_compare_multilane\\lw_s3a_ml_long_v1\\inference\\sample_000033",
  "ego": {
    "frame_id": 726306,
    "timestamp": 5000.4946247674525,
    "sample_name": "sample_000033",
    "town": "Carla/Maps/Town10HD_Opt",
    "weather": {
      "cloudiness": 20.0,
      "dust_storm": 0.0,
      "fog_density": 2.0,
      "fog_distance": 0.75,
      "fog_falloff": 0.10000000149011612,
      "mie_scattering_scale": 0.029999999329447746,
      "precipitation": 0.0,
      "precipitation_deposits": 0.0,
      "rayleigh_scattering_scale": 0.03310000151395798,
      "scattering_intensity": 1.0,
      "sun_altitude_angle": 45.0,
      "sun_azimuth_angle": 300.0,
      "wetness": 0.0,
      "wind_intensity": 10.0
    },
    "position_world": [
      104.28105926513672,
      35.50374984741211,
      -0.004167594946920872
    ],
    "velocity_world": [
      -0.8536999225616455,
      2.7585887908935547,
      3.271102741564391e-06
    ],
    "speed_mps": 2.887666129426327,
    "yaw_deg": -106.19617462158203,
    "route_progress_m": 13.632053224509415,
    "world_from_ego_bevfusion": [
      [
        -0.2789265811443329,
        -0.9603124260902405,
        -4.169755266048014e-05,
        104.28105926513672
      ],
      [
        0.9603111743927002,
        -0.2789262533187866,
        0.0016135723562911153,
        35.50374984741211
      ],
      [
        -0.0015611641574651003,
        0.0004100256192032248,
        0.9999987483024597,
        -0.004167594946920872
      ],
      [
        0.0,
        0.0,
        0.0,
        1.0
      ]
    ]
  },
  "detections": [
    {
      "detection_id": "sample_000033_det_0000",
      "class_id": 0,
      "class_name": "car",
      "class_group": "vehicle",
      "score": 0.84423828125,
      "position_ego": [
        8.042728424072266,
        -2.717357635498047,
        -1.4541015625
      ],
      "size_xyz": [
        2.111328125,
        4.875,
        1.7841796875
      ],
      "yaw_rad": -1.7236328125,
      "velocity_ego": [
        -6.616115570068359e-06,
        -2.2649765014648438e-06
      ],
      "speed_mps": 6.9930754170600005e-06,
      "distance_m": 8.489376480200386,
      "bearing_deg": -18.668318761914676,
      "source_confidence": 0.84423828125,
      "raw_box_9d": [
        8.042728424072266,
        -2.717357635498047,
        -1.4541015625,
        2.111328125,
        4.875,
        1.7841796875,
        -1.7236328125,
        -6.616115570068359e-06,
        -2.2649765014648438e-06
      ]
    },
    {
      "detection_id": "sample_000033_det_0001",
      "class_id": 0,
      "class_name": "car",
      "class_group": "vehicle",
      "score": 0.7177734375,
      "position_ego": [
        8.326759338378906,
        0.7193870544433594,
        -1.404296875
      ],
      "size_xyz": [
        2.15625,
        4.984375,
        1.7998046875
      ],
      "yaw_rad": -1.755859375,
      "velocity_ego": [
        -6.616115570068359e-06,
        -2.2649765014648438e-06
      ],
      "speed_mps": 6.9930754170600005e-06,
      "distance_m": 8.357777145472413,
      "bearing_deg": 4.937785139418954,
      "source_confidence": 0.7177734375,
      "raw_box_9d": [
        8.326759338378906,
        0.7193870544433594,
        -1.404296875,
        2.15625,
        4.984375,
        1.7998046875,
        -1.755859375,
        -6.616115570068359e-06,
        -2.2649765014648438e-06
      ]
    },
    {
      "detection_id": "sample_000033_det_0002",
      "class_id": 0,
      "class_name": "car",
      "class_group": "vehicle",
      "score": 0.63330078125,
      "position_ego": [
        27.34471893310547,
        6.284034729003906,
        -1.21484375
      ],
      "size_xyz": [
        2.140625,
        4.859375,
        1.84765625
      ],
      "yaw_rad": 0.89404296875,
      "velocity_ego": [
        -6.616115570068359e-06,
        -2.2649765014648438e-06
      ],
      "speed_mps": 6.9930754170600005e-06,
      "distance_m": 28.057490016141212,
      "bearing_deg": 12.942315114499273,
      "source_confidence": 0.63330078125,
      "raw_box_9d": [
        27.34471893310547,
        6.284034729003906,
        -1.21484375,
        2.140625,
        4.859375,
        1.84765625,
        0.89404296875,
        -6.616115570068359e-06,
        -2.2649765014648438e-06
      ]
    },
    {
      "detection_id": "sample_000033_det_0003",
      "class_id": 0,
      "class_name": "car",
      "class_group": "vehicle",
      "score": 0.43994140625,
      "position_ego": [
        36.433746337890625,
        23.564208984375,
        -0.80029296875
      ],
      "size_xyz": [
        2.15234375,
        5.08984375,
        1.849609375
      ],
      "yaw_rad": 0.397216796875,
      "velocity_ego": [
        -0.1884765625,
        -0.6875
      ],
      "speed_mps": 0.7128672138707295,
      "distance_m": 43.389973695233536,
      "bearing_deg": 32.8935267595575,
      "source_confidence": 0.43994140625,
      "raw_box_9d": [
        36.433746337890625,
        23.564208984375,
        -0.80029296875,
        2.15234375,
        5.08984375,
        1.849609375,
        0.397216796875,
        -0.1884765625,
        -0.6875
      ]
    },
    {
      "detection_id": "sample_000033_det_0006",
      "class_id": 0,
      "class_name": "car",
      "class_group": "vehicle",
      "score": 0.25830078125,
      "position_ego": [
        26.771453857421875,
        -7.363037109375,
        -1.017578125
      ],
      "size_xyz": [
        2.279296875,
        5.203125,
        1.923828125
      ],
      "yaw_rad": 1.2734375,
      "velocity_ego": [
        -6.616115570068359e-06,
        -2.2649765014648438e-06
      ],
      "speed_mps": 6.9930754170600005e-06,
      "distance_m": 27.765537219980132,
      "bearing_deg": -15.37801670075313,
      "source_confidence": 0.25830078125,
      "raw_box_9d": [
        26.771453857421875,
        -7.363037109375,
        -1.017578125,
        2.279296875,
        5.203125,
        1.923828125,
        1.2734375,
        -6.616115570068359e-06,
        -2.2649765014648438e-06
      ]
    },
    {
      "detection_id": "sample_000033_det_0004",
      "class_id": 0,
      "class_name": "car",
      "class_group": "vehicle",
      "score": 0.215576171875,
      "position_ego": [
        48.60015106201172,
        51.79790496826172,
        -1.1494140625
      ],
      "size_xyz": [
        2.2109375,
        5.1171875,
        1.9580078125
      ],
      "yaw_rad": -2.884765625,
      "velocity_ego": [
        -6.616115570068359e-06,
        -2.2649765014648438e-06
      ],
      "speed_mps": 6.9930754170600005e-06,
      "distance_m": 71.02814683174151,
      "bearing_deg": 46.82429711607419,
      "source_confidence": 0.215576171875,
      "raw_box_9d": [
        48.60015106201172,
        51.79790496826172,
        -1.1494140625,
        2.2109375,
        5.1171875,
        1.9580078125,
        -2.884765625,
        -6.616115570068359e-06,
        -2.2649765014648438e-06
      ]
    },
    {
      "detection_id": "sample_000033_det_0005",
      "class_id": 0,
      "class_name": "car",
      "class_group": "vehicle",
      "score": 0.159912109375,
      "position_ego": [
        51.83928680419922,
        51.32897186279297,
        -0.8583984375
      ],
      "size_xyz": [
        2.240234375,
        5.13671875,
        1.9111328125
      ],
      "yaw_rad": 0.22412109375,
      "velocity_ego": [
        -0.0010395050048828125,
        -0.0009217262268066406
      ],
      "speed_mps": 0.0013892983453382584,
      "distance_m": 72.95186775442707,
      "bearing_deg": 44.71659254230257,
      "source_confidence": 0.159912109375,