{
  "active_object_count": 7,
  "front_free_space_m": 7.301053611943596,
  "left_side_occupancy": 0.06180974427407393,
  "right_side_occupancy": 0.7865461755142135,
  "rear_gap_m": null,
  "nearest_front_vehicle": {
    "track_id": 1,
    "class": "car",
    "distance_m": 8.410473756306004,
    "bearing_deg": 4.944252460453224,
    "position_ego": [
      8.379178611943596,
      0.7248686740776179,
      -1.404296875
    ],
    "velocity_ego": [
      -1.7855026164689687,
      -0.26194459617539895
    ],
    "risk_level": "high",
    "risk_score": 0.736921446827705
  },
  "nearest_vru": null,
  "nearest_any_object": {
    "track_id": 1,
    "class": "car",
    "distance_m": 8.410473756306004,
    "bearing_deg": 4.944252460453224,
    "position_ego": [
      8.379178611943596,
      0.7248686740776179,
      -1.404296875
    ],
    "velocity_ego": [
      -1.7855026164689687,
      -0.26194459617539895
    ],
    "risk_level": "high",
    "risk_score": 0.736921446827705
  },
  "abnormal_flags": [
    "front_blocked",
    "high_risk_scene"
  ]
}