{
  "active_object_count": 8,
  "front_free_space_m": 9.840780819039935,
  "left_side_occupancy": 0.19367452173837174,
  "right_side_occupancy": 0.0366651731234896,
  "rear_gap_m": 23.983239546944652,
  "nearest_front_vehicle": {
    "track_id": 2,
    "class": "car",
    "distance_m": 11.000375317373054,
    "bearing_deg": 7.143029224679609,
    "position_ego": [
      10.914999569039935,
      1.3678602015295067,
      -1.4833984375
    ],
    "velocity_ego": [
      -1.24289594687182,
      -0.5617970415344629
    ],
    "risk_level": "high",
    "risk_score": 0.6174971851197022
  },
  "nearest_vru": null,
  "nearest_any_object": {
    "track_id": 2,
    "class": "car",
    "distance_m": 11.000375317373054,
    "bearing_deg": 7.143029224679609,
    "position_ego": [
      10.914999569039935,
      1.3678602015295067,
      -1.4833984375
    ],
    "velocity_ego": [
      -1.24289594687182,
      -0.5617970415344629
    ],
    "risk_level": "high",
    "risk_score": 0.6174971851197022
  },
  "abnormal_flags": [
    "high_risk_scene"
  ]
}