{
  "active_object_count": 10,
  "front_free_space_m": 5.069118262896105,
  "left_side_occupancy": 0.03313251207150347,
  "right_side_occupancy": 0.04833200904851642,
  "rear_gap_m": 27.579207600074277,
  "nearest_front_vehicle": {
    "track_id": 2,
    "class": "car",
    "distance_m": 6.154099201162052,
    "bearing_deg": 2.2872145075114014,
    "position_ego": [
      6.149196387896105,
      0.24560285183380426,
      -1.525390625
    ],
    "velocity_ego": [
      0.033685091306336054,
      0.003490248476572067
    ],
    "risk_level": "high",
    "risk_score": 0.6538442559912847
  },
  "nearest_vru": null,
  "nearest_any_object": {
    "track_id": 2,
    "class": "car",
    "distance_m": 6.154099201162052,
    "bearing_deg": 2.2872145075114014,
    "position_ego": [
      6.149196387896105,
      0.24560285183380426,
      -1.525390625
    ],
    "velocity_ego": [
      0.033685091306336054,
      0.003490248476572067
    ],
    "risk_level": "high",
    "risk_score": 0.6538442559912847
  },
  "abnormal_flags": [
    "front_blocked",
    "high_risk_scene"
  ]
}