{
  "active_object_count": 7,
  "front_free_space_m": 9.621825222844372,
  "left_side_occupancy": 0.0,
  "right_side_occupancy": 0.8293113309823527,
  "rear_gap_m": 16.141696167891496,
  "nearest_front_vehicle": {
    "track_id": 1,
    "class": "car",
    "distance_m": 10.76351862097855,
    "bearing_deg": 6.954591505534365,
    "position_ego": [
      10.684325222844372,
      1.3032757331599307,
      -1.451171875
    ],
    "velocity_ego": [
      -0.9863986363887771,
      -0.2890048306738097
    ],
    "risk_level": "high",
    "risk_score": 0.6192736103426609
  },
  "nearest_vru": null,
  "nearest_any_object": {
    "track_id": 1,
    "class": "car",
    "distance_m": 10.76351862097855,
    "bearing_deg": 6.954591505534365,
    "position_ego": [
      10.684325222844372,
      1.3032757331599307,
      -1.451171875
    ],
    "velocity_ego": [
      -0.9863986363887771,
      -0.2890048306738097
    ],
    "risk_level": "high",
    "risk_score": 0.6192736103426609
  },
  "abnormal_flags": [
    "high_risk_scene"
  ]
}