{
  "sample_name": "sample_000048",
  "sequence_index": 48,
  "frame_id": 726321,
  "timestamp": 5001.994624789804,
  "prediction_variant": "single",
  "source_sample_dir": "D:\\Agent-AI\\outputs\\s3a_ml_long_v1\\sample_000048",
  "source_prediction_dir": "D:\\Agent-AI\\outputs\\live_watch_compare_multilane\\lw_s3a_ml_long_v1\\inference\\sample_000048",
  "ego": {
    "frame_id": 726321,
    "timestamp": 5001.994624789804,
    "sample_name": "sample_000048",
    "town": "Carla/Maps/Town10HD_Opt",
    "weather": {
      "cloudiness": 20.0,
      "dust_storm": 0.0,
      "fog_density": 2.0,
      "fog_distance": 0.75,
      "fog_falloff": 0.10000000149011612,
      "mie_scattering_scale": 0.029999999329447746,
      "precipitation": 0.0,
      "precipitation_deposits": 0.0,
      "rayleigh_scattering_scale": 0.03310000151395798,
      "scattering_intensity": 1.0,
      "sun_altitude_angle": 45.0,
      "sun_azimuth_angle": 300.0,
      "wetness": 0.0,
      "wind_intensity": 10.0
    },
    "position_world": [
      103.61888122558594,
      37.35575866699219,
      -0.004332771059125662
    ],
    "velocity_world": [
      0.00025702803395688534,
      -0.0006417795084416866,
      -3.3092499052145286e-06
    ],
    "speed_mps": 0.0006913431122317846,
    "yaw_deg": -109.16004180908203,
    "route_progress_m": 15.600169540937008,
    "world_from_ego_bevfusion": [
      [
        -0.3282078802585602,
        -0.9446054697036743,
        -0.00030286682886071503,
        103.61888122558594
      ],
      [
        0.9446051716804504,
        -0.32820799946784973,
        0.0007207467569969594,
        37.35575866699219
      ],
      [
        -0.0007802246836945415,
        -4.953480311087333e-05,
        0.9999997019767761,
        -0.004332771059125662
      ],
      [
        0.0,
        0.0,
        0.0,
        1.0
      ]
    ]
  },
  "detections": [
    {
      "detection_id": "sample_000048_det_0000",
      "class_id": 0,
      "class_name": "car",
      "class_group": "vehicle",
      "score": 0.82080078125,
      "position_ego": [
        6.333839416503906,
        0.23100662231445312,
        -1.390625
      ],
      "size_xyz": [
        2.134765625,
        4.90625,
        1.7841796875
      ],
      "yaw_rad": -1.681640625,
      "velocity_ego": [
        -6.616115570068359e-06,
        -2.2649765014648438e-06
      ],
      "speed_mps": 6.9930754170600005e-06,
      "distance_m": 6.338050631985491,
      "bearing_deg": 2.088755275551702,
      "source_confidence": 0.82080078125,
      "raw_box_9d": [
        6.333839416503906,
        0.23100662231445312,
        -1.390625,
        2.134765625,
        4.90625,
        1.7841796875,
        -1.681640625,
        -6.616115570068359e-06,
        -2.2649765014648438e-06
      ]
    },
    {
      "detection_id": "sample_000048_det_0001",
      "class_id": 0,
      "class_name": "car",
      "class_group": "vehicle",
      "score": 0.7138671875,
      "position_ego": [
        5.973194122314453,
        -3.195629119873047,
        -1.48046875
      ],
      "size_xyz": [
        2.181640625,
        5.1328125,
        1.76953125
      ],
      "yaw_rad": -1.6455078125,
      "velocity_ego": [
        -6.616115570068359e-06,
        -2.2649765014648438e-06
      ],
      "speed_mps": 6.9930754170600005e-06,
      "distance_m": 6.7742965313479235,
      "bearing_deg": -28.146559457726664,
      "source_confidence": 0.7138671875,
      "raw_box_9d": [
        5.973194122314453,
        -3.195629119873047,
        -1.48046875,
        2.181640625,
        5.1328125,
        1.76953125,
        -1.6455078125,
        -6.616115570068359e-06,
        -2.2649765014648438e-06
      ]
    },
    {
      "detection_id": "sample_000048_det_0002",
      "class_id": 0,
      "class_name": "car",
      "class_group": "vehicle",
      "score": 0.466064453125,
      "position_ego": [
        25.713722229003906,
        4.928615570068359,
        -1.3271484375
      ],
      "size_xyz": [
        2.193359375,
        4.99609375,
        1.8681640625
      ],
      "yaw_rad": 1.1826171875,
      "velocity_ego": [
        -6.616115570068359e-06,
        -2.2649765014648438e-06
      ],
      "speed_mps": 6.9930754170600005e-06,
      "distance_m": 26.18180212108956,
      "bearing_deg": 10.850431624343738,
      "source_confidence": 0.466064453125,
      "raw_box_9d": [
        25.713722229003906,
        4.928615570068359,
        -1.3271484375,
        2.193359375,
        4.99609375,
        1.8681640625,
        1.1826171875,
        -6.616115570068359e-06,
        -2.2649765014648438e-06
      ]
    },
    {
      "detection_id": "sample_000048_det_0003",
      "class_id": 0,
      "class_name": "car",
      "class_group": "vehicle",
      "score": 0.324951171875,
      "position_ego": [
        35.73695373535156,
        21.77959442138672,
        -0.95068359375
      ],
      "size_xyz": [
        2.181640625,
        5.1171875,
        1.8759765625
      ],
      "yaw_rad": -2.716796875,
      "velocity_ego": [
        -6.616115570068359e-06,
        -2.2649765014648438e-06
      ],
      "speed_mps": 6.9930754170600005e-06,
      "distance_m": 41.85069408555559,
      "bearing_deg": 31.359877288843798,
      "source_confidence": 0.324951171875,
      "raw_box_9d": [
        35.73695373535156,
        21.77959442138672,
        -0.95068359375,
        2.181640625,
        5.1171875,
        1.8759765625,
        -2.716796875,
        -6.616115570068359e-06,
        -2.2649765014648438e-06
      ]
    },
    {
      "detection_id": "sample_000048_det_0004",
      "class_id": 0,
      "class_name": "car",
      "class_group": "vehicle",
      "score": 0.153564453125,
      "position_ego": [
        -36.815185546875,
        25.249954223632812,
        -0.92041015625
      ],
      "size_xyz": [
        2.29296875,
        5.26171875,
        1.9482421875
      ],
      "yaw_rad": -0.409423828125,
      "velocity_ego": [
        -6.616115570068359e-06,
        -2.2649765014648438e-06
      ],
      "speed_mps": 6.9930754170600005e-06,
      "distance_m": 44.64211100683285,
      "bearing_deg": 145.55544770044747,
      "source_confidence": 0.153564453125,
      "raw_box_9d": [
        -36.815185546875,
        25.249954223632812,
        -0.92041015625,
        2.29296875,
        5.26171875,
        1.9482421875,
        -0.409423828125,
        -6.616115570068359e-06,
        -2.2649765014648438e-06
      ]
    }
  ],
  "class_names": [
    "car",
    "truck",
    "construction_vehicle",
    "bus",
    "trailer",
    "barrier",
    "motorcycle",
    "bicycle",
    "pedestrian",
    "traffic_cone"
  ],
  "raw_prediction_count": 200,
  "filtered_prediction_count": 5
}