{
  "frame": 2195,
  "timestamp": 33.79063230752945,
  "sample_name": "sample_000018",
  "ego": {
    "frame_id": 2195,
    "timestamp": 33.79063230752945,
    "sample_name": "sample_000018",
    "town": "Carla/Maps/Town10HD_Opt",
    "weather": {
      "cloudiness": 20.0,
      "dust_storm": 0.0,
      "fog_density": 2.0,
      "fog_distance": 0.75,
      "fog_falloff": 0.10000000149011612,
      "mie_scattering_scale": 0.029999999329447746,
      "precipitation": 0.0,
      "precipitation_deposits": 0.0,
      "rayleigh_scattering_scale": 0.03310000151395798,
      "scattering_intensity": 1.0,
      "sun_altitude_angle": 45.0,
      "sun_azimuth_angle": 300.0,
      "wetness": 0.0,
      "wind_intensity": 10.0
    },
    "position_world": [
      -57.0364990234375,
      -22.76201820373535,
      -0.0064153289422392845
    ],
    "velocity_world": [
      7.762699604034424,
      3.242202043533325,
      -0.00020102500275243074
    ],
    "speed_mps": 8.412572690561367,
    "yaw_deg": -19.56060791015625,
    "route_progress_m": 3.330027878938126,
    "world_from_ego_bevfusion": [
      [
        0.9422422051429749,
        -0.3349115550518036,
        -0.0037279590032994747,
        -57.0364990234375
      ],
      [
        0.33478760719299316,
        0.9421039819717407,
        -0.018905827775597572,
        -22.76201820373535
      ],
      [
        0.00984390452504158,
        0.016565794125199318,
        0.9998143315315247,
        -0.0064153289422392845
      ],
      [
        0.0,
        0.0,
        0.0,
        1.0
      ]
    ],
    "position_world_carla": [
      -57.0364990234375,
      22.76201820373535,
      -0.0064153289422392845
    ]
  },
  "scene": {
    "active_object_count": 2,
    "front_free_space_m": 45.75407208230775,
    "left_side_occupancy": 0.0,
    "right_side_occupancy": 0.0,
    "rear_gap_m": null,
    "nearest_front_vehicle": {
      "track_id": 4,
      "class": "car",
      "distance_m": 46.87343663457744,
      "bearing_deg": -3.0328732317395906,
      "position_ego": [
        46.80778301980775,
        -2.4800223197268525,
        -1.63671875
      ],
      "velocity_ego": [
        -6.713010292190947,
        -12.01724935200802
      ],
      "risk_level": "medium",
      "risk_score": 0.39999999999999997
    },
    "nearest_vru": {
      "track_id": 3,
      "class": "bicycle",
      "distance_m": 31.63795752404461,
      "bearing_deg": -46.15731798025276,
      "position_ego": [
        21.91500101781419,
        -22.818700372336146,
        -0.8955078125
      ],
      "velocity_ego": [
        -10.757849866011668,
        -5.959444988980665
      ],
      "risk_level": "medium",
      "risk_score": 0.5627153185696654
    },
    "nearest_any_object": {
      "track_id": 3,
      "class": "bicycle",
      "distance_m": 31.63795752404461,
      "bearing_deg": -46.15731798025276,
      "position_ego": [
        21.91500101781419,
        -22.818700372336146,
        -0.8955078125
      ],
      "velocity_ego": [
        -10.757849866011668,
        -5.959444988980665
      ],
      "risk_level": "medium",
      "risk_score": 0.5627153185696654
    },
    "abnormal_flags": [],
    "lane_scene": {
      "current_lane_blocked": false,
      "front_object_in_current_lane": null,
      "front_object_count_current_lane": 0,
      "left_lane_occupancy_count": 0,
      "right_lane_occupancy_count": 0,
      "left_lane_available": false,
      "right_lane_available": false,
      "junction_active": true,
      "junction_ahead": true
    }
  },
  "risk_summary": {
    "highest_risk_level": "medium",
    "highest_risk_score": 0.5627153185696654,
    "urgent_track_ids": [],
    "front_hazard_track_id": null,
    "nearest_front_vehicle_distance_m": 46.87343663457744,
    "nearest_vru_distance_m": 31.63795752404461,
    "minimum_ttc_seconds": 2.0371172019282784,
    "flags": []
  },
  "decision_context": {
    "recommended_maneuvers": [
      "keep_lane"
    ],
    "hard_constraints": [],
    "soft_constraints": [
      "prefer_keep_lane"
    ],
    "stage2_decision_intent": {
      "frame_id": 2195,
      "timestamp": 33.79063230752945,
      "maneuver": "slow_down",
      "target_speed_mps": 6.730058152449094,
      "lane_preference": "keep_current",
      "constraints": [],
      "confidence": 0.65,
      "reasoning_tags": [
        "medium_risk_scene"
      ]
    },
    "maneuver_validation_preview": {
      "frame_id": 2195,
      "requested_intent": {
        "frame_id": 2195,
        "timestamp": 33.79063230752945,
        "maneuver": "slow_down",
        "target_speed_mps": 6.730058152449094,
        "lane_preference": "keep_current",
        "constraints": [],
        "confidence": 0.65,
        "reasoning_tags": [
          "medium_risk_scene"
        ]
      },
      "valid_maneuvers": [
        "keep_lane",
        "slow_down",
        "yield"
      ],
      "invalid_maneuvers": [
        {
          "maneuver": "follow",
          "reason": "no_front_object_in_current_lane"
        },
        {
          "maneuver": "stop",
          "reason": "no_immediate_stop_condition"
        },
        {
          "maneuver": "lane_change_left",
          "reason": "no_left_lane"
        },
        {
          "maneuver": "lane_change_right",
          "reason": "no_right_lane"
        }
      ],
      "selected_behavior": "slow_down",
      "selected_maneuver": "slow_down",
      "lane_change_permission": {
        "left": false,
        "right": false,
        "left_reason": "no_left_lane",
        "right_reason": "no_right_lane"
      },
      "reasoning_tags": []
    }
  },
  "lane_context": {
    "frame_id": 2195,
    "sample_name": "sample_000018",
    "current_lane": {
      "exists": true,
      "role": "current_lane",
      "road_id": 296,
      "section_id": 0,
      "lane_id": -1,
      "lane_width_m": 3.5,
      "lane_type": "Driving",
      "lane_change": "NONE",
      "same_direction_as_ego": true,
      "transform_carla": {
        "location": {
          "x": -56.866249084472656,
          "y": 23.036970138549805,
          "z": 0.0
        },
        "rotation": {
          "roll": 0.0,
          "pitch": 0.0,
          "yaw": -23.1604061126709
        }
      },
      "transform_bevfusion_world": {
        "location": {
          "x": -56.866249084472656,
          "y": -23.036970138549805,
          "z": 0.0
        },
        "rotation": {
          "roll": 0.0,
          "pitch": 0.0,
          "yaw": -23.1604061126709
        }
      },
      "lane_change_allowed_from_current": false
    },
    "left_lane": {
      "exists": false,
      "role": "left_lane",
      "road_id": null,
      "section_id": null,
      "lane_id": null,
      "lane_width_m": null,
      "lane_type": null,
      "lane_change": null,
      "same_direction_as_ego": false,
      "transform_carla": null,
      "transform_bevfusion_world": null,
      "lane_change_allowed_from_current": false
    },
    "right_lane": {
      "exists": false,
      "role": "right_lane",
      "road_id": null,
      "section_id": null,
      "lane_id": null,
      "lane_width_m": null,
      "lane_type": null,
      "lane_change": null,
      "same_direction_as_ego": false,
      "transform_carla": null,
      "transform_bevfusion_world": null,
      "lane_change_allowed_from_current": false
    },
    "forward_corridor": {
      "horizon_m": 60.0,
      "sample_step_m": 5.0,
      "chain": [
        {
          "distance_m": 0.0,
          "road_id": 296,
          "section_id": 0,
          "lane_id": -1,
          "is_junction": true,
          "yaw_deg": -23.1604061126709,
          "position_carla": {
            "x": -56.866249084472656,
            "y": 23.036970138549805,
            "z": 0.0
          },
          "position_bevfusion_world": {
            "x": -56.866249084472656,
            "y": -23.036970138549805,
            "z": 0.0
          }
        },
        {
          "distance_m": 5.0,
          "road_id": 296,