{
  "active_object_count": 2,
  "front_free_space_m": null,
  "left_side_occupancy": 0.14278090128722232,
  "right_side_occupancy": 0.0,
  "rear_gap_m": null,
  "nearest_front_vehicle": null,
  "nearest_vru": null,
  "nearest_any_object": {
    "track_id": 1,
    "class": "car",
    "distance_m": 25.71657296138333,
    "bearing_deg": 7.472687687007081,
    "position_ego": [
      25.49816131591797,
      3.344532012939453,
      -1.677734375
    ],
    "velocity_ego": [
      0.267333984375,
      0.153564453125
    ],
    "risk_level": "low",
    "risk_score": 0.25712570278962504
  },
  "abnormal_flags": []
}