{
  "sample_name": "sample_000026",
  "sequence_index": 26,
  "frame_id": 2203,
  "timestamp": 34.190632313489914,
  "prediction_variant": "bridge_minimal",
  "source_sample_dir": "/workspace/Agent-AI/outputs/samples/sample_000026",
  "source_prediction_dir": "/workspace/Agent-AI/outputs/live_watch_compare/live_20260401_095649/inference/sample_000026/bridge_minimal",
  "ego": {
    "frame_id": 2203,
    "timestamp": 34.190632313489914,
    "sample_name": "sample_000026",
    "town": "Carla/Maps/Town10HD_Opt",
    "weather": {
      "cloudiness": 20.0,
      "dust_storm": 0.0,
      "fog_density": 2.0,
      "fog_distance": 0.75,
      "fog_falloff": 0.10000000149011612,
      "mie_scattering_scale": 0.029999999329447746,
      "precipitation": 0.0,
      "precipitation_deposits": 0.0,
      "rayleigh_scattering_scale": 0.03310000151395798,
      "scattering_intensity": 1.0,
      "sun_altitude_angle": 45.0,
      "sun_azimuth_angle": 300.0,
      "wetness": 0.0,
      "wind_intensity": 10.0
    },
    "position_world": [
      -54.17226791381836,
      -21.28060531616211,
      -0.004172973334789276
    ],
    "velocity_world": [
      6.476405620574951,
      4.313414096832275,
      -0.00012077331484761089
    ],
    "speed_mps": 7.781347630555546,
    "yaw_deg": -30.60324478149414,
    "route_progress_m": 6.559889239636255,
    "world_from_ego_bevfusion": [
      [
        0.8607129454612732,
        -0.5089306831359863,
        0.01275815162807703,
        -54.17226791381836
      ],
      [
        0.5090899467468262,
        0.8604798913002014,
        -0.02004423551261425,
        -21.28060531616211
      ],
      [
        -0.0007770060328766704,
        0.023747380822896957,
        0.9997177124023438,
        -0.004172973334789276
      ],
      [
        0.0,
        0.0,
        0.0,
        1.0
      ]
    ]
  },
  "detections": [
    {
      "detection_id": "sample_000026_det_0000",
      "class_id": 0,
      "class_name": "car",
      "class_group": "vehicle",
      "score": 0.338623046875,
      "position_ego": [
        42.13037872314453,
        -11.739219665527344,
        -0.87451171875
      ],
      "size_xyz": [
        2.10546875,
        4.90234375,
        1.7587890625
      ],
      "yaw_rad": 2.04296875,
      "velocity_ego": [
        -0.6640625,
        0.34228515625
      ],
      "speed_mps": 0.7470864287987949,
      "distance_m": 43.7353185619025,
      "bearing_deg": -15.569977486362003,
      "source_confidence": 0.338623046875,
      "raw_box_9d": [
        42.13037872314453,
        -11.739219665527344,
        -0.87451171875,
        2.10546875,
        4.90234375,
        1.7587890625,
        2.04296875,
        -0.6640625,
        0.34228515625
      ]
    }
  ],
  "class_names": [
    "car",
    "truck",
    "construction_vehicle",
    "bus",
    "trailer",
    "barrier",
    "motorcycle",
    "bicycle",
    "pedestrian",
    "traffic_cone"
  ],
  "raw_prediction_count": 200,
  "filtered_prediction_count": 1
}