{
  "active_object_count": 1,
  "front_free_space_m": null,
  "left_side_occupancy": 0.0,
  "right_side_occupancy": 0.0,
  "rear_gap_m": null,
  "nearest_front_vehicle": null,
  "nearest_vru": null,
  "nearest_any_object": {
    "track_id": 4,
    "class": "car",
    "distance_m": 43.77014770403622,
    "bearing_deg": -15.205561502417678,
    "position_ego": [
      42.23780035968458,
      -11.480159006241005,
      -0.87451171875
    ],
    "velocity_ego": [
      -7.921598142425764,
      -13.640611908824045
    ],
    "risk_level": "low",
    "risk_score": 0.15000000000000002
  },
  "abnormal_flags": []
}