{
  "active_object_count": 6,
  "front_free_space_m": 11.080996072475063,
  "left_side_occupancy": 0.8258165826675359,
  "right_side_occupancy": 0.0,
  "rear_gap_m": 22.82291869339607,
  "nearest_front_vehicle": {
    "track_id": 2,
    "class": "car",
    "distance_m": 12.282533568787414,
    "bearing_deg": 8.65950161657692,
    "position_ego": [
      12.142519509975063,
      1.8492838663289861,
      -1.18359375
    ],
    "velocity_ego": [
      -3.634707996679733,
      -1.2322803988698923
    ],
    "risk_level": "high",
    "risk_score": 0.7078809982340944
  },
  "nearest_vru": null,
  "nearest_any_object": {
    "track_id": 2,
    "class": "car",
    "distance_m": 12.282533568787414,
    "bearing_deg": 8.65950161657692,
    "position_ego": [
      12.142519509975063,
      1.8492838663289861,
      -1.18359375
    ],
    "velocity_ego": [
      -3.634707996679733,
      -1.2322803988698923
    ],
    "risk_level": "high",
    "risk_score": 0.7078809982340944
  },
  "abnormal_flags": [
    "high_risk_scene"
  ]
}