{
  "sample_name": "sample_000047",
  "sequence_index": 47,
  "frame_id": 60048,
  "timestamp": 439.71970082074404,
  "prediction_variant": "single",
  "source_sample_dir": "D:\\Agent-AI\\outputs\\s3a_ml_long_v2\\sample_000047",
  "source_prediction_dir": "D:\\Agent-AI\\outputs\\live_watch_compare_multilane\\lw_s3a_ml_long_v2\\inference\\sample_000047",
  "ego": {
    "frame_id": 60048,
    "timestamp": 439.71970082074404,
    "sample_name": "sample_000047",
    "town": "Carla/Maps/Town10HD_Opt",
    "weather": {
      "cloudiness": 20.0,
      "dust_storm": 0.0,
      "fog_density": 2.0,
      "fog_distance": 0.75,
      "fog_falloff": 0.10000000149011612,
      "mie_scattering_scale": 0.029999999329447746,
      "precipitation": 0.0,
      "precipitation_deposits": 0.0,
      "rayleigh_scattering_scale": 0.03310000151395798,
      "scattering_intensity": 1.0,
      "sun_altitude_angle": 45.0,
      "sun_azimuth_angle": 300.0,
      "wetness": 0.0,
      "wind_intensity": 10.0
    },
    "position_world": [
      93.60831451416016,
      52.798553466796875,
      -0.004622192122042179
    ],
    "velocity_world": [
      -5.936626434326172,
      5.681619644165039,
      -3.1852719985181466e-05
    ],
    "speed_mps": 8.217319222393453,
    "yaw_deg": -134.98812866210938,
    "route_progress_m": 34.18236999190297,
    "world_from_ego_bevfusion": [
      [
        -0.70695960521698,
        -0.7072035074234009,
        0.008443061262369156,
        93.60831451416016
      ],
      [
        0.7072526216506958,
        -0.7069306373596191,
        0.006543454714119434,
        52.798553466796875
      ],
      [
        0.0013411041582003236,
        0.01059733610600233,
        0.99994295835495,
        -0.004622192122042179
      ],
      [
        0.0,
        0.0,
        0.0,
        1.0
      ]
    ]
  },
  "detections": [
    {
      "detection_id": "sample_000047_det_0000",
      "class_id": 0,
      "class_name": "car",
      "class_group": "vehicle",
      "score": 0.8037109375,
      "position_ego": [
        -9.851402282714844,
        -2.618114471435547,
        -1.4091796875
      ],
      "size_xyz": [
        2.17578125,
        5.11328125,
        1.7724609375
      ],
      "yaw_rad": -1.2822265625,
      "velocity_ego": [
        -6.616115570068359e-06,
        -2.2649765014648438e-06
      ],
      "speed_mps": 6.9930754170600005e-06,
      "distance_m": 10.19336305256609,
      "bearing_deg": -165.11706158061537,
      "source_confidence": 0.8037109375,
      "raw_box_9d": [
        -9.851402282714844,
        -2.618114471435547,
        -1.4091796875,
        2.17578125,
        5.11328125,
        1.7724609375,
        -1.2822265625,
        -6.616115570068359e-06,
        -2.2649765014648438e-06
      ]
    },
    {
      "detection_id": "sample_000047_det_0001",
      "class_id": 0,
      "class_name": "car",
      "class_group": "vehicle",
      "score": 0.67724609375,
      "position_ego": [
        23.61467742919922,
        7.922023773193359,
        -1.48828125
      ],
      "size_xyz": [
        2.171875,
        5.1328125,
        1.791015625
      ],
      "yaw_rad": -2.23828125,
      "velocity_ego": [
        0.220458984375,
        0.1578369140625
      ],
      "speed_mps": 0.2711358612069409,
      "distance_m": 24.908059955527886,
      "bearing_deg": 18.545075198607567,
      "source_confidence": 0.67724609375,
      "raw_box_9d": [
        23.61467742919922,
        7.922023773193359,
        -1.48828125,
        2.171875,
        5.1328125,
        1.791015625,
        -2.23828125,
        0.220458984375,
        0.1578369140625
      ]
    },
    {
      "detection_id": "sample_000047_det_0002",
      "class_id": 0,
      "class_name": "car",
      "class_group": "vehicle",
      "score": 0.401123046875,
      "position_ego": [
        50.34858703613281,
        24.750076293945312,
        -1.189453125
      ],
      "size_xyz": [
        2.216796875,
        4.94140625,
        1.830078125
      ],
      "yaw_rad": 0.76318359375,
      "velocity_ego": [
        -6.616115570068359e-06,
        -2.2649765014648438e-06
      ],
      "speed_mps": 6.9930754170600005e-06,
      "distance_m": 56.10299896699957,
      "bearing_deg": 26.177549882639973,
      "source_confidence": 0.401123046875,
      "raw_box_9d": [
        50.34858703613281,
        24.750076293945312,
        -1.189453125,
        2.216796875,
        4.94140625,
        1.830078125,
        0.76318359375,
        -6.616115570068359e-06,
        -2.2649765014648438e-06
      ]
    },
    {
      "detection_id": "sample_000047_det_0003",
      "class_id": 0,
      "class_name": "car",
      "class_group": "vehicle",
      "score": 0.2998046875,
      "position_ego": [
        52.310455322265625,
        35.980079650878906,
        -1.505859375
      ],
      "size_xyz": [
        2.228515625,
        5.109375,
        1.859375
      ],
      "yaw_rad": 0.73583984375,
      "velocity_ego": [
        -0.0689697265625,
        -0.09564208984375
      ],
      "speed_mps": 0.11791620979231805,
      "distance_m": 63.48976191250317,
      "bearing_deg": 34.520898516403,
      "source_confidence": 0.2998046875,
      "raw_box_9d": [
        52.310455322265625,
        35.980079650878906,
        -1.505859375,
        2.228515625,
        5.109375,
        1.859375,
        0.73583984375,
        -0.0689697265625,
        -0.09564208984375
      ]
    },
    {
      "detection_id": "sample_000047_det_0004",
      "class_id": 0,
      "class_name": "car",
      "class_group": "vehicle",
      "score": 0.211669921875,
      "position_ego": [
        48.05449676513672,
        26.79888153076172,
        -1.4453125
      ],
      "size_xyz": [
        2.271484375,
        5.1171875,
        1.861328125
      ],
      "yaw_rad": 0.75244140625,
      "velocity_ego": [
        -6.008148193359375e-05,
        -0.0010166168212890625
      ],
      "speed_mps": 0.0010183906646268977,
      "distance_m": 55.021947535963655,
      "bearing_deg": 29.147397333546245,
      "source_confidence": 0.211669921875,
      "raw_box_9d": [
        48.05449676513672,
        26.79888153076172,
        -1.4453125,
        2.271484375,
        5.1171875,
        1.861328125,
        0.75244140625,
        -6.008148193359375e-05,
        -0.0010166168212890625
      ]
    },
    {
      "detection_id": "sample_000047_det_0005",
      "class_id": 0,
      "class_name": "car",
      "class_group": "vehicle",
      "score": 0.1834716796875,
      "position_ego": [
        26.405860900878906,
        -7.560020446777344,
        -1.166015625
      ],
      "size_xyz": [
        2.24609375,
        5.0546875,
        1.865234375
      ],
      "yaw_rad": 1.2548828125,
      "velocity_ego": [
        -6.616115570068359e-06,
        -2.2649765014648438e-06
      ],
      "speed_mps": 6.9930754170600005e-06,
      "distance_m": 27.466768995865838,
      "bearing_deg": -15.97646236725606,
      "source_confidence": 0.1834716796875,
      "raw_box_9d": [
        26.405860900878906,
        -7.560020446777344,
        -1.166015625,
        2.24609375,
        5.0546875,
        1.865234375,
        1.2548828125,
        -6.616115570068359e-06,
        -2.2649765014648438e-06
      ]
    }
  ],
  "class_names": [
    "car",
    "truck",
    "construction_vehicle",
    "bus",
    "trailer",
    "barrier",
    "motorcycle",
    "bicycle",
    "pedestrian",
    "traffic_cone"
  ],
  "raw_prediction_count": 200,
  "filtered_prediction_count": 6
}