{
  "sample_name": "sample_000110",
  "sequence_index": 110,
  "frame_id": 60111,
  "timestamp": 446.01970091462135,
  "prediction_variant": "single",
  "source_sample_dir": "D:\\Agent-AI\\outputs\\s3a_ml_long_v2\\sample_000110",
  "source_prediction_dir": "D:\\Agent-AI\\outputs\\live_watch_compare_multilane\\lw_s3a_ml_long_v2\\inference\\sample_000110",
  "ego": {
    "frame_id": 60111,
    "timestamp": 446.01970091462135,
    "sample_name": "sample_000110",
    "town": "Carla/Maps/Town10HD_Opt",
    "weather": {
      "cloudiness": 20.0,
      "dust_storm": 0.0,
      "fog_density": 2.0,
      "fog_distance": 0.75,
      "fog_falloff": 0.10000000149011612,
      "mie_scattering_scale": 0.029999999329447746,
      "precipitation": 0.0,
      "precipitation_deposits": 0.0,
      "rayleigh_scattering_scale": 0.03310000151395798,
      "scattering_intensity": 1.0,
      "sun_altitude_angle": 45.0,
      "sun_azimuth_angle": 300.0,
      "wetness": 0.0,
      "wind_intensity": 10.0
    },
    "position_world": [
      77.28752136230469,
      62.279911041259766,
      -0.004499778617173433
    ],
    "velocity_world": [
      2.7430519367044326e-06,
      -8.948245522333309e-07,
      -3.299713171145413e-06
    ],
    "speed_mps": 4.383280953642834e-06,
    "yaw_deg": -161.72349548339844,
    "route_progress_m": 53.24160103577208,
    "world_from_ego_bevfusion": [
      [
        -0.9495541453361511,
        -0.3136030435562134,
        -5.260840225673746e-06,
        77.28752136230469
      ],
      [
        0.3136030435562134,
        -0.9495541453361511,
        1.176534624391934e-06,
        62.279911041259766
      ],
      [
        -5.364418029785156e-06,
        -5.326322138898831e-07,
        1.0,
        -0.004499778617173433
      ],
      [
        0.0,
        0.0,
        0.0,
        1.0
      ]
    ]
  },
  "detections": [
    {
      "detection_id": "sample_000110_det_0000",
      "class_id": 0,
      "class_name": "car",
      "class_group": "vehicle",
      "score": 0.52880859375,
      "position_ego": [
        6.112941741943359,
        0.2452545166015625,
        -1.53515625
      ],
      "size_xyz": [
        2.1171875,
        4.9609375,
        1.763671875
      ],
      "yaw_rad": -1.72265625,
      "velocity_ego": [
        -6.616115570068359e-06,
        -2.2649765014648438e-06
      ],
      "speed_mps": 6.9930754170600005e-06,
      "distance_m": 6.11785963538777,
      "bearing_deg": 2.297505343838444,
      "source_confidence": 0.52880859375,
      "raw_box_9d": [
        6.112941741943359,
        0.2452545166015625,
        -1.53515625,
        2.1171875,
        4.9609375,
        1.763671875,
        -1.72265625,
        -6.616115570068359e-06,
        -2.2649765014648438e-06
      ]
    },
    {
      "detection_id": "sample_000110_det_0001",
      "class_id": 4,
      "class_name": "trailer",
      "class_group": "vehicle",
      "score": 0.1187744140625,
      "position_ego": [
        14.949615478515625,
        27.285079956054688,
        -0.0947265625
      ],
      "size_xyz": [
        3.08984375,
        14.3828125,
        3.080078125
      ],
      "yaw_rad": -1.873046875,
      "velocity_ego": [
        8.203125,
        1.4423828125
      ],
      "speed_mps": 8.328969200532585,
      "distance_m": 31.112161467242537,
      "bearing_deg": 61.28147115539756,
      "source_confidence": 0.1187744140625,
      "raw_box_9d": [
        14.949615478515625,
        27.285079956054688,
        -0.0947265625,
        3.08984375,
        14.3828125,
        3.080078125,
        -1.873046875,
        8.203125,
        1.4423828125
      ]
    }
  ],
  "class_names": [
    "car",
    "truck",
    "construction_vehicle",
    "bus",
    "trailer",
    "barrier",
    "motorcycle",
    "bicycle",
    "pedestrian",
    "traffic_cone"
  ],
  "raw_prediction_count": 200,
  "filtered_prediction_count": 2
}