{
  "sample_name": "sample_000052",
  "sequence_index": 52,
  "frame_id": 60053,
  "timestamp": 440.2197008281946,
  "prediction_variant": "single",
  "source_sample_dir": "D:\\Agent-AI\\outputs\\s3a_ml_long_v2\\sample_000052",
  "source_prediction_dir": "D:\\Agent-AI\\outputs\\live_watch_compare_multilane\\lw_s3a_ml_long_v2\\inference\\sample_000052",
  "ego": {
    "frame_id": 60053,
    "timestamp": 440.2197008281946,
    "sample_name": "sample_000052",
    "town": "Carla/Maps/Town10HD_Opt",
    "weather": {
      "cloudiness": 20.0,
      "dust_storm": 0.0,
      "fog_density": 2.0,
      "fog_distance": 0.75,
      "fog_falloff": 0.10000000149011612,
      "mie_scattering_scale": 0.029999999329447746,
      "precipitation": 0.0,
      "precipitation_deposits": 0.0,
      "rayleigh_scattering_scale": 0.03310000151395798,
      "scattering_intensity": 1.0,
      "sun_altitude_angle": 45.0,
      "sun_azimuth_angle": 300.0,
      "wetness": 0.0,
      "wind_intensity": 10.0
    },
    "position_world": [
      90.6317138671875,
      55.396240234375,
      -0.004538040142506361
    ],
    "velocity_world": [
      -6.5193352699279785,
      4.944718360900879,
      -0.00013824462075717747
    ],
    "speed_mps": 8.182418471910903,
    "yaw_deg": -140.77943420410156,
    "route_progress_m": 38.13512720932929,
    "world_from_ego_bevfusion": [
      [
        -0.7747172117233276,
        -0.6322510242462158,
        0.00847840029746294,
        90.6317138671875
      ],
      [
        0.6323071122169495,
        -0.7746677398681641,
        0.008814006112515926,
        55.396240234375
      ],
      [
        0.000995278125628829,
        0.012189315631985664,
        0.9999252557754517,
        -0.004538040142506361
      ],
      [
        0.0,
        0.0,
        0.0,
        1.0
      ]
    ]
  },
  "detections": [
    {
      "detection_id": "sample_000052_det_0000",
      "class_id": 0,
      "class_name": "car",
      "class_group": "vehicle",
      "score": 0.75732421875,
      "position_ego": [
        -13.977462768554688,
        -1.4996223449707031,
        -1.40625
      ],
      "size_xyz": [
        2.171875,
        5.08203125,
        1.8212890625
      ],
      "yaw_rad": -1.201171875,
      "velocity_ego": [
        -6.616115570068359e-06,
        -2.2649765014648438e-06
      ],
      "speed_mps": 6.9930754170600005e-06,
      "distance_m": 14.057678777944384,
      "bearing_deg": -173.87624115403355,
      "source_confidence": 0.75732421875,
      "raw_box_9d": [
        -13.977462768554688,
        -1.4996223449707031,
        -1.40625,
        2.171875,
        5.08203125,
        1.8212890625,
        -1.201171875,
        -6.616115570068359e-06,
        -2.2649765014648438e-06
      ]
    },
    {
      "detection_id": "sample_000052_det_0001",
      "class_id": 0,
      "class_name": "car",
      "class_group": "vehicle",
      "score": 0.69970703125,
      "position_ego": [
        20.316070556640625,
        5.581058502197266,
        -1.505859375
      ],
      "size_xyz": [
        2.14453125,
        4.92578125,
        1.8173828125
      ],
      "yaw_rad": -2.1015625,
      "velocity_ego": [
        -6.616115570068359e-06,
        -2.2649765014648438e-06
      ],
      "speed_mps": 6.9930754170600005e-06,
      "distance_m": 21.068719393151273,
      "bearing_deg": 15.360883210626485,
      "source_confidence": 0.69970703125,
      "raw_box_9d": [
        20.316070556640625,
        5.581058502197266,
        -1.505859375,
        2.14453125,
        4.92578125,
        1.8173828125,
        -2.1015625,
        -6.616115570068359e-06,
        -2.2649765014648438e-06
      ]
    },
    {
      "detection_id": "sample_000052_det_0002",
      "class_id": 0,
      "class_name": "car",
      "class_group": "vehicle",
      "score": 0.462158203125,
      "position_ego": [
        48.69463348388672,
        19.700103759765625,
        -1.333984375
      ],
      "size_xyz": [
        2.259765625,
        5.12890625,
        1.810546875
      ],
      "yaw_rad": 0.84326171875,
      "velocity_ego": [
        -6.616115570068359e-06,
        -2.2649765014648438e-06
      ],
      "speed_mps": 6.9930754170600005e-06,
      "distance_m": 52.52867234449766,
      "bearing_deg": 22.026491512469192,
      "source_confidence": 0.462158203125,
      "raw_box_9d": [
        48.69463348388672,
        19.700103759765625,
        -1.333984375,
        2.259765625,
        5.12890625,
        1.810546875,
        0.84326171875,
        -6.616115570068359e-06,
        -2.2649765014648438e-06
      ]
    },
    {
      "detection_id": "sample_000052_det_0003",
      "class_id": 0,
      "class_name": "car",
      "class_group": "vehicle",
      "score": 0.32421875,
      "position_ego": [
        46.586944580078125,
        21.8692626953125,
        -1.4365234375
      ],
      "size_xyz": [
        2.20703125,
        5.02734375,
        1.8193359375
      ],
      "yaw_rad": 0.90966796875,
      "velocity_ego": [
        -0.199462890625,
        -0.08355712890625
      ],
      "speed_mps": 0.2162573432915895,
      "distance_m": 51.46462917522925,
      "bearing_deg": 25.146721986689258,
      "source_confidence": 0.32421875,
      "raw_box_9d": [
        46.586944580078125,
        21.8692626953125,
        -1.4365234375,
        2.20703125,
        5.02734375,
        1.8193359375,
        0.90966796875,
        -0.199462890625,
        -0.08355712890625
      ]
    },
    {
      "detection_id": "sample_000052_det_0004",
      "class_id": 0,
      "class_name": "car",
      "class_group": "vehicle",
      "score": 0.30078125,
      "position_ego": [
        51.631202697753906,
        30.706497192382812,
        -1.4541015625
      ],
      "size_xyz": [
        2.224609375,
        5.015625,
        1.8974609375
      ],
      "yaw_rad": 0.8125,
      "velocity_ego": [
        -6.616115570068359e-06,
        -2.2649765014648438e-06
      ],
      "speed_mps": 6.9930754170600005e-06,
      "distance_m": 60.07220706651591,
      "bearing_deg": 30.741114183769135,
      "source_confidence": 0.30078125,
      "raw_box_9d": [
        51.631202697753906,
        30.706497192382812,
        -1.4541015625,
        2.224609375,
        5.015625,
        1.8974609375,
        0.8125,
        -6.616115570068359e-06,
        -2.2649765014648438e-06
      ]
    },
    {
      "detection_id": "sample_000052_det_0005",
      "class_id": 0,
      "class_name": "car",
      "class_group": "vehicle",
      "score": 0.1497802734375,
      "position_ego": [
        -14.382713317871094,
        -13.64706802368164,
        -1.14453125
      ],
      "size_xyz": [
        2.1328125,
        4.921875,
        1.8486328125
      ],
      "yaw_rad": -1.60546875,
      "velocity_ego": [
        -6.616115570068359e-06,
        -2.2649765014648438e-06
      ],
      "speed_mps": 6.9930754170600005e-06,
      "distance_m": 19.826873380012806,
      "bearing_deg": -136.5033901430455,
      "source_confidence": 0.1497802734375,
      "raw_box_9d": [
        -14.382713317871094,
        -13.64706802368164,
        -1.14453125,
        2.1328125,
        4.921875,
        1.8486328125,
        -1.60546875,
        -6.616115570068359e-06,
        -2.2649765014648438e-06
      ]
    }
  ],
  "class_names": [
    "car",
    "truck",
    "construction_vehicle",
    "bus",
    "trailer",
    "barrier",
    "motorcycle",
    "bicycle",
    "pedestrian",
    "traffic_cone"
  ],
  "raw_prediction_count": 200,
  "filtered_prediction_count": 6
}