{
  "active_object_count": 6,
  "front_free_space_m": null,
  "left_side_occupancy": 0.29193146586971275,
  "right_side_occupancy": 0.8763402611735316,
  "rear_gap_m": 13.795542704117658,
  "nearest_front_vehicle": null,
  "nearest_vru": null,
  "nearest_any_object": {
    "track_id": 1,
    "class": "car",
    "distance_m": 13.882918784781246,
    "bearing_deg": -173.56836245627758,
    "position_ego": [
      -13.795542704117658,
      -1.5551319827262278,
      -1.40625
    ],
    "velocity_ego": [
      -4.9721575706513175,
      1.4586050095675427
    ],
    "risk_level": "low",
    "risk_score": 0.24587810911414065
  },
  "abnormal_flags": []
}