{
  "sample_name": "sample_000003",
  "sequence_index": 3,
  "frame_id": 726276,
  "timestamp": 4997.494624722749,
  "prediction_variant": "single",
  "source_sample_dir": "D:\\Agent-AI\\outputs\\s3a_ml_long_v1\\sample_000003",
  "source_prediction_dir": "D:\\Agent-AI\\outputs\\live_watch_compare_multilane\\lw_s3a_ml_long_v1\\inference\\sample_000003",
  "ego": {
    "frame_id": 726276,
    "timestamp": 4997.494624722749,
    "sample_name": "sample_000003",
    "town": "Carla/Maps/Town10HD_Opt",
    "weather": {
      "cloudiness": 20.0,
      "dust_storm": 0.0,
      "fog_density": 2.0,
      "fog_distance": 0.75,
      "fog_falloff": 0.10000000149011612,
      "mie_scattering_scale": 0.029999999329447746,
      "precipitation": 0.0,
      "precipitation_deposits": 0.0,
      "rayleigh_scattering_scale": 0.03310000151395798,
      "scattering_intensity": 1.0,
      "sun_altitude_angle": 45.0,
      "sun_azimuth_angle": 300.0,
      "wetness": 0.0,
      "wind_intensity": 10.0
    },
    "position_world": [
      106.38628387451172,
      22.089046478271484,
      -0.006550521589815617
    ],
    "velocity_world": [
      -0.1348544806241989,
      5.18204927444458,
      0.0037925243377685547
    ],
    "speed_mps": 5.1838050500531825,
    "yaw_deg": -91.10628509521484,
    "route_progress_m": 0.0,
    "world_from_ego_bevfusion": [
      [
        -0.019306035712361336,
        -0.9998133182525635,
        0.0007537831552326679,
        106.38628387451172
      ],
      [
        0.9997609257698059,
        -0.019312752410769463,
        -0.010251212865114212,
        22.089046478271484
      ],
      [
        0.010263857431709766,
        0.000555692648049444,
        0.9999471306800842,
        -0.006550521589815617
      ],
      [
        0.0,
        0.0,
        0.0,
        1.0
      ]
    ]
  },
  "detections": [
    {
      "detection_id": "sample_000003_det_0000",
      "class_id": 0,
      "class_name": "car",
      "class_group": "vehicle",
      "score": 0.76953125,
      "position_ego": [
        21.25616455078125,
        4.669925689697266,
        -1.6083984375
      ],
      "size_xyz": [
        2.1328125,
        4.828125,
        1.7900390625
      ],
      "yaw_rad": -2.04296875,
      "velocity_ego": [
        -6.616115570068359e-06,
        -2.2649765014648438e-06
      ],
      "speed_mps": 6.9930754170600005e-06,
      "distance_m": 21.76310495671939,
      "bearing_deg": 12.390884304303523,
      "source_confidence": 0.76953125,
      "raw_box_9d": [
        21.25616455078125,
        4.669925689697266,
        -1.6083984375,
        2.1328125,
        4.828125,
        1.7900390625,
        -2.04296875,
        -6.616115570068359e-06,
        -2.2649765014648438e-06
      ]
    },
    {
      "detection_id": "sample_000003_det_0001",
      "class_id": 0,
      "class_name": "car",
      "class_group": "vehicle",
      "score": 0.744140625,
      "position_ego": [
        21.98833465576172,
        1.3344764709472656,
        -1.666015625
      ],
      "size_xyz": [
        2.126953125,
        4.80859375,
        1.8203125
      ],
      "yaw_rad": -1.9794921875,
      "velocity_ego": [
        -6.616115570068359e-06,
        -2.2649765014648438e-06
      ],
      "speed_mps": 6.9930754170600005e-06,
      "distance_m": 22.028792258888902,
      "bearing_deg": 3.4730325357892693,
      "source_confidence": 0.744140625,
      "raw_box_9d": [
        21.98833465576172,
        1.3344764709472656,
        -1.666015625,
        2.126953125,
        4.80859375,
        1.8203125,
        -1.9794921875,
        -6.616115570068359e-06,
        -2.2649765014648438e-06
      ]
    },
    {
      "detection_id": "sample_000003_det_0002",
      "class_id": 0,
      "class_name": "car",
      "class_group": "vehicle",
      "score": 0.334228515625,
      "position_ego": [
        42.43037414550781,
        33.94921875,
        -1.3740234375
      ],
      "size_xyz": [
        2.109375,
        4.87109375,
        1.8486328125
      ],
      "yaw_rad": 0.1295166015625,
      "velocity_ego": [
        -0.003040313720703125,
        -0.14111328125
      ],
      "speed_mps": 0.14114602953204847,
      "distance_m": 54.34046470047095,
      "bearing_deg": 38.66385860325082,
      "source_confidence": 0.334228515625,
      "raw_box_9d": [
        42.43037414550781,
        33.94921875,
        -1.3740234375,
        2.109375,
        4.87109375,
        1.8486328125,
        0.1295166015625,
        -0.003040313720703125,
        -0.14111328125
      ]
    },
    {
      "detection_id": "sample_000003_det_0003",
      "class_id": 0,
      "class_name": "car",
      "class_group": "vehicle",
      "score": 0.1904296875,
      "position_ego": [
        38.250885009765625,
        15.196220397949219,
        -1.6611328125
      ],
      "size_xyz": [
        2.234375,
        5.1796875,
        1.884765625
      ],
      "yaw_rad": 0.5693359375,
      "velocity_ego": [
        -6.616115570068359e-06,
        -2.2649765014648438e-06
      ],
      "speed_mps": 6.9930754170600005e-06,
      "distance_m": 41.1589032702933,
      "bearing_deg": 21.66681689625455,
      "source_confidence": 0.1904296875,
      "raw_box_9d": [
        38.250885009765625,
        15.196220397949219,
        -1.6611328125,
        2.234375,
        5.1796875,
        1.884765625,
        0.5693359375,
        -6.616115570068359e-06,
        -2.2649765014648438e-06
      ]
    }
  ],
  "class_names": [
    "car",
    "truck",
    "construction_vehicle",
    "bus",
    "trailer",
    "barrier",
    "motorcycle",
    "bicycle",
    "pedestrian",
    "traffic_cone"
  ],
  "raw_prediction_count": 200,
  "filtered_prediction_count": 4
}