{
  "sample_name": "sample_000009",
  "sequence_index": 9,
  "frame_id": 60010,
  "timestamp": 435.9197007641196,
  "prediction_variant": "single",
  "source_sample_dir": "D:\\Agent-AI\\outputs\\s3a_ml_long_v2\\sample_000009",
  "source_prediction_dir": "D:\\Agent-AI\\outputs\\live_watch_compare_multilane\\lw_s3a_ml_long_v2\\inference\\sample_000009",
  "ego": {
    "frame_id": 60010,
    "timestamp": 435.9197007641196,
    "sample_name": "sample_000009",
    "town": "Carla/Maps/Town10HD_Opt",
    "weather": {
      "cloudiness": 20.0,
      "dust_storm": 0.0,
      "fog_density": 2.0,
      "fog_distance": 0.75,
      "fog_falloff": 0.10000000149011612,
      "mie_scattering_scale": 0.029999999329447746,
      "precipitation": 0.0,
      "precipitation_deposits": 0.0,
      "rayleigh_scattering_scale": 0.03310000151395798,
      "scattering_intensity": 1.0,
      "sun_altitude_angle": 45.0,
      "sun_azimuth_angle": 300.0,
      "wetness": 0.0,
      "wind_intensity": 10.0
    },
    "position_world": [
      106.20477294921875,
      25.74086570739746,
      -0.006564254406839609
    ],
    "velocity_world": [
      -0.5408491492271423,
      7.68843936920166,
      -0.00021961212041787803
    ],
    "speed_mps": 7.707439119729667,
    "yaw_deg": -93.48870086669922,
    "route_progress_m": 3.658000761283854,
    "world_from_ego_bevfusion": [
      [
        -0.06084825098514557,
        -0.9981409907341003,
        0.0034580426290631294,
        106.20477294921875
      ],
      [
        0.9980907440185547,
        -0.06088125333189964,
        -0.010412294417619705,
        25.74086570739746
      ],
      [
        0.010603467933833599,
        0.002817870583385229,
        0.9999397993087769,
        -0.006564254406839609
      ],
      [
        0.0,
        0.0,
        0.0,
        1.0
      ]
    ]
  },
  "detections": [
    {
      "detection_id": "sample_000009_det_0000",
      "class_id": 0,
      "class_name": "car",
      "class_group": "vehicle",
      "score": 0.7734375,
      "position_ego": [
        21.839508056640625,
        2.271533966064453,
        -1.6513671875
      ],
      "size_xyz": [
        2.142578125,
        4.91796875,
        1.86328125
      ],
      "yaw_rad": -2.0234375,
      "velocity_ego": [
        -6.616115570068359e-06,
        -2.2649765014648438e-06
      ],
      "speed_mps": 6.9930754170600005e-06,
      "distance_m": 21.95732175642228,
      "bearing_deg": 5.938000401062124,
      "source_confidence": 0.7734375,
      "raw_box_9d": [
        21.839508056640625,
        2.271533966064453,
        -1.6513671875,
        2.142578125,
        4.91796875,
        1.86328125,
        -2.0234375,
        -6.616115570068359e-06,
        -2.2649765014648438e-06
      ]
    },
    {
      "detection_id": "sample_000009_det_0001",
      "class_id": 0,
      "class_name": "car",
      "class_group": "vehicle",
      "score": 0.2509765625,
      "position_ego": [
        40.2685546875,
        32.639984130859375,
        -1.453125
      ],
      "size_xyz": [
        2.1796875,
        5.11328125,
        1.8955078125
      ],
      "yaw_rad": 0.239013671875,
      "velocity_ego": [
        -0.04754638671875,
        -0.353759765625
      ],
      "speed_mps": 0.356940654262111,
      "distance_m": 51.83555787953796,
      "bearing_deg": 39.02675940792667,
      "source_confidence": 0.2509765625,
      "raw_box_9d": [
        40.2685546875,
        32.639984130859375,
        -1.453125,
        2.1796875,
        5.11328125,
        1.8955078125,
        0.239013671875,
        -0.04754638671875,
        -0.353759765625
      ]
    },
    {
      "detection_id": "sample_000009_det_0002",
      "class_id": 0,
      "class_name": "car",
      "class_group": "vehicle",
      "score": 0.14697265625,
      "position_ego": [
        27.18779754638672,
        -7.5499114990234375,
        -1.4736328125
      ],
      "size_xyz": [
        2.287109375,
        5.40625,
        1.9296875
      ],
      "yaw_rad": 1.2763671875,
      "velocity_ego": [
        -0.468994140625,
        -0.045501708984375
      ],
      "speed_mps": 0.47119625365773127,
      "distance_m": 28.216617427792404,
      "bearing_deg": -15.519700118879358,
      "source_confidence": 0.14697265625,
      "raw_box_9d": [
        27.18779754638672,
        -7.5499114990234375,
        -1.4736328125,
        2.287109375,
        5.40625,
        1.9296875,
        1.2763671875,
        -0.468994140625,
        -0.045501708984375
      ]
    }
  ],
  "class_names": [
    "car",
    "truck",
    "construction_vehicle",
    "bus",
    "trailer",
    "barrier",
    "motorcycle",
    "bicycle",
    "pedestrian",
    "traffic_cone"
  ],
  "raw_prediction_count": 200,
  "filtered_prediction_count": 3
}