{
  "sample_name": "sample_000020",
  "sequence_index": 20,
  "frame_id": 60021,
  "timestamp": 437.0197007805109,
  "prediction_variant": "single",
  "source_sample_dir": "D:\\Agent-AI\\outputs\\s3a_ml_long_v2\\sample_000020",
  "source_prediction_dir": "D:\\Agent-AI\\outputs\\live_watch_compare_multilane\\lw_s3a_ml_long_v2\\inference\\sample_000020",
  "ego": {
    "frame_id": 60021,
    "timestamp": 437.0197007805109,
    "sample_name": "sample_000020",
    "town": "Carla/Maps/Town10HD_Opt",
    "weather": {
      "cloudiness": 20.0,
      "dust_storm": 0.0,
      "fog_density": 2.0,
      "fog_distance": 0.75,
      "fog_falloff": 0.10000000149011612,
      "mie_scattering_scale": 0.029999999329447746,
      "precipitation": 0.0,
      "precipitation_deposits": 0.0,
      "rayleigh_scattering_scale": 0.03310000151395798,
      "scattering_intensity": 1.0,
      "sun_altitude_angle": 45.0,
      "sun_azimuth_angle": 300.0,
      "wetness": 0.0,
      "wind_intensity": 10.0
    },
    "position_world": [
      104.65190124511719,
      34.4004020690918,
      -0.003738136263564229
    ],
    "velocity_world": [
      -2.112457275390625,
      6.959399700164795,
      5.599975338554941e-05
    ],
    "speed_mps": 7.272944378320282,
    "yaw_deg": -105.38003540039062,
    "route_progress_m": 12.471631013256674,
    "world_from_ego_bevfusion": [
      [
        -0.2652190327644348,
        -0.9641481041908264,
        0.008792845532298088,
        104.65190124511719
      ],
      [
        0.9641839861869812,
        -0.26517999172210693,
        0.005366137716919184,
        34.4004020690918
      ],
      [
        -0.0028420647140592337,
        0.009901123121380806,
        0.9999469518661499,
        -0.003738136263564229
      ],
      [
        0.0,
        0.0,
        0.0,
        1.0
      ]
    ]
  },
  "detections": [
    {
      "detection_id": "sample_000020_det_0000",
      "class_id": 0,
      "class_name": "car",
      "class_group": "vehicle",
      "score": 0.74755859375,
      "position_ego": [
        13.071975708007812,
        -1.4489097595214844,
        -1.42578125
      ],
      "size_xyz": [
        2.173828125,
        5.01953125,
        1.81640625
      ],
      "yaw_rad": -1.7919921875,
      "velocity_ego": [
        -6.616115570068359e-06,
        -2.2649765014648438e-06
      ],
      "speed_mps": 6.9930754170600005e-06,
      "distance_m": 13.15202982060119,
      "bearing_deg": -6.324899038255618,
      "source_confidence": 0.74755859375,
      "raw_box_9d": [
        13.071975708007812,
        -1.4489097595214844,
        -1.42578125,
        2.173828125,
        5.01953125,
        1.81640625,
        -1.7919921875,
        -6.616115570068359e-06,
        -2.2649765014648438e-06
      ]
    },
    {
      "detection_id": "sample_000020_det_0001",
      "class_id": 0,
      "class_name": "car",
      "class_group": "vehicle",
      "score": 0.611328125,
      "position_ego": [
        37.373809814453125,
        24.200836181640625,
        -1.181640625
      ],
      "size_xyz": [
        2.17578125,
        4.984375,
        1.861328125
      ],
      "yaw_rad": 0.328857421875,
      "velocity_ego": [
        -6.616115570068359e-06,
        -2.2649765014648438e-06
      ],
      "speed_mps": 6.9930754170600005e-06,
      "distance_m": 44.525073070546654,
      "bearing_deg": 32.92445500624467,
      "source_confidence": 0.611328125,
      "raw_box_9d": [
        37.373809814453125,
        24.200836181640625,
        -1.181640625,
        2.17578125,
        4.984375,
        1.861328125,
        0.328857421875,
        -6.616115570068359e-06,
        -2.2649765014648438e-06
      ]
    },
    {
      "detection_id": "sample_000020_det_0002",
      "class_id": 0,
      "class_name": "car",
      "class_group": "vehicle",
      "score": 0.266357421875,
      "position_ego": [
        49.03630828857422,
        52.59558868408203,
        -1.5126953125
      ],
      "size_xyz": [
        2.22265625,
        5.0234375,
        1.927734375
      ],
      "yaw_rad": 0.25146484375,
      "velocity_ego": [
        -6.616115570068359e-06,
        -2.2649765014648438e-06
      ],
      "speed_mps": 6.9930754170600005e-06,
      "distance_m": 71.90866067169678,
      "bearing_deg": 47.005752511369195,
      "source_confidence": 0.266357421875,
      "raw_box_9d": [
        49.03630828857422,
        52.59558868408203,
        -1.5126953125,
        2.22265625,
        5.0234375,
        1.927734375,
        0.25146484375,
        -6.616115570068359e-06,
        -2.2649765014648438e-06
      ]
    },
    {
      "detection_id": "sample_000020_det_0003",
      "class_id": 0,
      "class_name": "car",
      "class_group": "vehicle",
      "score": 0.209716796875,
      "position_ego": [
        52.08076477050781,
        52.22022247314453,
        -1.2783203125
      ],
      "size_xyz": [
        2.205078125,
        5.02734375,
        1.92578125
      ],
      "yaw_rad": 0.27490234375,
      "velocity_ego": [
        -6.616115570068359e-06,
        -2.2649765014648438e-06
      ],
      "speed_mps": 6.9930754170600005e-06,
      "distance_m": 73.75200128963063,
      "bearing_deg": 45.07660841216606,
      "source_confidence": 0.209716796875,
      "raw_box_9d": [
        52.08076477050781,
        52.22022247314453,
        -1.2783203125,
        2.205078125,
        5.02734375,
        1.92578125,
        0.27490234375,
        -6.616115570068359e-06,
        -2.2649765014648438e-06
      ]
    }
  ],
  "class_names": [
    "car",
    "truck",
    "construction_vehicle",
    "bus",
    "trailer",
    "barrier",
    "motorcycle",
    "bicycle",
    "pedestrian",
    "traffic_cone"
  ],
  "raw_prediction_count": 200,
  "filtered_prediction_count": 4
}