{
  "active_object_count": 7,
  "front_free_space_m": 10.57565461657304,
  "left_side_occupancy": 0.8266931258129592,
  "right_side_occupancy": 0.3214902996787036,
  "rear_gap_m": 23.309995985053543,
  "nearest_front_vehicle": {
    "track_id": 2,
    "class": "car",
    "distance_m": 11.752354658966361,
    "bearing_deg": 8.32929776597582,
    "position_ego": [
      11.62838899157304,
      1.7024715829614592,
      -1.0791015625
    ],
    "velocity_ego": [
      -1.6414659657382442,
      -0.476585740879234
    ],
    "risk_level": "high",
    "risk_score": 0.6118573400577523
  },
  "nearest_vru": null,
  "nearest_any_object": {
    "track_id": 2,
    "class": "car",
    "distance_m": 11.752354658966361,
    "bearing_deg": 8.32929776597582,
    "position_ego": [
      11.62838899157304,
      1.7024715829614592,
      -1.0791015625
    ],
    "velocity_ego": [
      -1.6414659657382442,
      -0.476585740879234
    ],
    "risk_level": "high",
    "risk_score": 0.6118573400577523
  },
  "abnormal_flags": [
    "high_risk_scene"
  ]
}