{
  "sample_name": "sample_000068",
  "sequence_index": 68,
  "frame_id": 60069,
  "timestamp": 441.8197008520365,
  "prediction_variant": "single",
  "source_sample_dir": "D:\\Agent-AI\\outputs\\s3a_ml_long_v2\\sample_000068",
  "source_prediction_dir": "D:\\Agent-AI\\outputs\\live_watch_compare_multilane\\lw_s3a_ml_long_v2\\inference\\sample_000068",
  "ego": {
    "frame_id": 60069,
    "timestamp": 441.8197008520365,
    "sample_name": "sample_000068",
    "town": "Carla/Maps/Town10HD_Opt",
    "weather": {
      "cloudiness": 20.0,
      "dust_storm": 0.0,
      "fog_density": 2.0,
      "fog_distance": 0.75,
      "fog_falloff": 0.10000000149011612,
      "mie_scattering_scale": 0.029999999329447746,
      "precipitation": 0.0,
      "precipitation_deposits": 0.0,
      "rayleigh_scattering_scale": 0.03310000151395798,
      "scattering_intensity": 1.0,
      "sun_altitude_angle": 45.0,
      "sun_azimuth_angle": 300.0,
      "wetness": 0.0,
      "wind_intensity": 10.0
    },
    "position_world": [
      82.47019958496094,
      60.36309814453125,
      -0.0022593687754124403
    ],
    "velocity_world": [
      -1.5289815664291382,
      0.633170485496521,
      0.0013330363435670733
    ],
    "speed_mps": 1.6548991725086741,
    "yaw_deg": -154.19822692871094,
    "route_progress_m": 47.710728059357166,
    "world_from_ego_bevfusion": [
      [
        -0.9002491235733032,
        -0.4352806508541107,
        -0.009069778956472874,
        82.47019958496094
      ],
      [
        0.4352318048477173,
        -0.9002919793128967,
        0.006902915425598621,
        60.36309814453125
      ],
      [
        -0.011170154437422752,
        0.002266887342557311,
        0.9999350309371948,
        -0.0022593687754124403
      ],
      [
        0.0,
        0.0,
        0.0,
        1.0
      ]
    ]
  },
  "detections": [
    {
      "detection_id": "sample_000068_det_0000",
      "class_id": 0,
      "class_name": "car",
      "class_group": "vehicle",
      "score": 0.69140625,
      "position_ego": [
        11.500785827636719,
        1.6107444763183594,
        -1.29296875
      ],
      "size_xyz": [
        2.119140625,
        5.015625,
        1.75
      ],
      "yaw_rad": -1.8564453125,
      "velocity_ego": [
        -6.616115570068359e-06,
        -2.2649765014648438e-06
      ],
      "speed_mps": 6.9930754170600005e-06,
      "distance_m": 11.613034591404595,
      "bearing_deg": 7.972710429013008,
      "source_confidence": 0.69140625,
      "raw_box_9d": [
        11.500785827636719,
        1.6107444763183594,
        -1.29296875,
        2.119140625,
        5.015625,
        1.75,
        -1.8564453125,
        -6.616115570068359e-06,
        -2.2649765014648438e-06
      ]
    },
    {
      "detection_id": "sample_000068_det_0002",
      "class_id": 0,
      "class_name": "car",
      "class_group": "vehicle",
      "score": 0.66357421875,
      "position_ego": [
        -23.472362518310547,
        2.6666946411132812,
        -1.595703125
      ],
      "size_xyz": [
        2.123046875,
        4.98046875,
        1.7744140625
      ],
      "yaw_rad": -0.98046875,
      "velocity_ego": [
        0.1229248046875,
        -0.09417724609375
      ],
      "speed_mps": 0.15485432279811492,
      "distance_m": 23.62335840857375,
      "bearing_deg": 173.5184186991455,
      "source_confidence": 0.66357421875,
      "raw_box_9d": [
        -23.472362518310547,
        2.6666946411132812,
        -1.595703125,
        2.123046875,
        4.98046875,
        1.7744140625,
        -0.98046875,
        0.1229248046875,
        -0.09417724609375
      ]
    },
    {
      "detection_id": "sample_000068_det_0001",
      "class_id": 0,
      "class_name": "car",
      "class_group": "vehicle",
      "score": 0.63134765625,
      "position_ego": [
        42.34168243408203,
        8.73532485961914,
        -0.52734375
      ],
      "size_xyz": [
        2.17578125,
        5.0,
        1.77734375
      ],
      "yaw_rad": 1.107421875,
      "velocity_ego": [
        -6.616115570068359e-06,
        -2.2649765014648438e-06
      ],
      "speed_mps": 6.9930754170600005e-06,
      "distance_m": 43.233366417059536,
      "bearing_deg": 11.656894473461051,
      "source_confidence": 0.63134765625,
      "raw_box_9d": [
        42.34168243408203,
        8.73532485961914,
        -0.52734375,
        2.17578125,
        5.0,
        1.77734375,
        1.107421875,
        -6.616115570068359e-06,
        -2.2649765014648438e-06
      ]
    },
    {
      "detection_id": "sample_000068_det_0003",
      "class_id": 0,
      "class_name": "car",
      "class_group": "vehicle",
      "score": 0.49365234375,
      "position_ego": [
        40.689697265625,
        11.362503051757812,
        -0.6865234375
      ],
      "size_xyz": [
        2.16796875,
        4.9453125,
        1.810546875
      ],
      "yaw_rad": 1.2109375,
      "velocity_ego": [
        -6.616115570068359e-06,
        -2.2649765014648438e-06
      ],
      "speed_mps": 6.9930754170600005e-06,
      "distance_m": 42.246395576065616,
      "bearing_deg": 15.60226695684981,
      "source_confidence": 0.49365234375,
      "raw_box_9d": [
        40.689697265625,
        11.362503051757812,
        -0.6865234375,
        2.16796875,
        4.9453125,
        1.810546875,
        1.2109375,
        -6.616115570068359e-06,
        -2.2649765014648438e-06
      ]
    },
    {
      "detection_id": "sample_000068_det_0004",
      "class_id": 0,
      "class_name": "car",
      "class_group": "vehicle",
      "score": 0.40966796875,
      "position_ego": [
        47.87373352050781,
        18.742828369140625,
        -0.5537109375
      ],
      "size_xyz": [
        2.193359375,
        5.015625,
        1.79296875
      ],
      "yaw_rad": 1.205078125,
      "velocity_ego": [
        -6.616115570068359e-06,
        -2.2649765014648438e-06
      ],
      "speed_mps": 6.9930754170600005e-06,
      "distance_m": 51.41194390866441,
      "bearing_deg": 21.380614695710577,
      "source_confidence": 0.40966796875,
      "raw_box_9d": [
        47.87373352050781,
        18.742828369140625,
        -0.5537109375,
        2.193359375,
        5.015625,
        1.79296875,
        1.205078125,
        -6.616115570068359e-06,
        -2.2649765014648438e-06
      ]
    },
    {
      "detection_id": "sample_000068_det_0006",
      "class_id": 0,
      "class_name": "car",
      "class_group": "vehicle",
      "score": 0.1068115234375,
      "position_ego": [
        14.952102661132812,
        -13.093795776367188,
        -1.04296875
      ],
      "size_xyz": [
        2.15234375,
        4.859375,
        1.8330078125
      ],
      "yaw_rad": 2.296875,
      "velocity_ego": [
        -6.616115570068359e-06,
        -2.2649765014648438e-06
      ],
      "speed_mps": 6.9930754170600005e-06,
      "distance_m": 19.87493048597318,
      "bearing_deg": -41.209152154792335,
      "source_confidence": 0.1068115234375,
      "raw_box_9d": [
        14.952102661132812,
        -13.093795776367188,
        -1.04296875,
        2.15234375,
        4.859375,
        1.8330078125,
        2.296875,
        -6.616115570068359e-06,
        -2.2649765014648438e-06
      ]
    }
  ],
  "class_names": [
    "car",
    "truck",
    "construction_vehicle",
    "bus",
    "trailer",
    "barrier",
    "motorcycle",
    "bicycle",
    "pedestrian",
    "traffic_cone"
  ],
  "raw_prediction_count": 200,
  "filtered_prediction_count": 6
}