{
  "sample_name": "sample_000023",
  "sequence_index": 23,
  "frame_id": 3943,
  "timestamp": 41.43108658120036,
  "prediction_variant": "single",
  "source_sample_dir": "D:\\Agent-AI\\outputs\\s3a_left_v3\\sample_000023",
  "source_prediction_dir": "D:\\Agent-AI\\outputs\\live_watch_compare_multilane\\lw_left_positive_v1\\inference\\sample_000023",
  "ego": {
    "frame_id": 3943,
    "timestamp": 41.43108658120036,
    "sample_name": "sample_000023",
    "town": "Carla/Maps/Town10HD_Opt",
    "weather": {
      "cloudiness": 20.0,
      "dust_storm": 0.0,
      "fog_density": 2.0,
      "fog_distance": 0.75,
      "fog_falloff": 0.10000000149011612,
      "mie_scattering_scale": 0.029999999329447746,
      "precipitation": 0.0,
      "precipitation_deposits": 0.0,
      "rayleigh_scattering_scale": 0.03310000151395798,
      "scattering_intensity": 1.0,
      "sun_altitude_angle": 45.0,
      "sun_azimuth_angle": 300.0,
      "wetness": 0.0,
      "wind_intensity": 10.0
    },
    "position_world": [
      108.47492218017578,
      33.62619400024414,
      0.0022580719087272882
    ],
    "velocity_world": [
      -0.0019708501640707254,
      -0.0035413294099271297,
      -0.0008076477097347379
    ],
    "speed_mps": 0.004132500354733464,
    "yaw_deg": -103.4000473022461,
    "route_progress_m": 12.594854971376568,
    "world_from_ego_bevfusion": [
      [
        -0.23162733018398285,
        -0.9727914929389954,
        -0.005047809798270464,
        108.47492218017578
      ],
      [
        0.9722661375999451,
        -0.231668621301651,
        0.03206544369459152,
        33.62619400024414
      ],
      [
        -0.03236240893602371,
        0.002519418252632022,
        0.9994730353355408,
        0.0022580719087272882
      ],
      [
        0.0,
        0.0,
        0.0,
        1.0
      ]
    ]
  },
  "detections": [
    {
      "detection_id": "sample_000023_det_0000",
      "class_id": 0,
      "class_name": "car",
      "class_group": "vehicle",
      "score": 0.6884765625,
      "position_ego": [
        11.971435546875,
        1.4400520324707031,
        -1.046875
      ],
      "size_xyz": [
        2.130859375,
        4.84765625,
        1.876953125
      ],
      "yaw_rad": -1.8369140625,
      "velocity_ego": [
        -6.616115570068359e-06,
        -2.2649765014648438e-06
      ],
      "speed_mps": 6.9930754170600005e-06,
      "distance_m": 12.057736890030622,
      "bearing_deg": 6.859190736324495,
      "source_confidence": 0.6884765625,
      "raw_box_9d": [
        11.971435546875,
        1.4400520324707031,
        -1.046875,
        2.130859375,
        4.84765625,
        1.876953125,
        -1.8369140625,
        -6.616115570068359e-06,
        -2.2649765014648438e-06
      ]
    },
    {
      "detection_id": "sample_000023_det_0001",
      "class_id": 0,
      "class_name": "car",
      "class_group": "vehicle",
      "score": 0.49462890625,
      "position_ego": [
        27.449562072753906,
        13.965240478515625,
        -0.365234375
      ],
      "size_xyz": [
        2.12109375,
        4.84765625,
        1.8447265625
      ],
      "yaw_rad": -2.337890625,
      "velocity_ego": [
        -6.616115570068359e-06,
        -2.2649765014648438e-06
      ],
      "speed_mps": 6.9930754170600005e-06,
      "distance_m": 30.797831086112883,
      "bearing_deg": 26.965173570896503,
      "source_confidence": 0.49462890625,
      "raw_box_9d": [
        27.449562072753906,
        13.965240478515625,
        -0.365234375,
        2.12109375,
        4.84765625,
        1.8447265625,
        -2.337890625,
        -6.616115570068359e-06,
        -2.2649765014648438e-06
      ]
    },
    {
      "detection_id": "sample_000023_det_0002",
      "class_id": 0,
      "class_name": "car",
      "class_group": "vehicle",
      "score": 0.22265625,
      "position_ego": [
        24.002639770507812,
        -4.961936950683594,
        -0.478515625
      ],
      "size_xyz": [
        2.220703125,
        5.18359375,
        1.9052734375
      ],
      "yaw_rad": 0.97998046875,
      "velocity_ego": [
        -6.616115570068359e-06,
        -2.2649765014648438e-06
      ],
      "speed_mps": 6.9930754170600005e-06,
      "distance_m": 24.510151657126126,
      "bearing_deg": -11.679923099427713,
      "source_confidence": 0.22265625,
      "raw_box_9d": [
        24.002639770507812,
        -4.961936950683594,
        -0.478515625,
        2.220703125,
        5.18359375,
        1.9052734375,
        0.97998046875,
        -6.616115570068359e-06,
        -2.2649765014648438e-06
      ]
    }
  ],
  "class_names": [
    "car",
    "truck",
    "construction_vehicle",
    "bus",
    "trailer",
    "barrier",
    "motorcycle",
    "bicycle",
    "pedestrian",
    "traffic_cone"
  ],
  "raw_prediction_count": 200,
  "filtered_prediction_count": 3
}