{
  "active_object_count": 5,
  "front_free_space_m": 10.88999185872207,
  "left_side_occupancy": 0.0,
  "right_side_occupancy": 0.519958012610917,
  "rear_gap_m": null,
  "nearest_front_vehicle": {
    "track_id": 1,
    "class": "car",
    "distance_m": 12.04065138796751,
    "bearing_deg": 6.82126611590314,
    "position_ego": [
      11.95542154622207,
      1.4300984227293756,
      -1.046875
    ],
    "velocity_ego": [
      -1.3583228107580314,
      -0.5389327869336308
    ],
    "risk_level": "high",
    "risk_score": 0.6096951145902437
  },
  "nearest_vru": null,
  "nearest_any_object": {
    "track_id": 1,
    "class": "car",
    "distance_m": 12.04065138796751,
    "bearing_deg": 6.82126611590314,
    "position_ego": [
      11.95542154622207,
      1.4300984227293756,
      -1.046875
    ],
    "velocity_ego": [
      -1.3583228107580314,
      -0.5389327869336308
    ],
    "risk_level": "high",
    "risk_score": 0.6096951145902437
  },
  "abnormal_flags": [
    "high_risk_scene"
  ]
}