{
  "sample_name": "sample_000028",
  "sequence_index": 28,
  "frame_id": 60029,
  "timestamp": 437.81970079243183,
  "prediction_variant": "single",
  "source_sample_dir": "D:\\Agent-AI\\outputs\\s3a_ml_long_v2\\sample_000028",
  "source_prediction_dir": "D:\\Agent-AI\\outputs\\live_watch_compare_multilane\\lw_s3a_ml_long_v2\\inference\\sample_000028",
  "ego": {
    "frame_id": 60029,
    "timestamp": 437.81970079243183,
    "sample_name": "sample_000028",
    "town": "Carla/Maps/Town10HD_Opt",
    "weather": {
      "cloudiness": 20.0,
      "dust_storm": 0.0,
      "fog_density": 2.0,
      "fog_distance": 0.75,
      "fog_falloff": 0.10000000149011612,
      "mie_scattering_scale": 0.029999999329447746,
      "precipitation": 0.0,
      "precipitation_deposits": 0.0,
      "rayleigh_scattering_scale": 0.03310000151395798,
      "scattering_intensity": 1.0,
      "sun_altitude_angle": 45.0,
      "sun_azimuth_angle": 300.0,
      "wetness": 0.0,
      "wind_intensity": 10.0
    },
    "position_world": [
      102.43263244628906,
      40.406333923339844,
      -0.0038494872860610485
    ],
    "velocity_world": [
      -3.182771921157837,
      6.972255706787109,
      9.021758887683973e-05
    ],
    "speed_mps": 7.664358208687494,
    "yaw_deg": -113.7132339477539,
    "route_progress_m": 18.88058319305711,
    "world_from_ego_bevfusion": [
      [
        -0.40215811133384705,
        -0.915542483329773,
        0.007128101773560047,
        102.43263244628906
      ],
      [
        0.9155672192573547,
        -0.4021247923374176,
        0.005678939167410135,
        40.406333923339844
      ],
      [
        -0.002332923701032996,
        0.008810088038444519,
        0.9999584555625916,
        -0.0038494872860610485
      ],
      [
        0.0,
        0.0,
        0.0,
        1.0
      ]
    ]
  },
  "detections": [
    {
      "detection_id": "sample_000028_det_0000",
      "class_id": 0,
      "class_name": "car",
      "class_group": "vehicle",
      "score": 0.71484375,
      "position_ego": [
        6.390018463134766,
        -2.919872283935547,
        -1.42578125
      ],
      "size_xyz": [
        2.185546875,
        5.00390625,
        1.888671875
      ],
      "yaw_rad": -1.6494140625,
      "velocity_ego": [
        -6.616115570068359e-06,
        -2.2649765014648438e-06
      ],
      "speed_mps": 6.9930754170600005e-06,
      "distance_m": 7.025524187823865,
      "bearing_deg": -24.557684743433807,
      "source_confidence": 0.71484375,
      "raw_box_9d": [
        6.390018463134766,
        -2.919872283935547,
        -1.42578125,
        2.185546875,
        5.00390625,
        1.888671875,
        -1.6494140625,
        -6.616115570068359e-06,
        -2.2649765014648438e-06
      ]
    },
    {
      "detection_id": "sample_000028_det_0001",
      "class_id": 0,
      "class_name": "car",
      "class_group": "vehicle",
      "score": 0.66357421875,
      "position_ego": [
        34.050445556640625,
        19.03813934326172,
        -1.3349609375
      ],
      "size_xyz": [
        2.166015625,
        4.99609375,
        1.818359375
      ],
      "yaw_rad": -2.65234375,
      "velocity_ego": [
        0.01446533203125,
        0.0102386474609375
      ],
      "speed_mps": 0.017722181936874172,
      "distance_m": 39.01132646115993,
      "bearing_deg": 29.210241775564246,
      "source_confidence": 0.66357421875,
      "raw_box_9d": [
        34.050445556640625,
        19.03813934326172,
        -1.3349609375,
        2.166015625,
        4.99609375,
        1.818359375,
        -2.65234375,
        0.01446533203125,
        0.0102386474609375
      ]
    },
    {
      "detection_id": "sample_000028_det_0002",
      "class_id": 0,
      "class_name": "car",
      "class_group": "vehicle",
      "score": 0.303466796875,
      "position_ego": [
        49.85478973388672,
        45.299583435058594,
        -1.1552734375
      ],
      "size_xyz": [
        2.25390625,
        5.1484375,
        1.9033203125
      ],
      "yaw_rad": 0.387451171875,
      "velocity_ego": [
        -6.616115570068359e-06,
        -2.2649765014648438e-06
      ],
      "speed_mps": 6.9930754170600005e-06,
      "distance_m": 67.3613562719746,
      "bearing_deg": 42.25924319636164,
      "source_confidence": 0.303466796875,
      "raw_box_9d": [
        49.85478973388672,
        45.299583435058594,
        -1.1552734375,
        2.25390625,
        5.1484375,
        1.9033203125,
        0.387451171875,
        -6.616115570068359e-06,
        -2.2649765014648438e-06
      ]
    },
    {
      "detection_id": "sample_000028_det_0003",
      "class_id": 0,
      "class_name": "car",
      "class_group": "vehicle",
      "score": 0.1837158203125,
      "position_ego": [
        52.84233856201172,
        44.45991516113281,
        -0.96142578125
      ],
      "size_xyz": [
        2.3359375,
        5.38671875,
        1.9638671875
      ],
      "yaw_rad": 0.42578125,
      "velocity_ego": [
        -6.616115570068359e-06,
        -2.2649765014648438e-06
      ],
      "speed_mps": 6.9930754170600005e-06,
      "distance_m": 69.05792351958895,
      "bearing_deg": 40.076222838551175,
      "source_confidence": 0.1837158203125,
      "raw_box_9d": [
        52.84233856201172,
        44.45991516113281,
        -0.96142578125,
        2.3359375,
        5.38671875,
        1.9638671875,
        0.42578125,
        -6.616115570068359e-06,
        -2.2649765014648438e-06
      ]
    }
  ],
  "class_names": [
    "car",
    "truck",
    "construction_vehicle",
    "bus",
    "trailer",
    "barrier",
    "motorcycle",
    "bicycle",
    "pedestrian",
    "traffic_cone"
  ],
  "raw_prediction_count": 200,
  "filtered_prediction_count": 4
}