{
  "sample_name": "sample_000064",
  "sequence_index": 64,
  "frame_id": 60065,
  "timestamp": 441.419700846076,
  "prediction_variant": "single",
  "source_sample_dir": "D:\\Agent-AI\\outputs\\s3a_ml_long_v2\\sample_000064",
  "source_prediction_dir": "D:\\Agent-AI\\outputs\\live_watch_compare_multilane\\lw_s3a_ml_long_v2\\inference\\sample_000064",
  "ego": {
    "frame_id": 60065,
    "timestamp": 441.419700846076,
    "sample_name": "sample_000064",
    "town": "Carla/Maps/Town10HD_Opt",
    "weather": {
      "cloudiness": 20.0,
      "dust_storm": 0.0,
      "fog_density": 2.0,
      "fog_distance": 0.75,
      "fog_falloff": 0.10000000149011612,
      "mie_scattering_scale": 0.029999999329447746,
      "precipitation": 0.0,
      "precipitation_deposits": 0.0,
      "rayleigh_scattering_scale": 0.03310000151395798,
      "scattering_intensity": 1.0,
      "sun_altitude_angle": 45.0,
      "sun_azimuth_angle": 300.0,
      "wetness": 0.0,
      "wind_intensity": 10.0
    },
    "position_world": [
      83.00809478759766,
      60.1177978515625,
      -0.0011800384381785989
    ],
    "velocity_world": [
      -3.4592771530151367,
      1.6466467380523682,
      -0.00313364015892148
    ],
    "speed_mps": 3.831194816374085,
    "yaw_deg": -153.39453125,
    "route_progress_m": 47.1193957234885,
    "world_from_ego_bevfusion": [
      [
        -0.8940028548240662,
        -0.44792038202285767,
        -0.011237944476306438,
        83.00809478759766
      ],
      [
        0.4477899968624115,
        -0.894053041934967,
        0.012378857471048832,
        60.1177978515625
      ],
      [
        -0.015592061914503574,
        0.00603449484333396,
        0.9998602271080017,
        -0.0011800384381785989
      ],
      [
        0.0,
        0.0,
        0.0,
        1.0
      ]
    ]
  },
  "detections": [
    {
      "detection_id": "sample_000064_det_0000",
      "class_id": 0,
      "class_name": "car",
      "class_group": "vehicle",
      "score": 0.6435546875,
      "position_ego": [
        42.798561096191406,
        9.392871856689453,
        -0.4609375
      ],
      "size_xyz": [
        2.162109375,
        4.8984375,
        1.8056640625
      ],
      "yaw_rad": -2.025390625,
      "velocity_ego": [
        -6.616115570068359e-06,
        -2.2649765014648438e-06
      ],
      "speed_mps": 6.9930754170600005e-06,
      "distance_m": 43.8171527329266,
      "bearing_deg": 12.378286517852963,
      "source_confidence": 0.6435546875,
      "raw_box_9d": [
        42.798561096191406,
        9.392871856689453,
        -0.4609375,
        2.162109375,
        4.8984375,
        1.8056640625,
        -2.025390625,
        -6.616115570068359e-06,
        -2.2649765014648438e-06
      ]
    },
    {
      "detection_id": "sample_000064_det_0001",
      "class_id": 0,
      "class_name": "car",
      "class_group": "vehicle",
      "score": 0.61328125,
      "position_ego": [
        -22.916893005371094,
        2.415821075439453,
        -1.720703125
      ],
      "size_xyz": [
        2.119140625,
        4.9609375,
        1.7734375
      ],
      "yaw_rad": -1.001953125,
      "velocity_ego": [
        -6.616115570068359e-06,
        -2.2649765014648438e-06
      ],
      "speed_mps": 6.9930754170600005e-06,
      "distance_m": 23.04387503195077,
      "bearing_deg": 173.98229861557067,
      "source_confidence": 0.61328125,
      "raw_box_9d": [
        -22.916893005371094,
        2.415821075439453,
        -1.720703125,
        2.119140625,
        4.9609375,
        1.7734375,
        -1.001953125,
        -6.616115570068359e-06,
        -2.2649765014648438e-06
      ]
    },
    {
      "detection_id": "sample_000064_det_0004",
      "class_id": 0,
      "class_name": "car",
      "class_group": "vehicle",
      "score": 0.55615234375,
      "position_ego": [
        12.033843994140625,
        1.8164100646972656,
        -1.18359375
      ],
      "size_xyz": [
        2.123046875,
        4.93359375,
        1.798828125
      ],
      "yaw_rad": -1.8974609375,
      "velocity_ego": [
        -6.616115570068359e-06,
        -2.2649765014648438e-06
      ],
      "speed_mps": 6.9930754170600005e-06,
      "distance_m": 12.17015804328144,
      "bearing_deg": 8.583532019898293,
      "source_confidence": 0.55615234375,
      "raw_box_9d": [
        12.033843994140625,
        1.8164100646972656,
        -1.18359375,
        2.123046875,
        4.93359375,
        1.798828125,
        -1.8974609375,
        -6.616115570068359e-06,
        -2.2649765014648438e-06
      ]
    },
    {
      "detection_id": "sample_000064_det_0002",
      "class_id": 0,
      "class_name": "car",
      "class_group": "vehicle",
      "score": 0.541015625,
      "position_ego": [
        40.944435119628906,
        11.893508911132812,
        -0.44384765625
      ],
      "size_xyz": [
        2.10546875,
        4.8046875,
        1.798828125
      ],
      "yaw_rad": 1.12890625,
      "velocity_ego": [
        -0.63916015625,
        -0.090576171875
      ],
      "speed_mps": 0.6455460853022454,
      "distance_m": 42.63686575587723,
      "bearing_deg": 16.197484750396644,
      "source_confidence": 0.541015625,
      "raw_box_9d": [
        40.944435119628906,
        11.893508911132812,
        -0.44384765625,
        2.10546875,
        4.8046875,
        1.798828125,
        1.12890625,
        -0.63916015625,
        -0.090576171875
      ]
    },
    {
      "detection_id": "sample_000064_det_0003",
      "class_id": 0,
      "class_name": "car",
      "class_group": "vehicle",
      "score": 0.46923828125,
      "position_ego": [
        48.182960510253906,
        19.518699645996094,
        -0.3193359375
      ],
      "size_xyz": [
        2.140625,
        4.87890625,
        1.7919921875
      ],
      "yaw_rad": 1.0869140625,
      "velocity_ego": [
        -6.616115570068359e-06,
        -2.2649765014648438e-06
      ],
      "speed_mps": 6.9930754170600005e-06,
      "distance_m": 51.98631857905785,
      "bearing_deg": 22.052647168625196,
      "source_confidence": 0.46923828125,
      "raw_box_9d": [
        48.182960510253906,
        19.518699645996094,
        -0.3193359375,
        2.140625,
        4.87890625,
        1.7919921875,
        1.0869140625,
        -6.616115570068359e-06,
        -2.2649765014648438e-06
      ]
    },
    {
      "detection_id": "sample_000064_det_0005",
      "class_id": 0,
      "class_name": "car",
      "class_group": "vehicle",
      "score": 0.296142578125,
      "position_ego": [
        20.530960083007812,
        37.088966369628906,
        -0.4833984375
      ],
      "size_xyz": [
        2.236328125,
        4.93359375,
        2.0390625
      ],
      "yaw_rad": 1.08203125,
      "velocity_ego": [
        -0.000293731689453125,
        -0.005451202392578125
      ],
      "speed_mps": 0.005459110351535171,
      "distance_m": 42.39235483312438,
      "bearing_deg": 61.032850198086145,
      "source_confidence": 0.296142578125,
      "raw_box_9d": [
        20.530960083007812,
        37.088966369628906,
        -0.4833984375,
        2.236328125,
        4.93359375,
        2.0390625,
        1.08203125,
        -0.000293731689453125,
        -0.005451202392578125
      ]
    }
  ],
  "class_names": [
    "car",
    "truck",
    "construction_vehicle",
    "bus",
    "trailer",
    "barrier",
    "motorcycle",
    "bicycle",
    "pedestrian",
    "traffic_cone"
  ],
  "raw_prediction_count": 200,
  "filtered_prediction_count": 6
}