{
  "active_object_count": 6,
  "front_free_space_m": 8.242964340564424,
  "left_side_occupancy": 0.02896105975307728,
  "right_side_occupancy": 0.6836837560116424,
  "rear_gap_m": null,
  "nearest_front_vehicle": {
    "track_id": 1,
    "class": "car",
    "distance_m": 9.349154610740003,
    "bearing_deg": 5.352165870654363,
    "position_ego": [
      9.308394028064424,
      0.8720622419389581,
      -1.517578125
    ],
    "velocity_ego": [
      -2.1873810462887717,
      -0.5199473935283664
    ],
    "risk_level": "high",
    "risk_score": 0.72988134041945
  },
  "nearest_vru": null,
  "nearest_any_object": {
    "track_id": 1,
    "class": "car",
    "distance_m": 9.349154610740003,
    "bearing_deg": 5.352165870654363,
    "position_ego": [
      9.308394028064424,
      0.8720622419389581,
      -1.517578125
    ],
    "velocity_ego": [
      -2.1873810462887717,
      -0.5199473935283664
    ],
    "risk_level": "high",
    "risk_score": 0.72988134041945
  },
  "abnormal_flags": [
    "high_risk_scene"
  ]
}