{
  "sample_name": "sample_000008",
  "sequence_index": 8,
  "frame_id": 3928,
  "timestamp": 39.93108655884862,
  "prediction_variant": "single",
  "source_sample_dir": "D:\\Agent-AI\\outputs\\s3a_left_v3\\sample_000008",
  "source_prediction_dir": "D:\\Agent-AI\\outputs\\live_watch_compare_multilane\\lw_left_positive_v1\\inference\\sample_000008",
  "ego": {
    "frame_id": 3928,
    "timestamp": 39.93108655884862,
    "sample_name": "sample_000008",
    "town": "Carla/Maps/Town10HD_Opt",
    "weather": {
      "cloudiness": 20.0,
      "dust_storm": 0.0,
      "fog_density": 2.0,
      "fog_distance": 0.75,
      "fog_falloff": 0.10000000149011612,
      "mie_scattering_scale": 0.029999999329447746,
      "precipitation": 0.0,
      "precipitation_deposits": 0.0,
      "rayleigh_scattering_scale": 0.03310000151395798,
      "scattering_intensity": 1.0,
      "sun_altitude_angle": 45.0,
      "sun_azimuth_angle": 300.0,
      "wetness": 0.0,
      "wind_intensity": 10.0
    },
    "position_world": [
      109.81358337402344,
      23.68297576904297,
      -0.0052856444381177425
    ],
    "velocity_world": [
      -0.3593410551548004,
      5.683905124664307,
      -0.0003250598965678364
    ],
    "speed_mps": 5.695252721852549,
    "yaw_deg": -92.4234619140625,
    "route_progress_m": 2.5474421234274276,
    "world_from_ego_bevfusion": [
      [
        -0.0422842763364315,
        -0.9991001486778259,
        0.003302408615127206,
        109.81358337402344
      ],
      [
        0.9990933537483215,
        -0.04229988157749176,
        -0.004807507619261742,
        23.68297576904297
      ],
      [
        0.004942873492836952,
        0.0030961327720433474,
        0.999983012676239,
        -0.0052856444381177425
      ],
      [
        0.0,
        0.0,
        0.0,
        1.0
      ]
    ]
  },
  "detections": [
    {
      "detection_id": "sample_000008_det_0000",
      "class_id": 0,
      "class_name": "car",
      "class_group": "vehicle",
      "score": 0.67041015625,
      "position_ego": [
        21.557525634765625,
        4.600196838378906,
        -1.548828125
      ],
      "size_xyz": [
        2.107421875,
        4.7578125,
        1.8251953125
      ],
      "yaw_rad": -2.033203125,
      "velocity_ego": [
        -6.616115570068359e-06,
        -2.2649765014648438e-06
      ],
      "speed_mps": 6.9930754170600005e-06,
      "distance_m": 22.04288371437386,
      "bearing_deg": 12.045773176820301,
      "source_confidence": 0.67041015625,
      "raw_box_9d": [
        21.557525634765625,
        4.600196838378906,
        -1.548828125,
        2.107421875,
        4.7578125,
        1.8251953125,
        -2.033203125,
        -6.616115570068359e-06,
        -2.2649765014648438e-06
      ]
    },
    {
      "detection_id": "sample_000008_det_0001",
      "class_id": 0,
      "class_name": "car",
      "class_group": "vehicle",
      "score": 0.307373046875,
      "position_ego": [
        34.339454650878906,
        19.8193359375,
        -1.369140625
      ],
      "size_xyz": [
        2.19140625,
        5.1015625,
        1.83203125
      ],
      "yaw_rad": 0.68701171875,
      "velocity_ego": [
        -0.912109375,
        -1.12109375
      ],
      "speed_mps": 1.4452663104950427,
      "distance_m": 39.64850845521491,
      "bearing_deg": 29.991793436511585,
      "source_confidence": 0.307373046875,
      "raw_box_9d": [
        34.339454650878906,
        19.8193359375,
        -1.369140625,
        2.19140625,
        5.1015625,
        1.83203125,
        0.68701171875,
        -0.912109375,
        -1.12109375
      ]
    },
    {
      "detection_id": "sample_000008_det_0002",
      "class_id": 0,
      "class_name": "car",
      "class_group": "vehicle",
      "score": 0.1683349609375,
      "position_ego": [
        29.85161590576172,
        -3.1404762268066406,
        -1.048828125
      ],
      "size_xyz": [
        2.255859375,
        5.16015625,
        1.9140625
      ],
      "yaw_rad": 1.30859375,
      "velocity_ego": [
        -1.0966796875,
        -0.2027587890625
      ],
      "speed_mps": 1.1152656470622544,
      "distance_m": 30.016354927210326,
      "bearing_deg": -6.0055906107374515,
      "source_confidence": 0.1683349609375,
      "raw_box_9d": [
        29.85161590576172,
        -3.1404762268066406,
        -1.048828125,
        2.255859375,
        5.16015625,
        1.9140625,
        1.30859375,
        -1.0966796875,
        -0.2027587890625
      ]
    }
  ],
  "class_names": [
    "car",
    "truck",
    "construction_vehicle",
    "bus",
    "trailer",
    "barrier",
    "motorcycle",
    "bicycle",
    "pedestrian",
    "traffic_cone"
  ],
  "raw_prediction_count": 200,
  "filtered_prediction_count": 3
}