{
  "active_object_count": 3,
  "front_free_space_m": null,
  "left_side_occupancy": 0.26069950982639045,
  "right_side_occupancy": 0.0,
  "rear_gap_m": null,
  "nearest_front_vehicle": null,
  "nearest_vru": null,
  "nearest_any_object": {
    "track_id": 1,
    "class": "car",
    "distance_m": 22.179014705208285,
    "bearing_deg": 12.168319131080757,
    "position_ego": [
      21.680709773595957,
      4.674988449926495,
      -1.548828125
    ],
    "velocity_ego": [
      -3.066285123033643,
      -1.209540342000652
    ],
    "risk_level": "low",
    "risk_score": 0.28365738971093785
  },
  "abnormal_flags": []
}