{
  "sample_name": "sample_000035",
  "sequence_index": 35,
  "frame_id": 726308,
  "timestamp": 5000.694624770433,
  "prediction_variant": "single",
  "source_sample_dir": "D:\\Agent-AI\\outputs\\s3a_ml_long_v1\\sample_000035",
  "source_prediction_dir": "D:\\Agent-AI\\outputs\\live_watch_compare_multilane\\lw_s3a_ml_long_v1\\inference\\sample_000035",
  "ego": {
    "frame_id": 726308,
    "timestamp": 5000.694624770433,
    "sample_name": "sample_000035",
    "town": "Carla/Maps/Town10HD_Opt",
    "weather": {
      "cloudiness": 20.0,
      "dust_storm": 0.0,
      "fog_density": 2.0,
      "fog_distance": 0.75,
      "fog_falloff": 0.10000000149011612,
      "mie_scattering_scale": 0.029999999329447746,
      "precipitation": 0.0,
      "precipitation_deposits": 0.0,
      "rayleigh_scattering_scale": 0.03310000151395798,
      "scattering_intensity": 1.0,
      "sun_altitude_angle": 45.0,
      "sun_azimuth_angle": 300.0,
      "wetness": 0.0,
      "wind_intensity": 10.0
    },
    "position_world": [
      104.06798553466797,
      36.11140060424805,
      -0.004939689300954342
    ],
    "velocity_world": [
      -1.2114803791046143,
      3.318002223968506,
      -1.912116931634955e-05
    ],
    "speed_mps": 3.5322547285807446,
    "yaw_deg": -107.43988037109375,
    "route_progress_m": 14.275983896403291,
    "world_from_ego_bevfusion": [
      [
        -0.29970425367355347,
        -0.9540262818336487,
        0.0033372186589986086,
        104.06798553466797
      ],
      [
        0.95402991771698,
        -0.2997093200683594,
        -0.0011288007954135537,
        36.11140060424805
      ],
      [
        0.0020771012641489506,
        0.0028455001302063465,
        0.9999938011169434,
        -0.004939689300954342
      ],
      [
        0.0,
        0.0,
        0.0,
        1.0
      ]
    ]
  },
  "detections": [
    {
      "detection_id": "sample_000035_det_0001",
      "class_id": 0,
      "class_name": "car",
      "class_group": "vehicle",
      "score": 0.77392578125,
      "position_ego": [
        7.412990570068359,
        -2.9034652709960938,
        -1.4873046875
      ],
      "size_xyz": [
        2.15234375,
        4.96875,
        1.865234375
      ],
      "yaw_rad": -1.716796875,
      "velocity_ego": [
        -6.616115570068359e-06,
        -2.2649765014648438e-06
      ],
      "speed_mps": 6.9930754170600005e-06,
      "distance_m": 7.961315203645867,
      "bearing_deg": -21.38891743839214,
      "source_confidence": 0.77392578125,
      "raw_box_9d": [
        7.412990570068359,
        -2.9034652709960938,
        -1.4873046875,
        2.15234375,
        4.96875,
        1.865234375,
        -1.716796875,
        -6.616115570068359e-06,
        -2.2649765014648438e-06
      ]
    },
    {
      "detection_id": "sample_000035_det_0000",
      "class_id": 0,
      "class_name": "car",
      "class_group": "vehicle",
      "score": 0.765625,
      "position_ego": [
        7.633888244628906,
        0.47812652587890625,
        -1.5
      ],
      "size_xyz": [
        2.138671875,
        4.91796875,
        1.8076171875
      ],
      "yaw_rad": -1.7548828125,
      "velocity_ego": [
        -6.616115570068359e-06,
        -2.2649765014648438e-06
      ],
      "speed_mps": 6.9930754170600005e-06,
      "distance_m": 7.648846625879776,
      "bearing_deg": 3.583874187825131,
      "source_confidence": 0.765625,
      "raw_box_9d": [
        7.633888244628906,
        0.47812652587890625,
        -1.5,
        2.138671875,
        4.91796875,
        1.8076171875,
        -1.7548828125,
        -6.616115570068359e-06,
        -2.2649765014648438e-06
      ]
    },
    {
      "detection_id": "sample_000035_det_0002",
      "class_id": 0,
      "class_name": "car",
      "class_group": "vehicle",
      "score": 0.65087890625,
      "position_ego": [
        26.852783203125,
        5.700733184814453,
        -1.4833984375
      ],
      "size_xyz": [
        2.115234375,
        4.74609375,
        1.849609375
      ],
      "yaw_rad": -2.224609375,
      "velocity_ego": [
        -6.616115570068359e-06,
        -2.2649765014648438e-06
      ],
      "speed_mps": 6.9930754170600005e-06,
      "distance_m": 27.451235392937726,
      "bearing_deg": 11.985704726773818,
      "source_confidence": 0.65087890625,
      "raw_box_9d": [
        26.852783203125,
        5.700733184814453,
        -1.4833984375,
        2.115234375,
        4.74609375,
        1.849609375,
        -2.224609375,
        -6.616115570068359e-06,
        -2.2649765014648438e-06
      ]
    },
    {
      "detection_id": "sample_000035_det_0003",
      "class_id": 0,
      "class_name": "car",
      "class_group": "vehicle",
      "score": 0.56396484375,
      "position_ego": [
        36.36980438232422,
        22.924072265625,
        -1.099609375
      ],
      "size_xyz": [
        2.1484375,
        5.05859375,
        1.84375
      ],
      "yaw_rad": -2.70703125,
      "velocity_ego": [
        0.01032257080078125,
        0.007305145263671875
      ],
      "speed_mps": 0.012645972293995006,
      "distance_m": 42.99157778039935,
      "bearing_deg": 32.22343905880568,
      "source_confidence": 0.56396484375,
      "raw_box_9d": [
        36.36980438232422,
        22.924072265625,
        -1.099609375,
        2.1484375,
        5.05859375,
        1.84375,
        -2.70703125,
        0.01032257080078125,
        0.007305145263671875
      ]
    },
    {
      "detection_id": "sample_000035_det_0004",
      "class_id": 0,
      "class_name": "car",
      "class_group": "vehicle",
      "score": 0.2626953125,
      "position_ego": [
        52.26856231689453,
        50.233673095703125,
        -1.11328125
      ],
      "size_xyz": [
        2.216796875,
        5.0625,
        1.8994140625
      ],
      "yaw_rad": 0.3125,
      "velocity_ego": [
        -0.057647705078125,
        -0.369140625
      ],
      "speed_mps": 0.3736148537279602,
      "distance_m": 72.49430680654208,
      "bearing_deg": 43.86270527768271,
      "source_confidence": 0.2626953125,
      "raw_box_9d": [
        52.26856231689453,
        50.233673095703125,
        -1.11328125,
        2.216796875,
        5.0625,
        1.8994140625,
        0.3125,
        -0.057647705078125,
        -0.369140625
      ]
    },
    {
      "detection_id": "sample_000035_det_0005",
      "class_id": 0,
      "class_name": "car",
      "class_group": "vehicle",
      "score": 0.209228515625,
      "position_ego": [
        49.09600067138672,
        50.84143829345703,
        -1.4091796875
      ],
      "size_xyz": [
        2.171875,
        5.03515625,
        1.8935546875
      ],
      "yaw_rad": 0.226318359375,
      "velocity_ego": [
        -6.616115570068359e-06,
        -2.2649765014648438e-06
      ],
      "speed_mps": 6.9930754170600005e-06,
      "distance_m": 70.67721789708622,
      "bearing_deg": 46.000586402051006,
      "source_confidence": 0.209228515625,
      "raw_box_9d": [
        49.09600067138672,
        50.84143829345703,
        -1.4091796875,
        2.171875,
        5.03515625,
        1.8935546875,
        0.226318359375,
        -6.616115570068359e-06,
        -2.2649765014648438e-06
      ]
    },
    {
      "detection_id": "sample_000035_det_0006",
      "class_id": 0,
      "class_name": "car",
      "class_group": "vehicle",
      "score": 0.1702880859375,
      "position_ego": [
        25.762649536132812,
        -8.643234252929688,
        -1.35546875
      ],
      "size_xyz": [
        2.173828125,
        4.83984375,
        1.857421875
      ],
      "yaw_rad": 1.8544921875,
      "velocity_ego": [
        -6.616115570068359e-06,
        -2.2649765014648438e-06
      ],
      "speed_mps": 6.9930754170600005e-06,
      "distance_m": 27.173877336011902,
      "bearing_deg": -18.546333680384503,
      "source_confidence": 0.1702880859375,