{
  "active_object_count": 8,
  "front_free_space_m": 6.643990005271959,
  "left_side_occupancy": 0.08218409258850268,
  "right_side_occupancy": 1.0,
  "rear_gap_m": null,
  "nearest_front_vehicle": {
    "track_id": 1,
    "class": "car",
    "distance_m": 7.730580225062182,
    "bearing_deg": 3.8287838036862296,
    "position_ego": [
      7.713325942771959,
      0.5162107289504145,
      -1.5
    ],
    "velocity_ego": [
      -2.0190414705769983,
      -0.6445282420356233
    ],
    "risk_level": "high",
    "risk_score": 0.7420206483120336
  },
  "nearest_vru": null,
  "nearest_any_object": {
    "track_id": 1,
    "class": "car",
    "distance_m": 7.730580225062182,
    "bearing_deg": 3.8287838036862296,
    "position_ego": [
      7.713325942771959,
      0.5162107289504145,
      -1.5
    ],
    "velocity_ego": [
      -2.0190414705769983,
      -0.6445282420356233
    ],
    "risk_level": "high",
    "risk_score": 0.7420206483120336
  },
  "abnormal_flags": [
    "front_blocked",
    "high_risk_scene"
  ]
}