{
  "sample_name": "sample_000103",
  "sequence_index": 103,
  "frame_id": 60104,
  "timestamp": 445.31970090419054,
  "prediction_variant": "single",
  "source_sample_dir": "D:\\Agent-AI\\outputs\\s3a_ml_long_v2\\sample_000103",
  "source_prediction_dir": "D:\\Agent-AI\\outputs\\live_watch_compare_multilane\\lw_s3a_ml_long_v2\\inference\\sample_000103",
  "ego": {
    "frame_id": 60104,
    "timestamp": 445.31970090419054,
    "sample_name": "sample_000103",
    "town": "Carla/Maps/Town10HD_Opt",
    "weather": {
      "cloudiness": 20.0,
      "dust_storm": 0.0,
      "fog_density": 2.0,
      "fog_distance": 0.75,
      "fog_falloff": 0.10000000149011612,
      "mie_scattering_scale": 0.029999999329447746,
      "precipitation": 0.0,
      "precipitation_deposits": 0.0,
      "rayleigh_scattering_scale": 0.03310000151395798,
      "scattering_intensity": 1.0,
      "sun_altitude_angle": 45.0,
      "sun_azimuth_angle": 300.0,
      "wetness": 0.0,
      "wind_intensity": 10.0
    },
    "position_world": [
      77.28754425048828,
      62.2799072265625,
      -0.004491729661822319
    ],
    "velocity_world": [
      3.535976429702714e-05,
      -8.636199709144421e-06,
      -2.6416778382554185e-06
    ],
    "speed_mps": 3.649486728786215e-05,
    "yaw_deg": -161.72349548339844,
    "route_progress_m": 53.24157724706062,
    "world_from_ego_bevfusion": [
      [
        -0.9495541453361511,
        -0.3136030435562134,
        -4.202736818115227e-05,
        77.28754425048828
      ],
      [
        0.3136030435562134,
        -0.9495541453361511,
        8.83174561749911e-06,
        62.2799072265625
      ],
      [
        -4.267692565917969e-05,
        -4.793690095539205e-06,
        1.0,
        -0.004491729661822319
      ],
      [
        0.0,
        0.0,
        0.0,
        1.0
      ]
    ]
  },
  "detections": [
    {
      "detection_id": "sample_000103_det_0000",
      "class_id": 0,
      "class_name": "car",
      "class_group": "vehicle",
      "score": 0.56494140625,
      "position_ego": [
        6.149562835693359,
        0.24481582641601562,
        -1.525390625
      ],
      "size_xyz": [
        2.16015625,
        5.0078125,
        1.8017578125
      ],
      "yaw_rad": -1.72265625,
      "velocity_ego": [
        -6.616115570068359e-06,
        -2.2649765014648438e-06
      ],
      "speed_mps": 6.9930754170600005e-06,
      "distance_m": 6.154433999890218,
      "bearing_deg": 2.2797572445943333,
      "source_confidence": 0.56494140625,
      "raw_box_9d": [
        6.149562835693359,
        0.24481582641601562,
        -1.525390625,
        2.16015625,
        5.0078125,
        1.8017578125,
        -1.72265625,
        -6.616115570068359e-06,
        -2.2649765014648438e-06
      ]
    },
    {
      "detection_id": "sample_000103_det_0001",
      "class_id": 0,
      "class_name": "car",
      "class_group": "vehicle",
      "score": 0.34326171875,
      "position_ego": [
        -28.404638290405273,
        5.9843292236328125,
        -1.1083984375
      ],
      "size_xyz": [
        2.154296875,
        4.99609375,
        1.783203125
      ],
      "yaw_rad": -0.84228515625,
      "velocity_ego": [
        1.87109375,
        -2.13671875
      ],
      "speed_mps": 2.8401688044710696,
      "distance_m": 29.028187553920468,
      "bearing_deg": 168.10283316014508,
      "source_confidence": 0.34326171875,
      "raw_box_9d": [
        -28.404638290405273,
        5.9843292236328125,
        -1.1083984375,
        2.154296875,
        4.99609375,
        1.783203125,
        -0.84228515625,
        1.87109375,
        -2.13671875
      ]
    },
    {
      "detection_id": "sample_000103_det_0002",
      "class_id": 0,
      "class_name": "car",
      "class_group": "vehicle",
      "score": 0.31494140625,
      "position_ego": [
        36.2156982421875,
        5.998828887939453,
        -1.208984375
      ],
      "size_xyz": [
        2.203125,
        5.00390625,
        1.796875
      ],
      "yaw_rad": 1.251953125,
      "velocity_ego": [
        -6.616115570068359e-06,
        -2.2649765014648438e-06
      ],
      "speed_mps": 6.9930754170600005e-06,
      "distance_m": 36.70916434891919,
      "bearing_deg": 9.405172219822372,
      "source_confidence": 0.31494140625,
      "raw_box_9d": [
        36.2156982421875,
        5.998828887939453,
        -1.208984375,
        2.203125,
        5.00390625,
        1.796875,
        1.251953125,
        -6.616115570068359e-06,
        -2.2649765014648438e-06
      ]
    },
    {
      "detection_id": "sample_000103_det_0003",
      "class_id": 4,
      "class_name": "trailer",
      "class_group": "vehicle",
      "score": 0.1356201171875,
      "position_ego": [
        14.908447265625,
        27.2138671875,
        -0.109375
      ],
      "size_xyz": [
        3.240234375,
        16.109375,
        2.95703125
      ],
      "yaw_rad": -1.8662109375,
      "velocity_ego": [
        6.6328125,
        -0.041259765625
      ],
      "speed_mps": 6.632940828050231,
      "distance_m": 31.029926960449178,
      "bearing_deg": 61.28495341299979,
      "source_confidence": 0.1356201171875,
      "raw_box_9d": [
        14.908447265625,
        27.2138671875,
        -0.109375,
        3.240234375,
        16.109375,
        2.95703125,
        -1.8662109375,
        6.6328125,
        -0.041259765625
      ]
    },
    {
      "detection_id": "sample_000103_det_0005",
      "class_id": 0,
      "class_name": "car",
      "class_group": "vehicle",
      "score": 0.12286376953125,
      "position_ego": [
        44.37715148925781,
        12.544776916503906,
        -1.203125
      ],
      "size_xyz": [
        2.294921875,
        5.12890625,
        1.9462890625
      ],
      "yaw_rad": 1.2578125,
      "velocity_ego": [
        -6.616115570068359e-06,
        -2.2649765014648438e-06
      ],
      "speed_mps": 6.9930754170600005e-06,
      "distance_m": 46.116190239279156,
      "bearing_deg": 15.784827916630904,
      "source_confidence": 0.12286376953125,
      "raw_box_9d": [
        44.37715148925781,
        12.544776916503906,
        -1.203125,
        2.294921875,
        5.12890625,
        1.9462890625,
        1.2578125,
        -6.616115570068359e-06,
        -2.2649765014648438e-06
      ]
    },
    {
      "detection_id": "sample_000103_det_0004",
      "class_id": 0,
      "class_name": "car",
      "class_group": "vehicle",
      "score": 0.102783203125,
      "position_ego": [
        48.82617950439453,
        -2.108013153076172,
        -1.1923828125
      ],
      "size_xyz": [
        2.318359375,
        5.15234375,
        2.009765625
      ],
      "yaw_rad": 2.1171875,
      "velocity_ego": [
        -6.616115570068359e-06,
        -2.2649765014648438e-06
      ],
      "speed_mps": 6.9930754170600005e-06,
      "distance_m": 48.87166381911812,
      "bearing_deg": -2.4721429752343203,
      "source_confidence": 0.102783203125,
      "raw_box_9d": [
        48.82617950439453,
        -2.108013153076172,
        -1.1923828125,
        2.318359375,
        5.15234375,
        2.009765625,
        2.1171875,
        -6.616115570068359e-06,
        -2.2649765014648438e-06
      ]
    }
  ],
  "class_names": [
    "car",
    "truck",
    "construction_vehicle",
    "bus",
    "trailer",
    "barrier",
    "motorcycle",
    "bicycle",
    "pedestrian",
    "traffic_cone"
  ],
  "raw_prediction_count": 200,
  "filtered_prediction_count": 6
}