{
  "active_object_count": 8,
  "front_free_space_m": null,
  "left_side_occupancy": 0.1643689798134247,
  "right_side_occupancy": 0.7505584083699842,
  "rear_gap_m": 9.656955390475233,
  "nearest_front_vehicle": null,
  "nearest_vru": {
    "track_id": 19,
    "class": "pedestrian",
    "distance_m": 44.42610869851944,
    "bearing_deg": -81.78733553990328,
    "position_ego": [
      6.346167754952148,
      -43.97050476079016,
      -0.38671875
    ],
    "velocity_ego": [
      -0.05865478515625,
      -0.0160980224609375
    ],
    "risk_level": "low",
    "risk_score": 0.2125
  },
  "nearest_any_object": {
    "track_id": 1,
    "class": "car",
    "distance_m": 10.016478753034633,
    "bearing_deg": -164.60246134212127,
    "position_ego": [
      -9.656955390475233,
      -2.659522362448866,
      -1.4091796875
    ],
    "velocity_ego": [
      -5.253740273451613,
      0.9305416502314667
    ],
    "risk_level": "low",
    "risk_score": 0.2748764093522403
  },
  "abnormal_flags": []
}