{
  "active_object_count": 2,
  "front_free_space_m": 5.384215411186626,
  "left_side_occupancy": 0.0,
  "right_side_occupancy": 0.7731897844895903,
  "rear_gap_m": null,
  "nearest_front_vehicle": {
    "track_id": 1,
    "class": "car",
    "distance_m": 6.450722720313201,
    "bearing_deg": 2.01967900527779,
    "position_ego": [
      6.446715411186626,
      0.22734120069573607,
      -1.478515625
    ],
    "velocity_ego": [
      0.006992369878507743,
      -0.0015411372772939102
    ],
    "risk_level": "high",
    "risk_score": 0.651619579597651
  },
  "nearest_vru": null,
  "nearest_any_object": {
    "track_id": 1,
    "class": "car",
    "distance_m": 6.450722720313201,
    "bearing_deg": 2.01967900527779,
    "position_ego": [
      6.446715411186626,
      0.22734120069573607,
      -1.478515625
    ],
    "velocity_ego": [
      0.006992369878507743,
      -0.0015411372772939102
    ],
    "risk_level": "high",
    "risk_score": 0.651619579597651
  },
  "abnormal_flags": [
    "front_blocked",
    "high_risk_scene"
  ]
}