{
  "active_object_count": 8,
  "front_free_space_m": 10.079355155124327,
  "left_side_occupancy": 0.19995269428768647,
  "right_side_occupancy": 0.34280158555154094,
  "rear_gap_m": 23.814433393283004,
  "nearest_front_vehicle": {
    "track_id": 2,
    "class": "car",
    "distance_m": 11.239478343276012,
    "bearing_deg": 7.557112636870153,
    "position_ego": [
      11.141855155124327,
      1.47815328406764,
      -1.388671875
    ],
    "velocity_ego": [
      -1.0381438129452798,
      -0.39635782878731113
    ],
    "risk_level": "high",
    "risk_score": 0.61570391242543
  },
  "nearest_vru": null,
  "nearest_any_object": {
    "track_id": 2,
    "class": "car",
    "distance_m": 11.239478343276012,
    "bearing_deg": 7.557112636870153,
    "position_ego": [
      11.141855155124327,
      1.47815328406764,
      -1.388671875
    ],
    "velocity_ego": [
      -1.0381438129452798,
      -0.39635782878731113
    ],
    "risk_level": "high",
    "risk_score": 0.61570391242543
  },
  "abnormal_flags": [
    "high_risk_scene"
  ]
}