{
  "active_object_count": 2,
  "front_free_space_m": 5.054098456134751,
  "left_side_occupancy": 0.0,
  "right_side_occupancy": 0.0,
  "rear_gap_m": null,
  "nearest_front_vehicle": {
    "track_id": 2,
    "class": "car",
    "distance_m": 6.11763959519328,
    "bearing_deg": 2.3044271899249646,
    "position_ego": [
      6.112692206134751,
      0.2459841656206086,
      -1.5361328125
    ],
    "velocity_ego": [
      -0.0018510365378877035,
      -0.001045271798172043
    ],
    "risk_level": "high",
    "risk_score": 0.6541177030360504
  },
  "nearest_vru": null,
  "nearest_any_object": {
    "track_id": 2,
    "class": "car",
    "distance_m": 6.11763959519328,
    "bearing_deg": 2.3044271899249646,
    "position_ego": [
      6.112692206134751,
      0.2459841656206086,
      -1.5361328125
    ],
    "velocity_ego": [
      -0.0018510365378877035,
      -0.001045271798172043
    ],
    "risk_level": "high",
    "risk_score": 0.6541177030360504
  },
  "abnormal_flags": [
    "front_blocked",
    "high_risk_scene"
  ]
}