{
  "sample_name": "sample_000074",
  "sequence_index": 74,
  "frame_id": 60075,
  "timestamp": 442.4197008609772,
  "prediction_variant": "single",
  "source_sample_dir": "D:\\Agent-AI\\outputs\\s3a_ml_long_v2\\sample_000074",
  "source_prediction_dir": "D:\\Agent-AI\\outputs\\live_watch_compare_multilane\\lw_s3a_ml_long_v2\\inference\\sample_000074",
  "ego": {
    "frame_id": 60075,
    "timestamp": 442.4197008609772,
    "sample_name": "sample_000074",
    "town": "Carla/Maps/Town10HD_Opt",
    "weather": {
      "cloudiness": 20.0,
      "dust_storm": 0.0,
      "fog_density": 2.0,
      "fog_distance": 0.75,
      "fog_falloff": 0.10000000149011612,
      "mie_scattering_scale": 0.029999999329447746,
      "precipitation": 0.0,
      "precipitation_deposits": 0.0,
      "rayleigh_scattering_scale": 0.03310000151395798,
      "scattering_intensity": 1.0,
      "sun_altitude_angle": 45.0,
      "sun_azimuth_angle": 300.0,
      "wetness": 0.0,
      "wind_intensity": 10.0
    },
    "position_world": [
      80.84051513671875,
      61.04130172729492,
      -0.00549331633374095
    ],
    "velocity_world": [
      -3.28947114944458,
      1.3274259567260742,
      4.893302684649825e-05
    ],
    "speed_mps": 3.5472073686229315,
    "yaw_deg": -156.6353302001953,
    "route_progress_m": 49.47591295998379,
    "world_from_ego_bevfusion": [
      [
        -0.9179894328117371,
        -0.39657628536224365,
        0.0047666109167039394,
        80.84051513671875
      ],
      [
        0.39657753705978394,
        -0.9180009365081787,
        -0.0007266555912792683,
        61.04130172729492
      ],
      [
        0.0046639274805784225,
        0.0012232684530317783,
        0.9999883770942688,
        -0.00549331633374095
      ],
      [
        0.0,
        0.0,
        0.0,
        1.0
      ]
    ]
  },
  "detections": [
    {
      "detection_id": "sample_000074_det_0000",
      "class_id": 0,
      "class_name": "car",
      "class_group": "vehicle",
      "score": 0.71630859375,
      "position_ego": [
        9.846755981445312,
        1.0683135986328125,
        -1.494140625
      ],
      "size_xyz": [
        2.154296875,
        5.046875,
        1.796875
      ],
      "yaw_rad": -1.79296875,
      "velocity_ego": [
        -6.616115570068359e-06,
        -2.2649765014648438e-06
      ],
      "speed_mps": 6.9930754170600005e-06,
      "distance_m": 9.904539227200468,
      "bearing_deg": 6.192026764383267,
      "source_confidence": 0.71630859375,
      "raw_box_9d": [
        9.846755981445312,
        1.0683135986328125,
        -1.494140625,
        2.154296875,
        5.046875,
        1.796875,
        -1.79296875,
        -6.616115570068359e-06,
        -2.2649765014648438e-06
      ]
    },
    {
      "detection_id": "sample_000074_det_0002",
      "class_id": 0,
      "class_name": "car",
      "class_group": "vehicle",
      "score": 0.6513671875,
      "position_ego": [
        -25.076805114746094,
        3.6752967834472656,
        -1.2021484375
      ],
      "size_xyz": [
        2.119140625,
        4.9375,
        1.791015625
      ],
      "yaw_rad": -0.90771484375,
      "velocity_ego": [
        -6.616115570068359e-06,
        -2.2649765014648438e-06
      ],
      "speed_mps": 6.9930754170600005e-06,
      "distance_m": 25.34470282345748,
      "bearing_deg": 171.66200138382965,
      "source_confidence": 0.6513671875,
      "raw_box_9d": [
        -25.076805114746094,
        3.6752967834472656,
        -1.2021484375,
        2.119140625,
        4.9375,
        1.791015625,
        -0.90771484375,
        -6.616115570068359e-06,
        -2.2649765014648438e-06
      ]
    },
    {
      "detection_id": "sample_000074_det_0001",
      "class_id": 0,
      "class_name": "car",
      "class_group": "vehicle",
      "score": 0.64306640625,
      "position_ego": [
        41.00032043457031,
        6.909397125244141,
        -1.5029296875
      ],
      "size_xyz": [
        2.158203125,
        4.92578125,
        1.814453125
      ],
      "yaw_rad": -1.951171875,
      "velocity_ego": [
        -6.616115570068359e-06,
        -2.2649765014648438e-06
      ],
      "speed_mps": 6.9930754170600005e-06,
      "distance_m": 41.578432442454776,
      "bearing_deg": 9.565640705820854,
      "source_confidence": 0.64306640625,
      "raw_box_9d": [
        41.00032043457031,
        6.909397125244141,
        -1.5029296875,
        2.158203125,
        4.92578125,
        1.814453125,
        -1.951171875,
        -6.616115570068359e-06,
        -2.2649765014648438e-06
      ]
    },
    {
      "detection_id": "sample_000074_det_0003",
      "class_id": 0,
      "class_name": "car",
      "class_group": "vehicle",
      "score": 0.469482421875,
      "position_ego": [
        39.465087890625,
        9.594581604003906,
        -1.55859375
      ],
      "size_xyz": [
        2.16796875,
        4.96484375,
        1.78125
      ],
      "yaw_rad": -2.01171875,
      "velocity_ego": [
        -6.616115570068359e-06,
        -2.2649765014648438e-06
      ],
      "speed_mps": 6.9930754170600005e-06,
      "distance_m": 40.61464216721164,
      "bearing_deg": 13.664406278764837,
      "source_confidence": 0.469482421875,
      "raw_box_9d": [
        39.465087890625,
        9.594581604003906,
        -1.55859375,
        2.16796875,
        4.96484375,
        1.78125,
        -2.01171875,
        -6.616115570068359e-06,
        -2.2649765014648438e-06
      ]
    },
    {
      "detection_id": "sample_000074_det_0005",
      "class_id": 0,
      "class_name": "car",
      "class_group": "vehicle",
      "score": 0.31396484375,
      "position_ego": [
        46.742584228515625,
        16.5765380859375,
        -1.287109375
      ],
      "size_xyz": [
        2.150390625,
        4.8984375,
        1.8173828125
      ],
      "yaw_rad": 1.1171875,
      "velocity_ego": [
        -0.365478515625,
        -0.1405029296875
      ],
      "speed_mps": 0.39155538386571054,
      "distance_m": 49.59486662220611,
      "bearing_deg": 19.526267918880926,
      "source_confidence": 0.31396484375,
      "raw_box_9d": [
        46.742584228515625,
        16.5765380859375,
        -1.287109375,
        2.150390625,
        4.8984375,
        1.8173828125,
        1.1171875,
        -0.365478515625,
        -0.1405029296875
      ]
    },
    {
      "detection_id": "sample_000074_det_0004",
      "class_id": 0,
      "class_name": "car",
      "class_group": "vehicle",
      "score": 0.22998046875,
      "position_ego": [
        20.355911254882812,
        35.899078369140625,
        -0.759765625
      ],
      "size_xyz": [
        2.27734375,
        5.08984375,
        2.064453125
      ],
      "yaw_rad": 1.169921875,
      "velocity_ego": [
        -2.3424625396728516e-05,
        -0.00032138824462890625
      ],
      "speed_mps": 0.00032224077467109393,
      "distance_m": 41.2687163693077,
      "bearing_deg": 60.44539399689675,
      "source_confidence": 0.22998046875,
      "raw_box_9d": [
        20.355911254882812,
        35.899078369140625,
        -0.759765625,
        2.27734375,
        5.08984375,
        2.064453125,
        1.169921875,
        -2.3424625396728516e-05,
        -0.00032138824462890625
      ]
    }
  ],
  "class_names": [
    "car",
    "truck",
    "construction_vehicle",
    "bus",
    "trailer",
    "barrier",
    "motorcycle",
    "bicycle",
    "pedestrian",
    "traffic_cone"
  ],
  "raw_prediction_count": 200,
  "filtered_prediction_count": 6
}