{
  "active_object_count": 6,
  "front_free_space_m": 8.629512274463302,
  "left_side_occupancy": 0.018739846152514783,
  "right_side_occupancy": 0.6725828185355416,
  "rear_gap_m": null,
  "nearest_front_vehicle": {
    "track_id": 1,
    "class": "car",
    "distance_m": 9.758418950528588,
    "bearing_deg": 5.676433114112402,
    "position_ego": [
      9.710566961963302,
      0.9652096618156573,
      -1.49609375
    ],
    "velocity_ego": [
      -1.799508962122201,
      -0.45078610841738065
    ],
    "risk_level": "high",
    "risk_score": 0.6268118578710357
  },
  "nearest_vru": null,
  "nearest_any_object": {
    "track_id": 1,
    "class": "car",
    "distance_m": 9.758418950528588,
    "bearing_deg": 5.676433114112402,
    "position_ego": [
      9.710566961963302,
      0.9652096618156573,
      -1.49609375
    ],
    "velocity_ego": [
      -1.799508962122201,
      -0.45078610841738065
    ],
    "risk_level": "high",
    "risk_score": 0.6268118578710357
  },
  "abnormal_flags": [
    "high_risk_scene"
  ]
}