{
  "active_object_count": 6,
  "front_free_space_m": 9.407111471625907,
  "left_side_occupancy": 0.0,
  "right_side_occupancy": 0.6863095869376775,
  "rear_gap_m": 16.202047731290804,
  "nearest_front_vehicle": {
    "track_id": 1,
    "class": "car",
    "distance_m": 10.567680989273073,
    "bearing_deg": 6.598439244013923,
    "position_ego": [
      10.497679573029258,
      1.2143331804112965,
      -1.44921875
    ],
    "velocity_ego": [
      -1.0744366004925117,
      -0.4410403139037562
    ],
    "risk_level": "high",
    "risk_score": 0.620742392580452
  },
  "nearest_vru": null,
  "nearest_any_object": {
    "track_id": 1,
    "class": "car",
    "distance_m": 10.567680989273073,
    "bearing_deg": 6.598439244013923,
    "position_ego": [
      10.497679573029258,
      1.2143331804112965,
      -1.44921875
    ],
    "velocity_ego": [
      -1.0744366004925117,
      -0.4410403139037562
    ],
    "risk_level": "high",
    "risk_score": 0.620742392580452
  },
  "abnormal_flags": [
    "high_risk_scene"
  ]
}