{
  "active_object_count": 7,
  "front_free_space_m": 11.432794960128188,
  "left_side_occupancy": 0.0,
  "right_side_occupancy": 0.831810850795904,
  "rear_gap_m": null,
  "nearest_front_vehicle": {
    "track_id": 1,
    "class": "car",
    "distance_m": 12.613178130494974,
    "bearing_deg": -7.2657708545041775,
    "position_ego": [
      12.511896522628188,
      -1.5952140792512253,
      -1.4150390625
    ],
    "velocity_ego": [
      -4.41660516158243,
      -1.4320329310603235
    ],
    "risk_level": "critical",
    "risk_score": 0.8554011640212877
  },
  "nearest_vru": null,
  "nearest_any_object": {
    "track_id": 1,
    "class": "car",
    "distance_m": 12.613178130494974,
    "bearing_deg": -7.2657708545041775,
    "position_ego": [
      12.511896522628188,
      -1.5952140792512253,
      -1.4150390625
    ],
    "velocity_ego": [
      -4.41660516158243,
      -1.4320329310603235
    ],
    "risk_level": "critical",
    "risk_score": 0.8554011640212877
  },
  "abnormal_flags": [
    "high_risk_scene"
  ]
}