{
  "sample_name": "sample_000010",
  "sequence_index": 10,
  "frame_id": 726283,
  "timestamp": 4998.19462473318,
  "prediction_variant": "single",
  "source_sample_dir": "D:\\Agent-AI\\outputs\\s3a_ml_long_v1\\sample_000010",
  "source_prediction_dir": "D:\\Agent-AI\\outputs\\live_watch_compare_multilane\\lw_s3a_ml_long_v1\\inference\\sample_000010",
  "ego": {
    "frame_id": 726283,
    "timestamp": 4998.19462473318,
    "sample_name": "sample_000010",
    "town": "Carla/Maps/Town10HD_Opt",
    "weather": {
      "cloudiness": 20.0,
      "dust_storm": 0.0,
      "fog_density": 2.0,
      "fog_distance": 0.75,
      "fog_falloff": 0.10000000149011612,
      "mie_scattering_scale": 0.029999999329447746,
      "precipitation": 0.0,
      "precipitation_deposits": 0.0,
      "rayleigh_scattering_scale": 0.03310000151395798,
      "scattering_intensity": 1.0,
      "sun_altitude_angle": 45.0,
      "sun_azimuth_angle": 300.0,
      "wetness": 0.0,
      "wind_intensity": 10.0
    },
    "position_world": [
      106.13160705566406,
      26.543092727661133,
      -0.00659538246691227
    ],
    "velocity_world": [
      -0.8770134449005127,
      8.088459014892578,
      -0.0002183342003263533
    ],
    "speed_mps": 8.135866386919288,
    "yaw_deg": -94.47179412841797,
    "route_progress_m": 4.462394569666328,
    "world_from_ego_bevfusion": [
      [
        -0.07796386629343033,
        -0.9969261288642883,
        0.0077394843101501465,
        106.13160705566406
      ],
      [
        0.9968985915184021,
        -0.07804043591022491,
        -0.010139950551092625,
        26.543092727661133
      ],
      [
        0.010712775401771069,
        0.006924930959939957,
        0.9999186396598816,
        -0.00659538246691227
      ],
      [
        0.0,
        0.0,
        0.0,
        1.0
      ]
    ]
  },
  "detections": [
    {
      "detection_id": "sample_000010_det_0001",
      "class_id": 0,
      "class_name": "car",
      "class_group": "vehicle",
      "score": 0.7353515625,
      "position_ego": [
        17.5078125,
        0.16018295288085938,
        -1.60546875
      ],
      "size_xyz": [
        2.087890625,
        4.796875,
        1.796875
      ],
      "yaw_rad": -1.974609375,
      "velocity_ego": [
        -6.616115570068359e-06,
        -2.2649765014648438e-06
      ],
      "speed_mps": 6.9930754170600005e-06,
      "distance_m": 17.508545259773864,
      "bearing_deg": 0.5241974733560835,
      "source_confidence": 0.7353515625,
      "raw_box_9d": [
        17.5078125,
        0.16018295288085938,
        -1.60546875,
        2.087890625,
        4.796875,
        1.796875,
        -1.974609375,
        -6.616115570068359e-06,
        -2.2649765014648438e-06
      ]
    },
    {
      "detection_id": "sample_000010_det_0000",
      "class_id": 0,
      "class_name": "car",
      "class_group": "vehicle",
      "score": 0.73291015625,
      "position_ego": [
        17.02617645263672,
        3.5519561767578125,
        -1.5947265625
      ],
      "size_xyz": [
        2.11328125,
        4.78515625,
        1.7841796875
      ],
      "yaw_rad": -2.005859375,
      "velocity_ego": [
        -6.616115570068359e-06,
        -2.2649765014648438e-06
      ],
      "speed_mps": 6.9930754170600005e-06,
      "distance_m": 17.392730587171442,
      "bearing_deg": 11.783885267593249,
      "source_confidence": 0.73291015625,
      "raw_box_9d": [
        17.02617645263672,
        3.5519561767578125,
        -1.5947265625,
        2.11328125,
        4.78515625,
        1.7841796875,
        -2.005859375,
        -6.616115570068359e-06,
        -2.2649765014648438e-06
      ]
    },
    {
      "detection_id": "sample_000010_det_0002",
      "class_id": 0,
      "class_name": "car",
      "class_group": "vehicle",
      "score": 0.5830078125,
      "position_ego": [
        34.6336669921875,
        12.97320556640625,
        -1.708984375
      ],
      "size_xyz": [
        2.169921875,
        4.93359375,
        1.8486328125
      ],
      "yaw_rad": -2.4921875,
      "velocity_ego": [
        -6.616115570068359e-06,
        -2.2649765014648438e-06
      ],
      "speed_mps": 6.9930754170600005e-06,
      "distance_m": 36.98371198235748,
      "bearing_deg": 20.535128547949004,
      "source_confidence": 0.5830078125,
      "raw_box_9d": [
        34.6336669921875,
        12.97320556640625,
        -1.708984375,
        2.169921875,
        4.93359375,
        1.8486328125,
        -2.4921875,
        -6.616115570068359e-06,
        -2.2649765014648438e-06
      ]
    },
    {
      "detection_id": "sample_000010_det_0003",
      "class_id": 0,
      "class_name": "car",
      "class_group": "vehicle",
      "score": 0.34814453125,
      "position_ego": [
        40.013092041015625,
        31.859619140625,
        -1.8359375
      ],
      "size_xyz": [
        2.146484375,
        5.0234375,
        1.8564453125
      ],
      "yaw_rad": -2.943359375,
      "velocity_ego": [
        0.269287109375,
        0.890625
      ],
      "speed_mps": 0.9304452901168038,
      "distance_m": 51.14765748759631,
      "bearing_deg": 38.52785090227643,
      "source_confidence": 0.34814453125,
      "raw_box_9d": [
        40.013092041015625,
        31.859619140625,
        -1.8359375,
        2.146484375,
        5.0234375,
        1.8564453125,
        -2.943359375,
        0.269287109375,
        0.890625
      ]
    },
    {
      "detection_id": "sample_000010_det_0004",
      "class_id": 0,
      "class_name": "car",
      "class_group": "vehicle",
      "score": 0.250244140625,
      "position_ego": [
        36.640724182128906,
        -0.4804649353027344,
        -1.5703125
      ],
      "size_xyz": [
        2.208984375,
        5.05859375,
        1.9755859375
      ],
      "yaw_rad": 1.02734375,
      "velocity_ego": [
        -6.616115570068359e-06,
        -2.2649765014648438e-06
      ],
      "speed_mps": 6.9930754170600005e-06,
      "distance_m": 36.64387418307324,
      "bearing_deg": -0.7512688668344135,
      "source_confidence": 0.250244140625,
      "raw_box_9d": [
        36.640724182128906,
        -0.4804649353027344,
        -1.5703125,
        2.208984375,
        5.05859375,
        1.9755859375,
        1.02734375,
        -6.616115570068359e-06,
        -2.2649765014648438e-06
      ]
    }
  ],
  "class_names": [
    "car",
    "truck",
    "construction_vehicle",
    "bus",
    "trailer",
    "barrier",
    "motorcycle",
    "bicycle",
    "pedestrian",
    "traffic_cone"
  ],
  "raw_prediction_count": 200,
  "filtered_prediction_count": 5
}