{
  "sample_name": "sample_000038",
  "sequence_index": 38,
  "frame_id": 726311,
  "timestamp": 5000.994624774903,
  "prediction_variant": "single",
  "source_sample_dir": "D:\\Agent-AI\\outputs\\s3a_ml_long_v1\\sample_000038",
  "source_prediction_dir": "D:\\Agent-AI\\outputs\\live_watch_compare_multilane\\lw_s3a_ml_long_v1\\inference\\sample_000038",
  "ego": {
    "frame_id": 726311,
    "timestamp": 5000.994624774903,
    "sample_name": "sample_000038",
    "town": "Carla/Maps/Town10HD_Opt",
    "weather": {
      "cloudiness": 20.0,
      "dust_storm": 0.0,
      "fog_density": 2.0,
      "fog_distance": 0.75,
      "fog_falloff": 0.10000000149011612,
      "mie_scattering_scale": 0.029999999329447746,
      "precipitation": 0.0,
      "precipitation_deposits": 0.0,
      "rayleigh_scattering_scale": 0.03310000151395798,
      "scattering_intensity": 1.0,
      "sun_altitude_angle": 45.0,
      "sun_azimuth_angle": 300.0,
      "wetness": 0.0,
      "wind_intensity": 10.0
    },
    "position_world": [
      103.73654174804688,
      37.03190231323242,
      -0.003997993189841509
    ],
    "velocity_world": [
      -0.9327899217605591,
      2.5129525661468506,
      -5.9700009842345025e-06
    ],
    "speed_mps": 2.68049018611853,
    "yaw_deg": -108.71916961669922,
    "route_progress_m": 15.25434168585524,
    "world_from_ego_bevfusion": [
      [
        -0.3209289610385895,
        -0.9471032023429871,
        8.324364898726344e-05,
        103.73654174804688
      ],
      [
        0.9471002817153931,
        -0.3209277391433716,
        0.002522893715649843,
        37.03190231323242
      ],
      [
        -0.002362725790590048,
        0.0008885097340680659,
        0.9999967813491821,
        -0.003997993189841509
      ],
      [
        0.0,
        0.0,
        0.0,
        1.0
      ]
    ]
  },
  "detections": [
    {
      "detection_id": "sample_000038_det_0001",
      "class_id": 0,
      "class_name": "car",
      "class_group": "vehicle",
      "score": 0.77880859375,
      "position_ego": [
        6.3706817626953125,
        -3.1142539978027344,
        -1.44140625
      ],
      "size_xyz": [
        2.1640625,
        4.99609375,
        1.810546875
      ],
      "yaw_rad": -1.68359375,
      "velocity_ego": [
        -6.616115570068359e-06,
        -2.2649765014648438e-06
      ],
      "speed_mps": 6.9930754170600005e-06,
      "distance_m": 7.091132778644676,
      "bearing_deg": -26.051306537970273,
      "source_confidence": 0.77880859375,
      "raw_box_9d": [
        6.3706817626953125,
        -3.1142539978027344,
        -1.44140625,
        2.1640625,
        4.99609375,
        1.810546875,
        -1.68359375,
        -6.616115570068359e-06,
        -2.2649765014648438e-06
      ]
    },
    {
      "detection_id": "sample_000038_det_0000",
      "class_id": 0,
      "class_name": "car",
      "class_group": "vehicle",
      "score": 0.74755859375,
      "position_ego": [
        26.025733947753906,
        5.102176666259766,
        -1.3525390625
      ],
      "size_xyz": [
        2.16796875,
        4.94140625,
        1.8427734375
      ],
      "yaw_rad": -2.203125,
      "velocity_ego": [
        -6.616115570068359e-06,
        -2.2649765014648438e-06
      ],
      "speed_mps": 6.9930754170600005e-06,
      "distance_m": 26.52114315509412,
      "bearing_deg": 11.091797147190636,
      "source_confidence": 0.74755859375,
      "raw_box_9d": [
        26.025733947753906,
        5.102176666259766,
        -1.3525390625,
        2.16796875,
        4.94140625,
        1.8427734375,
        -2.203125,
        -6.616115570068359e-06,
        -2.2649765014648438e-06
      ]
    },
    {
      "detection_id": "sample_000038_det_0002",
      "class_id": 0,
      "class_name": "car",
      "class_group": "vehicle",
      "score": 0.7412109375,
      "position_ego": [
        6.734767913818359,
        0.3328514099121094,
        -1.44140625
      ],
      "size_xyz": [
        2.158203125,
        5.0390625,
        1.7861328125
      ],
      "yaw_rad": -1.7177734375,
      "velocity_ego": [
        -6.616115570068359e-06,
        -2.2649765014648438e-06
      ],
      "speed_mps": 6.9930754170600005e-06,
      "distance_m": 6.742988129462915,
      "bearing_deg": 2.8294183626905465,
      "source_confidence": 0.7412109375,
      "raw_box_9d": [
        6.734767913818359,
        0.3328514099121094,
        -1.44140625,
        2.158203125,
        5.0390625,
        1.7861328125,
        -1.7177734375,
        -6.616115570068359e-06,
        -2.2649765014648438e-06
      ]
    },
    {
      "detection_id": "sample_000038_det_0003",
      "class_id": 0,
      "class_name": "car",
      "class_group": "vehicle",
      "score": 0.54345703125,
      "position_ego": [
        35.840919494628906,
        21.971160888671875,
        -0.9365234375
      ],
      "size_xyz": [
        2.18359375,
        4.984375,
        1.8720703125
      ],
      "yaw_rad": 0.42236328125,
      "velocity_ego": [
        -6.616115570068359e-06,
        -2.2649765014648438e-06
      ],
      "speed_mps": 6.9930754170600005e-06,
      "distance_m": 42.03930804635556,
      "bearing_deg": 31.509084116176062,
      "source_confidence": 0.54345703125,
      "raw_box_9d": [
        35.840919494628906,
        21.971160888671875,
        -0.9365234375,
        2.18359375,
        4.984375,
        1.8720703125,
        0.42236328125,
        -6.616115570068359e-06,
        -2.2649765014648438e-06
      ]
    },
    {
      "detection_id": "sample_000038_det_0005",
      "class_id": 0,
      "class_name": "car",
      "class_group": "vehicle",
      "score": 0.1640625,
      "position_ego": [
        49.27910614013672,
        49.65996551513672,
        -0.76904296875
      ],
      "size_xyz": [
        2.240234375,
        5.12890625,
        1.9052734375
      ],
      "yaw_rad": 0.329345703125,
      "velocity_ego": [
        -0.037628173828125,
        -0.32666015625
      ],
      "speed_mps": 0.3288202201004585,
      "distance_m": 69.96100683191622,
      "bearing_deg": 45.220555202571006,
      "source_confidence": 0.1640625,
      "raw_box_9d": [
        49.27910614013672,
        49.65996551513672,
        -0.76904296875,
        2.240234375,
        5.12890625,
        1.9052734375,
        0.329345703125,
        -0.037628173828125,
        -0.32666015625
      ]
    },
    {
      "detection_id": "sample_000038_det_0004",
      "class_id": 0,
      "class_name": "car",
      "class_group": "vehicle",
      "score": 0.1417236328125,
      "position_ego": [
        52.306495666503906,
        48.95764923095703,
        -0.697265625
      ],
      "size_xyz": [
        2.232421875,
        5.0546875,
        1.927734375
      ],
      "yaw_rad": 0.34130859375,
      "velocity_ego": [
        -0.318603515625,
        -1.34765625
      ],
      "speed_mps": 1.3848052456329996,
      "distance_m": 71.64370807776088,
      "bearing_deg": 43.10589557645093,
      "source_confidence": 0.1417236328125,
      "raw_box_9d": [
        52.306495666503906,
        48.95764923095703,
        -0.697265625,
        2.232421875,
        5.0546875,
        1.927734375,
        0.34130859375,
        -0.318603515625,
        -1.34765625
      ]
    }
  ],
  "class_names": [
    "car",
    "truck",
    "construction_vehicle",
    "bus",
    "trailer",
    "barrier",
    "motorcycle",
    "bicycle",
    "pedestrian",
    "traffic_cone"
  ],
  "raw_prediction_count": 200,
  "filtered_prediction_count": 6
}