{
  "sample_name": "sample_000042",
  "sequence_index": 42,
  "frame_id": 726315,
  "timestamp": 5001.3946247808635,
  "prediction_variant": "single",
  "source_sample_dir": "D:\\Agent-AI\\outputs\\s3a_ml_long_v1\\sample_000042",
  "source_prediction_dir": "D:\\Agent-AI\\outputs\\live_watch_compare_multilane\\lw_s3a_ml_long_v1\\inference\\sample_000042",
  "ego": {
    "frame_id": 726315,
    "timestamp": 5001.3946247808635,
    "sample_name": "sample_000042",
    "town": "Carla/Maps/Town10HD_Opt",
    "weather": {
      "cloudiness": 20.0,
      "dust_storm": 0.0,
      "fog_density": 2.0,
      "fog_distance": 0.75,
      "fog_falloff": 0.10000000149011612,
      "mie_scattering_scale": 0.029999999329447746,
      "precipitation": 0.0,
      "precipitation_deposits": 0.0,
      "rayleigh_scattering_scale": 0.03310000151395798,
      "scattering_intensity": 1.0,
      "sun_altitude_angle": 45.0,
      "sun_azimuth_angle": 300.0,
      "wetness": 0.0,
      "wind_intensity": 10.0
    },
    "position_world": [
      103.62017059326172,
      37.3522834777832,
      -0.002206077566370368
    ],
    "velocity_world": [
      0.00324245635420084,
      -0.006012626923620701,
      0.00016622543625999242
    ],
    "speed_mps": 0.006833215687156799,
    "yaw_deg": -109.15958404541016,
    "route_progress_m": 15.596457757964126,
    "world_from_ego_bevfusion": [
      [
        -0.3281809687614441,
        -0.9446060657501221,
        -0.004081729333847761,
        103.62017059326172
      ],
      [
        0.9445520639419556,
        -0.328205943107605,
        0.010110313072800636,
        37.3522834777832
      ],
      [
        -0.010889910161495209,
        -0.000537394022103399,
        0.9999405741691589,
        -0.002206077566370368
      ],
      [
        0.0,
        0.0,
        0.0,
        1.0
      ]
    ]
  },
  "detections": [
    {
      "detection_id": "sample_000042_det_0000",
      "class_id": 0,
      "class_name": "car",
      "class_group": "vehicle",
      "score": 0.7978515625,
      "position_ego": [
        6.313816070556641,
        0.23228836059570312,
        -1.4384765625
      ],
      "size_xyz": [
        2.1328125,
        4.9140625,
        1.7861328125
      ],
      "yaw_rad": -1.7109375,
      "velocity_ego": [
        -6.616115570068359e-06,
        -2.2649765014648438e-06
      ],
      "speed_mps": 6.9930754170600005e-06,
      "distance_m": 6.318087626433139,
      "bearing_deg": 2.1069892751248647,
      "source_confidence": 0.7978515625,
      "raw_box_9d": [
        6.313816070556641,
        0.23228836059570312,
        -1.4384765625,
        2.1328125,
        4.9140625,
        1.7861328125,
        -1.7109375,
        -6.616115570068359e-06,
        -2.2649765014648438e-06
      ]
    },
    {
      "detection_id": "sample_000042_det_0001",
      "class_id": 0,
      "class_name": "car",
      "class_group": "vehicle",
      "score": 0.74169921875,
      "position_ego": [
        5.924854278564453,
        -3.1833229064941406,
        -1.44140625
      ],
      "size_xyz": [
        2.1484375,
        5.04296875,
        1.7822265625
      ],
      "yaw_rad": -1.66796875,
      "velocity_ego": [
        -6.616115570068359e-06,
        -2.2649765014648438e-06
      ],
      "speed_mps": 6.9930754170600005e-06,
      "distance_m": 6.725878600542371,
      "bearing_deg": -28.248378121932888,
      "source_confidence": 0.74169921875,
      "raw_box_9d": [
        5.924854278564453,
        -3.1833229064941406,
        -1.44140625,
        2.1484375,
        5.04296875,
        1.7822265625,
        -1.66796875,
        -6.616115570068359e-06,
        -2.2649765014648438e-06
      ]
    },
    {
      "detection_id": "sample_000042_det_0002",
      "class_id": 0,
      "class_name": "car",
      "class_group": "vehicle",
      "score": 0.49169921875,
      "position_ego": [
        25.712112426757812,
        4.931400299072266,
        -1.119140625
      ],
      "size_xyz": [
        2.111328125,
        4.74609375,
        1.8447265625
      ],
      "yaw_rad": -2.21484375,
      "velocity_ego": [
        -6.616115570068359e-06,
        -2.2649765014648438e-06
      ],
      "speed_mps": 6.9930754170600005e-06,
      "distance_m": 26.180745488926085,
      "bearing_deg": 10.85708015730253,
      "source_confidence": 0.49169921875,
      "raw_box_9d": [
        25.712112426757812,
        4.931400299072266,
        -1.119140625,
        2.111328125,
        4.74609375,
        1.8447265625,
        -2.21484375,
        -6.616115570068359e-06,
        -2.2649765014648438e-06
      ]
    },
    {
      "detection_id": "sample_000042_det_0003",
      "class_id": 0,
      "class_name": "car",
      "class_group": "vehicle",
      "score": 0.343505859375,
      "position_ego": [
        35.63445281982422,
        21.694778442382812,
        -0.6328125
      ],
      "size_xyz": [
        2.16015625,
        4.9765625,
        1.86328125
      ],
      "yaw_rad": 0.40771484375,
      "velocity_ego": [
        -6.616115570068359e-06,
        -2.2649765014648438e-06
      ],
      "speed_mps": 6.9930754170600005e-06,
      "distance_m": 41.719032100857234,
      "bearing_deg": 31.333669231429184,
      "source_confidence": 0.343505859375,
      "raw_box_9d": [
        35.63445281982422,
        21.694778442382812,
        -0.6328125,
        2.16015625,
        4.9765625,
        1.86328125,
        0.40771484375,
        -6.616115570068359e-06,
        -2.2649765014648438e-06
      ]
    },
    {
      "detection_id": "sample_000042_det_0004",
      "class_id": 0,
      "class_name": "car",
      "class_group": "vehicle",
      "score": 0.1629638671875,
      "position_ego": [
        11.900543212890625,
        -14.161449432373047,
        -1.1181640625
      ],
      "size_xyz": [
        2.1875,
        5.16015625,
        1.8388671875
      ],
      "yaw_rad": 2.224609375,
      "velocity_ego": [
        -6.616115570068359e-06,
        -2.2649765014648438e-06
      ],
      "speed_mps": 6.9930754170600005e-06,
      "distance_m": 18.49782632601831,
      "bearing_deg": -49.95805837327071,
      "source_confidence": 0.1629638671875,
      "raw_box_9d": [
        11.900543212890625,
        -14.161449432373047,
        -1.1181640625,
        2.1875,
        5.16015625,
        1.8388671875,
        2.224609375,
        -6.616115570068359e-06,
        -2.2649765014648438e-06
      ]
    },
    {
      "detection_id": "sample_000042_det_0006",
      "class_id": 0,
      "class_name": "car",
      "class_group": "vehicle",
      "score": 0.11236572265625,
      "position_ego": [
        24.317527770996094,
        -8.715435028076172,
        -0.8994140625
      ],
      "size_xyz": [
        2.279296875,
        5.16015625,
        1.9580078125
      ],
      "yaw_rad": 1.2275390625,
      "velocity_ego": [
        -6.616115570068359e-06,
        -2.2649765014648438e-06
      ],
      "speed_mps": 6.9930754170600005e-06,
      "distance_m": 25.832169181502806,
      "bearing_deg": -19.717748569209558,
      "source_confidence": 0.11236572265625,
      "raw_box_9d": [
        24.317527770996094,
        -8.715435028076172,
        -0.8994140625,
        2.279296875,
        5.16015625,
        1.9580078125,
        1.2275390625,
        -6.616115570068359e-06,
        -2.2649765014648438e-06
      ]
    },
    {
      "detection_id": "sample_000042_det_0005",
      "class_id": 0,
      "class_name": "car",
      "class_group": "vehicle",
      "score": 0.10809326171875,
      "position_ego": [
        49.52497863769531,
        49.572181701660156,
        -0.05029296875
      ],
      "size_xyz": [
        2.263671875,
        5.1484375,
        1.998046875
      ],
      "yaw_rad": 0.26611328125,
      "velocity_ego": [
        -0.327880859375,
        -1.7021484375
      ],
      "speed_mps": 1.7334402675685654,
      "distance_m": 70.0722820216852,
      "bearing_deg": 45.027291762261044,