{
  "active_object_count": 3,
  "front_free_space_m": 5.0548659164230765,
  "left_side_occupancy": 0.0,
  "right_side_occupancy": 0.07689468336021632,
  "rear_gap_m": null,
  "nearest_front_vehicle": {
    "track_id": 2,
    "class": "car",
    "distance_m": 6.118417376343937,
    "bearing_deg": 2.306683273319572,
    "position_ego": [
      6.1134596664230765,
      0.2462561637110265,
      -1.53515625
    ],
    "velocity_ego": [
      0.0030044198690629053,
      0.005163819387606148
    ],
    "risk_level": "high",
    "risk_score": 0.6541118696774205
  },
  "nearest_vru": null,
  "nearest_any_object": {
    "track_id": 2,
    "class": "car",
    "distance_m": 6.118417376343937,
    "bearing_deg": 2.306683273319572,
    "position_ego": [
      6.1134596664230765,
      0.2462561637110265,
      -1.53515625
    ],
    "velocity_ego": [
      0.0030044198690629053,
      0.005163819387606148
    ],
    "risk_level": "high",
    "risk_score": 0.6541118696774205
  },
  "abnormal_flags": [
    "front_blocked",
    "high_risk_scene"
  ]
}