{
  "sample_name": "sample_000043",
  "sequence_index": 43,
  "frame_id": 60044,
  "timestamp": 439.3197008147836,
  "prediction_variant": "single",
  "source_sample_dir": "D:\\Agent-AI\\outputs\\s3a_ml_long_v2\\sample_000043",
  "source_prediction_dir": "D:\\Agent-AI\\outputs\\live_watch_compare_multilane\\lw_s3a_ml_long_v2\\inference\\sample_000043",
  "ego": {
    "frame_id": 60044,
    "timestamp": 439.3197008147836,
    "sample_name": "sample_000043",
    "town": "Carla/Maps/Town10HD_Opt",
    "weather": {
      "cloudiness": 20.0,
      "dust_storm": 0.0,
      "fog_density": 2.0,
      "fog_distance": 0.75,
      "fog_falloff": 0.10000000149011612,
      "mie_scattering_scale": 0.029999999329447746,
      "precipitation": 0.0,
      "precipitation_deposits": 0.0,
      "rayleigh_scattering_scale": 0.03310000151395798,
      "scattering_intensity": 1.0,
      "sun_altitude_angle": 45.0,
      "sun_azimuth_angle": 300.0,
      "wetness": 0.0,
      "wind_intensity": 10.0
    },
    "position_world": [
      95.86504364013672,
      50.43861389160156,
      -0.003901595948264003
    ],
    "velocity_world": [
      -5.203489303588867,
      5.702045917510986,
      1.2331008292676415e-05
    ],
    "speed_mps": 7.719431881823915,
    "yaw_deg": -131.0261688232422,
    "route_progress_m": 30.91623435582901,
    "world_from_ego_bevfusion": [
      [
        -0.6564022302627563,
        -0.7543787360191345,
        0.006982727441936731,
        95.86504364013672
      ],
      [
        0.7544082403182983,
        -0.656346321105957,
        0.008812587708234787,
        50.43861389160156
      ],
      [
        -0.0020649416837841272,
        0.011052429676055908,
        0.9999367594718933,
        -0.003901595948264003
      ],
      [
        0.0,
        0.0,
        0.0,
        1.0
      ]
    ]
  },
  "detections": [
    {
      "detection_id": "sample_000043_det_0000",
      "class_id": 0,
      "class_name": "car",
      "class_group": "vehicle",
      "score": 0.7919921875,
      "position_ego": [
        -6.4488983154296875,
        -3.1551971435546875,
        -1.4345703125
      ],
      "size_xyz": [
        2.197265625,
        5.18359375,
        1.7783203125
      ],
      "yaw_rad": -1.3642578125,
      "velocity_ego": [
        -6.616115570068359e-06,
        -2.2649765014648438e-06
      ],
      "speed_mps": 6.9930754170600005e-06,
      "distance_m": 7.179384270078286,
      "bearing_deg": -153.92928025260161,
      "source_confidence": 0.7919921875,
      "raw_box_9d": [
        -6.4488983154296875,
        -3.1551971435546875,
        -1.4345703125,
        2.197265625,
        5.18359375,
        1.7783203125,
        -1.3642578125,
        -6.616115570068359e-06,
        -2.2649765014648438e-06
      ]
    },
    {
      "detection_id": "sample_000043_det_0001",
      "class_id": 0,
      "class_name": "car",
      "class_group": "vehicle",
      "score": 0.55224609375,
      "position_ego": [
        26.25469207763672,
        9.63662338256836,
        -1.3994140625
      ],
      "size_xyz": [
        2.166015625,
        4.9140625,
        1.85546875
      ],
      "yaw_rad": -2.2734375,
      "velocity_ego": [
        -6.616115570068359e-06,
        -2.2649765014648438e-06
      ],
      "speed_mps": 6.9930754170600005e-06,
      "distance_m": 27.967362519711855,
      "bearing_deg": 20.15535120438921,
      "source_confidence": 0.55224609375,
      "raw_box_9d": [
        26.25469207763672,
        9.63662338256836,
        -1.3994140625,
        2.166015625,
        4.9140625,
        1.85546875,
        -2.2734375,
        -6.616115570068359e-06,
        -2.2649765014648438e-06
      ]
    },
    {
      "detection_id": "sample_000043_det_0003",
      "class_id": 0,
      "class_name": "car",
      "class_group": "vehicle",
      "score": 0.250244140625,
      "position_ego": [
        52.98303985595703,
        39.66914367675781,
        -0.9833984375
      ],
      "size_xyz": [
        2.2890625,
        5.26953125,
        1.923828125
      ],
      "yaw_rad": 0.71728515625,
      "velocity_ego": [
        -1.1474609375,
        -1.470703125
      ],
      "speed_mps": 1.8653777861262164,
      "distance_m": 66.18794053621238,
      "bearing_deg": 36.822711793277016,
      "source_confidence": 0.250244140625,
      "raw_box_9d": [
        52.98303985595703,
        39.66914367675781,
        -0.9833984375,
        2.2890625,
        5.26953125,
        1.923828125,
        0.71728515625,
        -1.1474609375,
        -1.470703125
      ]
    },
    {
      "detection_id": "sample_000043_det_0002",
      "class_id": 0,
      "class_name": "car",
      "class_group": "vehicle",
      "score": 0.215087890625,
      "position_ego": [
        51.88939666748047,
        28.430023193359375,
        -1.0107421875
      ],
      "size_xyz": [
        2.294921875,
        5.28125,
        1.8994140625
      ],
      "yaw_rad": 0.72998046875,
      "velocity_ego": [
        -6.616115570068359e-06,
        -2.2649765014648438e-06
      ],
      "speed_mps": 6.9930754170600005e-06,
      "distance_m": 59.16735337405321,
      "bearing_deg": 28.718184240062804,
      "source_confidence": 0.215087890625,
      "raw_box_9d": [
        51.88939666748047,
        28.430023193359375,
        -1.0107421875,
        2.294921875,
        5.28125,
        1.8994140625,
        0.72998046875,
        -6.616115570068359e-06,
        -2.2649765014648438e-06
      ]
    },
    {
      "detection_id": "sample_000043_det_0005",
      "class_id": 0,
      "class_name": "car",
      "class_group": "vehicle",
      "score": 0.184326171875,
      "position_ego": [
        49.16645812988281,
        29.9970703125,
        -1.13671875
      ],
      "size_xyz": [
        2.271484375,
        5.1015625,
        1.9052734375
      ],
      "yaw_rad": 0.72265625,
      "velocity_ego": [
        -0.16357421875,
        -0.225830078125
      ],
      "speed_mps": 0.2788471789809186,
      "distance_m": 57.594833382609835,
      "bearing_deg": 31.387888248890455,
      "source_confidence": 0.184326171875,
      "raw_box_9d": [
        49.16645812988281,
        29.9970703125,
        -1.13671875,
        2.271484375,
        5.1015625,
        1.9052734375,
        0.72265625,
        -0.16357421875,
        -0.225830078125
      ]
    },
    {
      "detection_id": "sample_000043_det_0004",
      "class_id": 0,
      "class_name": "car",
      "class_group": "vehicle",
      "score": 0.18310546875,
      "position_ego": [
        -10.731590270996094,
        -14.671581268310547,
        -1.060546875
      ],
      "size_xyz": [
        2.17578125,
        5.1015625,
        1.892578125
      ],
      "yaw_rad": -2.38671875,
      "velocity_ego": [
        -6.616115570068359e-06,
        -2.2649765014648438e-06
      ],
      "speed_mps": 6.9930754170600005e-06,
      "distance_m": 18.17752256654297,
      "bearing_deg": -126.18376204417356,
      "source_confidence": 0.18310546875,
      "raw_box_9d": [
        -10.731590270996094,
        -14.671581268310547,
        -1.060546875,
        2.17578125,
        5.1015625,
        1.892578125,
        -2.38671875,
        -6.616115570068359e-06,
        -2.2649765014648438e-06
      ]
    }
  ],
  "class_names": [
    "car",
    "truck",
    "construction_vehicle",
    "bus",
    "trailer",
    "barrier",
    "motorcycle",
    "bicycle",
    "pedestrian",
    "traffic_cone"
  ],
  "raw_prediction_count": 200,
  "filtered_prediction_count": 6
}