{
  "active_object_count": 14,
  "front_free_space_m": 5.016920154218171,
  "left_side_occupancy": 0.031149678006927473,
  "right_side_occupancy": 0.10456369792000197,
  "rear_gap_m": 27.875632538179573,
  "nearest_front_vehicle": {
    "track_id": 2,
    "class": "car",
    "distance_m": 6.077253285561182,
    "bearing_deg": 2.469868583591373,
    "position_ego": [
      6.071607654218171,
      0.26189308907166187,
      -1.419921875
    ],
    "velocity_ego": [
      -0.4819044682994781,
      -0.1753109405327518
    ],
    "risk_level": "high",
    "risk_score": 0.6544206003582912
  },
  "nearest_vru": {
    "track_id": 40,
    "class": "motorcycle",
    "distance_m": 58.715503555833976,
    "bearing_deg": 152.148576689255,
    "position_ego": [
      -51.914019060135715,
      27.430730628968277,
      -1.673828125
    ],
    "velocity_ego": [
      -0.0005574226379394531,
      0.0006656646728515625
    ],
    "risk_level": "low",
    "risk_score": 0.1275
  },
  "nearest_any_object": {
    "track_id": 2,
    "class": "car",
    "distance_m": 6.077253285561182,
    "bearing_deg": 2.469868583591373,
    "position_ego": [
      6.071607654218171,
      0.26189308907166187,
      -1.419921875
    ],
    "velocity_ego": [
      -0.4819044682994781,
      -0.1753109405327518
    ],
    "risk_level": "high",
    "risk_score": 0.6544206003582912
  },
  "abnormal_flags": [
    "front_blocked",
    "high_risk_scene"
  ]
}