{
  "active_object_count": 4,
  "front_free_space_m": 8.450137494982886,
  "left_side_occupancy": 0.05158123067951925,
  "right_side_occupancy": 0.33282957910514277,
  "rear_gap_m": null,
  "nearest_front_vehicle": {
    "track_id": 1,
    "class": "car",
    "distance_m": 9.551898915802592,
    "bearing_deg": 4.998890039145795,
    "position_ego": [
      9.515567182482886,
      0.8323185047597161,
      -1.51171875
    ],
    "velocity_ego": [
      -1.9203201450609493,
      -0.24616817973423347
    ],
    "risk_level": "high",
    "risk_score": 0.7283607581314806
  },
  "nearest_vru": null,
  "nearest_any_object": {
    "track_id": 1,
    "class": "car",
    "distance_m": 9.551898915802592,
    "bearing_deg": 4.998890039145795,
    "position_ego": [
      9.515567182482886,
      0.8323185047597161,
      -1.51171875
    ],
    "velocity_ego": [
      -1.9203201450609493,
      -0.24616817973423347
    ],
    "risk_level": "high",
    "risk_score": 0.7283607581314806
  },
  "abnormal_flags": [
    "high_risk_scene"
  ]
}