{
  "sample_name": "sample_000024",
  "sequence_index": 24,
  "frame_id": 3944,
  "timestamp": 41.53108658269048,
  "prediction_variant": "single",
  "source_sample_dir": "D:\\Agent-AI\\outputs\\s3a_left_v3\\sample_000024",
  "source_prediction_dir": "D:\\Agent-AI\\outputs\\live_watch_compare_multilane\\lw_left_positive_v1\\inference\\sample_000024",
  "ego": {
    "frame_id": 3944,
    "timestamp": 41.53108658269048,
    "sample_name": "sample_000024",
    "town": "Carla/Maps/Town10HD_Opt",
    "weather": {
      "cloudiness": 20.0,
      "dust_storm": 0.0,
      "fog_density": 2.0,
      "fog_distance": 0.75,
      "fog_falloff": 0.10000000149011612,
      "mie_scattering_scale": 0.029999999329447746,
      "precipitation": 0.0,
      "precipitation_deposits": 0.0,
      "rayleigh_scattering_scale": 0.03310000151395798,
      "scattering_intensity": 1.0,
      "sun_altitude_angle": 45.0,
      "sun_azimuth_angle": 300.0,
      "wetness": 0.0,
      "wind_intensity": 10.0
    },
    "position_world": [
      108.46878814697266,
      33.65053939819336,
      0.000478019705042243
    ],
    "velocity_world": [
      -0.12832872569561005,
      0.49057111144065857,
      0.0012549685779958963
    ],
    "speed_mps": 0.5070797295937927,
    "yaw_deg": -103.4027099609375,
    "route_progress_m": 12.619961240805594,
    "world_from_ego_bevfusion": [
      [
        -0.23172497749328613,
        -0.9727741479873657,
        -0.0037360608112066984,
        108.46878814697266
      ],
      [
        0.9724754691123962,
        -0.23174670338630676,
        0.02418471872806549,
        33.65053939819336
      ],
      [
        -0.02439209073781967,
        0.001970975659787655,
        0.9997004866600037,
        0.000478019705042243
      ],
      [
        0.0,
        0.0,
        0.0,
        1.0
      ]
    ]
  },
  "detections": [
    {
      "detection_id": "sample_000024_det_0000",
      "class_id": 0,
      "class_name": "car",
      "class_group": "vehicle",
      "score": 0.71484375,
      "position_ego": [
        11.943603515625,
        1.4447784423828125,
        -1.169921875
      ],
      "size_xyz": [
        2.123046875,
        4.83203125,
        1.8369140625
      ],
      "yaw_rad": -1.8271484375,
      "velocity_ego": [
        -6.616115570068359e-06,
        -2.2649765014648438e-06
      ],
      "speed_mps": 6.9930754170600005e-06,
      "distance_m": 12.030671206795736,
      "bearing_deg": 6.897369377362101,
      "source_confidence": 0.71484375,
      "raw_box_9d": [
        11.943603515625,
        1.4447784423828125,
        -1.169921875,
        2.123046875,
        4.83203125,
        1.8369140625,
        -1.8271484375,
        -6.616115570068359e-06,
        -2.2649765014648438e-06
      ]
    },
    {
      "detection_id": "sample_000024_det_0001",
      "class_id": 0,
      "class_name": "car",
      "class_group": "vehicle",
      "score": 0.469482421875,
      "position_ego": [
        27.4354248046875,
        13.971168518066406,
        -0.5712890625
      ],
      "size_xyz": [
        2.140625,
        4.8984375,
        1.8701171875
      ],
      "yaw_rad": -1.9716796875,
      "velocity_ego": [
        -6.616115570068359e-06,
        -2.2649765014648438e-06
      ],
      "speed_mps": 6.9930754170600005e-06,
      "distance_m": 30.78792107261989,
      "bearing_deg": 26.986936056882527,
      "source_confidence": 0.469482421875,
      "raw_box_9d": [
        27.4354248046875,
        13.971168518066406,
        -0.5712890625,
        2.140625,
        4.8984375,
        1.8701171875,
        -1.9716796875,
        -6.616115570068359e-06,
        -2.2649765014648438e-06
      ]
    },
    {
      "detection_id": "sample_000024_det_0002",
      "class_id": 0,
      "class_name": "car",
      "class_group": "vehicle",
      "score": 0.1724853515625,
      "position_ego": [
        18.130958557128906,
        -8.15793228149414,
        -0.8173828125
      ],
      "size_xyz": [
        2.234375,
        5.0546875,
        1.888671875
      ],
      "yaw_rad": 1.486328125,
      "velocity_ego": [
        -6.616115570068359e-06,
        -2.2649765014648438e-06
      ],
      "speed_mps": 6.9930754170600005e-06,
      "distance_m": 19.881738286924765,
      "bearing_deg": -24.225119761784075,
      "source_confidence": 0.1724853515625,
      "raw_box_9d": [
        18.130958557128906,
        -8.15793228149414,
        -0.8173828125,
        2.234375,
        5.0546875,
        1.888671875,
        1.486328125,
        -6.616115570068359e-06,
        -2.2649765014648438e-06
      ]
    }
  ],
  "class_names": [
    "car",
    "truck",
    "construction_vehicle",
    "bus",
    "trailer",
    "barrier",
    "motorcycle",
    "bicycle",
    "pedestrian",
    "traffic_cone"
  ],
  "raw_prediction_count": 200,
  "filtered_prediction_count": 3
}