{
  "active_object_count": 5,
  "front_free_space_m": 10.863685255120664,
  "left_side_occupancy": 0.0,
  "right_side_occupancy": 0.5296863950923312,
  "rear_gap_m": null,
  "nearest_front_vehicle": {
    "track_id": 1,
    "class": "car",
    "distance_m": 12.010946896083048,
    "bearing_deg": 6.850067961157504,
    "position_ego": [
      11.925208692620664,
      1.4325651740746652,
      -1.169921875
    ],
    "velocity_ego": [
      -0.6437466679305559,
      -0.2021503235432809
    ],
    "risk_level": "high",
    "risk_score": 0.6099178982793771
  },
  "nearest_vru": null,
  "nearest_any_object": {
    "track_id": 1,
    "class": "car",
    "distance_m": 12.010946896083048,
    "bearing_deg": 6.850067961157504,
    "position_ego": [
      11.925208692620664,
      1.4325651740746652,
      -1.169921875
    ],
    "velocity_ego": [
      -0.6437466679305559,
      -0.2021503235432809
    ],
    "risk_level": "high",
    "risk_score": 0.6099178982793771
  },
  "abnormal_flags": [
    "high_risk_scene"
  ]
}