{
  "sample_name": "sample_000047",
  "sequence_index": 47,
  "frame_id": 726320,
  "timestamp": 5001.894624788314,
  "prediction_variant": "single",
  "source_sample_dir": "D:\\Agent-AI\\outputs\\s3a_ml_long_v1\\sample_000047",
  "source_prediction_dir": "D:\\Agent-AI\\outputs\\live_watch_compare_multilane\\lw_s3a_ml_long_v1\\inference\\sample_000047",
  "ego": {
    "frame_id": 726320,
    "timestamp": 5001.894624788314,
    "sample_name": "sample_000047",
    "town": "Carla/Maps/Town10HD_Opt",
    "weather": {
      "cloudiness": 20.0,
      "dust_storm": 0.0,
      "fog_density": 2.0,
      "fog_distance": 0.75,
      "fog_falloff": 0.10000000149011612,
      "mie_scattering_scale": 0.029999999329447746,
      "precipitation": 0.0,
      "precipitation_deposits": 0.0,
      "rayleigh_scattering_scale": 0.03310000151395798,
      "scattering_intensity": 1.0,
      "sun_altitude_angle": 45.0,
      "sun_azimuth_angle": 300.0,
      "wetness": 0.0,
      "wind_intensity": 10.0
    },
    "position_world": [
      103.61898040771484,
      37.35560607910156,
      -0.0042343903332948685
    ],
    "velocity_world": [
      0.0004037093312945217,
      -0.0010158948134630919,
      4.00543194700731e-06
    ],
    "speed_mps": 0.0010931786403331168,
    "yaw_deg": -109.16004180908203,
    "route_progress_m": 15.599987551489347,
    "world_from_ego_bevfusion": [
      [
        -0.32820770144462585,
        -0.9446054697036743,
        -0.00047626325977034867,
        103.61898040771484
      ],
      [
        0.944604754447937,
        -0.3282080590724945,
        0.0011483884882181883,
        37.35560607910156
      ],
      [
        -0.0012410874478518963,
        -7.297057163668796e-05,
        0.9999992251396179,
        -0.0042343903332948685
      ],
      [
        0.0,
        0.0,
        0.0,
        1.0
      ]
    ]
  },
  "detections": [
    {
      "detection_id": "sample_000047_det_0000",
      "class_id": 0,
      "class_name": "car",
      "class_group": "vehicle",
      "score": 0.8193359375,
      "position_ego": [
        6.3545684814453125,
        0.22723770141601562,
        -1.404296875
      ],
      "size_xyz": [
        2.150390625,
        4.95703125,
        1.791015625
      ],
      "yaw_rad": -1.6787109375,
      "velocity_ego": [
        -6.616115570068359e-06,
        -2.2649765014648438e-06
      ],
      "speed_mps": 6.9930754170600005e-06,
      "distance_m": 6.3586301636691385,
      "bearing_deg": 2.048009368061913,
      "source_confidence": 0.8193359375,
      "raw_box_9d": [
        6.3545684814453125,
        0.22723770141601562,
        -1.404296875,
        2.150390625,
        4.95703125,
        1.791015625,
        -1.6787109375,
        -6.616115570068359e-06,
        -2.2649765014648438e-06
      ]
    },
    {
      "detection_id": "sample_000047_det_0001",
      "class_id": 0,
      "class_name": "car",
      "class_group": "vehicle",
      "score": 0.7236328125,
      "position_ego": [
        5.976711273193359,
        -3.1983375549316406,
        -1.490234375
      ],
      "size_xyz": [
        2.1875,
        5.14453125,
        1.7841796875
      ],
      "yaw_rad": -1.66015625,
      "velocity_ego": [
        -6.616115570068359e-06,
        -2.2649765014648438e-06
      ],
      "speed_mps": 6.9930754170600005e-06,
      "distance_m": 6.778675442769235,
      "bearing_deg": -28.152721270878477,
      "source_confidence": 0.7236328125,
      "raw_box_9d": [
        5.976711273193359,
        -3.1983375549316406,
        -1.490234375,
        2.1875,
        5.14453125,
        1.7841796875,
        -1.66015625,
        -6.616115570068359e-06,
        -2.2649765014648438e-06
      ]
    },
    {
      "detection_id": "sample_000047_det_0002",
      "class_id": 0,
      "class_name": "car",
      "class_group": "vehicle",
      "score": 0.5146484375,
      "position_ego": [
        25.70171356201172,
        4.8922882080078125,
        -1.33984375
      ],
      "size_xyz": [
        2.15625,
        4.859375,
        1.861328125
      ],
      "yaw_rad": 0.9326171875,
      "velocity_ego": [
        -6.616115570068359e-06,
        -2.2649765014648438e-06
      ],
      "speed_mps": 6.9930754170600005e-06,
      "distance_m": 26.163191012067113,
      "bearing_deg": 10.777249733986283,
      "source_confidence": 0.5146484375,
      "raw_box_9d": [
        25.70171356201172,
        4.8922882080078125,
        -1.33984375,
        2.15625,
        4.859375,
        1.861328125,
        0.9326171875,
        -6.616115570068359e-06,
        -2.2649765014648438e-06
      ]
    },
    {
      "detection_id": "sample_000047_det_0003",
      "class_id": 0,
      "class_name": "car",
      "class_group": "vehicle",
      "score": 0.4013671875,
      "position_ego": [
        35.757354736328125,
        21.847930908203125,
        -0.921875
      ],
      "size_xyz": [
        2.185546875,
        5.12890625,
        1.8662109375
      ],
      "yaw_rad": -2.517578125,
      "velocity_ego": [
        -6.616115570068359e-06,
        -2.2649765014648438e-06
      ],
      "speed_mps": 6.9930754170600005e-06,
      "distance_m": 41.9037051191088,
      "bearing_deg": 31.425148598654268,
      "source_confidence": 0.4013671875,
      "raw_box_9d": [
        35.757354736328125,
        21.847930908203125,
        -0.921875,
        2.185546875,
        5.12890625,
        1.8662109375,
        -2.517578125,
        -6.616115570068359e-06,
        -2.2649765014648438e-06
      ]
    }
  ],
  "class_names": [
    "car",
    "truck",
    "construction_vehicle",
    "bus",
    "trailer",
    "barrier",
    "motorcycle",
    "bicycle",
    "pedestrian",
    "traffic_cone"
  ],
  "raw_prediction_count": 200,
  "filtered_prediction_count": 4
}