{
  "active_object_count": 8,
  "front_free_space_m": 10.622653637846774,
  "left_side_occupancy": 0.0,
  "right_side_occupancy": 1.0,
  "rear_gap_m": null,
  "nearest_front_vehicle": {
    "track_id": 1,
    "class": "car",
    "distance_m": 11.841888547858485,
    "bearing_deg": -8.477654024110928,
    "position_ego": [
      11.712497387846774,
      -1.745774704704021,
      -1.486328125
    ],
    "velocity_ego": [
      -4.676992670397959,
      -1.1161296496149822
    ],
    "risk_level": "critical",
    "risk_score": 0.8611858358910613
  },
  "nearest_vru": null,
  "nearest_any_object": {
    "track_id": 1,
    "class": "car",
    "distance_m": 11.841888547858485,
    "bearing_deg": -8.477654024110928,
    "position_ego": [
      11.712497387846774,
      -1.745774704704021,
      -1.486328125
    ],
    "velocity_ego": [
      -4.676992670397959,
      -1.1161296496149822
    ],
    "risk_level": "critical",
    "risk_score": 0.8611858358910613
  },
  "abnormal_flags": [
    "high_risk_scene"
  ]
}