{
  "sample_name": "sample_000048",
  "sequence_index": 48,
  "frame_id": 3968,
  "timestamp": 43.931086618453264,
  "prediction_variant": "single",
  "source_sample_dir": "D:\\Agent-AI\\outputs\\s3a_left_v3\\sample_000048",
  "source_prediction_dir": "D:\\Agent-AI\\outputs\\live_watch_compare_multilane\\lw_left_positive_v1\\inference\\sample_000048",
  "ego": {
    "frame_id": 3968,
    "timestamp": 43.931086618453264,
    "sample_name": "sample_000048",
    "town": "Carla/Maps/Town10HD_Opt",
    "weather": {
      "cloudiness": 20.0,
      "dust_storm": 0.0,
      "fog_density": 2.0,
      "fog_distance": 0.75,
      "fog_falloff": 0.10000000149011612,
      "mie_scattering_scale": 0.029999999329447746,
      "precipitation": 0.0,
      "precipitation_deposits": 0.0,
      "rayleigh_scattering_scale": 0.03310000151395798,
      "scattering_intensity": 1.0,
      "sun_altitude_angle": 45.0,
      "sun_azimuth_angle": 300.0,
      "wetness": 0.0,
      "wind_intensity": 10.0
    },
    "position_world": [
      106.42084503173828,
      39.7361946105957,
      -0.0017515182262286544
    ],
    "velocity_world": [
      -0.015320033766329288,
      0.017124585807323456,
      -0.00036325454129837453
    ],
    "speed_mps": 0.022980139850219086,
    "yaw_deg": -110.90497589111328,
    "route_progress_m": 19.04544037307094,
    "world_from_ego_bevfusion": [
      [
        -0.356789767742157,
        -0.9341721534729004,
        -0.004838903900235891,
        106.42084503173828
      ],
      [
        0.9340965151786804,
        -0.3568224310874939,
        0.011892316862940788,
        39.7361946105957
      ],
      [
        -0.012836102396249771,
        -0.00027694646269083023,
        0.9999175667762756,
        -0.0017515182262286544
      ],
      [
        0.0,
        0.0,
        0.0,
        1.0
      ]
    ]
  },
  "detections": [
    {
      "detection_id": "sample_000048_det_0000",
      "class_id": 0,
      "class_name": "car",
      "class_group": "vehicle",
      "score": 0.66943359375,
      "position_ego": [
        22.713134765625,
        10.529609680175781,
        -1.1201171875
      ],
      "size_xyz": [
        2.14453125,
        4.921875,
        1.833984375
      ],
      "yaw_rad": -2.166015625,
      "velocity_ego": [
        0.0157318115234375,
        0.0159912109375
      ],
      "speed_mps": 0.02243231421535862,
      "distance_m": 25.035158695288803,
      "bearing_deg": 24.872024600563723,
      "source_confidence": 0.66943359375,
      "raw_box_9d": [
        22.713134765625,
        10.529609680175781,
        -1.1201171875,
        2.14453125,
        4.921875,
        1.833984375,
        -2.166015625,
        0.0157318115234375,
        0.0159912109375
      ]
    },
    {
      "detection_id": "sample_000048_det_0001",
      "class_id": 0,
      "class_name": "car",
      "class_group": "vehicle",
      "score": 0.64599609375,
      "position_ego": [
        5.652103424072266,
        0.07939529418945312,
        -1.416015625
      ],
      "size_xyz": [
        2.16796875,
        4.91796875,
        1.8955078125
      ],
      "yaw_rad": -1.6591796875,
      "velocity_ego": [
        -6.616115570068359e-06,
        -2.2649765014648438e-06
      ],
      "speed_mps": 6.9930754170600005e-06,
      "distance_m": 5.6526610308021175,
      "bearing_deg": 0.8047828855414496,
      "source_confidence": 0.64599609375,
      "raw_box_9d": [
        5.652103424072266,
        0.07939529418945312,
        -1.416015625,
        2.16796875,
        4.91796875,
        1.8955078125,
        -1.6591796875,
        -6.616115570068359e-06,
        -2.2649765014648438e-06
      ]
    },
    {
      "detection_id": "sample_000048_det_0002",
      "class_id": 0,
      "class_name": "car",
      "class_group": "vehicle",
      "score": 0.35205078125,
      "position_ego": [
        34.16206359863281,
        1.1619148254394531,
        -0.5869140625
      ],
      "size_xyz": [
        2.2109375,
        4.99609375,
        1.9072265625
      ],
      "yaw_rad": 1.1875,
      "velocity_ego": [
        -0.038604736328125,
        -0.0185089111328125
      ],
      "speed_mps": 0.04281244513323672,
      "distance_m": 34.181817321181285,
      "bearing_deg": 1.9479842796811564,
      "source_confidence": 0.35205078125,
      "raw_box_9d": [
        34.16206359863281,
        1.1619148254394531,
        -0.5869140625,
        2.2109375,
        4.99609375,
        1.9072265625,
        1.1875,
        -0.038604736328125,
        -0.0185089111328125
      ]
    },
    {
      "detection_id": "sample_000048_det_0003",
      "class_id": 0,
      "class_name": "car",
      "class_group": "vehicle",
      "score": 0.2366943359375,
      "position_ego": [
        28.4271240234375,
        -2.643383026123047,
        -0.7255859375
      ],
      "size_xyz": [
        2.28125,
        5.18359375,
        1.9482421875
      ],
      "yaw_rad": 1.119140625,
      "velocity_ego": [
        -6.616115570068359e-06,
        -2.2649765014648438e-06
      ],
      "speed_mps": 6.9930754170600005e-06,
      "distance_m": 28.549761015929587,
      "bearing_deg": -5.312546215968519,
      "source_confidence": 0.2366943359375,
      "raw_box_9d": [
        28.4271240234375,
        -2.643383026123047,
        -0.7255859375,
        2.28125,
        5.18359375,
        1.9482421875,
        1.119140625,
        -6.616115570068359e-06,
        -2.2649765014648438e-06
      ]
    },
    {
      "detection_id": "sample_000048_det_0006",
      "class_id": 0,
      "class_name": "car",
      "class_group": "vehicle",
      "score": 0.1123046875,
      "position_ego": [
        39.4398193359375,
        6.347206115722656,
        -0.43798828125
      ],
      "size_xyz": [
        2.271484375,
        5.0546875,
        1.9384765625
      ],
      "yaw_rad": 1.025390625,
      "velocity_ego": [
        -0.0250244140625,
        -0.036865234375
      ],
      "speed_mps": 0.04455633293590407,
      "distance_m": 39.94729496132193,
      "bearing_deg": 9.142445287922778,
      "source_confidence": 0.1123046875,
      "raw_box_9d": [
        39.4398193359375,
        6.347206115722656,
        -0.43798828125,
        2.271484375,
        5.0546875,
        1.9384765625,
        1.025390625,
        -0.0250244140625,
        -0.036865234375
      ]
    },
    {
      "detection_id": "sample_000048_det_0004",
      "class_id": 0,
      "class_name": "car",
      "class_group": "vehicle",
      "score": 0.10467529296875,
      "position_ego": [
        -17.80832290649414,
        -51.8281135559082,
        -0.9970703125
      ],
      "size_xyz": [
        2.291015625,
        5.234375,
        2.041015625
      ],
      "yaw_rad": -2.87109375,
      "velocity_ego": [
        -6.616115570068359e-06,
        -2.2649765014648438e-06
      ],
      "speed_mps": 6.9930754170600005e-06,
      "distance_m": 54.80227841528197,
      "bearing_deg": -108.96290234375813,
      "source_confidence": 0.10467529296875,
      "raw_box_9d": [
        -17.80832290649414,
        -51.8281135559082,
        -0.9970703125,
        2.291015625,
        5.234375,
        2.041015625,
        -2.87109375,
        -6.616115570068359e-06,
        -2.2649765014648438e-06
      ]
    }
  ],
  "class_names": [
    "car",
    "truck",
    "construction_vehicle",
    "bus",
    "trailer",
    "barrier",
    "motorcycle",
    "bicycle",
    "pedestrian",
    "traffic_cone"
  ],
  "raw_prediction_count": 200,
  "filtered_prediction_count": 6
}