{
  "active_object_count": 6,
  "front_free_space_m": 4.575527154143622,
  "left_side_occupancy": 0.1652631895385105,
  "right_side_occupancy": 0.04691099148091438,
  "rear_gap_m": 17.80832290649414,
  "nearest_front_vehicle": {
    "track_id": 1,
    "class": "car",
    "distance_m": 5.660204442544402,
    "bearing_deg": 0.8965313531756159,
    "position_ego": [
      5.659511529143622,
      0.08856400448157581,
      -1.416015625
    ],
    "velocity_ego": [
      -1.0969313551768705,
      -0.3044602509370116
    ],
    "risk_level": "high",
    "risk_score": 0.657548466680917
  },
  "nearest_vru": null,
  "nearest_any_object": {
    "track_id": 1,
    "class": "car",
    "distance_m": 5.660204442544402,
    "bearing_deg": 0.8965313531756159,
    "position_ego": [
      5.659511529143622,
      0.08856400448157581,
      -1.416015625
    ],
    "velocity_ego": [
      -1.0969313551768705,
      -0.3044602509370116
    ],
    "risk_level": "high",
    "risk_score": 0.657548466680917
  },
  "abnormal_flags": [
    "front_blocked",
    "high_risk_scene"
  ]
}