{
  "active_object_count": 4,
  "front_free_space_m": 5.387963279059063,
  "left_side_occupancy": 0.12169931257279187,
  "right_side_occupancy": 0.7726442351180162,
  "rear_gap_m": null,
  "nearest_front_vehicle": {
    "track_id": 1,
    "class": "car",
    "distance_m": 6.468247404659646,
    "bearing_deg": 2.043182295571751,
    "position_ego": [
      6.464135154059063,
      0.2306104896661446,
      -1.4580078125
    ],
    "velocity_ego": [
      0.09352284722444051,
      -0.004409088717691342
    ],
    "risk_level": "high",
    "risk_score": 0.6514881444650527
  },
  "nearest_vru": null,
  "nearest_any_object": {
    "track_id": 1,
    "class": "car",
    "distance_m": 6.468247404659646,
    "bearing_deg": 2.043182295571751,
    "position_ego": [
      6.464135154059063,
      0.2306104896661446,
      -1.4580078125
    ],
    "velocity_ego": [
      0.09352284722444051,
      -0.004409088717691342
    ],
    "risk_level": "high",
    "risk_score": 0.6514881444650527
  },
  "abnormal_flags": [
    "front_blocked",
    "high_risk_scene"
  ]
}