{
  "sample_name": "sample_000025",
  "sequence_index": 25,
  "frame_id": 60026,
  "timestamp": 437.5197007879615,
  "prediction_variant": "single",
  "source_sample_dir": "D:\\Agent-AI\\outputs\\s3a_ml_long_v2\\sample_000025",
  "source_prediction_dir": "D:\\Agent-AI\\outputs\\live_watch_compare_multilane\\lw_s3a_ml_long_v2\\inference\\sample_000025",
  "ego": {
    "frame_id": 60026,
    "timestamp": 437.5197007879615,
    "sample_name": "sample_000025",
    "town": "Carla/Maps/Town10HD_Opt",
    "weather": {
      "cloudiness": 20.0,
      "dust_storm": 0.0,
      "fog_density": 2.0,
      "fog_distance": 0.75,
      "fog_falloff": 0.10000000149011612,
      "mie_scattering_scale": 0.029999999329447746,
      "precipitation": 0.0,
      "precipitation_deposits": 0.0,
      "rayleigh_scattering_scale": 0.03310000151395798,
      "scattering_intensity": 1.0,
      "sun_altitude_angle": 45.0,
      "sun_azimuth_angle": 300.0,
      "wetness": 0.0,
      "wind_intensity": 10.0
    },
    "position_world": [
      103.355712890625,
      38.24557876586914,
      -0.004776610992848873
    ],
    "velocity_world": [
      -2.9384663105010986,
      7.687097549438477,
      0.00010260581620968878
    ],
    "speed_mps": 8.229584011544018,
    "yaw_deg": -110.24443817138672,
    "route_progress_m": 16.530698879163005,
    "world_from_ego_bevfusion": [
      [
        -0.3460252583026886,
        -0.9381863474845886,
        0.00853596068918705,
        103.355712890625
      ],
      [
        0.9382230043411255,
        -0.34602975845336914,
        0.0009919109288603067,
        38.24557876586914
      ],
      [
        0.002023099223151803,
        0.008351861499249935,
        0.999963104724884,
        -0.004776610992848873
      ],
      [
        0.0,
        0.0,
        0.0,
        1.0
      ]
    ]
  },
  "detections": [
    {
      "detection_id": "sample_000025_det_0000",
      "class_id": 0,
      "class_name": "car",
      "class_group": "vehicle",
      "score": 0.693359375,
      "position_ego": [
        8.86977767944336,
        -2.4812965393066406,
        -1.482421875
      ],
      "size_xyz": [
        2.205078125,
        5.08203125,
        1.8515625
      ],
      "yaw_rad": -1.6767578125,
      "velocity_ego": [
        -6.616115570068359e-06,
        -2.2649765014648438e-06
      ],
      "speed_mps": 6.9930754170600005e-06,
      "distance_m": 9.210308822114856,
      "bearing_deg": -15.628820624306293,
      "source_confidence": 0.693359375,
      "raw_box_9d": [
        8.86977767944336,
        -2.4812965393066406,
        -1.482421875,
        2.205078125,
        5.08203125,
        1.8515625,
        -1.6767578125,
        -6.616115570068359e-06,
        -2.2649765014648438e-06
      ]
    },
    {
      "detection_id": "sample_000025_det_0001",
      "class_id": 0,
      "class_name": "car",
      "class_group": "vehicle",
      "score": 0.57666015625,
      "position_ego": [
        35.197052001953125,
        21.241737365722656,
        -1.5029296875
      ],
      "size_xyz": [
        2.16015625,
        5.03515625,
        1.830078125
      ],
      "yaw_rad": -2.689453125,
      "velocity_ego": [
        -6.616115570068359e-06,
        -2.2649765014648438e-06
      ],
      "speed_mps": 6.9930754170600005e-06,
      "distance_m": 41.11014322454412,
      "bearing_deg": 31.111358892875415,
      "source_confidence": 0.57666015625,
      "raw_box_9d": [
        35.197052001953125,
        21.241737365722656,
        -1.5029296875,
        2.16015625,
        5.03515625,
        1.830078125,
        -2.689453125,
        -6.616115570068359e-06,
        -2.2649765014648438e-06
      ]
    },
    {
      "detection_id": "sample_000025_det_0002",
      "class_id": 0,
      "class_name": "car",
      "class_group": "vehicle",
      "score": 0.298583984375,
      "position_ego": [
        52.41767883300781,
        47.679588317871094,
        -1.09375
      ],
      "size_xyz": [
        2.22265625,
        5.05859375,
        1.916015625
      ],
      "yaw_rad": 0.3720703125,
      "velocity_ego": [
        -0.0009212493896484375,
        -0.042694091796875
      ],
      "speed_mps": 0.04270402995968784,
      "distance_m": 70.85870586175015,
      "bearing_deg": 42.28993491568281,
      "source_confidence": 0.298583984375,
      "raw_box_9d": [
        52.41767883300781,
        47.679588317871094,
        -1.09375,
        2.22265625,
        5.05859375,
        1.916015625,
        0.3720703125,
        -0.0009212493896484375,
        -0.042694091796875
      ]
    },
    {
      "detection_id": "sample_000025_det_0003",
      "class_id": 0,
      "class_name": "car",
      "class_group": "vehicle",
      "score": 0.15966796875,
      "position_ego": [
        49.42961883544922,
        48.39228820800781,
        -1.34375
      ],
      "size_xyz": [
        2.2421875,
        5.09765625,
        1.9833984375
      ],
      "yaw_rad": 0.363037109375,
      "velocity_ego": [
        -6.616115570068359e-06,
        -2.2649765014648438e-06
      ],
      "speed_mps": 6.9930754170600005e-06,
      "distance_m": 69.17442284706601,
      "bearing_deg": 44.39244243916948,
      "source_confidence": 0.15966796875,
      "raw_box_9d": [
        49.42961883544922,
        48.39228820800781,
        -1.34375,
        2.2421875,
        5.09765625,
        1.9833984375,
        0.363037109375,
        -6.616115570068359e-06,
        -2.2649765014648438e-06
      ]
    }
  ],
  "class_names": [
    "car",
    "truck",
    "construction_vehicle",
    "bus",
    "trailer",
    "barrier",
    "motorcycle",
    "bicycle",
    "pedestrian",
    "traffic_cone"
  ],
  "raw_prediction_count": 200,
  "filtered_prediction_count": 4
}