{
  "active_object_count": 7,
  "front_free_space_m": null,
  "left_side_occupancy": 0.39848187369811605,
  "right_side_occupancy": 0.7982571308613224,
  "rear_gap_m": 17.139474408656888,
  "nearest_front_vehicle": null,
  "nearest_vru": null,
  "nearest_any_object": {
    "track_id": 1,
    "class": "car",
    "distance_m": 17.14198628471345,
    "bearing_deg": -179.01912997002577,
    "position_ego": [
      -17.139474408656888,
      -0.29344638402895235,
      -1.482421875
    ],
    "velocity_ego": [
      -4.969364264513242,
      2.0206370984606004
    ],
    "risk_level": "low",
    "risk_score": 0.22143510286464912
  },
  "abnormal_flags": []
}