{
  "sample_name": "sample_000057",
  "sequence_index": 57,
  "frame_id": 60058,
  "timestamp": 440.7197008356452,
  "prediction_variant": "single",
  "source_sample_dir": "D:\\Agent-AI\\outputs\\s3a_ml_long_v2\\sample_000057",
  "source_prediction_dir": "D:\\Agent-AI\\outputs\\live_watch_compare_multilane\\lw_s3a_ml_long_v2\\inference\\sample_000057",
  "ego": {
    "frame_id": 60058,
    "timestamp": 440.7197008356452,
    "sample_name": "sample_000057",
    "town": "Carla/Maps/Town10HD_Opt",
    "weather": {
      "cloudiness": 20.0,
      "dust_storm": 0.0,
      "fog_density": 2.0,
      "fog_distance": 0.75,
      "fog_falloff": 0.10000000149011612,
      "mie_scattering_scale": 0.029999999329447746,
      "precipitation": 0.0,
      "precipitation_deposits": 0.0,
      "rayleigh_scattering_scale": 0.03310000151395798,
      "scattering_intensity": 1.0,
      "sun_altitude_angle": 45.0,
      "sun_azimuth_angle": 300.0,
      "wetness": 0.0,
      "wind_intensity": 10.0
    },
    "position_world": [
      87.33354949951172,
      57.72303771972656,
      -0.003904380602762103
    ],
    "velocity_world": [
      -6.5024895668029785,
      4.160303115844727,
      0.00010136604396393523
    ],
    "speed_mps": 7.719487845211235,
    "yaw_deg": -146.59165954589844,
    "route_progress_m": 42.172972960830066,
    "world_from_ego_bevfusion": [
      [
        -0.8347659707069397,
        -0.5505954027175903,
        0.0032379571348428726,
        87.33354949951172
      ],
      [
        0.5506010055541992,
        -0.8347234725952148,
        0.008672885596752167,
        57.72303771972656
      ],
      [
        -0.0020724518690258265,
        0.009022652171552181,
        0.9999571442604065,
        -0.003904380602762103
      ],
      [
        0.0,
        0.0,
        0.0,
        1.0
      ]
    ]
  },
  "detections": [
    {
      "detection_id": "sample_000057_det_0001",
      "class_id": 0,
      "class_name": "car",
      "class_group": "vehicle",
      "score": 0.58544921875,
      "position_ego": [
        16.692337036132812,
        3.5813980102539062,
        -1.4130859375
      ],
      "size_xyz": [
        2.173828125,
        4.99609375,
        1.794921875
      ],
      "yaw_rad": -2.0078125,
      "velocity_ego": [
        -6.616115570068359e-06,
        -2.2649765014648438e-06
      ],
      "speed_mps": 6.9930754170600005e-06,
      "distance_m": 17.072215071152947,
      "bearing_deg": 12.109421323753553,
      "source_confidence": 0.58544921875,
      "raw_box_9d": [
        16.692337036132812,
        3.5813980102539062,
        -1.4130859375,
        2.173828125,
        4.99609375,
        1.794921875,
        -2.0078125,
        -6.616115570068359e-06,
        -2.2649765014648438e-06
      ]
    },
    {
      "detection_id": "sample_000057_det_0002",
      "class_id": 0,
      "class_name": "car",
      "class_group": "vehicle",
      "score": 0.57666015625,
      "position_ego": [
        -18.068405151367188,
        0.03061676025390625,
        -1.48046875
      ],
      "size_xyz": [
        2.169921875,
        5.07421875,
        1.83203125
      ],
      "yaw_rad": -1.12109375,
      "velocity_ego": [
        -6.616115570068359e-06,
        -2.2649765014648438e-06
      ],
      "speed_mps": 6.9930754170600005e-06,
      "distance_m": 18.068431091269677,
      "bearing_deg": 179.90291287740874,
      "source_confidence": 0.57666015625,
      "raw_box_9d": [
        -18.068405151367188,
        0.03061676025390625,
        -1.48046875,
        2.169921875,
        5.07421875,
        1.83203125,
        -1.12109375,
        -6.616115570068359e-06,
        -2.2649765014648438e-06
      ]
    },
    {
      "detection_id": "sample_000057_det_0000",
      "class_id": 0,
      "class_name": "car",
      "class_group": "vehicle",
      "score": 0.486572265625,
      "position_ego": [
        46.365753173828125,
        14.825172424316406,
        -0.9892578125
      ],
      "size_xyz": [
        2.240234375,
        5.046875,
        1.8388671875
      ],
      "yaw_rad": 0.982421875,
      "velocity_ego": [
        -6.616115570068359e-06,
        -2.2649765014648438e-06
      ],
      "speed_mps": 6.9930754170600005e-06,
      "distance_m": 48.67821694338305,
      "bearing_deg": 17.731366543302897,
      "source_confidence": 0.486572265625,
      "raw_box_9d": [
        46.365753173828125,
        14.825172424316406,
        -0.9892578125,
        2.240234375,
        5.046875,
        1.8388671875,
        0.982421875,
        -6.616115570068359e-06,
        -2.2649765014648438e-06
      ]
    },
    {
      "detection_id": "sample_000057_det_0003",
      "class_id": 0,
      "class_name": "car",
      "class_group": "vehicle",
      "score": 0.43359375,
      "position_ego": [
        44.46284484863281,
        17.118499755859375,
        -1.1328125
      ],
      "size_xyz": [
        2.224609375,
        5.01953125,
        1.8818359375
      ],
      "yaw_rad": 0.9521484375,
      "velocity_ego": [
        -6.616115570068359e-06,
        -2.2649765014648438e-06
      ],
      "speed_mps": 6.9930754170600005e-06,
      "distance_m": 47.64438692988872,
      "bearing_deg": 21.057047309755873,
      "source_confidence": 0.43359375,
      "raw_box_9d": [
        44.46284484863281,
        17.118499755859375,
        -1.1328125,
        2.224609375,
        5.01953125,
        1.8818359375,
        0.9521484375,
        -6.616115570068359e-06,
        -2.2649765014648438e-06
      ]
    },
    {
      "detection_id": "sample_000057_det_0004",
      "class_id": 0,
      "class_name": "car",
      "class_group": "vehicle",
      "score": 0.353759765625,
      "position_ego": [
        -25.715185165405273,
        -9.458202362060547,
        -1.107421875
      ],
      "size_xyz": [
        2.2109375,
        4.98046875,
        1.9140625
      ],
      "yaw_rad": -1.9013671875,
      "velocity_ego": [
        -6.616115570068359e-06,
        -2.2649765014648438e-06
      ],
      "speed_mps": 6.9930754170600005e-06,
      "distance_m": 27.399422256915695,
      "bearing_deg": -159.80616925426233,
      "source_confidence": 0.353759765625,
      "raw_box_9d": [
        -25.715185165405273,
        -9.458202362060547,
        -1.107421875,
        2.2109375,
        4.98046875,
        1.9140625,
        -1.9013671875,
        -6.616115570068359e-06,
        -2.2649765014648438e-06
      ]
    },
    {
      "detection_id": "sample_000057_det_0005",
      "class_id": 0,
      "class_name": "car",
      "class_group": "vehicle",
      "score": 0.343505859375,
      "position_ego": [
        50.483497619628906,
        25.36516571044922,
        -0.98193359375
      ],
      "size_xyz": [
        2.212890625,
        5.015625,
        1.857421875
      ],
      "yaw_rad": 0.9658203125,
      "velocity_ego": [
        -6.616115570068359e-06,
        -2.2649765014648438e-06
      ],
      "speed_mps": 6.9930754170600005e-06,
      "distance_m": 56.497567765609396,
      "bearing_deg": 26.67699826126594,
      "source_confidence": 0.343505859375,
      "raw_box_9d": [
        50.483497619628906,
        25.36516571044922,
        -0.98193359375,
        2.212890625,
        5.015625,
        1.857421875,
        0.9658203125,
        -6.616115570068359e-06,
        -2.2649765014648438e-06
      ]
    }
  ],
  "class_names": [
    "car",
    "truck",
    "construction_vehicle",
    "bus",
    "trailer",
    "barrier",
    "motorcycle",
    "bicycle",
    "pedestrian",
    "traffic_cone"
  ],
  "raw_prediction_count": 200,
  "filtered_prediction_count": 6
}