{
  "active_object_count": 8,
  "front_free_space_m": null,
  "left_side_occupancy": 0.42515231735490244,
  "right_side_occupancy": 0.889840669571655,
  "rear_gap_m": 17.91095652741692,
  "nearest_front_vehicle": null,
  "nearest_vru": null,
  "nearest_any_object": {
    "track_id": 2,
    "class": "car",
    "distance_m": 17.245430479352926,
    "bearing_deg": 12.187150766777666,
    "position_ego": [
      16.856774725893747,
      3.6406068530761155,
      -1.4130859375
    ],
    "velocity_ego": [
      -4.407075451945111,
      -2.21931763582485
    ],
    "risk_level": "medium",
    "risk_score": 0.420659271404853
  },
  "abnormal_flags": []
}