{
  "active_object_count": 4,
  "front_free_space_m": 15.99077914778945,
  "left_side_occupancy": 0.0,
  "right_side_occupancy": 0.07103401089283201,
  "rear_gap_m": null,
  "nearest_front_vehicle": {
    "track_id": 1,
    "class": "car",
    "distance_m": 17.05474682098608,
    "bearing_deg": 0.4348162145139143,
    "position_ego": [
      17.05425571028945,
      0.12942679782199062,
      -1.359375
    ],
    "velocity_ego": [
      -4.91841821265218,
      -2.0873541360905743
    ],
    "risk_level": "high",
    "risk_score": 0.6720893988426044
  },
  "nearest_vru": null,
  "nearest_any_object": {
    "track_id": 1,
    "class": "car",
    "distance_m": 17.05474682098608,
    "bearing_deg": 0.4348162145139143,
    "position_ego": [
      17.05425571028945,
      0.12942679782199062,
      -1.359375
    ],
    "velocity_ego": [
      -4.91841821265218,
      -2.0873541360905743
    ],
    "risk_level": "high",
    "risk_score": 0.6720893988426044
  },
  "abnormal_flags": [
    "high_risk_scene"
  ]
}