{
  "active_object_count": 10,
  "front_free_space_m": 5.259296757077415,
  "left_side_occupancy": 0.1276461603576421,
  "right_side_occupancy": 1.0,
  "rear_gap_m": null,
  "nearest_front_vehicle": {
    "track_id": 1,
    "class": "car",
    "distance_m": 6.329084198963599,
    "bearing_deg": 2.3525404901288844,
    "position_ego": [
      6.323749882077415,
      0.2597965097852244,
      -1.4140625
    ],
    "velocity_ego": [
      -1.3532180127010838,
      -0.2660270711369003
    ],
    "risk_level": "high",
    "risk_score": 0.752531868507773
  },
  "nearest_vru": {
    "track_id": 19,
    "class": "pedestrian",
    "distance_m": 28.99276767972204,
    "bearing_deg": -39.422032388615456,
    "position_ego": [
      22.39660682677598,
      -18.41120800971915,
      -0.5703125
    ],
    "velocity_ego": [
      -0.004192352294921875,
      0.0004687309265136719
    ],
    "risk_level": "low",
    "risk_score": 0.282671106041772
  },
  "nearest_any_object": {
    "track_id": 1,
    "class": "car",
    "distance_m": 6.329084198963599,
    "bearing_deg": 2.3525404901288844,
    "position_ego": [
      6.323749882077415,
      0.2597965097852244,
      -1.4140625
    ],
    "velocity_ego": [
      -1.3532180127010838,
      -0.2660270711369003
    ],
    "risk_level": "high",
    "risk_score": 0.752531868507773
  },
  "abnormal_flags": [
    "front_blocked",
    "high_risk_scene"
  ]
}