{
  "active_object_count": 8,
  "front_free_space_m": 10.11146993060306,
  "left_side_occupancy": 0.0,
  "right_side_occupancy": 1.0,
  "rear_gap_m": null,
  "nearest_front_vehicle": {
    "track_id": 1,
    "class": "car",
    "distance_m": 11.280210914508686,
    "bearing_deg": 7.254090634600369,
    "position_ego": [
      11.18992339762162,
      1.4243498977291869,
      -1.193359375
    ],
    "velocity_ego": [
      -0.9735408723154582,
      -0.18579322058806247
    ],
    "risk_level": "high",
    "risk_score": 0.6153984181411849
  },
  "nearest_vru": null,
  "nearest_any_object": {
    "track_id": 1,
    "class": "car",
    "distance_m": 11.280210914508686,
    "bearing_deg": 7.254090634600369,
    "position_ego": [
      11.18992339762162,
      1.4243498977291869,
      -1.193359375
    ],
    "velocity_ego": [
      -0.9735408723154582,
      -0.18579322058806247
    ],
    "risk_level": "high",
    "risk_score": 0.6153984181411849
  },
  "abnormal_flags": [
    "high_risk_scene"
  ]
}