{
  "active_object_count": 2,
  "front_free_space_m": 5.3843372579098965,
  "left_side_occupancy": 0.0,
  "right_side_occupancy": 0.7732014128055114,
  "rear_gap_m": null,
  "nearest_front_vehicle": {
    "track_id": 1,
    "class": "car",
    "distance_m": 6.450835337201823,
    "bearing_deg": 2.0173338999628347,
    "position_ego": [
      6.4468372579098965,
      0.22708130199678445,
      -1.4814453125
    ],
    "velocity_ego": [
      0.004931460428300275,
      -0.0015524600843282441
    ],
    "risk_level": "high",
    "risk_score": 0.6516187349709863
  },
  "nearest_vru": null,
  "nearest_any_object": {
    "track_id": 1,
    "class": "car",
    "distance_m": 6.450835337201823,
    "bearing_deg": 2.0173338999628347,
    "position_ego": [
      6.4468372579098965,
      0.22708130199678445,
      -1.4814453125
    ],
    "velocity_ego": [
      0.004931460428300275,
      -0.0015524600843282441
    ],
    "risk_level": "high",
    "risk_score": 0.6516187349709863
  },
  "abnormal_flags": [
    "front_blocked",
    "high_risk_scene"
  ]
}