{
  "sample_name": "sample_000060",
  "sequence_index": 60,
  "frame_id": 60061,
  "timestamp": 441.01970084011555,
  "prediction_variant": "single",
  "source_sample_dir": "D:\\Agent-AI\\outputs\\s3a_ml_long_v2\\sample_000060",
  "source_prediction_dir": "D:\\Agent-AI\\outputs\\live_watch_compare_multilane\\lw_s3a_ml_long_v2\\inference\\sample_000060",
  "ego": {
    "frame_id": 60061,
    "timestamp": 441.01970084011555,
    "sample_name": "sample_000060",
    "town": "Carla/Maps/Town10HD_Opt",
    "weather": {
      "cloudiness": 20.0,
      "dust_storm": 0.0,
      "fog_density": 2.0,
      "fog_distance": 0.75,
      "fog_falloff": 0.10000000149011612,
      "mie_scattering_scale": 0.029999999329447746,
      "precipitation": 0.0,
      "precipitation_deposits": 0.0,
      "rayleigh_scattering_scale": 0.03310000151395798,
      "scattering_intensity": 1.0,
      "sun_altitude_angle": 45.0,
      "sun_azimuth_angle": 300.0,
      "wetness": 0.0,
      "wind_intensity": 10.0
    },
    "position_world": [
      85.29938507080078,
      58.919281005859375,
      -0.004227409139275551
    ],
    "velocity_world": [
      -6.736774921417236,
      3.763955593109131,
      0.00010658263636287302
    ],
    "speed_mps": 7.716961711716184,
    "yaw_deg": -150.03404235839844,
    "route_progress_m": 44.53299014905392,
    "world_from_ego_bevfusion": [
      [
        -0.8663221001625061,
        -0.49947047233581543,
        0.0038909350987523794,
        85.29938507080078
      ],
      [
        0.4994853138923645,
        -0.8662867546081543,
        0.007853287272155285,
        58.919281005859375
      ],
      [
        -0.0005518198013305664,
        0.008746941573917866,
        0.9999615550041199,
        -0.004227409139275551
      ],
      [
        0.0,
        0.0,
        0.0,
        1.0
      ]
    ]
  },
  "detections": [
    {
      "detection_id": "sample_000060_det_0000",
      "class_id": 0,
      "class_name": "car",
      "class_group": "vehicle",
      "score": 0.6845703125,
      "position_ego": [
        14.5458984375,
        2.629871368408203,
        -1.376953125
      ],
      "size_xyz": [
        2.16015625,
        5.0078125,
        1.8388671875
      ],
      "yaw_rad": -1.9501953125,
      "velocity_ego": [
        -6.616115570068359e-06,
        -2.2649765014648438e-06
      ],
      "speed_mps": 6.9930754170600005e-06,
      "distance_m": 14.781724688561825,
      "bearing_deg": 10.248262396250773,
      "source_confidence": 0.6845703125,
      "raw_box_9d": [
        14.5458984375,
        2.629871368408203,
        -1.376953125,
        2.16015625,
        5.0078125,
        1.8388671875,
        -1.9501953125,
        -6.616115570068359e-06,
        -2.2649765014648438e-06
      ]
    },
    {
      "detection_id": "sample_000060_det_0003",
      "class_id": 0,
      "class_name": "car",
      "class_group": "vehicle",
      "score": 0.53466796875,
      "position_ego": [
        -20.42050552368164,
        1.1714363098144531,
        -1.4404296875
      ],
      "size_xyz": [
        2.166015625,
        5.0625,
        1.798828125
      ],
      "yaw_rad": -1.0498046875,
      "velocity_ego": [
        -6.616115570068359e-06,
        -2.2649765014648438e-06
      ],
      "speed_mps": 6.9930754170600005e-06,
      "distance_m": 20.454078049881986,
      "bearing_deg": 176.71678663290228,
      "source_confidence": 0.53466796875,
      "raw_box_9d": [
        -20.42050552368164,
        1.1714363098144531,
        -1.4404296875,
        2.166015625,
        5.0625,
        1.798828125,
        -1.0498046875,
        -6.616115570068359e-06,
        -2.2649765014648438e-06
      ]
    },
    {
      "detection_id": "sample_000060_det_0001",
      "class_id": 0,
      "class_name": "car",
      "class_group": "vehicle",
      "score": 0.43017578125,
      "position_ego": [
        43.03125762939453,
        14.377738952636719,
        -1.17578125
      ],
      "size_xyz": [
        2.16796875,
        4.8828125,
        1.8173828125
      ],
      "yaw_rad": 1.0419921875,
      "velocity_ego": [
        -6.616115570068359e-06,
        -2.2649765014648438e-06
      ],
      "speed_mps": 6.9930754170600005e-06,
      "distance_m": 45.36968713312328,
      "bearing_deg": 18.47566654045323,
      "source_confidence": 0.43017578125,
      "raw_box_9d": [
        43.03125762939453,
        14.377738952636719,
        -1.17578125,
        2.16796875,
        4.8828125,
        1.8173828125,
        1.0419921875,
        -6.616115570068359e-06,
        -2.2649765014648438e-06
      ]
    },
    {
      "detection_id": "sample_000060_det_0002",
      "class_id": 0,
      "class_name": "car",
      "class_group": "vehicle",
      "score": 0.42333984375,
      "position_ego": [
        44.91899871826172,
        12.043655395507812,
        -1.19921875
      ],
      "size_xyz": [
        2.21484375,
        4.9765625,
        1.8447265625
      ],
      "yaw_rad": 1.0537109375,
      "velocity_ego": [
        -6.616115570068359e-06,
        -2.2649765014648438e-06
      ],
      "speed_mps": 6.9930754170600005e-06,
      "distance_m": 46.50554892845522,
      "bearing_deg": 15.009099004795829,
      "source_confidence": 0.42333984375,
      "raw_box_9d": [
        44.91899871826172,
        12.043655395507812,
        -1.19921875,
        2.21484375,
        4.9765625,
        1.8447265625,
        1.0537109375,
        -6.616115570068359e-06,
        -2.2649765014648438e-06
      ]
    },
    {
      "detection_id": "sample_000060_det_0004",
      "class_id": 0,
      "class_name": "car",
      "class_group": "vehicle",
      "score": 0.2108154296875,
      "position_ego": [
        49.61125946044922,
        22.397903442382812,
        -1.1435546875
      ],
      "size_xyz": [
        2.1953125,
        4.94140625,
        1.875
      ],
      "yaw_rad": 1.0556640625,
      "velocity_ego": [
        -6.616115570068359e-06,
        -2.2649765014648438e-06
      ],
      "speed_mps": 6.9930754170600005e-06,
      "distance_m": 54.432923344849996,
      "bearing_deg": 24.29766005224048,
      "source_confidence": 0.2108154296875,
      "raw_box_9d": [
        49.61125946044922,
        22.397903442382812,
        -1.1435546875,
        2.1953125,
        4.94140625,
        1.875,
        1.0556640625,
        -6.616115570068359e-06,
        -2.2649765014648438e-06
      ]
    },
    {
      "detection_id": "sample_000060_det_0005",
      "class_id": 0,
      "class_name": "car",
      "class_group": "vehicle",
      "score": 0.1265869140625,
      "position_ego": [
        -28.40580940246582,
        -8.04312515258789,
        -1.162109375
      ],
      "size_xyz": [
        2.220703125,
        5.0078125,
        1.87890625
      ],
      "yaw_rad": -1.953125,
      "velocity_ego": [
        -6.616115570068359e-06,
        -2.2649765014648438e-06
      ],
      "speed_mps": 6.9930754170600005e-06,
      "distance_m": 29.522565437803802,
      "bearing_deg": -164.19049239647114,
      "source_confidence": 0.1265869140625,
      "raw_box_9d": [
        -28.40580940246582,
        -8.04312515258789,
        -1.162109375,
        2.220703125,
        5.0078125,
        1.87890625,
        -1.953125,
        -6.616115570068359e-06,
        -2.2649765014648438e-06
      ]
    }
  ],
  "class_names": [
    "car",
    "truck",
    "construction_vehicle",
    "bus",
    "trailer",
    "barrier",
    "motorcycle",
    "bicycle",
    "pedestrian",
    "traffic_cone"
  ],
  "raw_prediction_count": 200,
  "filtered_prediction_count": 6
}