{
  "frame": 2188,
  "timestamp": 33.44063230231404,
  "sample_name": "sample_000011",
  "ego": {
    "frame_id": 2188,
    "timestamp": 33.44063230231404,
    "sample_name": "sample_000011",
    "town": "Carla/Maps/Town10HD_Opt",
    "weather": {
      "cloudiness": 20.0,
      "dust_storm": 0.0,
      "fog_density": 2.0,
      "fog_distance": 0.75,
      "fog_falloff": 0.10000000149011612,
      "mie_scattering_scale": 0.029999999329447746,
      "precipitation": 0.0,
      "precipitation_deposits": 0.0,
      "rayleigh_scattering_scale": 0.03310000151395798,
      "scattering_intensity": 1.0,
      "sun_altitude_angle": 45.0,
      "sun_azimuth_angle": 300.0,
      "wetness": 0.0,
      "wind_intensity": 10.0
    },
    "position_world": [
      -59.58092498779297,
      -23.610795974731445,
      -0.006171340588480234
    ],
    "velocity_world": [
      6.4925150871276855,
      1.8182179927825928,
      -0.0004935454926453531
    ],
    "speed_mps": 6.742304433162754,
    "yaw_deg": -12.389147758483887,
    "route_progress_m": 0.6461190772886927,
    "world_from_ego_bevfusion": [
      [
        0.9766738414764404,
        -0.2146260142326355,
        -0.006624977104365826,
        -59.58092498779297
      ],
      [
        0.2145417332649231,
        0.9766466617584229,
        -0.011542078107595444,
        -23.610795974731445
      ],
      [
        0.008947491645812988,
        0.00985151156783104,
        0.9999114274978638,
        -0.006171340588480234
      ],
      [
        0.0,
        0.0,
        0.0,
        1.0
      ]
    ],
    "position_world_carla": [
      -59.58092498779297,
      23.610795974731445,
      -0.006171340588480234
    ]
  },
  "scene": {
    "active_object_count": 1,
    "front_free_space_m": null,
    "left_side_occupancy": 0.0,
    "right_side_occupancy": 0.0,
    "rear_gap_m": null,
    "nearest_front_vehicle": null,
    "nearest_vru": null,
    "nearest_any_object": {
      "track_id": 1,
      "class": "car",
      "distance_m": 51.73611557256864,
      "bearing_deg": 4.239447196369733,
      "position_ego": [
        51.59455612229928,
        3.8245827329382283,
        -1.6025390625
      ],
      "velocity_ego": [
        -1.4105043484196134,
        -3.691201843452451
      ],
      "risk_level": "low",
      "risk_score": 0.1275
    },
    "abnormal_flags": [],
    "lane_scene": {
      "current_lane_blocked": false,
      "front_object_in_current_lane": null,
      "front_object_count_current_lane": 0,
      "left_lane_occupancy_count": 0,
      "right_lane_occupancy_count": 0,
      "left_lane_available": false,
      "right_lane_available": false,
      "junction_active": true,
      "junction_ahead": true
    }
  },
  "risk_summary": {
    "highest_risk_level": "low",
    "highest_risk_score": 0.1275,
    "urgent_track_ids": [],
    "front_hazard_track_id": null,
    "nearest_front_vehicle_distance_m": 51.73611557256864,
    "nearest_vru_distance_m": null,
    "minimum_ttc_seconds": 36.57879976060189,
    "flags": []
  },
  "decision_context": {
    "recommended_maneuvers": [
      "keep_lane"
    ],
    "hard_constraints": [],
    "soft_constraints": [
      "prefer_keep_lane"
    ],
    "stage2_decision_intent": {
      "frame_id": 2188,
      "timestamp": 33.44063230231404,
      "maneuver": "keep_lane",
      "target_speed_mps": 8.0,
      "lane_preference": "keep_current",
      "constraints": [],
      "confidence": 0.6,
      "reasoning_tags": [
        "cruise"
      ]
    },
    "maneuver_validation_preview": {
      "frame_id": 2188,
      "requested_intent": {
        "frame_id": 2188,
        "timestamp": 33.44063230231404,
        "maneuver": "keep_lane",
        "target_speed_mps": 8.0,
        "lane_preference": "keep_current",
        "constraints": [],
        "confidence": 0.6,
        "reasoning_tags": [
          "cruise"
        ]
      },
      "valid_maneuvers": [
        "keep_lane",
        "slow_down"
      ],
      "invalid_maneuvers": [
        {
          "maneuver": "follow",
          "reason": "no_front_object_in_current_lane"
        },
        {
          "maneuver": "stop",
          "reason": "no_immediate_stop_condition"
        },
        {
          "maneuver": "yield",
          "reason": "no_vru_yield_condition"
        },
        {
          "maneuver": "lane_change_left",
          "reason": "no_left_lane"
        },
        {
          "maneuver": "lane_change_right",
          "reason": "no_right_lane"
        }
      ],
      "selected_behavior": "keep_lane",
      "selected_maneuver": "keep_lane",
      "lane_change_permission": {
        "left": false,
        "right": false,
        "left_reason": "no_left_lane",
        "right_reason": "no_right_lane"
      },
      "reasoning_tags": []
    }
  },
  "lane_context": {
    "frame_id": 2188,
    "sample_name": "sample_000011",
    "current_lane": {
      "exists": true,
      "role": "current_lane",
      "road_id": 296,
      "section_id": 0,
      "lane_id": -1,
      "lane_width_m": 3.5,
      "lane_type": "Driving",
      "lane_change": "NONE",
      "same_direction_as_ego": true,
      "transform_carla": {
        "location": {
          "x": -59.42439651489258,
          "y": 23.913156509399414,
          "z": 0.0
        },
        "rotation": {
          "roll": 0.0,
          "pitch": 0.0,
          "yaw": -14.653118133544922
        }
      },
      "transform_bevfusion_world": {
        "location": {
          "x": -59.42439651489258,
          "y": -23.913156509399414,
          "z": 0.0
        },
        "rotation": {
          "roll": 0.0,
          "pitch": 0.0,
          "yaw": -14.653118133544922
        }
      },
      "lane_change_allowed_from_current": false
    },
    "left_lane": {
      "exists": false,
      "role": "left_lane",
      "road_id": null,
      "section_id": null,
      "lane_id": null,
      "lane_width_m": null,
      "lane_type": null,
      "lane_change": null,
      "same_direction_as_ego": false,
      "transform_carla": null,
      "transform_bevfusion_world": null,
      "lane_change_allowed_from_current": false
    },
    "right_lane": {
      "exists": false,
      "role": "right_lane",
      "road_id": null,
      "section_id": null,
      "lane_id": null,
      "lane_width_m": null,
      "lane_type": null,
      "lane_change": null,
      "same_direction_as_ego": false,
      "transform_carla": null,
      "transform_bevfusion_world": null,
      "lane_change_allowed_from_current": false
    },
    "forward_corridor": {
      "horizon_m": 60.0,
      "sample_step_m": 5.0,
      "chain": [
        {
          "distance_m": 0.0,
          "road_id": 296,
          "section_id": 0,
          "lane_id": -1,
          "is_junction": true,
          "yaw_deg": -14.653118133544922,
          "position_carla": {
            "x": -59.42439651489258,
            "y": 23.913156509399414,
            "z": 0.0
          },
          "position_bevfusion_world": {
            "x": -59.42439651489258,
            "y": -23.913156509399414,
            "z": 0.0
          }
        },
        {
          "distance_m": 5.0,
          "road_id": 296,
          "section_id": 0,
          "lane_id": -1,
          "is_junction": true,
          "yaw_deg": -32.03846740722656,
          "position_carla": {
            "x": -54.36567306518555,
            "y": 21.729732513427734,
            "z": 0.0
          },
          "position_bevfusion_world": {
            "x": -54.36567306518555,
            "y": -21.729732513427734,
            "z": 0.0
          }
        },
        {
          "distance_m": 10.0,
          "road_id": 296,
          "section_id": 0,
          "lane_id": -1,
          "is_junction": true,
          "yaw_deg": -44.899234771728516,
          "position_carla": {
            "x": -50.2471809387207,
            "y": 18.27125358581543,
            "z": 0.0
          },
          "position_bevfusion_world": {
            "x": -50.2471809387207,