{
  "active_object_count": 7,
  "front_free_space_m": null,
  "left_side_occupancy": 0.5017829719335625,
  "right_side_occupancy": 0.08315015097375222,
  "rear_gap_m": 20.251531059728343,
  "nearest_front_vehicle": null,
  "nearest_vru": null,
  "nearest_any_object": {
    "track_id": 2,
    "class": "car",
    "distance_m": 14.946510841993124,
    "bearing_deg": 10.328016960935855,
    "position_ego": [
      14.704339822704757,
      2.6796598157671183,
      -1.376953125
    ],
    "velocity_ego": [
      -4.437148515030941,
      -1.8610576053881274
    ],
    "risk_level": "medium",
    "risk_score": 0.4379011686850515
  },
  "abnormal_flags": []
}