{
  "sample_name": "sample_000044",
  "sequence_index": 44,
  "frame_id": 726317,
  "timestamp": 5001.594624783844,
  "prediction_variant": "single",
  "source_sample_dir": "D:\\Agent-AI\\outputs\\s3a_ml_long_v1\\sample_000044",
  "source_prediction_dir": "D:\\Agent-AI\\outputs\\live_watch_compare_multilane\\lw_s3a_ml_long_v1\\inference\\sample_000044",
  "ego": {
    "frame_id": 726317,
    "timestamp": 5001.594624783844,
    "sample_name": "sample_000044",
    "town": "Carla/Maps/Town10HD_Opt",
    "weather": {
      "cloudiness": 20.0,
      "dust_storm": 0.0,
      "fog_density": 2.0,
      "fog_distance": 0.75,
      "fog_falloff": 0.10000000149011612,
      "mie_scattering_scale": 0.029999999329447746,
      "precipitation": 0.0,
      "precipitation_deposits": 0.0,
      "rayleigh_scattering_scale": 0.03310000151395798,
      "scattering_intensity": 1.0,
      "sun_altitude_angle": 45.0,
      "sun_azimuth_angle": 300.0,
      "wetness": 0.0,
      "wind_intensity": 10.0
    },
    "position_world": [
      103.61943817138672,
      37.354373931884766,
      -0.0034753417130559683
    ],
    "velocity_world": [
      0.0017648030770942569,
      -0.0035976432263851166,
      0.00013889312685932964
    ],
    "speed_mps": 0.0040095957384710034,
    "yaw_deg": -109.1600112915039,
    "route_progress_m": 15.598672998981241,
    "world_from_ego_bevfusion": [
      [
        -0.3282035291194916,
        -0.9446052312850952,
        -0.001828072010539472,
        103.61943817138672
      ],
      [
        0.9445945620536804,
        -0.3282085061073303,
        0.004506702069193125,
        37.354373931884766
      ],
      [
        -0.004857043735682964,
        -0.0002476712397765368,
        0.9999881386756897,
        -0.0034753417130559683
      ],
      [
        0.0,
        0.0,
        0.0,
        1.0
      ]
    ]
  },
  "detections": [
    {
      "detection_id": "sample_000044_det_0000",
      "class_id": 0,
      "class_name": "car",
      "class_group": "vehicle",
      "score": 0.8203125,
      "position_ego": [
        6.3408355712890625,
        0.2631072998046875,
        -1.4130859375
      ],
      "size_xyz": [
        2.125,
        4.87109375,
        1.783203125
      ],
      "yaw_rad": -1.6953125,
      "velocity_ego": [
        -6.616115570068359e-06,
        -2.2649765014648438e-06
      ],
      "speed_mps": 6.9930754170600005e-06,
      "distance_m": 6.346291924686037,
      "bearing_deg": 2.376074065170138,
      "source_confidence": 0.8203125,
      "raw_box_9d": [
        6.3408355712890625,
        0.2631072998046875,
        -1.4130859375,
        2.125,
        4.87109375,
        1.783203125,
        -1.6953125,
        -6.616115570068359e-06,
        -2.2649765014648438e-06
      ]
    },
    {
      "detection_id": "sample_000044_det_0001",
      "class_id": 0,
      "class_name": "car",
      "class_group": "vehicle",
      "score": 0.744140625,
      "position_ego": [
        5.909328460693359,
        -3.1738014221191406,
        -1.4609375
      ],
      "size_xyz": [
        2.12890625,
        4.9453125,
        1.7822265625
      ],
      "yaw_rad": -1.650390625,
      "velocity_ego": [
        -6.616115570068359e-06,
        -2.2649765014648438e-06
      ],
      "speed_mps": 6.9930754170600005e-06,
      "distance_m": 6.707695455475451,
      "bearing_deg": -28.23950125337476,
      "source_confidence": 0.744140625,
      "raw_box_9d": [
        5.909328460693359,
        -3.1738014221191406,
        -1.4609375,
        2.12890625,
        4.9453125,
        1.7822265625,
        -1.650390625,
        -6.616115570068359e-06,
        -2.2649765014648438e-06
      ]
    },
    {
      "detection_id": "sample_000044_det_0003",
      "class_id": 0,
      "class_name": "car",
      "class_group": "vehicle",
      "score": 0.5263671875,
      "position_ego": [
        25.68999481201172,
        4.923927307128906,
        -1.283203125
      ],
      "size_xyz": [
        2.09375,
        4.7578125,
        1.85546875
      ],
      "yaw_rad": -2.2109375,
      "velocity_ego": [
        0.036376953125,
        0.00691986083984375
      ],
      "speed_mps": 0.03702927480658041,
      "distance_m": 26.157616358664615,
      "bearing_deg": 10.850129659187695,
      "source_confidence": 0.5263671875,
      "raw_box_9d": [
        25.68999481201172,
        4.923927307128906,
        -1.283203125,
        2.09375,
        4.7578125,
        1.85546875,
        -2.2109375,
        0.036376953125,
        0.00691986083984375
      ]
    },
    {
      "detection_id": "sample_000044_det_0002",
      "class_id": 0,
      "class_name": "car",
      "class_group": "vehicle",
      "score": 0.48828125,
      "position_ego": [
        35.64540100097656,
        21.690826416015625,
        -0.853515625
      ],
      "size_xyz": [
        2.158203125,
        4.94921875,
        1.8955078125
      ],
      "yaw_rad": 0.390625,
      "velocity_ego": [
        -6.616115570068359e-06,
        -2.2649765014648438e-06
      ],
      "speed_mps": 6.9930754170600005e-06,
      "distance_m": 41.726329375229525,
      "bearing_deg": 31.32121639922969,
      "source_confidence": 0.48828125,
      "raw_box_9d": [
        35.64540100097656,
        21.690826416015625,
        -0.853515625,
        2.158203125,
        4.94921875,
        1.8955078125,
        0.390625,
        -6.616115570068359e-06,
        -2.2649765014648438e-06
      ]
    },
    {
      "detection_id": "sample_000044_det_0005",
      "class_id": 0,
      "class_name": "car",
      "class_group": "vehicle",
      "score": 0.1934814453125,
      "position_ego": [
        24.284225463867188,
        -8.64169692993164,
        -1.1103515625
      ],
      "size_xyz": [
        2.2421875,
        5.1484375,
        1.916015625
      ],
      "yaw_rad": 1.283203125,
      "velocity_ego": [
        -0.023834228515625,
        -0.0112762451171875
      ],
      "speed_mps": 0.02636710361184798,
      "distance_m": 25.776006909696573,
      "bearing_deg": -19.58842669467822,
      "source_confidence": 0.1934814453125,
      "raw_box_9d": [
        24.284225463867188,
        -8.64169692993164,
        -1.1103515625,
        2.2421875,
        5.1484375,
        1.916015625,
        1.283203125,
        -0.023834228515625,
        -0.0112762451171875
      ]
    },
    {
      "detection_id": "sample_000044_det_0004",
      "class_id": 0,
      "class_name": "car",
      "class_group": "vehicle",
      "score": 0.1632080078125,
      "position_ego": [
        49.506019592285156,
        49.434120178222656,
        -0.43212890625
      ],
      "size_xyz": [
        2.181640625,
        4.95703125,
        1.912109375
      ],
      "yaw_rad": 0.364013671875,
      "velocity_ego": [
        -0.10205078125,
        -0.78271484375
      ],
      "speed_mps": 0.7893395268072684,
      "distance_m": 69.96126223608806,
      "bearing_deg": 44.95836338760343,
      "source_confidence": 0.1632080078125,
      "raw_box_9d": [
        49.506019592285156,
        49.434120178222656,
        -0.43212890625,
        2.181640625,
        4.95703125,
        1.912109375,
        0.364013671875,
        -0.10205078125,
        -0.78271484375
      ]
    },
    {
      "detection_id": "sample_000044_det_0006",
      "class_id": 0,
      "class_name": "car",
      "class_group": "vehicle",
      "score": 0.1126708984375,
      "position_ego": [
        -15.163768768310547,
        -24.267478942871094,
        -0.3671875
      ],
      "size_xyz": [
        2.244140625,
        5.1484375,
        1.9716796875
      ],
      "yaw_rad": -1.23828125,
      "velocity_ego": [
        0.35009765625,
        -0.07598876953125
      ],
      "speed_mps": 0.3582494410415969,
      "distance_m": 28.615562505417962,
      "bearing_deg": -121.9996008462233,
      "source_confidence": 0.1126708984375,