{
  "active_object_count": 10,
  "front_free_space_m": 5.964498480618026,
  "left_side_occupancy": 0.06289174685955656,
  "right_side_occupancy": 0.12426898955696886,
  "rear_gap_m": 26.325539364257175,
  "nearest_front_vehicle": {
    "track_id": 2,
    "class": "car",
    "distance_m": 7.018260427675005,
    "bearing_deg": 3.5835740730451744,
    "position_ego": [
      7.004537543118026,
      0.4386721300915193,
      -1.462890625
    ],
    "velocity_ego": [
      -1.91022439328809,
      -0.3305266908318184
    ],
    "risk_level": "high",
    "risk_score": 0.7473630467924375
  },
  "nearest_vru": null,
  "nearest_any_object": {
    "track_id": 2,
    "class": "car",
    "distance_m": 7.018260427675005,
    "bearing_deg": 3.5835740730451744,
    "position_ego": [
      7.004537543118026,
      0.4386721300915193,
      -1.462890625
    ],
    "velocity_ego": [
      -1.91022439328809,
      -0.3305266908318184
    ],
    "risk_level": "high",
    "risk_score": 0.7473630467924375
  },
  "abnormal_flags": [
    "front_blocked",
    "high_risk_scene"
  ]
}