{
  "sample_name": "sample_000021",
  "sequence_index": 21,
  "frame_id": 726294,
  "timestamp": 4999.294624749571,
  "prediction_variant": "single",
  "source_sample_dir": "D:\\Agent-AI\\outputs\\s3a_ml_long_v1\\sample_000021",
  "source_prediction_dir": "D:\\Agent-AI\\outputs\\live_watch_compare_multilane\\lw_s3a_ml_long_v1\\inference\\sample_000021",
  "ego": {
    "frame_id": 726294,
    "timestamp": 4999.294624749571,
    "sample_name": "sample_000021",
    "town": "Carla/Maps/Town10HD_Opt",
    "weather": {
      "cloudiness": 20.0,
      "dust_storm": 0.0,
      "fog_density": 2.0,
      "fog_distance": 0.75,
      "fog_falloff": 0.10000000149011612,
      "mie_scattering_scale": 0.029999999329447746,
      "precipitation": 0.0,
      "precipitation_deposits": 0.0,
      "rayleigh_scattering_scale": 0.03310000151395798,
      "scattering_intensity": 1.0,
      "sun_altitude_angle": 45.0,
      "sun_azimuth_angle": 300.0,
      "wetness": 0.0,
      "wind_intensity": 10.0
    },
    "position_world": [
      105.11162567138672,
      32.64483642578125,
      -0.00040790557977743447
    ],
    "velocity_world": [
      -0.25229376554489136,
      0.9939352869987488,
      0.001142806955613196
    ],
    "speed_mps": 1.0254563885811252,
    "yaw_deg": -102.62320709228516,
    "route_progress_m": 10.654533749730293,
    "world_from_ego_bevfusion": [
      [
        -0.21849453449249268,
        -0.9758337736129761,
        -0.002930905669927597,
        105.11162567138672
      ],
      [
        0.9756323099136353,
        -0.21850915253162384,
        0.0198820773512125,
        32.64483642578125
      ],
      [
        -0.02004203200340271,
        0.0014846388949081302,
        0.999798059463501,
        -0.00040790557977743447
      ],
      [
        0.0,
        0.0,
        0.0,
        1.0
      ]
    ]
  },
  "detections": [
    {
      "detection_id": "sample_000021_det_0000",
      "class_id": 0,
      "class_name": "car",
      "class_group": "vehicle",
      "score": 0.83740234375,
      "position_ego": [
        11.179840087890625,
        -2.026683807373047,
        -1.2041015625
      ],
      "size_xyz": [
        2.142578125,
        4.92578125,
        1.79296875
      ],
      "yaw_rad": -1.7744140625,
      "velocity_ego": [
        -6.616115570068359e-06,
        -2.2649765014648438e-06
      ],
      "speed_mps": 6.9930754170600005e-06,
      "distance_m": 11.36205402406952,
      "bearing_deg": -10.275006724434443,
      "source_confidence": 0.83740234375,
      "raw_box_9d": [
        11.179840087890625,
        -2.026683807373047,
        -1.2041015625,
        2.142578125,
        4.92578125,
        1.79296875,
        -1.7744140625,
        -6.616115570068359e-06,
        -2.2649765014648438e-06
      ]
    },
    {
      "detection_id": "sample_000021_det_0001",
      "class_id": 0,
      "class_name": "car",
      "class_group": "vehicle",
      "score": 0.82861328125,
      "position_ego": [
        11.183502197265625,
        1.4273109436035156,
        -1.193359375
      ],
      "size_xyz": [
        2.138671875,
        4.9140625,
        1.8076171875
      ],
      "yaw_rad": -1.833984375,
      "velocity_ego": [
        -6.616115570068359e-06,
        -2.2649765014648438e-06
      ],
      "speed_mps": 6.9930754170600005e-06,
      "distance_m": 11.274215623535653,
      "bearing_deg": 7.273138800479718,
      "source_confidence": 0.82861328125,
      "raw_box_9d": [
        11.183502197265625,
        1.4273109436035156,
        -1.193359375,
        2.138671875,
        4.9140625,
        1.8076171875,
        -1.833984375,
        -6.616115570068359e-06,
        -2.2649765014648438e-06
      ]
    },
    {
      "detection_id": "sample_000021_det_0002",
      "class_id": 0,
      "class_name": "car",
      "class_group": "vehicle",
      "score": 0.51806640625,
      "position_ego": [
        37.954322814941406,
        26.21294403076172,
        -0.26904296875
      ],
      "size_xyz": [
        2.134765625,
        4.98046875,
        1.8173828125
      ],
      "yaw_rad": -2.81640625,
      "velocity_ego": [
        -6.616115570068359e-06,
        -2.2649765014648438e-06
      ],
      "speed_mps": 6.9930754170600005e-06,
      "distance_m": 46.12644637407729,
      "bearing_deg": 34.63068442270786,
      "source_confidence": 0.51806640625,
      "raw_box_9d": [
        37.954322814941406,
        26.21294403076172,
        -0.26904296875,
        2.134765625,
        4.98046875,
        1.8173828125,
        -2.81640625,
        -6.616115570068359e-06,
        -2.2649765014648438e-06
      ]
    },
    {
      "detection_id": "sample_000021_det_0003",
      "class_id": 0,
      "class_name": "car",
      "class_group": "vehicle",
      "score": 0.51806640625,
      "position_ego": [
        29.94287109375,
        8.295120239257812,
        -0.71484375
      ],
      "size_xyz": [
        2.103515625,
        4.8046875,
        1.798828125
      ],
      "yaw_rad": -2.29296875,
      "velocity_ego": [
        -6.616115570068359e-06,
        -2.2649765014648438e-06
      ],
      "speed_mps": 6.9930754170600005e-06,
      "distance_m": 31.070638054611525,
      "bearing_deg": 15.484410832385509,
      "source_confidence": 0.51806640625,
      "raw_box_9d": [
        29.94287109375,
        8.295120239257812,
        -0.71484375,
        2.103515625,
        4.8046875,
        1.798828125,
        -2.29296875,
        -6.616115570068359e-06,
        -2.2649765014648438e-06
      ]
    },
    {
      "detection_id": "sample_000021_det_0004",
      "class_id": 0,
      "class_name": "car",
      "class_group": "vehicle",
      "score": 0.30322265625,
      "position_ego": [
        30.140777587890625,
        -5.6197967529296875,
        -0.58203125
      ],
      "size_xyz": [
        2.271484375,
        5.16015625,
        1.935546875
      ],
      "yaw_rad": 1.25390625,
      "velocity_ego": [
        -6.616115570068359e-06,
        -2.2649765014648438e-06
      ],
      "speed_mps": 6.9930754170600005e-06,
      "distance_m": 30.660211824886808,
      "bearing_deg": -10.561616458573685,
      "source_confidence": 0.30322265625,
      "raw_box_9d": [
        30.140777587890625,
        -5.6197967529296875,
        -0.58203125,
        2.271484375,
        5.16015625,
        1.935546875,
        1.25390625,
        -6.616115570068359e-06,
        -2.2649765014648438e-06
      ]
    },
    {
      "detection_id": "sample_000021_det_0005",
      "class_id": 0,
      "class_name": "car",
      "class_group": "vehicle",
      "score": 0.1416015625,
      "position_ego": [
        18.439895629882812,
        -11.704254150390625,
        -0.9091796875
      ],
      "size_xyz": [
        2.232421875,
        5.1015625,
        1.923828125
      ],
      "yaw_rad": 1.466796875,
      "velocity_ego": [
        -6.616115570068359e-06,
        -2.2649765014648438e-06
      ],
      "speed_mps": 6.9930754170600005e-06,
      "distance_m": 21.84077187413273,
      "bearing_deg": -32.40429821535792,
      "source_confidence": 0.1416015625,
      "raw_box_9d": [
        18.439895629882812,
        -11.704254150390625,
        -0.9091796875,
        2.232421875,
        5.1015625,
        1.923828125,
        1.466796875,
        -6.616115570068359e-06,
        -2.2649765014648438e-06
      ]
    }
  ],
  "class_names": [
    "car",
    "truck",
    "construction_vehicle",
    "bus",
    "trailer",
    "barrier",
    "motorcycle",
    "bicycle",
    "pedestrian",
    "traffic_cone"
  ],
  "raw_prediction_count": 200,
  "filtered_prediction_count": 6
}