{
  "active_object_count": 6,
  "front_free_space_m": null,
  "left_side_occupancy": 0.0,
  "right_side_occupancy": 0.8918275739172692,
  "rear_gap_m": null,
  "nearest_front_vehicle": null,
  "nearest_vru": {
    "track_id": 12,
    "class": "motorcycle",
    "distance_m": 64.22549640593482,
    "bearing_deg": 54.90966334709561,
    "position_ego": [
      36.92113494873047,
      52.55229949951172,
      -1.6953125
    ],
    "velocity_ego": [
      5.364418029785156e-07,
      -1.6629695892333984e-05
    ],
    "risk_level": "low",
    "risk_score": 0.25
  },
  "nearest_any_object": {
    "track_id": 1,
    "class": "car",
    "distance_m": 6.474628884522356,
    "bearing_deg": -28.51844698231491,
    "position_ego": [
      5.689019693614197,
      -3.0912576919372197,
      -1.419921875
    ],
    "velocity_ego": [
      -5.129663562325867,
      -1.0128367218063368
    ],
    "risk_level": "high",
    "risk_score": 0.8014402833660824
  },
  "abnormal_flags": [
    "high_risk_scene"
  ]
}