{
  "active_object_count": 3,
  "front_free_space_m": null,
  "left_side_occupancy": 0.23487829408038297,
  "right_side_occupancy": 0.02408861763987491,
  "rear_gap_m": null,
  "nearest_front_vehicle": null,
  "nearest_vru": null,
  "nearest_any_object": {
    "track_id": 1,
    "class": "car",
    "distance_m": 22.95365117758851,
    "bearing_deg": 6.316536123067691,
    "position_ego": [
      22.81430515423368,
      2.5253876359713363,
      -1.6630859375
    ],
    "velocity_ego": [
      -3.5171260190844196,
      -1.4104436544147425
    ],
    "risk_level": "low",
    "risk_score": 0.2778476161680862
  },
  "abnormal_flags": []
}