{
  "sample_name": "sample_000037",
  "sequence_index": 37,
  "frame_id": 726310,
  "timestamp": 5000.894624773413,
  "prediction_variant": "single",
  "source_sample_dir": "D:\\Agent-AI\\outputs\\s3a_ml_long_v1\\sample_000037",
  "source_prediction_dir": "D:\\Agent-AI\\outputs\\live_watch_compare_multilane\\lw_s3a_ml_long_v1\\inference\\sample_000037",
  "ego": {
    "frame_id": 726310,
    "timestamp": 5000.894624773413,
    "sample_name": "sample_000037",
    "town": "Carla/Maps/Town10HD_Opt",
    "weather": {
      "cloudiness": 20.0,
      "dust_storm": 0.0,
      "fog_density": 2.0,
      "fog_distance": 0.75,
      "fog_falloff": 0.10000000149011612,
      "mie_scattering_scale": 0.029999999329447746,
      "precipitation": 0.0,
      "precipitation_deposits": 0.0,
      "rayleigh_scattering_scale": 0.03310000151395798,
      "scattering_intensity": 1.0,
      "sun_altitude_angle": 45.0,
      "sun_azimuth_angle": 300.0,
      "wetness": 0.0,
      "wind_intensity": 10.0
    },
    "position_world": [
      103.83525848388672,
      36.76042556762695,
      -0.004599342122673988
    ],
    "velocity_world": [
      -1.09513521194458,
      2.9652483463287354,
      2.005576970987022e-05
    ],
    "speed_mps": 3.161015483709062,
    "yaw_deg": -108.39820861816406,
    "route_progress_m": 14.965473866014728,
    "world_from_ego_bevfusion": [
      [
        -0.3156193494796753,
        -0.9488845467567444,
        0.0015724801924079657,
        103.83525848388672
      ],
      [
        0.9488857388496399,
        -0.31561967730522156,
        3.760319668799639e-05,
        36.76042556762695
      ],
      [
        0.00046062463661655784,
        0.0015039723366498947,
        0.9999987483024597,
        -0.004599342122673988
      ],
      [
        0.0,
        0.0,
        0.0,
        1.0
      ]
    ]
  },
  "detections": [
    {
      "detection_id": "sample_000037_det_0000",
      "class_id": 0,
      "class_name": "car",
      "class_group": "vehicle",
      "score": 0.81884765625,
      "position_ego": [
        7.001075744628906,
        0.38803863525390625,
        -1.484375
      ],
      "size_xyz": [
        2.15625,
        4.9765625,
        1.77734375
      ],
      "yaw_rad": -1.7236328125,
      "velocity_ego": [
        -6.616115570068359e-06,
        -2.2649765014648438e-06
      ],
      "speed_mps": 6.9930754170600005e-06,
      "distance_m": 7.01182113038267,
      "bearing_deg": 3.1724055338583175,
      "source_confidence": 0.81884765625,
      "raw_box_9d": [
        7.001075744628906,
        0.38803863525390625,
        -1.484375,
        2.15625,
        4.9765625,
        1.77734375,
        -1.7236328125,
        -6.616115570068359e-06,
        -2.2649765014648438e-06
      ]
    },
    {
      "detection_id": "sample_000037_det_0001",
      "class_id": 0,
      "class_name": "car",
      "class_group": "vehicle",
      "score": 0.646484375,
      "position_ego": [
        26.280616760253906,
        5.210086822509766,
        -1.42578125
      ],
      "size_xyz": [
        2.158203125,
        4.87890625,
        1.8505859375
      ],
      "yaw_rad": -2.216796875,
      "velocity_ego": [
        -6.616115570068359e-06,
        -2.2649765014648438e-06
      ],
      "speed_mps": 6.9930754170600005e-06,
      "distance_m": 26.79208506252226,
      "bearing_deg": 11.213393599401517,
      "source_confidence": 0.646484375,
      "raw_box_9d": [
        26.280616760253906,
        5.210086822509766,
        -1.42578125,
        2.158203125,
        4.87890625,
        1.8505859375,
        -2.216796875,
        -6.616115570068359e-06,
        -2.2649765014648438e-06
      ]
    },
    {
      "detection_id": "sample_000037_det_0002",
      "class_id": 0,
      "class_name": "car",
      "class_group": "vehicle",
      "score": 0.60205078125,
      "position_ego": [
        6.661525726318359,
        -3.0915489196777344,
        -1.455078125
      ],
      "size_xyz": [
        2.166015625,
        5.07421875,
        1.8359375
      ],
      "yaw_rad": -1.6640625,
      "velocity_ego": [
        -6.616115570068359e-06,
        -2.2649765014648438e-06
      ],
      "speed_mps": 6.9930754170600005e-06,
      "distance_m": 7.343949872184717,
      "bearing_deg": -24.895553305626624,
      "source_confidence": 0.60205078125,
      "raw_box_9d": [
        6.661525726318359,
        -3.0915489196777344,
        -1.455078125,
        2.166015625,
        5.07421875,
        1.8359375,
        -1.6640625,
        -6.616115570068359e-06,
        -2.2649765014648438e-06
      ]
    },
    {
      "detection_id": "sample_000037_det_0003",
      "class_id": 0,
      "class_name": "car",
      "class_group": "vehicle",
      "score": 0.409423828125,
      "position_ego": [
        36.088043212890625,
        22.230178833007812,
        -1.125
      ],
      "size_xyz": [
        2.244140625,
        5.1015625,
        1.9033203125
      ],
      "yaw_rad": 0.486328125,
      "velocity_ego": [
        -6.616115570068359e-06,
        -2.2649765014648438e-06
      ],
      "speed_mps": 6.9930754170600005e-06,
      "distance_m": 42.38546583303019,
      "bearing_deg": 31.633005097330173,
      "source_confidence": 0.409423828125,
      "raw_box_9d": [
        36.088043212890625,
        22.230178833007812,
        -1.125,
        2.244140625,
        5.1015625,
        1.9033203125,
        0.486328125,
        -6.616115570068359e-06,
        -2.2649765014648438e-06
      ]
    },
    {
      "detection_id": "sample_000037_det_0004",
      "class_id": 0,
      "class_name": "car",
      "class_group": "vehicle",
      "score": 0.1962890625,
      "position_ego": [
        52.398048400878906,
        49.30400848388672,
        -0.9912109375
      ],
      "size_xyz": [
        2.291015625,
        5.29296875,
        1.93359375
      ],
      "yaw_rad": 0.400634765625,
      "velocity_ego": [
        -0.0572509765625,
        -0.39306640625
      ],
      "speed_mps": 0.39721388953515957,
      "distance_m": 71.94748591021109,
      "bearing_deg": 43.257451489255686,
      "source_confidence": 0.1962890625,
      "raw_box_9d": [
        52.398048400878906,
        49.30400848388672,
        -0.9912109375,
        2.291015625,
        5.29296875,
        1.93359375,
        0.400634765625,
        -0.0572509765625,
        -0.39306640625
      ]
    },
    {
      "detection_id": "sample_000037_det_0005",
      "class_id": 0,
      "class_name": "car",
      "class_group": "vehicle",
      "score": 0.1856689453125,
      "position_ego": [
        49.302833557128906,
        49.911041259765625,
        -1.1171875
      ],
      "size_xyz": [
        2.232421875,
        5.16796875,
        1.931640625
      ],
      "yaw_rad": 0.368896484375,
      "velocity_ego": [
        -6.616115570068359e-06,
        -2.2649765014648438e-06
      ],
      "speed_mps": 6.9930754170600005e-06,
      "distance_m": 70.15612187397464,
      "bearing_deg": 45.35123411896158,
      "source_confidence": 0.1856689453125,
      "raw_box_9d": [
        49.302833557128906,
        49.911041259765625,
        -1.1171875,
        2.232421875,
        5.16796875,
        1.931640625,
        0.368896484375,
        -6.616115570068359e-06,
        -2.2649765014648438e-06
      ]
    }
  ],
  "class_names": [
    "car",
    "truck",
    "construction_vehicle",
    "bus",
    "trailer",
    "barrier",
    "motorcycle",
    "bicycle",
    "pedestrian",
    "traffic_cone"
  ],
  "raw_prediction_count": 200,
  "filtered_prediction_count": 6
}