{
  "active_object_count": 10,
  "front_free_space_m": 6.9632189758366945,
  "left_side_occupancy": 0.09224659966011928,
  "right_side_occupancy": 0.46500154174560393,
  "rear_gap_m": 12.4346923828125,
  "nearest_front_vehicle": {
    "track_id": 2,
    "class": "car",
    "distance_m": 8.078124176201039,
    "bearing_deg": 4.51437686172759,
    "position_ego": [
      8.053062725836694,
      0.635823041312096,
      -1.51171875
    ],
    "velocity_ego": [
      -2.129476823054932,
      -0.5374892322232009
    ],
    "risk_level": "high",
    "risk_score": 0.7394140686784922
  },
  "nearest_vru": null,
  "nearest_any_object": {
    "track_id": 2,
    "class": "car",
    "distance_m": 8.078124176201039,
    "bearing_deg": 4.51437686172759,
    "position_ego": [
      8.053062725836694,
      0.635823041312096,
      -1.51171875
    ],
    "velocity_ego": [
      -2.129476823054932,
      -0.5374892322232009
    ],
    "risk_level": "high",
    "risk_score": 0.7394140686784922
  },
  "abnormal_flags": [
    "front_blocked",
    "high_risk_scene"
  ]
}