{
  "active_object_count": 11,
  "front_free_space_m": 5.0525875010529155,
  "left_side_occupancy": 0.032769454902423334,
  "right_side_occupancy": 0.04046213375607266,
  "rear_gap_m": 27.62506574839407,
  "nearest_front_vehicle": {
    "track_id": 2,
    "class": "car",
    "distance_m": 6.137234602950897,
    "bearing_deg": 2.2109946702985908,
    "position_ego": [
      6.1326656260529155,
      0.2367718114278914,
      -1.513671875
    ],
    "velocity_ego": [
      0.020781129407629093,
      -0.03545412621423806
    ],
    "risk_level": "high",
    "risk_score": 0.6539707404778683
  },
  "nearest_vru": null,
  "nearest_any_object": {
    "track_id": 2,
    "class": "car",
    "distance_m": 6.137234602950897,
    "bearing_deg": 2.2109946702985908,
    "position_ego": [
      6.1326656260529155,
      0.2367718114278914,
      -1.513671875
    ],
    "velocity_ego": [
      0.020781129407629093,
      -0.03545412621423806
    ],
    "risk_level": "high",
    "risk_score": 0.6539707404778683
  },
  "abnormal_flags": [
    "front_blocked",
    "high_risk_scene"
  ]
}