{
  "sample_name": "sample_000030",
  "sequence_index": 30,
  "frame_id": 60031,
  "timestamp": 438.01970079541206,
  "prediction_variant": "single",
  "source_sample_dir": "D:\\Agent-AI\\outputs\\s3a_ml_long_v2\\sample_000030",
  "source_prediction_dir": "D:\\Agent-AI\\outputs\\live_watch_compare_multilane\\lw_s3a_ml_long_v2\\inference\\sample_000030",
  "ego": {
    "frame_id": 60031,
    "timestamp": 438.01970079541206,
    "sample_name": "sample_000030",
    "town": "Carla/Maps/Town10HD_Opt",
    "weather": {
      "cloudiness": 20.0,
      "dust_storm": 0.0,
      "fog_density": 2.0,
      "fog_distance": 0.75,
      "fog_falloff": 0.10000000149011612,
      "mie_scattering_scale": 0.029999999329447746,
      "precipitation": 0.0,
      "precipitation_deposits": 0.0,
      "rayleigh_scattering_scale": 0.03310000151395798,
      "scattering_intensity": 1.0,
      "sun_altitude_angle": 45.0,
      "sun_azimuth_angle": 300.0,
      "wetness": 0.0,
      "wind_intensity": 10.0
    },
    "position_world": [
      101.73052215576172,
      41.82196044921875,
      -0.004558868240565062
    ],
    "velocity_world": [
      -3.8001022338867188,
      7.232086181640625,
      -3.2424925393570447e-06
    ],
    "speed_mps": 8.169690785254888,
    "yaw_deg": -116.32453918457031,
    "route_progress_m": 20.46084832716595,
    "world_from_ego_bevfusion": [
      [
        -0.44345492124557495,
        -0.8962355256080627,
        0.010467004962265491,
        101.73052215576172
      ],
      [
        0.8962960839271545,
        -0.4434378743171692,
        0.004024177324026823,
        41.82196044921875
      ],
      [
        0.0010348554933443666,
        0.011166077107191086,
        0.999937117099762,
        -0.004558868240565062
      ],
      [
        0.0,
        0.0,
        0.0,
        1.0
      ]
    ]
  },
  "detections": [
    {
      "detection_id": "sample_000030_det_0000",
      "class_id": 0,
      "class_name": "car",
      "class_group": "vehicle",
      "score": 0.78466796875,
      "position_ego": [
        4.654834747314453,
        -3.2574806213378906,
        -1.4697265625
      ],
      "size_xyz": [
        2.185546875,
        5.08203125,
        1.796875
      ],
      "yaw_rad": -1.6064453125,
      "velocity_ego": [
        -6.616115570068359e-06,
        -2.2649765014648438e-06
      ],
      "speed_mps": 6.9930754170600005e-06,
      "distance_m": 5.681431731808268,
      "bearing_deg": -34.984554046242955,
      "source_confidence": 0.78466796875,
      "raw_box_9d": [
        4.654834747314453,
        -3.2574806213378906,
        -1.4697265625,
        2.185546875,
        5.08203125,
        1.796875,
        -1.6064453125,
        -6.616115570068359e-06,
        -2.2649765014648438e-06
      ]
    },
    {
      "detection_id": "sample_000030_det_0001",
      "class_id": 0,
      "class_name": "car",
      "class_group": "vehicle",
      "score": 0.472412109375,
      "position_ego": [
        33.28044891357422,
        17.440139770507812,
        -1.5087890625
      ],
      "size_xyz": [
        2.234375,
        5.14453125,
        1.849609375
      ],
      "yaw_rad": -2.578125,
      "velocity_ego": [
        -6.616115570068359e-06,
        -2.2649765014648438e-06
      ],
      "speed_mps": 6.9930754170600005e-06,
      "distance_m": 37.57321858856214,
      "bearing_deg": 27.656138442227707,
      "source_confidence": 0.472412109375,
      "raw_box_9d": [
        33.28044891357422,
        17.440139770507812,
        -1.5087890625,
        2.234375,
        5.14453125,
        1.849609375,
        -2.578125,
        -6.616115570068359e-06,
        -2.2649765014648438e-06
      ]
    },
    {
      "detection_id": "sample_000030_det_0002",
      "class_id": 0,
      "class_name": "car",
      "class_group": "vehicle",
      "score": 0.379150390625,
      "position_ego": [
        53.18115997314453,
        42.06153106689453,
        -1.4619140625
      ],
      "size_xyz": [
        2.263671875,
        5.15234375,
        1.927734375
      ],
      "yaw_rad": 0.44384765625,
      "velocity_ego": [
        -6.616115570068359e-06,
        -2.2649765014648438e-06
      ],
      "speed_mps": 6.9930754170600005e-06,
      "distance_m": 67.80418992791319,
      "bearing_deg": 38.3408379213879,
      "source_confidence": 0.379150390625,
      "raw_box_9d": [
        53.18115997314453,
        42.06153106689453,
        -1.4619140625,
        2.263671875,
        5.15234375,
        1.927734375,
        0.44384765625,
        -6.616115570068359e-06,
        -2.2649765014648438e-06
      ]
    },
    {
      "detection_id": "sample_000030_det_0003",
      "class_id": 0,
      "class_name": "car",
      "class_group": "vehicle",
      "score": 0.2132568359375,
      "position_ego": [
        50.25615692138672,
        42.98774719238281,
        -1.5166015625
      ],
      "size_xyz": [
        2.251953125,
        5.1328125,
        1.91796875
      ],
      "yaw_rad": 0.426513671875,
      "velocity_ego": [
        -0.0198822021484375,
        -0.06103515625
      ],
      "speed_mps": 0.06419183951822262,
      "distance_m": 66.1334084800055,
      "bearing_deg": 40.54277805601018,
      "source_confidence": 0.2132568359375,
      "raw_box_9d": [
        50.25615692138672,
        42.98774719238281,
        -1.5166015625,
        2.251953125,
        5.1328125,
        1.91796875,
        0.426513671875,
        -0.0198822021484375,
        -0.06103515625
      ]
    },
    {
      "detection_id": "sample_000030_det_0004",
      "class_id": 0,
      "class_name": "car",
      "class_group": "vehicle",
      "score": 0.1651611328125,
      "position_ego": [
        51.398956298828125,
        53.32954406738281,
        -1.583984375
      ],
      "size_xyz": [
        2.279296875,
        5.078125,
        1.9638671875
      ],
      "yaw_rad": 0.43896484375,
      "velocity_ego": [
        -6.616115570068359e-06,
        -2.2649765014648438e-06
      ],
      "speed_mps": 6.9930754170600005e-06,
      "distance_m": 74.06681428982732,
      "bearing_deg": 46.05608314448344,
      "source_confidence": 0.1651611328125,
      "raw_box_9d": [
        51.398956298828125,
        53.32954406738281,
        -1.583984375,
        2.279296875,
        5.078125,
        1.9638671875,
        0.43896484375,
        -6.616115570068359e-06,
        -2.2649765014648438e-06
      ]
    }
  ],
  "class_names": [
    "car",
    "truck",
    "construction_vehicle",
    "bus",
    "trailer",
    "barrier",
    "motorcycle",
    "bicycle",
    "pedestrian",
    "traffic_cone"
  ],
  "raw_prediction_count": 200,
  "filtered_prediction_count": 5
}