{
  "active_object_count": 2,
  "front_free_space_m": 5.053923456505126,
  "left_side_occupancy": 0.0,
  "right_side_occupancy": 0.0,
  "rear_gap_m": null,
  "nearest_front_vehicle": {
    "track_id": 2,
    "class": "car",
    "distance_m": 6.1174534208962825,
    "bearing_deg": 2.3018578939083083,
    "position_ego": [
      6.112517206505126,
      0.2457025783633663,
      -1.5361328125
    ],
    "velocity_ego": [
      0.00035613232176280585,
      -5.9326913415145435e-05
    ],
    "risk_level": "high",
    "risk_score": 0.6541190993432779
  },
  "nearest_vru": null,
  "nearest_any_object": {
    "track_id": 2,
    "class": "car",
    "distance_m": 6.1174534208962825,
    "bearing_deg": 2.3018578939083083,
    "position_ego": [
      6.112517206505126,
      0.2457025783633663,
      -1.5361328125
    ],
    "velocity_ego": [
      0.00035613232176280585,
      -5.9326913415145435e-05
    ],
    "risk_level": "high",
    "risk_score": 0.6541190993432779
  },
  "abnormal_flags": [
    "front_blocked",
    "high_risk_scene"
  ]
}