{
  "sample_name": "sample_000075",
  "sequence_index": 75,
  "frame_id": 60076,
  "timestamp": 442.5197008624673,
  "prediction_variant": "single",
  "source_sample_dir": "D:\\Agent-AI\\outputs\\s3a_ml_long_v2\\sample_000075",
  "source_prediction_dir": "D:\\Agent-AI\\outputs\\live_watch_compare_multilane\\lw_s3a_ml_long_v2\\inference\\sample_000075",
  "ego": {
    "frame_id": 60076,
    "timestamp": 442.5197008624673,
    "sample_name": "sample_000075",
    "town": "Carla/Maps/Town10HD_Opt",
    "weather": {
      "cloudiness": 20.0,
      "dust_storm": 0.0,
      "fog_density": 2.0,
      "fog_distance": 0.75,
      "fog_falloff": 0.10000000149011612,
      "mie_scattering_scale": 0.029999999329447746,
      "precipitation": 0.0,
      "precipitation_deposits": 0.0,
      "rayleigh_scattering_scale": 0.03310000151395798,
      "scattering_intensity": 1.0,
      "sun_altitude_angle": 45.0,
      "sun_azimuth_angle": 300.0,
      "wetness": 0.0,
      "wind_intensity": 10.0
    },
    "position_world": [
      80.53564453125,
      61.165550231933594,
      -0.004681701771914959
    ],
    "velocity_world": [
      -2.8894314765930176,
      1.160921335220337,
      5.845069608767517e-05
    ],
    "speed_mps": 3.1139288058516623,
    "yaw_deg": -156.90621948242188,
    "route_progress_m": 49.80512987477376,
    "world_from_ego_bevfusion": [
      [
        -0.9198637008666992,
        -0.39223650097846985,
        0.0010883812792599201,
        80.53564453125
      ],
      [
        0.3922370970249176,
        -0.9198639988899231,
        0.0004025032976642251,
        61.165550231933594
      ],
      [
        0.0008432863396592438,
        0.0007971517625264823,
        0.9999993443489075,
        -0.004681701771914959
      ],
      [
        0.0,
        0.0,
        0.0,
        1.0
      ]
    ]
  },
  "detections": [
    {
      "detection_id": "sample_000075_det_0000",
      "class_id": 0,
      "class_name": "car",
      "class_group": "vehicle",
      "score": 0.75634765625,
      "position_ego": [
        -25.446788787841797,
        3.7731475830078125,
        -1.3232421875
      ],
      "size_xyz": [
        2.095703125,
        4.87890625,
        1.7353515625
      ],
      "yaw_rad": -0.912109375,
      "velocity_ego": [
        -6.616115570068359e-06,
        -2.2649765014648438e-06
      ],
      "speed_mps": 6.9930754170600005e-06,
      "distance_m": 25.725001502355422,
      "bearing_deg": 171.56586410165195,
      "source_confidence": 0.75634765625,
      "raw_box_9d": [
        -25.446788787841797,
        3.7731475830078125,
        -1.3232421875,
        2.095703125,
        4.87890625,
        1.7353515625,
        -0.912109375,
        -6.616115570068359e-06,
        -2.2649765014648438e-06
      ]
    },
    {
      "detection_id": "sample_000075_det_0001",
      "class_id": 0,
      "class_name": "car",
      "class_group": "vehicle",
      "score": 0.66943359375,
      "position_ego": [
        9.517093658447266,
        1.0410652160644531,
        -1.546875
      ],
      "size_xyz": [
        2.16796875,
        5.0625,
        1.7919921875
      ],
      "yaw_rad": -1.7978515625,
      "velocity_ego": [
        -6.616115570068359e-06,
        -2.2649765014648438e-06
      ],
      "speed_mps": 6.9930754170600005e-06,
      "distance_m": 9.573864866800475,
      "bearing_deg": 6.242706159038815,
      "source_confidence": 0.66943359375,
      "raw_box_9d": [
        9.517093658447266,
        1.0410652160644531,
        -1.546875,
        2.16796875,
        5.0625,
        1.7919921875,
        -1.7978515625,
        -6.616115570068359e-06,
        -2.2649765014648438e-06
      ]
    },
    {
      "detection_id": "sample_000075_det_0002",
      "class_id": 0,
      "class_name": "car",
      "class_group": "vehicle",
      "score": 0.60595703125,
      "position_ego": [
        39.12187957763672,
        9.390750885009766,
        -1.3642578125
      ],
      "size_xyz": [
        2.1484375,
        4.9375,
        1.7685546875
      ],
      "yaw_rad": -1.947265625,
      "velocity_ego": [
        -6.616115570068359e-06,
        -2.2649765014648438e-06
      ],
      "speed_mps": 6.9930754170600005e-06,
      "distance_m": 40.23316621733145,
      "bearing_deg": 13.497810140233682,
      "source_confidence": 0.60595703125,
      "raw_box_9d": [
        39.12187957763672,
        9.390750885009766,
        -1.3642578125,
        2.1484375,
        4.9375,
        1.7685546875,
        -1.947265625,
        -6.616115570068359e-06,
        -2.2649765014648438e-06
      ]
    },
    {
      "detection_id": "sample_000075_det_0003",
      "class_id": 0,
      "class_name": "car",
      "class_group": "vehicle",
      "score": 0.60302734375,
      "position_ego": [
        40.757080078125,
        6.746192932128906,
        -1.193359375
      ],
      "size_xyz": [
        2.15625,
        4.859375,
        1.796875
      ],
      "yaw_rad": -1.9384765625,
      "velocity_ego": [
        -6.616115570068359e-06,
        -2.2649765014648438e-06
      ],
      "speed_mps": 6.9930754170600005e-06,
      "distance_m": 41.31162905977202,
      "bearing_deg": 9.398497722224079,
      "source_confidence": 0.60302734375,
      "raw_box_9d": [
        40.757080078125,
        6.746192932128906,
        -1.193359375,
        2.15625,
        4.859375,
        1.796875,
        -1.9384765625,
        -6.616115570068359e-06,
        -2.2649765014648438e-06
      ]
    },
    {
      "detection_id": "sample_000075_det_0004",
      "class_id": 0,
      "class_name": "car",
      "class_group": "vehicle",
      "score": 0.3662109375,
      "position_ego": [
        20.22100067138672,
        35.830299377441406,
        -0.65576171875
      ],
      "size_xyz": [
        2.236328125,
        5.01953125,
        2.083984375
      ],
      "yaw_rad": 1.158203125,
      "velocity_ego": [
        -6.616115570068359e-06,
        -2.2649765014648438e-06
      ],
      "speed_mps": 6.9930754170600005e-06,
      "distance_m": 41.14242605424843,
      "bearing_deg": 60.56158233390284,
      "source_confidence": 0.3662109375,
      "raw_box_9d": [
        20.22100067138672,
        35.830299377441406,
        -0.65576171875,
        2.236328125,
        5.01953125,
        2.083984375,
        1.158203125,
        -6.616115570068359e-06,
        -2.2649765014648438e-06
      ]
    },
    {
      "detection_id": "sample_000075_det_0005",
      "class_id": 0,
      "class_name": "car",
      "class_group": "vehicle",
      "score": 0.267578125,
      "position_ego": [
        46.45313262939453,
        16.384864807128906,
        -0.9833984375
      ],
      "size_xyz": [
        2.15625,
        4.9609375,
        1.8212890625
      ],
      "yaw_rad": 1.115234375,
      "velocity_ego": [
        -2.912109375,
        -1.1982421875
      ],
      "speed_mps": 3.148994339764312,
      "distance_m": 49.25806863684375,
      "bearing_deg": 19.428672998620723,
      "source_confidence": 0.267578125,
      "raw_box_9d": [
        46.45313262939453,
        16.384864807128906,
        -0.9833984375,
        2.15625,
        4.9609375,
        1.8212890625,
        1.115234375,
        -2.912109375,
        -1.1982421875
      ]
    }
  ],
  "class_names": [
    "car",
    "truck",
    "construction_vehicle",
    "bus",
    "trailer",
    "barrier",
    "motorcycle",
    "bicycle",
    "pedestrian",
    "traffic_cone"
  ],
  "raw_prediction_count": 200,
  "filtered_prediction_count": 6
}