{
  "active_object_count": 9,
  "front_free_space_m": 5.070268390607768,
  "left_side_occupancy": 0.031744130305239704,
  "right_side_occupancy": 0.1096823788891973,
  "rear_gap_m": 27.714514098048266,
  "nearest_front_vehicle": {
    "track_id": 2,
    "class": "car",
    "distance_m": 6.131220060346985,
    "bearing_deg": 2.379715224033486,
    "position_ego": [
      6.125932453107768,
      0.2545800627746136,
      -1.4462890625
    ],
    "velocity_ego": [
      0.09590979304767605,
      -0.020104237659164113
    ],
    "risk_level": "high",
    "risk_score": 0.6540158495473977
  },
  "nearest_vru": null,
  "nearest_any_object": {
    "track_id": 2,
    "class": "car",
    "distance_m": 6.131220060346985,
    "bearing_deg": 2.379715224033486,
    "position_ego": [
      6.125932453107768,
      0.2545800627746136,
      -1.4462890625
    ],
    "velocity_ego": [
      0.09590979304767605,
      -0.020104237659164113
    ],
    "risk_level": "high",
    "risk_score": 0.6540158495473977
  },
  "abnormal_flags": [
    "front_blocked",
    "high_risk_scene"
  ]
}