{
  "active_object_count": 2,
  "front_free_space_m": 5.38540940238434,
  "left_side_occupancy": 0.0,
  "right_side_occupancy": 0.7731617519195938,
  "rear_gap_m": null,
  "nearest_front_vehicle": {
    "track_id": 1,
    "class": "car",
    "distance_m": 6.451911360532014,
    "bearing_deg": 2.018144024824533,
    "position_ego": [
      6.44790940238434,
      0.22721034924860306,
      -1.48046875
    ],
    "velocity_ego": [
      0.001024860909448429,
      -0.0006342576696613597
    ],
    "risk_level": "high",
    "risk_score": 0.6516106647960099
  },
  "nearest_vru": null,
  "nearest_any_object": {
    "track_id": 1,
    "class": "car",
    "distance_m": 6.451911360532014,
    "bearing_deg": 2.018144024824533,
    "position_ego": [
      6.44790940238434,
      0.22721034924860306,
      -1.48046875
    ],
    "velocity_ego": [
      0.001024860909448429,
      -0.0006342576696613597
    ],
    "risk_level": "high",
    "risk_score": 0.6516106647960099
  },
  "abnormal_flags": [
    "front_blocked",
    "high_risk_scene"
  ]
}