{
  "sample_name": "sample_000018",
  "sequence_index": 18,
  "frame_id": 726291,
  "timestamp": 4998.994624745101,
  "prediction_variant": "single",
  "source_sample_dir": "D:\\Agent-AI\\outputs\\s3a_ml_long_v1\\sample_000018",
  "source_prediction_dir": "D:\\Agent-AI\\outputs\\live_watch_compare_multilane\\lw_s3a_ml_long_v1\\inference\\sample_000018",
  "ego": {
    "frame_id": 726291,
    "timestamp": 4998.994624745101,
    "sample_name": "sample_000018",
    "town": "Carla/Maps/Town10HD_Opt",
    "weather": {
      "cloudiness": 20.0,
      "dust_storm": 0.0,
      "fog_density": 2.0,
      "fog_distance": 0.75,
      "fog_falloff": 0.10000000149011612,
      "mie_scattering_scale": 0.029999999329447746,
      "precipitation": 0.0,
      "precipitation_deposits": 0.0,
      "rayleigh_scattering_scale": 0.03310000151395798,
      "scattering_intensity": 1.0,
      "sun_altitude_angle": 45.0,
      "sun_azimuth_angle": 300.0,
      "wetness": 0.0,
      "wind_intensity": 10.0
    },
    "position_world": [
      105.21444702148438,
      32.21399688720703,
      -0.0007338714203797281
    ],
    "velocity_world": [
      -0.8105701804161072,
      3.370824098587036,
      -0.002570838900282979
    ],
    "speed_mps": 3.4669129972076824,
    "yaw_deg": -102.31781768798828,
    "route_progress_m": 10.211589170207596,
    "world_from_ego_bevfusion": [
      [
        -0.21330013871192932,
        -0.9769849181175232,
        0.0018428091425448656,
        105.21444702148438
      ],
      [
        0.9768231511116028,
        -0.21322953701019287,
        0.018700066953897476,
        32.21399688720703
      ],
      [
        -0.017876744270324707,
        0.005788825917989016,
        0.9998234510421753,
        -0.0007338714203797281
      ],
      [
        0.0,
        0.0,
        0.0,
        1.0
      ]
    ]
  },
  "detections": [
    {
      "detection_id": "sample_000018_det_0000",
      "class_id": 0,
      "class_name": "car",
      "class_group": "vehicle",
      "score": 0.8271484375,
      "position_ego": [
        11.614601135253906,
        1.4806480407714844,
        -1.212890625
      ],
      "size_xyz": [
        2.0859375,
        4.75390625,
        1.7998046875
      ],
      "yaw_rad": -1.8232421875,
      "velocity_ego": [
        -6.616115570068359e-06,
        -2.2649765014648438e-06
      ],
      "speed_mps": 6.9930754170600005e-06,
      "distance_m": 11.708598470853877,
      "bearing_deg": 7.264971574315293,
      "source_confidence": 0.8271484375,
      "raw_box_9d": [
        11.614601135253906,
        1.4806480407714844,
        -1.212890625,
        2.0859375,
        4.75390625,
        1.7998046875,
        -1.8232421875,
        -6.616115570068359e-06,
        -2.2649765014648438e-06
      ]
    },
    {
      "detection_id": "sample_000018_det_0001",
      "class_id": 0,
      "class_name": "car",
      "class_group": "vehicle",
      "score": 0.80224609375,
      "position_ego": [
        11.606689453125,
        -1.9596672058105469,
        -1.185546875
      ],
      "size_xyz": [
        2.08203125,
        4.796875,
        1.78125
      ],
      "yaw_rad": -1.7724609375,
      "velocity_ego": [
        -6.616115570068359e-06,
        -2.2649765014648438e-06
      ],
      "speed_mps": 6.9930754170600005e-06,
      "distance_m": 11.7709615418118,
      "bearing_deg": -9.583406731920366,
      "source_confidence": 0.80224609375,
      "raw_box_9d": [
        11.606689453125,
        -1.9596672058105469,
        -1.185546875,
        2.08203125,
        4.796875,
        1.78125,
        -1.7724609375,
        -6.616115570068359e-06,
        -2.2649765014648438e-06
      ]
    },
    {
      "detection_id": "sample_000018_det_0002",
      "class_id": 0,
      "class_name": "car",
      "class_group": "vehicle",
      "score": 0.6376953125,
      "position_ego": [
        30.244850158691406,
        8.430469512939453,
        -0.880859375
      ],
      "size_xyz": [
        2.087890625,
        4.71875,
        1.794921875
      ],
      "yaw_rad": -2.31640625,
      "velocity_ego": [
        -6.616115570068359e-06,
        -2.2649765014648438e-06
      ],
      "speed_mps": 6.9930754170600005e-06,
      "distance_m": 31.39783077427957,
      "bearing_deg": 15.575315447626513,
      "source_confidence": 0.6376953125,
      "raw_box_9d": [
        30.244850158691406,
        8.430469512939453,
        -0.880859375,
        2.087890625,
        4.71875,
        1.794921875,
        -2.31640625,
        -6.616115570068359e-06,
        -2.2649765014648438e-06
      ]
    },
    {
      "detection_id": "sample_000018_det_0004",
      "class_id": 0,
      "class_name": "car",
      "class_group": "vehicle",
      "score": 0.327880859375,
      "position_ego": [
        30.662109375,
        -5.778804779052734,
        -0.6298828125
      ],
      "size_xyz": [
        2.17578125,
        4.87890625,
        1.8623046875
      ],
      "yaw_rad": 1.53125,
      "velocity_ego": [
        -6.616115570068359e-06,
        -2.2649765014648438e-06
      ],
      "speed_mps": 6.9930754170600005e-06,
      "distance_m": 31.20191558220209,
      "bearing_deg": -10.6731854876802,
      "source_confidence": 0.327880859375,
      "raw_box_9d": [
        30.662109375,
        -5.778804779052734,
        -0.6298828125,
        2.17578125,
        4.87890625,
        1.8623046875,
        1.53125,
        -6.616115570068359e-06,
        -2.2649765014648438e-06
      ]
    },
    {
      "detection_id": "sample_000018_det_0003",
      "class_id": 0,
      "class_name": "car",
      "class_group": "vehicle",
      "score": 0.318115234375,
      "position_ego": [
        38.22004699707031,
        26.391357421875,
        -0.40478515625
      ],
      "size_xyz": [
        2.1171875,
        4.94140625,
        1.79296875
      ],
      "yaw_rad": -2.861328125,
      "velocity_ego": [
        0.09014892578125,
        0.07342529296875
      ],
      "speed_mps": 0.11626737490396903,
      "distance_m": 46.446482525885855,
      "bearing_deg": 34.62550007836112,
      "source_confidence": 0.318115234375,
      "raw_box_9d": [
        38.22004699707031,
        26.391357421875,
        -0.40478515625,
        2.1171875,
        4.94140625,
        1.79296875,
        -2.861328125,
        0.09014892578125,
        0.07342529296875
      ]
    },
    {
      "detection_id": "sample_000018_det_0005",
      "class_id": 0,
      "class_name": "car",
      "class_group": "vehicle",
      "score": 0.1976318359375,
      "position_ego": [
        19.20293426513672,
        -11.086795806884766,
        -0.8076171875
      ],
      "size_xyz": [
        2.251953125,
        5.21484375,
        1.8828125
      ],
      "yaw_rad": 1.3564453125,
      "velocity_ego": [
        -0.126953125,
        -0.0670166015625
      ],
      "speed_mps": 0.14355598501021302,
      "distance_m": 22.17362680426275,
      "bearing_deg": -29.999947501062966,
      "source_confidence": 0.1976318359375,
      "raw_box_9d": [
        19.20293426513672,
        -11.086795806884766,
        -0.8076171875,
        2.251953125,
        5.21484375,
        1.8828125,
        1.3564453125,
        -0.126953125,
        -0.0670166015625
      ]
    }
  ],
  "class_names": [
    "car",
    "truck",
    "construction_vehicle",
    "bus",
    "trailer",
    "barrier",
    "motorcycle",
    "bicycle",
    "pedestrian",
    "traffic_cone"
  ],
  "raw_prediction_count": 200,
  "filtered_prediction_count": 6
}