{
  "active_object_count": 8,
  "front_free_space_m": 10.647911444652808,
  "left_side_occupancy": 0.606571980513084,
  "right_side_occupancy": 1.0,
  "rear_gap_m": null,
  "nearest_front_vehicle": {
    "track_id": 1,
    "class": "car",
    "distance_m": 11.802840584607477,
    "bearing_deg": 7.315670375990001,
    "position_ego": [
      11.706761370981036,
      1.5029251706467517,
      -1.212890625
    ],
    "velocity_ego": [
      -3.4011364420563526,
      -1.2252694676276885
    ],
    "risk_level": "high",
    "risk_score": 0.711478695615444
  },
  "nearest_vru": null,
  "nearest_any_object": {
    "track_id": 1,
    "class": "car",
    "distance_m": 11.802840584607477,
    "bearing_deg": 7.315670375990001,
    "position_ego": [
      11.706761370981036,
      1.5029251706467517,
      -1.212890625
    ],
    "velocity_ego": [
      -3.4011364420563526,
      -1.2252694676276885
    ],
    "risk_level": "high",
    "risk_score": 0.711478695615444
  },
  "abnormal_flags": [
    "high_risk_scene"
  ]
}