{
  "active_object_count": 9,
  "front_free_space_m": 5.054925763667143,
  "left_side_occupancy": 0.0320991471349662,
  "right_side_occupancy": 0.21570324932086704,
  "rear_gap_m": 21.749707591533678,
  "nearest_front_vehicle": {
    "track_id": 2,
    "class": "car",
    "distance_m": 6.114134368470331,
    "bearing_deg": 2.4299196644097623,
    "position_ego": [
      6.108636701167143,
      0.2592233185188214,
      -1.4697265625
    ],
    "velocity_ego": [
      0.08208734551971524,
      -0.007635656007871255
    ],
    "risk_level": "high",
    "risk_score": 0.6541439922364726
  },
  "nearest_vru": null,
  "nearest_any_object": {
    "track_id": 2,
    "class": "car",
    "distance_m": 6.114134368470331,
    "bearing_deg": 2.4299196644097623,
    "position_ego": [
      6.108636701167143,
      0.2592233185188214,
      -1.4697265625
    ],
    "velocity_ego": [
      0.08208734551971524,
      -0.007635656007871255
    ],
    "risk_level": "high",
    "risk_score": 0.6541439922364726
  },
  "abnormal_flags": [
    "front_blocked",
    "high_risk_scene"
  ]
}