{
  "sample_name": "sample_000039",
  "sequence_index": 39,
  "frame_id": 60040,
  "timestamp": 438.9197008088231,
  "prediction_variant": "single",
  "source_sample_dir": "D:\\Agent-AI\\outputs\\s3a_ml_long_v2\\sample_000039",
  "source_prediction_dir": "D:\\Agent-AI\\outputs\\live_watch_compare_multilane\\lw_s3a_ml_long_v2\\inference\\sample_000039",
  "ego": {
    "frame_id": 60040,
    "timestamp": 438.9197008088231,
    "sample_name": "sample_000039",
    "town": "Carla/Maps/Town10HD_Opt",
    "weather": {
      "cloudiness": 20.0,
      "dust_storm": 0.0,
      "fog_density": 2.0,
      "fog_distance": 0.75,
      "fog_falloff": 0.10000000149011612,
      "mie_scattering_scale": 0.029999999329447746,
      "precipitation": 0.0,
      "precipitation_deposits": 0.0,
      "rayleigh_scattering_scale": 0.03310000151395798,
      "scattering_intensity": 1.0,
      "sun_altitude_angle": 45.0,
      "sun_azimuth_angle": 300.0,
      "wetness": 0.0,
      "wind_intensity": 10.0
    },
    "position_world": [
      97.88978576660156,
      47.99496841430664,
      -0.004816551227122545
    ],
    "velocity_world": [
      -5.154619216918945,
      6.581276893615723,
      -0.00014015196938998997
    ],
    "speed_mps": 8.359623486827195,
    "yaw_deg": -126.1431884765625,
    "route_progress_m": 27.741793803920345,
    "world_from_ego_bevfusion": [
      [
        -0.5898036360740662,
        -0.8074683547019958,
        0.011246271431446075,
        97.88978576660156
      ],
      [
        0.8075433969497681,
        -0.5897837281227112,
        0.0053634545765817165,
        47.99496841430664
      ],
      [
        0.0023020482622087,
        0.0122452387586236,
        0.9999223947525024,
        -0.004816551227122545
      ],
      [
        0.0,
        0.0,
        0.0,
        1.0
      ]
    ]
  },
  "detections": [
    {
      "detection_id": "sample_000039_det_0000",
      "class_id": 0,
      "class_name": "car",
      "class_group": "vehicle",
      "score": 0.7021484375,
      "position_ego": [
        -3.0738258361816406,
        -3.400341033935547,
        -1.423828125
      ],
      "size_xyz": [
        2.240234375,
        5.234375,
        1.8232421875
      ],
      "yaw_rad": -1.4404296875,
      "velocity_ego": [
        -6.616115570068359e-06,
        -2.2649765014648438e-06
      ],
      "speed_mps": 6.9930754170600005e-06,
      "distance_m": 4.583745675563122,
      "bearing_deg": -132.11281685620716,
      "source_confidence": 0.7021484375,
      "raw_box_9d": [
        -3.0738258361816406,
        -3.400341033935547,
        -1.423828125,
        2.240234375,
        5.234375,
        1.8232421875,
        -1.4404296875,
        -6.616115570068359e-06,
        -2.2649765014648438e-06
      ]
    },
    {
      "detection_id": "sample_000039_det_0001",
      "class_id": 0,
      "class_name": "car",
      "class_group": "vehicle",
      "score": 0.59619140625,
      "position_ego": [
        28.56884765625,
        12.08642578125,
        -1.4912109375
      ],
      "size_xyz": [
        2.22265625,
        5.16015625,
        1.880859375
      ],
      "yaw_rad": 0.54345703125,
      "velocity_ego": [
        0.00580596923828125,
        0.0013399124145507812
      ],
      "speed_mps": 0.005958577353239233,
      "distance_m": 31.020327924954078,
      "bearing_deg": 22.931429570589515,
      "source_confidence": 0.59619140625,
      "raw_box_9d": [
        28.56884765625,
        12.08642578125,
        -1.4912109375,
        2.22265625,
        5.16015625,
        1.880859375,
        0.54345703125,
        0.00580596923828125,
        0.0013399124145507812
      ]
    },
    {
      "detection_id": "sample_000039_det_0002",
      "class_id": 0,
      "class_name": "car",
      "class_group": "vehicle",
      "score": 0.28955078125,
      "position_ego": [
        52.40479278564453,
        32.876220703125,
        -1.4130859375
      ],
      "size_xyz": [
        2.2890625,
        5.19921875,
        1.8681640625
      ],
      "yaw_rad": 0.66796875,
      "velocity_ego": [
        -0.50830078125,
        -0.751953125
      ],
      "speed_mps": 0.9076360429250405,
      "distance_m": 61.86362577983064,
      "bearing_deg": 32.102162407871674,
      "source_confidence": 0.28955078125,
      "raw_box_9d": [
        52.40479278564453,
        32.876220703125,
        -1.4130859375,
        2.2890625,
        5.19921875,
        1.8681640625,
        0.66796875,
        -0.50830078125,
        -0.751953125
      ]
    },
    {
      "detection_id": "sample_000039_det_0003",
      "class_id": 0,
      "class_name": "car",
      "class_group": "vehicle",
      "score": 0.27880859375,
      "position_ego": [
        52.50298309326172,
        44.233375549316406,
        -1.51171875
      ],
      "size_xyz": [
        2.24609375,
        5.015625,
        1.87890625
      ],
      "yaw_rad": 0.6455078125,
      "velocity_ego": [
        -0.2352294921875,
        -0.302490234375
      ],
      "speed_mps": 0.383188277335087,
      "distance_m": 68.65241981298394,
      "bearing_deg": 40.113890335363536,
      "source_confidence": 0.27880859375,
      "raw_box_9d": [
        52.50298309326172,
        44.233375549316406,
        -1.51171875,
        2.24609375,
        5.015625,
        1.87890625,
        0.6455078125,
        -0.2352294921875,
        -0.302490234375
      ]
    },
    {
      "detection_id": "sample_000039_det_0004",
      "class_id": 0,
      "class_name": "car",
      "class_group": "vehicle",
      "score": 0.1639404296875,
      "position_ego": [
        49.95594024658203,
        34.652496337890625,
        -1.48828125
      ],
      "size_xyz": [
        2.298828125,
        5.23828125,
        1.919921875
      ],
      "yaw_rad": 0.6630859375,
      "velocity_ego": [
        -0.69775390625,
        -0.96630859375
      ],
      "speed_mps": 1.1918946312666385,
      "distance_m": 60.7979561199848,
      "bearing_deg": 34.74754345046632,
      "source_confidence": 0.1639404296875,
      "raw_box_9d": [
        49.95594024658203,
        34.652496337890625,
        -1.48828125,
        2.298828125,
        5.23828125,
        1.919921875,
        0.6630859375,
        -0.69775390625,
        -0.96630859375
      ]
    }
  ],
  "class_names": [
    "car",
    "truck",
    "construction_vehicle",
    "bus",
    "trailer",
    "barrier",
    "motorcycle",
    "bicycle",
    "pedestrian",
    "traffic_cone"
  ],
  "raw_prediction_count": 200,
  "filtered_prediction_count": 5
}