{
  "sample_name": "sample_000046",
  "sequence_index": 46,
  "frame_id": 726319,
  "timestamp": 5001.794624786824,
  "prediction_variant": "single",
  "source_sample_dir": "D:\\Agent-AI\\outputs\\s3a_ml_long_v1\\sample_000046",
  "source_prediction_dir": "D:\\Agent-AI\\outputs\\live_watch_compare_multilane\\lw_s3a_ml_long_v1\\inference\\sample_000046",
  "ego": {
    "frame_id": 726319,
    "timestamp": 5001.794624786824,
    "sample_name": "sample_000046",
    "town": "Carla/Maps/Town10HD_Opt",
    "weather": {
      "cloudiness": 20.0,
      "dust_storm": 0.0,
      "fog_density": 2.0,
      "fog_distance": 0.75,
      "fog_falloff": 0.10000000149011612,
      "mie_scattering_scale": 0.029999999329447746,
      "precipitation": 0.0,
      "precipitation_deposits": 0.0,
      "rayleigh_scattering_scale": 0.03310000151395798,
      "scattering_intensity": 1.0,
      "sun_altitude_angle": 45.0,
      "sun_azimuth_angle": 300.0,
      "wetness": 0.0,
      "wind_intensity": 10.0
    },
    "position_world": [
      103.61907958984375,
      37.3553581237793,
      -0.004080276470631361
    ],
    "velocity_world": [
      0.0006318113883025944,
      -0.0015953349648043513,
      2.271652192575857e-05
    ],
    "speed_mps": 0.0017160405941249047,
    "yaw_deg": -109.16006469726562,
    "route_progress_m": 15.599720495434306,
    "world_from_ego_bevfusion": [
      [
        -0.3282076418399811,
        -0.94460529088974,
        -0.000748448190279305,
        103.61907958984375
      ],
      [
        0.9446035027503967,
        -0.3282085061073303,
        0.0018246456747874618,
        37.3553581237793
      ],
      [
        -0.001969217089936137,
        -0.00010812409891514108,
        0.9999980330467224,
        -0.004080276470631361
      ],
      [
        0.0,
        0.0,
        0.0,
        1.0
      ]
    ]
  },
  "detections": [
    {
      "detection_id": "sample_000046_det_0000",
      "class_id": 0,
      "class_name": "car",
      "class_group": "vehicle",
      "score": 0.82177734375,
      "position_ego": [
        6.335781097412109,
        0.24192047119140625,
        -1.41015625
      ],
      "size_xyz": [
        2.140625,
        4.93359375,
        1.779296875
      ],
      "yaw_rad": -1.685546875,
      "velocity_ego": [
        -6.616115570068359e-06,
        -2.2649765014648438e-06
      ],
      "speed_mps": 6.9930754170600005e-06,
      "distance_m": 6.340398065477125,
      "bearing_deg": 2.186674600906334,
      "source_confidence": 0.82177734375,
      "raw_box_9d": [
        6.335781097412109,
        0.24192047119140625,
        -1.41015625,
        2.140625,
        4.93359375,
        1.779296875,
        -1.685546875,
        -6.616115570068359e-06,
        -2.2649765014648438e-06
      ]
    },
    {
      "detection_id": "sample_000046_det_0001",
      "class_id": 0,
      "class_name": "car",
      "class_group": "vehicle",
      "score": 0.71728515625,
      "position_ego": [
        5.967189788818359,
        -3.1636924743652344,
        -1.4716796875
      ],
      "size_xyz": [
        2.158203125,
        5.02734375,
        1.7861328125
      ],
      "yaw_rad": -1.658203125,
      "velocity_ego": [
        -6.616115570068359e-06,
        -2.2649765014648438e-06
      ],
      "speed_mps": 6.9930754170600005e-06,
      "distance_m": 6.753984309141776,
      "bearing_deg": -27.931699075344874,
      "source_confidence": 0.71728515625,
      "raw_box_9d": [
        5.967189788818359,
        -3.1636924743652344,
        -1.4716796875,
        2.158203125,
        5.02734375,
        1.7861328125,
        -1.658203125,
        -6.616115570068359e-06,
        -2.2649765014648438e-06
      ]
    },
    {
      "detection_id": "sample_000046_det_0003",
      "class_id": 0,
      "class_name": "car",
      "class_group": "vehicle",
      "score": 0.498779296875,
      "position_ego": [
        25.74126434326172,
        4.900783538818359,
        -1.3330078125
      ],
      "size_xyz": [
        2.142578125,
        4.83984375,
        1.865234375
      ],
      "yaw_rad": -2.205078125,
      "velocity_ego": [
        -6.616115570068359e-06,
        -2.2649765014648438e-06
      ],
      "speed_mps": 6.9930754170600005e-06,
      "distance_m": 26.20363274975495,
      "bearing_deg": 10.779326605902684,
      "source_confidence": 0.498779296875,
      "raw_box_9d": [
        25.74126434326172,
        4.900783538818359,
        -1.3330078125,
        2.142578125,
        4.83984375,
        1.865234375,
        -2.205078125,
        -6.616115570068359e-06,
        -2.2649765014648438e-06
      ]
    },
    {
      "detection_id": "sample_000046_det_0002",
      "class_id": 0,
      "class_name": "car",
      "class_group": "vehicle",
      "score": 0.37841796875,
      "position_ego": [
        35.6630859375,
        21.742530822753906,
        -0.91015625
      ],
      "size_xyz": [
        2.1875,
        5.03515625,
        1.87890625
      ],
      "yaw_rad": 0.3544921875,
      "velocity_ego": [
        -6.616115570068359e-06,
        -2.2649765014648438e-06
      ],
      "speed_mps": 6.9930754170600005e-06,
      "distance_m": 41.76832945143861,
      "bearing_deg": 31.369194903838633,
      "source_confidence": 0.37841796875,
      "raw_box_9d": [
        35.6630859375,
        21.742530822753906,
        -0.91015625,
        2.1875,
        5.03515625,
        1.87890625,
        0.3544921875,
        -6.616115570068359e-06,
        -2.2649765014648438e-06
      ]
    },
    {
      "detection_id": "sample_000046_det_0004",
      "class_id": 0,
      "class_name": "car",
      "class_group": "vehicle",
      "score": 0.240234375,
      "position_ego": [
        24.412872314453125,
        -9.243270874023438,
        -1.2353515625
      ],
      "size_xyz": [
        2.24609375,
        5.13671875,
        1.931640625
      ],
      "yaw_rad": -1.4375,
      "velocity_ego": [
        0.071533203125,
        0.005222320556640625
      ],
      "speed_mps": 0.07172357897734065,
      "distance_m": 26.104145094071974,
      "bearing_deg": -20.737809951967627,
      "source_confidence": 0.240234375,
      "raw_box_9d": [
        24.412872314453125,
        -9.243270874023438,
        -1.2353515625,
        2.24609375,
        5.13671875,
        1.931640625,
        -1.4375,
        0.071533203125,
        0.005222320556640625
      ]
    }
  ],
  "class_names": [
    "car",
    "truck",
    "construction_vehicle",
    "bus",
    "trailer",
    "barrier",
    "motorcycle",
    "bicycle",
    "pedestrian",
    "traffic_cone"
  ],
  "raw_prediction_count": 200,
  "filtered_prediction_count": 5
}