{
  "active_object_count": 8,
  "front_free_space_m": null,
  "left_side_occupancy": 0.3472254287301274,
  "right_side_occupancy": 0.8078600439099254,
  "rear_gap_m": 14.382714641094228,
  "nearest_front_vehicle": null,
  "nearest_vru": null,
  "nearest_any_object": {
    "track_id": 1,
    "class": "car",
    "distance_m": 15.541210403645323,
    "bearing_deg": -176.463491090494,
    "position_ego": [
      -15.51161520860441,
      -0.9586524034111625,
      -1.380859375
    ],
    "velocity_ego": [
      -5.169099276841136,
      1.6350549288683753
    ],
    "risk_level": "low",
    "risk_score": 0.2334409219726601
  },
  "abnormal_flags": []
}