{
  "active_object_count": 6,
  "front_free_space_m": 16.638354812446345,
  "left_side_occupancy": 0.41419971939142,
  "right_side_occupancy": 0.0676872283751544,
  "rear_gap_m": null,
  "nearest_front_vehicle": {
    "track_id": 2,
    "class": "car",
    "distance_m": 17.683710074481304,
    "bearing_deg": 0.7235284406818777,
    "position_ego": [
      17.682300124946345,
      0.22330313395482926,
      -1.60546875
    ],
    "velocity_ego": [
      -4.584779132318449,
      -1.410048466706044
    ],
    "risk_level": "high",
    "risk_score": 0.6673721744413902
  },
  "nearest_vru": null,
  "nearest_any_object": {
    "track_id": 1,
    "class": "car",
    "distance_m": 17.5740084182574,
    "bearing_deg": 11.900383395972131,
    "position_ego": [
      17.196300892168434,
      3.6239491595480544,
      -1.5947265625
    ],
    "velocity_ego": [
      -4.3843038841915485,
      -1.4422781792958181
    ],
    "risk_level": "medium",
    "risk_score": 0.41819493686306947
  },
  "abnormal_flags": [
    "high_risk_scene"
  ]
}