{
  "active_object_count": 9,
  "front_free_space_m": 5.071184265060776,
  "left_side_occupancy": 0.03570311892864553,
  "right_side_occupancy": 0.0,
  "rear_gap_m": 28.323733983692343,
  "nearest_front_vehicle": {
    "track_id": 2,
    "class": "car",
    "distance_m": 6.1492769486687555,
    "bearing_deg": 2.2758688695349125,
    "position_ego": [
      6.144426452560776,
      0.24419369463668789,
      -1.529296875
    ],
    "velocity_ego": [
      -0.004376034037182751,
      -0.0038253794565863367
    ],
    "risk_level": "high",
    "risk_score": 0.6538804228849844
  },
  "nearest_vru": null,
  "nearest_any_object": {
    "track_id": 2,
    "class": "car",
    "distance_m": 6.1492769486687555,
    "bearing_deg": 2.2758688695349125,
    "position_ego": [
      6.144426452560776,
      0.24419369463668789,
      -1.529296875
    ],
    "velocity_ego": [
      -0.004376034037182751,
      -0.0038253794565863367
    ],
    "risk_level": "high",
    "risk_score": 0.6538804228849844
  },
  "abnormal_flags": [
    "front_blocked",
    "high_risk_scene"
  ]
}