{
  "highest_risk_level": "low",
  "highest_risk_score": 0.2793180343458477,
  "urgent_track_ids": [],
  "front_hazard_track_id": null,
  "nearest_front_vehicle_distance_m": 22.757595420553642,
  "nearest_vru_distance_m": 41.338119442238366,
  "minimum_ttc_seconds": 7.964796043216437,
  "flags": []
}