{
  "active_object_count": 3,
  "front_free_space_m": null,
  "left_side_occupancy": 0.24141348598154522,
  "right_side_occupancy": 0.0,
  "rear_gap_m": null,
  "nearest_front_vehicle": null,
  "nearest_vru": {
    "track_id": 3,
    "class": "motorcycle",
    "distance_m": 41.338119442238366,
    "bearing_deg": 17.381740359257154,
    "position_ego": [
      39.45043826103209,
      12.349212121963948,
      -1.46875
    ],
    "velocity_ego": [
      -5.9604644775390625e-06,
      0.0001499652862548828
    ],
    "risk_level": "low",
    "risk_score": 0.2125
  },
  "nearest_any_object": {
    "track_id": 1,
    "class": "car",
    "distance_m": 22.757595420553642,
    "bearing_deg": 12.52371564175177,
    "position_ego": [
      22.216108834010488,
      4.934841193088723,
      -1.5302734375
    ],
    "velocity_ego": [
      -2.789287850368974,
      -0.6428172386516404
    ],
    "risk_level": "low",
    "risk_score": 0.2793180343458477
  },
  "abnormal_flags": []
}