{
  "sample_name": "sample_000024",
  "sequence_index": 24,
  "frame_id": 726297,
  "timestamp": 4999.594624754041,
  "prediction_variant": "single",
  "source_sample_dir": "D:\\Agent-AI\\outputs\\s3a_ml_long_v1\\sample_000024",
  "source_prediction_dir": "D:\\Agent-AI\\outputs\\live_watch_compare_multilane\\lw_s3a_ml_long_v1\\inference\\sample_000024",
  "ego": {
    "frame_id": 726297,
    "timestamp": 4999.594624754041,
    "sample_name": "sample_000024",
    "town": "Carla/Maps/Town10HD_Opt",
    "weather": {
      "cloudiness": 20.0,
      "dust_storm": 0.0,
      "fog_density": 2.0,
      "fog_distance": 0.75,
      "fog_falloff": 0.10000000149011612,
      "mie_scattering_scale": 0.029999999329447746,
      "precipitation": 0.0,
      "precipitation_deposits": 0.0,
      "rayleigh_scattering_scale": 0.03310000151395798,
      "scattering_intensity": 1.0,
      "sun_altitude_angle": 45.0,
      "sun_azimuth_angle": 300.0,
      "wetness": 0.0,
      "wind_intensity": 10.0
    },
    "position_world": [
      105.02302551269531,
      33.0048828125,
      -0.0038039397913962603
    ],
    "velocity_world": [
      -0.3759723901748657,
      1.5026620626449585,
      0.0003536701260600239
    ],
    "speed_mps": 1.548983097960969,
    "yaw_deg": -102.91654205322266,
    "route_progress_m": 11.025321355429208,
    "world_from_ego_bevfusion": [
      [
        -0.22353021800518036,
        -0.974696934223175,
        -0.0001904914970509708,
        105.02302551269531
      ],
      [
        0.9746911525726318,
        -0.22352954745292664,
        0.00341102690435946,
        33.0048828125
      ],
      [
        -0.0033672982826828957,
        0.0005767972324974835,
        0.999994158744812,
        -0.0038039397913962603
      ],
      [
        0.0,
        0.0,
        0.0,
        1.0
      ]
    ]
  },
  "detections": [
    {
      "detection_id": "sample_000024_det_0000",
      "class_id": 0,
      "class_name": "car",
      "class_group": "vehicle",
      "score": 0.767578125,
      "position_ego": [
        10.892288208007812,
        -2.0979156494140625,
        -1.3935546875
      ],
      "size_xyz": [
        2.1328125,
        4.984375,
        1.7666015625
      ],
      "yaw_rad": -1.751953125,
      "velocity_ego": [
        -6.616115570068359e-06,
        -2.2649765014648438e-06
      ],
      "speed_mps": 6.9930754170600005e-06,
      "distance_m": 11.0924836027989,
      "bearing_deg": -10.901985980684424,
      "source_confidence": 0.767578125,
      "raw_box_9d": [
        10.892288208007812,
        -2.0979156494140625,
        -1.3935546875,
        2.1328125,
        4.984375,
        1.7666015625,
        -1.751953125,
        -6.616115570068359e-06,
        -2.2649765014648438e-06
      ]
    },
    {
      "detection_id": "sample_000024_det_0001",
      "class_id": 0,
      "class_name": "car",
      "class_group": "vehicle",
      "score": 0.68701171875,
      "position_ego": [
        10.86181640625,
        1.3656044006347656,
        -1.408203125
      ],
      "size_xyz": [
        2.138671875,
        4.94140625,
        1.7900390625
      ],
      "yaw_rad": -1.8212890625,
      "velocity_ego": [
        -6.616115570068359e-06,
        -2.2649765014648438e-06
      ],
      "speed_mps": 6.9930754170600005e-06,
      "distance_m": 10.947325290778323,
      "bearing_deg": 7.165926217922759,
      "source_confidence": 0.68701171875,
      "raw_box_9d": [
        10.86181640625,
        1.3656044006347656,
        -1.408203125,
        2.138671875,
        4.94140625,
        1.7900390625,
        -1.8212890625,
        -6.616115570068359e-06,
        -2.2649765014648438e-06
      ]
    },
    {
      "detection_id": "sample_000024_det_0002",
      "class_id": 0,
      "class_name": "car",
      "class_group": "vehicle",
      "score": 0.517578125,
      "position_ego": [
        29.48760223388672,
        7.9604034423828125,
        -1.2353515625
      ],
      "size_xyz": [
        2.1484375,
        4.95703125,
        1.8212890625
      ],
      "yaw_rad": 0.787109375,
      "velocity_ego": [
        -6.616115570068359e-06,
        -2.2649765014648438e-06
      ],
      "speed_mps": 6.9930754170600005e-06,
      "distance_m": 30.543194143203507,
      "bearing_deg": 15.107312839545125,
      "source_confidence": 0.517578125,
      "raw_box_9d": [
        29.48760223388672,
        7.9604034423828125,
        -1.2353515625,
        2.1484375,
        4.95703125,
        1.8212890625,
        0.787109375,
        -6.616115570068359e-06,
        -2.2649765014648438e-06
      ]
    },
    {
      "detection_id": "sample_000024_det_0003",
      "class_id": 0,
      "class_name": "car",
      "class_group": "vehicle",
      "score": 0.436767578125,
      "position_ego": [
        37.634185791015625,
        25.861968994140625,
        -0.9853515625
      ],
      "size_xyz": [
        2.169921875,
        5.02734375,
        1.833984375
      ],
      "yaw_rad": 0.3232421875,
      "velocity_ego": [
        -6.616115570068359e-06,
        -2.2649765014648438e-06
      ],
      "speed_mps": 6.9930754170600005e-06,
      "distance_m": 45.66369871579145,
      "bearing_deg": 34.49659764387529,
      "source_confidence": 0.436767578125,
      "raw_box_9d": [
        37.634185791015625,
        25.861968994140625,
        -0.9853515625,
        2.169921875,
        5.02734375,
        1.833984375,
        0.3232421875,
        -6.616115570068359e-06,
        -2.2649765014648438e-06
      ]
    },
    {
      "detection_id": "sample_000024_det_0004",
      "class_id": 0,
      "class_name": "car",
      "class_group": "vehicle",
      "score": 0.1046142578125,
      "position_ego": [
        -16.081344604492188,
        -23.742956161499023,
        -0.33544921875
      ],
      "size_xyz": [
        2.279296875,
        5.25,
        1.9443359375
      ],
      "yaw_rad": 1.9072265625,
      "velocity_ego": [
        -0.603515625,
        0.20751953125
      ],
      "speed_mps": 0.6381970428240484,
      "distance_m": 28.676429547195976,
      "bearing_deg": -124.1101829036409,
      "source_confidence": 0.1046142578125,
      "raw_box_9d": [
        -16.081344604492188,
        -23.742956161499023,
        -0.33544921875,
        2.279296875,
        5.25,
        1.9443359375,
        1.9072265625,
        -0.603515625,
        0.20751953125
      ]
    }
  ],
  "class_names": [
    "car",
    "truck",
    "construction_vehicle",
    "bus",
    "trailer",
    "barrier",
    "motorcycle",
    "bicycle",
    "pedestrian",
    "traffic_cone"
  ],
  "raw_prediction_count": 200,
  "filtered_prediction_count": 5
}