{
  "sample_name": "sample_000080",
  "sequence_index": 80,
  "frame_id": 60081,
  "timestamp": 443.01970086991787,
  "prediction_variant": "single",
  "source_sample_dir": "D:\\Agent-AI\\outputs\\s3a_ml_long_v2\\sample_000080",
  "source_prediction_dir": "D:\\Agent-AI\\outputs\\live_watch_compare_multilane\\lw_s3a_ml_long_v2\\inference\\sample_000080",
  "ego": {
    "frame_id": 60081,
    "timestamp": 443.01970086991787,
    "sample_name": "sample_000080",
    "town": "Carla/Maps/Town10HD_Opt",
    "weather": {
      "cloudiness": 20.0,
      "dust_storm": 0.0,
      "fog_density": 2.0,
      "fog_distance": 0.75,
      "fog_falloff": 0.10000000149011612,
      "mie_scattering_scale": 0.029999999329447746,
      "precipitation": 0.0,
      "precipitation_deposits": 0.0,
      "rayleigh_scattering_scale": 0.03310000151395798,
      "scattering_intensity": 1.0,
      "sun_altitude_angle": 45.0,
      "sun_azimuth_angle": 300.0,
      "wetness": 0.0,
      "wind_intensity": 10.0
    },
    "position_world": [
      79.05732727050781,
      61.7027473449707,
      -0.00508678425103426
    ],
    "velocity_world": [
      -3.39573073387146,
      1.154352068901062,
      -6.4849850787140895e-06
    ],
    "speed_mps": 3.586574398500249,
    "yaw_deg": -159.28036499023438,
    "route_progress_m": 51.37828002785048,
    "world_from_ego_bevfusion": [
      [
        -0.9353193044662476,
        -0.35379019379615784,
        0.0032195276580750942,
        79.05732727050781
      ],
      [
        0.35379403829574585,
        -0.9353231191635132,
        0.0006960136815905571,
        61.7027473449707
      ],
      [
        0.0027650557458400726,
        0.0017900444800034165,
        0.9999945759773254,
        -0.00508678425103426
      ],
      [
        0.0,
        0.0,
        0.0,
        1.0
      ]
    ]
  },
  "detections": [
    {
      "detection_id": "sample_000080_det_0000",
      "class_id": 0,
      "class_name": "car",
      "class_group": "vehicle",
      "score": 0.634765625,
      "position_ego": [
        39.35277557373047,
        5.0116729736328125,
        -1.2685546875
      ],
      "size_xyz": [
        2.169921875,
        4.95703125,
        1.8076171875
      ],
      "yaw_rad": 1.2138671875,
      "velocity_ego": [
        -6.616115570068359e-06,
        -2.2649765014648438e-06
      ],
      "speed_mps": 6.9930754170600005e-06,
      "distance_m": 39.67061647304008,
      "bearing_deg": 7.257690377967474,
      "source_confidence": 0.634765625,
      "raw_box_9d": [
        39.35277557373047,
        5.0116729736328125,
        -1.2685546875,
        2.169921875,
        4.95703125,
        1.8076171875,
        1.2138671875,
        -6.616115570068359e-06,
        -2.2649765014648438e-06
      ]
    },
    {
      "detection_id": "sample_000080_det_0002",
      "class_id": 0,
      "class_name": "car",
      "class_group": "vehicle",
      "score": 0.61279296875,
      "position_ego": [
        7.956226348876953,
        0.6196327209472656,
        -1.51171875
      ],
      "size_xyz": [
        2.1796875,
        5.12890625,
        1.9033203125
      ],
      "yaw_rad": -1.7607421875,
      "velocity_ego": [
        -6.616115570068359e-06,
        -2.2649765014648438e-06
      ],
      "speed_mps": 6.9930754170600005e-06,
      "distance_m": 7.980318441229799,
      "bearing_deg": 4.453219465016554,
      "source_confidence": 0.61279296875,
      "raw_box_9d": [
        7.956226348876953,
        0.6196327209472656,
        -1.51171875,
        2.1796875,
        5.12890625,
        1.9033203125,
        -1.7607421875,
        -6.616115570068359e-06,
        -2.2649765014648438e-06
      ]
    },
    {
      "detection_id": "sample_000080_det_0001",
      "class_id": 0,
      "class_name": "car",
      "class_group": "vehicle",
      "score": 0.60693359375,
      "position_ego": [
        -26.876218795776367,
        4.847316741943359,
        -1.1796875
      ],
      "size_xyz": [
        2.138671875,
        5.0625,
        1.771484375
      ],
      "yaw_rad": -0.87890625,
      "velocity_ego": [
        0.05340576171875,
        -0.040802001953125
      ],
      "speed_mps": 0.06720847229436717,
      "distance_m": 27.309844678342046,
      "bearing_deg": 169.77620958715698,
      "source_confidence": 0.60693359375,
      "raw_box_9d": [
        -26.876218795776367,
        4.847316741943359,
        -1.1796875,
        2.138671875,
        5.0625,
        1.771484375,
        -0.87890625,
        0.05340576171875,
        -0.040802001953125
      ]
    },
    {
      "detection_id": "sample_000080_det_0004",
      "class_id": 0,
      "class_name": "car",
      "class_group": "vehicle",
      "score": 0.51171875,
      "position_ego": [
        37.91499328613281,
        7.735256195068359,
        -1.41015625
      ],
      "size_xyz": [
        2.15625,
        4.96484375,
        1.767578125
      ],
      "yaw_rad": -1.8779296875,
      "velocity_ego": [
        -6.616115570068359e-06,
        -2.2649765014648438e-06
      ],
      "speed_mps": 6.9930754170600005e-06,
      "distance_m": 38.69600630931879,
      "bearing_deg": 11.530997325921378,
      "source_confidence": 0.51171875,
      "raw_box_9d": [
        37.91499328613281,
        7.735256195068359,
        -1.41015625,
        2.15625,
        4.96484375,
        1.767578125,
        -1.8779296875,
        -6.616115570068359e-06,
        -2.2649765014648438e-06
      ]
    },
    {
      "detection_id": "sample_000080_det_0003",
      "class_id": 0,
      "class_name": "car",
      "class_group": "vehicle",
      "score": 0.447021484375,
      "position_ego": [
        20.114707946777344,
        34.938575744628906,
        -0.75390625
      ],
      "size_xyz": [
        2.30859375,
        5.28125,
        2.123046875
      ],
      "yaw_rad": 1.177734375,
      "velocity_ego": [
        -6.616115570068359e-06,
        -2.2649765014648438e-06
      ],
      "speed_mps": 6.9930754170600005e-06,
      "distance_m": 40.31507845518001,
      "bearing_deg": 60.07026385011932,
      "source_confidence": 0.447021484375,
      "raw_box_9d": [
        20.114707946777344,
        34.938575744628906,
        -0.75390625,
        2.30859375,
        5.28125,
        2.123046875,
        1.177734375,
        -6.616115570068359e-06,
        -2.2649765014648438e-06
      ]
    },
    {
      "detection_id": "sample_000080_det_0005",
      "class_id": 0,
      "class_name": "car",
      "class_group": "vehicle",
      "score": 0.36865234375,
      "position_ego": [
        45.657135009765625,
        14.465484619140625,
        -1.171875
      ],
      "size_xyz": [
        2.216796875,
        4.96875,
        1.8759765625
      ],
      "yaw_rad": 1.1728515625,
      "velocity_ego": [
        -6.616115570068359e-06,
        -2.2649765014648438e-06
      ],
      "speed_mps": 6.9930754170600005e-06,
      "distance_m": 47.89388502268906,
      "bearing_deg": 17.57968912596667,
      "source_confidence": 0.36865234375,
      "raw_box_9d": [
        45.657135009765625,
        14.465484619140625,
        -1.171875,
        2.216796875,
        4.96875,
        1.8759765625,
        1.1728515625,
        -6.616115570068359e-06,
        -2.2649765014648438e-06
      ]
    },
    {
      "detection_id": "sample_000080_det_0006",
      "class_id": 0,
      "class_name": "car",
      "class_group": "vehicle",
      "score": 0.238525390625,
      "position_ego": [
        -12.4346923828125,
        -14.45712661743164,
        -1.0400390625
      ],
      "size_xyz": [
        2.12109375,
        4.9765625,
        1.7900390625
      ],
      "yaw_rad": -2.15625,
      "velocity_ego": [
        1.0185546875,
        0.91259765625
      ],
      "speed_mps": 1.3675847811456574,
      "distance_m": 19.069087148776305,
      "bearing_deg": -130.69909279121788,
      "source_confidence": 0.238525390625,