{
  "active_object_count": 7,
  "front_free_space_m": 10.529992021634023,
  "left_side_occupancy": 0.826751385071346,
  "right_side_occupancy": 0.32831016975767147,
  "rear_gap_m": 23.34594826090494,
  "nearest_front_vehicle": {
    "track_id": 2,
    "class": "car",
    "distance_m": 11.709018508640234,
    "bearing_deg": 8.224748175405027,
    "position_ego": [
      11.588585771634023,
      1.675050521375706,
      -1.1328125
    ],
    "velocity_ego": [
      -0.7900687850054636,
      -0.2878521303971602
    ],
    "risk_level": "high",
    "risk_score": 0.6121823611851983
  },
  "nearest_vru": null,
  "nearest_any_object": {
    "track_id": 2,
    "class": "car",
    "distance_m": 11.709018508640234,
    "bearing_deg": 8.224748175405027,
    "position_ego": [
      11.588585771634023,
      1.675050521375706,
      -1.1328125
    ],
    "velocity_ego": [
      -0.7900687850054636,
      -0.2878521303971602
    ],
    "risk_level": "high",
    "risk_score": 0.6121823611851983
  },
  "abnormal_flags": [
    "high_risk_scene"
  ]
}