{
  "active_object_count": 8,
  "front_free_space_m": 7.35405252209773,
  "left_side_occupancy": 0.1038595159779494,
  "right_side_occupancy": 0.0,
  "rear_gap_m": 26.48394174901246,
  "nearest_front_vehicle": {
    "track_id": 2,
    "class": "car",
    "distance_m": 8.476452874924403,
    "bearing_deg": 4.870198892507875,
    "position_ego": [
      8.44584939709773,
      0.719639703155737,
      -1.4921875
    ],
    "velocity_ego": [
      -1.7400258690664046,
      -0.5832653608432713
    ],
    "risk_level": "high",
    "risk_score": 0.736426603438067
  },
  "nearest_vru": null,
  "nearest_any_object": {
    "track_id": 2,
    "class": "car",
    "distance_m": 8.476452874924403,
    "bearing_deg": 4.870198892507875,
    "position_ego": [
      8.44584939709773,
      0.719639703155737,
      -1.4921875
    ],
    "velocity_ego": [
      -1.7400258690664046,
      -0.5832653608432713
    ],
    "risk_level": "high",
    "risk_score": 0.736426603438067
  },
  "abnormal_flags": [
    "front_blocked",
    "high_risk_scene"
  ]
}