{
  "active_object_count": 2,
  "front_free_space_m": 5.249046322860839,
  "left_side_occupancy": 0.1485110182105126,
  "right_side_occupancy": 0.0,
  "rear_gap_m": null,
  "nearest_front_vehicle": {
    "track_id": 1,
    "class": "car",
    "distance_m": 6.322680811039489,
    "bearing_deg": 2.3406317500864264,
    "position_ego": [
      6.317405697860839,
      0.2582206167647592,
      -1.5146484375
    ],
    "velocity_ego": [
      -2.1364169266979958,
      -0.15637412390610286
    ],
    "risk_level": "critical",
    "risk_score": 0.9025798939172038
  },
  "nearest_vru": null,
  "nearest_any_object": {
    "track_id": 1,
    "class": "car",
    "distance_m": 6.322680811039489,
    "bearing_deg": 2.3406317500864264,
    "position_ego": [
      6.317405697860839,
      0.2582206167647592,
      -1.5146484375
    ],
    "velocity_ego": [
      -2.1364169266979958,
      -0.15637412390610286
    ],
    "risk_level": "critical",
    "risk_score": 0.9025798939172038
  },
  "abnormal_flags": [
    "front_blocked",
    "high_risk_scene"
  ]
}