{
  "sample_name": "sample_000013",
  "sequence_index": 13,
  "frame_id": 3933,
  "timestamp": 40.4310865662992,
  "prediction_variant": "single",
  "source_sample_dir": "D:\\Agent-AI\\outputs\\s3a_left_v3\\sample_000013",
  "source_prediction_dir": "D:\\Agent-AI\\outputs\\live_watch_compare_multilane\\lw_left_positive_v1\\inference\\sample_000013",
  "ego": {
    "frame_id": 3933,
    "timestamp": 40.4310865662992,
    "sample_name": "sample_000013",
    "town": "Carla/Maps/Town10HD_Opt",
    "weather": {
      "cloudiness": 20.0,
      "dust_storm": 0.0,
      "fog_density": 2.0,
      "fog_distance": 0.75,
      "fog_falloff": 0.10000000149011612,
      "mie_scattering_scale": 0.029999999329447746,
      "precipitation": 0.0,
      "precipitation_deposits": 0.0,
      "rayleigh_scattering_scale": 0.03310000151395798,
      "scattering_intensity": 1.0,
      "sun_altitude_angle": 45.0,
      "sun_azimuth_angle": 300.0,
      "wetness": 0.0,
      "wind_intensity": 10.0
    },
    "position_world": [
      109.5281982421875,
      27.31165885925293,
      -0.006074981763958931
    ],
    "velocity_world": [
      -0.9266950488090515,
      8.094374656677246,
      1.9779205103986897e-05
    ],
    "speed_mps": 8.147248909695671,
    "yaw_deg": -95.51145935058594,
    "route_progress_m": 6.187893355998007,
    "world_from_ego_bevfusion": [
      [
        -0.09604163467884064,
        -0.9953508377075195,
        0.0072605907917022705,
        109.5281982421875
      ],
      [
        0.9953438639640808,
        -0.09609569609165192,
        -0.007503634784370661,
        27.31165885925293
      ],
      [
        0.008166461251676083,
        0.006506122648715973,
        0.9999455213546753,
        -0.006074981763958931
      ],
      [
        0.0,
        0.0,
        0.0,
        1.0
      ]
    ]
  },
  "detections": [
    {
      "detection_id": "sample_000013_det_0000",
      "class_id": 0,
      "class_name": "car",
      "class_group": "vehicle",
      "score": 0.63671875,
      "position_ego": [
        18.090972900390625,
        3.5567893981933594,
        -1.634765625
      ],
      "size_xyz": [
        2.169921875,
        5.046875,
        1.8486328125
      ],
      "yaw_rad": -2.013671875,
      "velocity_ego": [
        -6.616115570068359e-06,
        -2.2649765014648438e-06
      ],
      "speed_mps": 6.9930754170600005e-06,
      "distance_m": 18.437300542806387,
      "bearing_deg": 11.122814967402494,
      "source_confidence": 0.63671875,
      "raw_box_9d": [
        18.090972900390625,
        3.5567893981933594,
        -1.634765625,
        2.169921875,
        5.046875,
        1.8486328125,
        -2.013671875,
        -6.616115570068359e-06,
        -2.2649765014648438e-06
      ]
    },
    {
      "detection_id": "sample_000013_det_0001",
      "class_id": 0,
      "class_name": "car",
      "class_group": "vehicle",
      "score": 0.38720703125,
      "position_ego": [
        31.731887817382812,
        18.097564697265625,
        -1.6123046875
      ],
      "size_xyz": [
        2.228515625,
        5.04296875,
        1.9091796875
      ],
      "yaw_rad": 0.81201171875,
      "velocity_ego": [
        -6.616115570068359e-06,
        -2.2649765014648438e-06
      ],
      "speed_mps": 6.9930754170600005e-06,
      "distance_m": 36.529913118247116,
      "bearing_deg": 29.697296200215256,
      "source_confidence": 0.38720703125,
      "raw_box_9d": [
        31.731887817382812,
        18.097564697265625,
        -1.6123046875,
        2.228515625,
        5.04296875,
        1.9091796875,
        0.81201171875,
        -6.616115570068359e-06,
        -2.2649765014648438e-06
      ]
    }
  ],
  "class_names": [
    "car",
    "truck",
    "construction_vehicle",
    "bus",
    "trailer",
    "barrier",
    "motorcycle",
    "bicycle",
    "pedestrian",
    "traffic_cone"
  ],
  "raw_prediction_count": 200,
  "filtered_prediction_count": 2
}