{
  "active_object_count": 2,
  "front_free_space_m": null,
  "left_side_occupancy": 0.37970685627232004,
  "right_side_occupancy": 0.0,
  "rear_gap_m": null,
  "nearest_front_vehicle": null,
  "nearest_vru": null,
  "nearest_any_object": {
    "track_id": 1,
    "class": "car",
    "distance_m": 18.608794311830398,
    "bearing_deg": 11.283115488713515,
    "position_ego": [
      18.24913022331993,
      3.6409438106516347,
      -1.634765625
    ],
    "velocity_ego": [
      -4.458747988758468,
      -1.6850867625156027
    ],
    "risk_level": "medium",
    "risk_score": 0.410434042661272
  },
  "abnormal_flags": []
}