{
  "sample_name": "sample_000040",
  "sequence_index": 40,
  "frame_id": 726313,
  "timestamp": 5001.194624777883,
  "prediction_variant": "single",
  "source_sample_dir": "D:\\Agent-AI\\outputs\\s3a_ml_long_v1\\sample_000040",
  "source_prediction_dir": "D:\\Agent-AI\\outputs\\live_watch_compare_multilane\\lw_s3a_ml_long_v1\\inference\\sample_000040",
  "ego": {
    "frame_id": 726313,
    "timestamp": 5001.194624777883,
    "sample_name": "sample_000040",
    "town": "Carla/Maps/Town10HD_Opt",
    "weather": {
      "cloudiness": 20.0,
      "dust_storm": 0.0,
      "fog_density": 2.0,
      "fog_distance": 0.75,
      "fog_falloff": 0.10000000149011612,
      "mie_scattering_scale": 0.029999999329447746,
      "precipitation": 0.0,
      "precipitation_deposits": 0.0,
      "rayleigh_scattering_scale": 0.03310000151395798,
      "scattering_intensity": 1.0,
      "sun_altitude_angle": 45.0,
      "sun_azimuth_angle": 300.0,
      "wetness": 0.0,
      "wind_intensity": 10.0
    },
    "position_world": [
      103.62042999267578,
      37.35169219970703,
      -0.0018028258346021175
    ],
    "velocity_world": [
      -0.009833459742367268,
      0.022925814613699913,
      -0.0003524589410517365
    ],
    "speed_mps": 0.024948229065639538,
    "yaw_deg": -109.159423828125,
    "route_progress_m": 15.594561228862217,
    "world_from_ego_bevfusion": [
      [
        -0.32817167043685913,
        -0.944606363773346,
        -0.004701781552284956,
        103.62042999267578
      ],
      [
        0.9445341229438782,
        -0.32820481061935425,
        0.011698653921484947,
        37.35169219970703
      ],
      [
        -0.012593770399689674,
        -0.0006018262356519699,
        0.9999204874038696,
        -0.0018028258346021175
      ],
      [
        0.0,
        0.0,
        0.0,
        1.0
      ]
    ]
  },
  "detections": [
    {
      "detection_id": "sample_000040_det_0000",
      "class_id": 0,
      "class_name": "car",
      "class_group": "vehicle",
      "score": 0.8212890625,
      "position_ego": [
        6.300708770751953,
        0.2505645751953125,
        -1.4140625
      ],
      "size_xyz": [
        2.12890625,
        4.859375,
        1.791015625
      ],
      "yaw_rad": -1.716796875,
      "velocity_ego": [
        -6.616115570068359e-06,
        -2.2649765014648438e-06
      ],
      "speed_mps": 6.9930754170600005e-06,
      "distance_m": 6.305688988538318,
      "bearing_deg": 2.277320273225017,
      "source_confidence": 0.8212890625,
      "raw_box_9d": [
        6.300708770751953,
        0.2505645751953125,
        -1.4140625,
        2.12890625,
        4.859375,
        1.791015625,
        -1.716796875,
        -6.616115570068359e-06,
        -2.2649765014648438e-06
      ]
    },
    {
      "detection_id": "sample_000040_det_0001",
      "class_id": 0,
      "class_name": "car",
      "class_group": "vehicle",
      "score": 0.74072265625,
      "position_ego": [
        5.932033538818359,
        -3.1855926513671875,
        -1.4208984375
      ],
      "size_xyz": [
        2.146484375,
        4.9765625,
        1.78125
      ],
      "yaw_rad": -1.654296875,
      "velocity_ego": [
        -6.616115570068359e-06,
        -2.2649765014648438e-06
      ],
      "speed_mps": 6.9930754170600005e-06,
      "distance_m": 6.733277244114525,
      "bearing_deg": -28.23647798650521,
      "source_confidence": 0.74072265625,
      "raw_box_9d": [
        5.932033538818359,
        -3.1855926513671875,
        -1.4208984375,
        2.146484375,
        4.9765625,
        1.78125,
        -1.654296875,
        -6.616115570068359e-06,
        -2.2649765014648438e-06
      ]
    },
    {
      "detection_id": "sample_000040_det_0003",
      "class_id": 0,
      "class_name": "car",
      "class_group": "vehicle",
      "score": 0.52099609375,
      "position_ego": [
        25.700538635253906,
        4.897266387939453,
        -1.076171875
      ],
      "size_xyz": [
        2.123046875,
        4.796875,
        1.8515625
      ],
      "yaw_rad": -2.19140625,
      "velocity_ego": [
        -6.616115570068359e-06,
        -2.2649765014648438e-06
      ],
      "speed_mps": 6.9930754170600005e-06,
      "distance_m": 26.162968184375035,
      "bearing_deg": 10.788440576604492,
      "source_confidence": 0.52099609375,
      "raw_box_9d": [
        25.700538635253906,
        4.897266387939453,
        -1.076171875,
        2.123046875,
        4.796875,
        1.8515625,
        -2.19140625,
        -6.616115570068359e-06,
        -2.2649765014648438e-06
      ]
    },
    {
      "detection_id": "sample_000040_det_0002",
      "class_id": 0,
      "class_name": "car",
      "class_group": "vehicle",
      "score": 0.4892578125,
      "position_ego": [
        35.58699035644531,
        21.61669921875,
        -0.49169921875
      ],
      "size_xyz": [
        2.15625,
        4.8984375,
        1.8662109375
      ],
      "yaw_rad": 0.4619140625,
      "velocity_ego": [
        -0.033172607421875,
        -0.347412109375
      ],
      "speed_mps": 0.3489922572544451,
      "distance_m": 41.63791022306041,
      "bearing_deg": 31.275861222589583,
      "source_confidence": 0.4892578125,
      "raw_box_9d": [
        35.58699035644531,
        21.61669921875,
        -0.49169921875,
        2.15625,
        4.8984375,
        1.8662109375,
        0.4619140625,
        -0.033172607421875,
        -0.347412109375
      ]
    },
    {
      "detection_id": "sample_000040_det_0004",
      "class_id": 0,
      "class_name": "car",
      "class_group": "vehicle",
      "score": 0.350341796875,
      "position_ego": [
        24.217750549316406,
        -9.342330932617188,
        -0.8046875
      ],
      "size_xyz": [
        2.248046875,
        5.0625,
        1.912109375
      ],
      "yaw_rad": 1.6865234375,
      "velocity_ego": [
        -2.7265625,
        0.337646484375
      ],
      "speed_mps": 2.747389345327132,
      "distance_m": 25.95724540322896,
      "bearing_deg": -21.094807889721235,
      "source_confidence": 0.350341796875,
      "raw_box_9d": [
        24.217750549316406,
        -9.342330932617188,
        -0.8046875,
        2.248046875,
        5.0625,
        1.912109375,
        1.6865234375,
        -2.7265625,
        0.337646484375
      ]
    },
    {
      "detection_id": "sample_000040_det_0006",
      "class_id": 0,
      "class_name": "car",
      "class_group": "vehicle",
      "score": 0.188232421875,
      "position_ego": [
        40.79619598388672,
        3.9493675231933594,
        -0.4765625
      ],
      "size_xyz": [
        2.228515625,
        4.98828125,
        1.884765625
      ],
      "yaw_rad": 0.9921875,
      "velocity_ego": [
        -2.05859375,
        -1.7724609375
      ],
      "speed_mps": 2.716509893687568,
      "distance_m": 40.98691389442427,
      "bearing_deg": 5.529416539241791,
      "source_confidence": 0.188232421875,
      "raw_box_9d": [
        40.79619598388672,
        3.9493675231933594,
        -0.4765625,
        2.228515625,
        4.98828125,
        1.884765625,
        0.9921875,
        -2.05859375,
        -1.7724609375
      ]
    },
    {
      "detection_id": "sample_000040_det_0005",
      "class_id": 0,
      "class_name": "car",
      "class_group": "vehicle",
      "score": 0.1693115234375,
      "position_ego": [
        52.57306671142578,
        48.654937744140625,
        0.02880859375
      ],
      "size_xyz": [
        2.23046875,
        5.15234375,
        1.93359375
      ],
      "yaw_rad": 0.335205078125,
      "velocity_ego": [
        -0.81103515625,
        -2.61328125
      ],
      "speed_mps": 2.7362413848699503,
      "distance_m": 71.63260647449754,
      "bearing_deg": 42.78341727283957,
      "source_confidence": 0.1693115234375,