{
  "active_object_count": 2,
  "front_free_space_m": 9.755860172886388,
  "left_side_occupancy": 0.006582158839803176,
  "right_side_occupancy": 0.0,
  "rear_gap_m": null,
  "nearest_front_vehicle": {
    "track_id": 1,
    "class": "car",
    "distance_m": 10.887671927886707,
    "bearing_deg": 5.427001367577753,
    "position_ego": [
      10.838867985386388,
      1.029728510170643,
      -1.6025390625
    ],
    "velocity_ego": [
      -1.457874255595376,
      -0.5362964217842453
    ],
    "risk_level": "high",
    "risk_score": 0.6183424605408497
  },
  "nearest_vru": null,
  "nearest_any_object": {
    "track_id": 1,
    "class": "car",
    "distance_m": 10.887671927886707,
    "bearing_deg": 5.427001367577753,
    "position_ego": [
      10.838867985386388,
      1.029728510170643,
      -1.6025390625
    ],
    "velocity_ego": [
      -1.457874255595376,
      -0.5362964217842453
    ],
    "risk_level": "high",
    "risk_score": 0.6183424605408497
  },
  "abnormal_flags": [
    "high_risk_scene"
  ]
}