{
  "sample_name": "sample_000032",
  "sequence_index": 32,
  "frame_id": 3952,
  "timestamp": 42.331086594611406,
  "prediction_variant": "single",
  "source_sample_dir": "D:\\Agent-AI\\outputs\\s3a_left_v3\\sample_000032",
  "source_prediction_dir": "D:\\Agent-AI\\outputs\\live_watch_compare_multilane\\lw_left_positive_v1\\inference\\sample_000032",
  "ego": {
    "frame_id": 3952,
    "timestamp": 42.331086594611406,
    "sample_name": "sample_000032",
    "town": "Carla/Maps/Town10HD_Opt",
    "weather": {
      "cloudiness": 20.0,
      "dust_storm": 0.0,
      "fog_density": 2.0,
      "fog_distance": 0.75,
      "fog_falloff": 0.10000000149011612,
      "mie_scattering_scale": 0.029999999329447746,
      "precipitation": 0.0,
      "precipitation_deposits": 0.0,
      "rayleigh_scattering_scale": 0.03310000151395798,
      "scattering_intensity": 1.0,
      "sun_altitude_angle": 45.0,
      "sun_azimuth_angle": 300.0,
      "wetness": 0.0,
      "wind_intensity": 10.0
    },
    "position_world": [
      108.00796508789062,
      35.22801971435547,
      -0.006187858525663614
    ],
    "velocity_world": [
      -1.086964726448059,
      3.5340416431427,
      -5.643844633596018e-05
    ],
    "speed_mps": 3.69742378625907,
    "yaw_deg": -105.5675048828125,
    "route_progress_m": 14.26352174209544,
    "world_from_ego_bevfusion": [
      [
        -0.2683650255203247,
        -0.963310956954956,
        0.00351001787930727,
        108.00796508789062
      ],
      [
        0.963284432888031,
        -0.2683842182159424,
        -0.007286614738404751,
        35.22801971435547
      ],
      [
        0.00796130858361721,
        0.0014256725553423166,
        0.9999672770500183,
        -0.006187858525663614
      ],
      [
        0.0,
        0.0,
        0.0,
        1.0
      ]
    ]
  },
  "detections": [
    {
      "detection_id": "sample_000032_det_0000",
      "class_id": 0,
      "class_name": "car",
      "class_group": "vehicle",
      "score": 0.80615234375,
      "position_ego": [
        10.440895080566406,
        0.9616737365722656,
        -1.662109375
      ],
      "size_xyz": [
        2.146484375,
        4.93359375,
        1.8466796875
      ],
      "yaw_rad": -1.74609375,
      "velocity_ego": [
        -6.616115570068359e-06,
        -2.2649765014648438e-06
      ],
      "speed_mps": 6.9930754170600005e-06,
      "distance_m": 10.485089721075765,
      "bearing_deg": 5.262462588521519,
      "source_confidence": 0.80615234375,
      "raw_box_9d": [
        10.440895080566406,
        0.9616737365722656,
        -1.662109375,
        2.146484375,
        4.93359375,
        1.8466796875,
        -1.74609375,
        -6.616115570068359e-06,
        -2.2649765014648438e-06
      ]
    },
    {
      "detection_id": "sample_000032_det_0001",
      "class_id": 0,
      "class_name": "car",
      "class_group": "vehicle",
      "score": 0.52490234375,
      "position_ego": [
        26.377593994140625,
        12.891136169433594,
        -1.619140625
      ],
      "size_xyz": [
        2.158203125,
        4.9453125,
        1.8525390625
      ],
      "yaw_rad": -2.265625,
      "velocity_ego": [
        -6.616115570068359e-06,
        -2.2649765014648438e-06
      ],
      "speed_mps": 6.9930754170600005e-06,
      "distance_m": 29.35913582956083,
      "bearing_deg": 26.045471692132775,
      "source_confidence": 0.52490234375,
      "raw_box_9d": [
        26.377593994140625,
        12.891136169433594,
        -1.619140625,
        2.158203125,
        4.9453125,
        1.8525390625,
        -2.265625,
        -6.616115570068359e-06,
        -2.2649765014648438e-06
      ]
    },
    {
      "detection_id": "sample_000032_det_0002",
      "class_id": 0,
      "class_name": "car",
      "class_group": "vehicle",
      "score": 0.245361328125,
      "position_ego": [
        28.23516082763672,
        -3.7340316772460938,
        -1.412109375
      ],
      "size_xyz": [
        2.20703125,
        4.92578125,
        1.8935546875
      ],
      "yaw_rad": 1.470703125,
      "velocity_ego": [
        -6.616115570068359e-06,
        -2.2649765014648438e-06
      ],
      "speed_mps": 6.9930754170600005e-06,
      "distance_m": 28.48099892084525,
      "bearing_deg": -7.5335122083781085,
      "source_confidence": 0.245361328125,
      "raw_box_9d": [
        28.23516082763672,
        -3.7340316772460938,
        -1.412109375,
        2.20703125,
        4.92578125,
        1.8935546875,
        1.470703125,
        -6.616115570068359e-06,
        -2.2649765014648438e-06
      ]
    },
    {
      "detection_id": "sample_000032_det_0003",
      "class_id": 0,
      "class_name": "car",
      "class_group": "vehicle",
      "score": 0.18212890625,
      "position_ego": [
        33.40935516357422,
        0.2809028625488281,
        -1.548828125
      ],
      "size_xyz": [
        2.251953125,
        5.02734375,
        1.9482421875
      ],
      "yaw_rad": 1.123046875,
      "velocity_ego": [
        -6.616115570068359e-06,
        -2.2649765014648438e-06
      ],
      "speed_mps": 6.9930754170600005e-06,
      "distance_m": 33.41053604574508,
      "bearing_deg": 0.4817264253502896,
      "source_confidence": 0.18212890625,
      "raw_box_9d": [
        33.40935516357422,
        0.2809028625488281,
        -1.548828125,
        2.251953125,
        5.02734375,
        1.9482421875,
        1.123046875,
        -6.616115570068359e-06,
        -2.2649765014648438e-06
      ]
    }
  ],
  "class_names": [
    "car",
    "truck",
    "construction_vehicle",
    "bus",
    "trailer",
    "barrier",
    "motorcycle",
    "bicycle",
    "pedestrian",
    "traffic_cone"
  ],
  "raw_prediction_count": 200,
  "filtered_prediction_count": 4
}