{
  "active_object_count": 4,
  "front_free_space_m": 9.445676934116582,
  "left_side_occupancy": 0.018251737355597486,
  "right_side_occupancy": 0.05063336930515827,
  "rear_gap_m": null,
  "nearest_front_vehicle": {
    "track_id": 1,
    "class": "car",
    "distance_m": 10.563594173669822,
    "bearing_deg": 5.27129700366489,
    "position_ego": [
      10.518919121616582,
      0.9704959448034878,
      -1.662109375
    ],
    "velocity_ego": [
      -1.7504707063964404,
      -0.4284846372782245
    ],
    "risk_level": "high",
    "risk_score": 0.6207730436974763
  },
  "nearest_vru": null,
  "nearest_any_object": {
    "track_id": 1,
    "class": "car",
    "distance_m": 10.563594173669822,
    "bearing_deg": 5.27129700366489,
    "position_ego": [
      10.518919121616582,
      0.9704959448034878,
      -1.662109375
    ],
    "velocity_ego": [
      -1.7504707063964404,
      -0.4284846372782245
    ],
    "risk_level": "high",
    "risk_score": 0.6207730436974763
  },
  "abnormal_flags": [
    "high_risk_scene"
  ]
}