{
  "sample_name": "sample_000021",
  "sequence_index": 21,
  "frame_id": 60022,
  "timestamp": 437.119700782001,
  "prediction_variant": "single",
  "source_sample_dir": "D:\\Agent-AI\\outputs\\s3a_ml_long_v2\\sample_000021",
  "source_prediction_dir": "D:\\Agent-AI\\outputs\\live_watch_compare_multilane\\lw_s3a_ml_long_v2\\inference\\sample_000021",
  "ego": {
    "frame_id": 60022,
    "timestamp": 437.119700782001,
    "sample_name": "sample_000021",
    "town": "Carla/Maps/Town10HD_Opt",
    "weather": {
      "cloudiness": 20.0,
      "dust_storm": 0.0,
      "fog_density": 2.0,
      "fog_distance": 0.75,
      "fog_falloff": 0.10000000149011612,
      "mie_scattering_scale": 0.029999999329447746,
      "precipitation": 0.0,
      "precipitation_deposits": 0.0,
      "rayleigh_scattering_scale": 0.03310000151395798,
      "scattering_intensity": 1.0,
      "sun_altitude_angle": 45.0,
      "sun_azimuth_angle": 300.0,
      "wetness": 0.0,
      "wind_intensity": 10.0
    },
    "position_world": [
      104.43688201904297,
      35.11658477783203,
      -0.004323234315961599
    ],
    "velocity_world": [
      -2.258279323577881,
      7.286543846130371,
      0.00011369704589014873
    ],
    "speed_mps": 7.6284694885544875,
    "yaw_deg": -106.22964477539062,
    "route_progress_m": 13.219394973260133,
    "world_from_ego_bevfusion": [
      [
        -0.2794879376888275,
        -0.9601180553436279,
        0.007737880572676659,
        104.43688201904297
      ],
      [
        0.9601492285728455,
        -0.2794780433177948,
        0.0023517266381531954,
        35.11658477783203
      ],
      [
        -9.536742436466739e-05,
        0.008086798712611198,
        0.9999672770500183,
        -0.004323234315961599
      ],
      [
        0.0,
        0.0,
        0.0,
        1.0
      ]
    ]
  },
  "detections": [
    {
      "detection_id": "sample_000021_det_0000",
      "class_id": 0,
      "class_name": "car",
      "class_group": "vehicle",
      "score": 0.78759765625,
      "position_ego": [
        12.360939025878906,
        -1.6303672790527344,
        -1.4150390625
      ],
      "size_xyz": [
        2.158203125,
        4.9765625,
        1.837890625
      ],
      "yaw_rad": -1.7734375,
      "velocity_ego": [
        -6.616115570068359e-06,
        -2.2649765014648438e-06
      ],
      "speed_mps": 6.9930754170600005e-06,
      "distance_m": 12.467995471049145,
      "bearing_deg": -7.513753922515551,
      "source_confidence": 0.78759765625,
      "raw_box_9d": [
        12.360939025878906,
        -1.6303672790527344,
        -1.4150390625,
        2.158203125,
        4.9765625,
        1.837890625,
        -1.7734375,
        -6.616115570068359e-06,
        -2.2649765014648438e-06
      ]
    },
    {
      "detection_id": "sample_000021_det_0001",
      "class_id": 0,
      "class_name": "car",
      "class_group": "vehicle",
      "score": 0.59765625,
      "position_ego": [
        36.975807189941406,
        23.780349731445312,
        -1.353515625
      ],
      "size_xyz": [
        2.14453125,
        4.90234375,
        1.8359375
      ],
      "yaw_rad": -2.736328125,
      "velocity_ego": [
        -6.616115570068359e-06,
        -2.2649765014648438e-06
      ],
      "speed_mps": 6.9930754170600005e-06,
      "distance_m": 43.962658594511474,
      "bearing_deg": 32.746395273518324,
      "source_confidence": 0.59765625,
      "raw_box_9d": [
        36.975807189941406,
        23.780349731445312,
        -1.353515625,
        2.14453125,
        4.90234375,
        1.8359375,
        -2.736328125,
        -6.616115570068359e-06,
        -2.2649765014648438e-06
      ]
    },
    {
      "detection_id": "sample_000021_det_0002",
      "class_id": 0,
      "class_name": "car",
      "class_group": "vehicle",
      "score": 0.3779296875,
      "position_ego": [
        49.03960418701172,
        51.85851287841797,
        -1.58984375
      ],
      "size_xyz": [
        2.169921875,
        5.0078125,
        1.9072265625
      ],
      "yaw_rad": 0.22900390625,
      "velocity_ego": [
        -6.616115570068359e-06,
        -2.2649765014648438e-06
      ],
      "speed_mps": 6.9930754170600005e-06,
      "distance_m": 71.37358150450221,
      "bearing_deg": 46.60032291052097,
      "source_confidence": 0.3779296875,
      "raw_box_9d": [
        49.03960418701172,
        51.85851287841797,
        -1.58984375,
        2.169921875,
        5.0078125,
        1.9072265625,
        0.22900390625,
        -6.616115570068359e-06,
        -2.2649765014648438e-06
      ]
    },
    {
      "detection_id": "sample_000021_det_0003",
      "class_id": 0,
      "class_name": "car",
      "class_group": "vehicle",
      "score": 0.240234375,
      "position_ego": [
        52.15972137451172,
        51.45850372314453,
        -1.412109375
      ],
      "size_xyz": [
        2.1953125,
        5.01953125,
        1.919921875
      ],
      "yaw_rad": 0.274169921875,
      "velocity_ego": [
        -6.616115570068359e-06,
        -2.2649765014648438e-06
      ],
      "speed_mps": 6.9930754170600005e-06,
      "distance_m": 73.27082734138857,
      "bearing_deg": 44.612267064006005,
      "source_confidence": 0.240234375,
      "raw_box_9d": [
        52.15972137451172,
        51.45850372314453,
        -1.412109375,
        2.1953125,
        5.01953125,
        1.919921875,
        0.274169921875,
        -6.616115570068359e-06,
        -2.2649765014648438e-06
      ]
    },
    {
      "detection_id": "sample_000021_det_0005",
      "class_id": 0,
      "class_name": "car",
      "class_group": "vehicle",
      "score": 0.1468505859375,
      "position_ego": [
        27.162086486816406,
        -7.482860565185547,
        -1.2001953125
      ],
      "size_xyz": [
        2.2734375,
        5.25390625,
        1.935546875
      ],
      "yaw_rad": 1.4443359375,
      "velocity_ego": [
        -6.616115570068359e-06,
        -2.2649765014648438e-06
      ],
      "speed_mps": 6.9930754170600005e-06,
      "distance_m": 28.173962173526522,
      "bearing_deg": -15.402304628190995,
      "source_confidence": 0.1468505859375,
      "raw_box_9d": [
        27.162086486816406,
        -7.482860565185547,
        -1.2001953125,
        2.2734375,
        5.25390625,
        1.935546875,
        1.4443359375,
        -6.616115570068359e-06,
        -2.2649765014648438e-06
      ]
    },
    {
      "detection_id": "sample_000021_det_0004",
      "class_id": 0,
      "class_name": "car",
      "class_group": "vehicle",
      "score": 0.144287109375,
      "position_ego": [
        32.587066650390625,
        -4.457298278808594,
        -1.099609375
      ],
      "size_xyz": [
        2.26953125,
        5.16796875,
        1.9384765625
      ],
      "yaw_rad": 1.6171875,
      "velocity_ego": [
        -0.439697265625,
        0.041229248046875
      ],
      "speed_mps": 0.4416260140578367,
      "distance_m": 32.89049134359763,
      "bearing_deg": -7.788652921748101,
      "source_confidence": 0.144287109375,
      "raw_box_9d": [
        32.587066650390625,
        -4.457298278808594,
        -1.099609375,
        2.26953125,
        5.16796875,
        1.9384765625,
        1.6171875,
        -0.439697265625,
        0.041229248046875
      ]
    }
  ],
  "class_names": [
    "car",
    "truck",
    "construction_vehicle",
    "bus",
    "trailer",
    "barrier",
    "motorcycle",
    "bicycle",
    "pedestrian",
    "traffic_cone"
  ],
  "raw_prediction_count": 200,
  "filtered_prediction_count": 6
}