{
  "sample_name": "sample_000036",
  "sequence_index": 36,
  "frame_id": 60037,
  "timestamp": 438.61970080435276,
  "prediction_variant": "single",
  "source_sample_dir": "D:\\Agent-AI\\outputs\\s3a_ml_long_v2\\sample_000036",
  "source_prediction_dir": "D:\\Agent-AI\\outputs\\live_watch_compare_multilane\\lw_s3a_ml_long_v2\\inference\\sample_000036",
  "ego": {
    "frame_id": 60037,
    "timestamp": 438.61970080435276,
    "sample_name": "sample_000036",
    "town": "Carla/Maps/Town10HD_Opt",
    "weather": {
      "cloudiness": 20.0,
      "dust_storm": 0.0,
      "fog_density": 2.0,
      "fog_distance": 0.75,
      "fog_falloff": 0.10000000149011612,
      "mie_scattering_scale": 0.029999999329447746,
      "precipitation": 0.0,
      "precipitation_deposits": 0.0,
      "rayleigh_scattering_scale": 0.03310000151395798,
      "scattering_intensity": 1.0,
      "sun_altitude_angle": 45.0,
      "sun_azimuth_angle": 300.0,
      "wetness": 0.0,
      "wind_intensity": 10.0
    },
    "position_world": [
      99.31710052490234,
      45.99519348144531,
      -0.003972739912569523
    ],
    "velocity_world": [
      -4.40571928024292,
      6.398071765899658,
      -0.00012804985453840345
    ],
    "speed_mps": 7.7682484972034285,
    "yaw_deg": -122.46112060546875,
    "route_progress_m": 25.284541242079026,
    "world_from_ego_bevfusion": [
      [
        -0.5367265343666077,
        -0.8437090516090393,
        0.008926167152822018,
        99.31710052490234
      ],
      [
        0.8437546491622925,
        -0.536674439907074,
        0.007660165429115295,
        45.99519348144531
      ],
      [
        -0.0016725054010748863,
        0.011642908677458763,
        0.9999308586120605,
        -0.003972739912569523
      ],
      [
        0.0,
        0.0,
        0.0,
        1.0
      ]
    ]
  },
  "detections": [
    {
      "detection_id": "sample_000036_det_0000",
      "class_id": 0,
      "class_name": "car",
      "class_group": "vehicle",
      "score": 0.70556640625,
      "position_ego": [
        -0.4801750183105469,
        -3.4675750732421875,
        -1.4033203125
      ],
      "size_xyz": [
        2.244140625,
        5.26171875,
        1.8271484375
      ],
      "yaw_rad": -1.5400390625,
      "velocity_ego": [
        -6.616115570068359e-06,
        -2.2649765014648438e-06
      ],
      "speed_mps": 6.9930754170600005e-06,
      "distance_m": 3.5006634995069286,
      "bearing_deg": -97.88393760048609,
      "source_confidence": 0.70556640625,
      "raw_box_9d": [
        -0.4801750183105469,
        -3.4675750732421875,
        -1.4033203125,
        2.244140625,
        5.26171875,
        1.8271484375,
        -1.5400390625,
        -6.616115570068359e-06,
        -2.2649765014648438e-06
      ]
    },
    {
      "detection_id": "sample_000036_det_0001",
      "class_id": 0,
      "class_name": "car",
      "class_group": "vehicle",
      "score": 0.6328125,
      "position_ego": [
        30.172927856445312,
        13.965530395507812,
        -1.3583984375
      ],
      "size_xyz": [
        2.2109375,
        5.13671875,
        1.837890625
      ],
      "yaw_rad": -2.416015625,
      "velocity_ego": [
        -6.616115570068359e-06,
        -2.2649765014648438e-06
      ],
      "speed_mps": 6.9930754170600005e-06,
      "distance_m": 33.24818212561562,
      "bearing_deg": 24.83704447469464,
      "source_confidence": 0.6328125,
      "raw_box_9d": [
        30.172927856445312,
        13.965530395507812,
        -1.3583984375,
        2.2109375,
        5.13671875,
        1.837890625,
        -2.416015625,
        -6.616115570068359e-06,
        -2.2649765014648438e-06
      ]
    },
    {
      "detection_id": "sample_000036_det_0002",
      "class_id": 0,
      "class_name": "car",
      "class_group": "vehicle",
      "score": 0.466796875,
      "position_ego": [
        52.603790283203125,
        36.22332000732422,
        -1.392578125
      ],
      "size_xyz": [
        2.212890625,
        5.09375,
        1.884765625
      ],
      "yaw_rad": 0.54931640625,
      "velocity_ego": [
        -6.616115570068359e-06,
        -2.2649765014648438e-06
      ],
      "speed_mps": 6.9930754170600005e-06,
      "distance_m": 63.86930142495869,
      "bearing_deg": 34.55155668450303,
      "source_confidence": 0.466796875,
      "raw_box_9d": [
        52.603790283203125,
        36.22332000732422,
        -1.392578125,
        2.212890625,
        5.09375,
        1.884765625,
        0.54931640625,
        -6.616115570068359e-06,
        -2.2649765014648438e-06
      ]
    },
    {
      "detection_id": "sample_000036_det_0003",
      "class_id": 0,
      "class_name": "car",
      "class_group": "vehicle",
      "score": 0.355224609375,
      "position_ego": [
        49.858306884765625,
        37.635650634765625,
        -1.33984375
      ],
      "size_xyz": [
        2.279296875,
        5.1953125,
        1.8955078125
      ],
      "yaw_rad": 0.56787109375,
      "velocity_ego": [
        -6.616115570068359e-06,
        -2.2649765014648438e-06
      ],
      "speed_mps": 6.9930754170600005e-06,
      "distance_m": 62.46833569191356,
      "bearing_deg": 37.047408943341196,
      "source_confidence": 0.355224609375,
      "raw_box_9d": [
        49.858306884765625,
        37.635650634765625,
        -1.33984375,
        2.279296875,
        5.1953125,
        1.8955078125,
        0.56787109375,
        -6.616115570068359e-06,
        -2.2649765014648438e-06
      ]
    },
    {
      "detection_id": "sample_000036_det_0004",
      "class_id": 0,
      "class_name": "car",
      "class_group": "vehicle",
      "score": 0.32275390625,
      "position_ego": [
        52.027740478515625,
        47.62324523925781,
        -1.3564453125
      ],
      "size_xyz": [
        2.181640625,
        5.00390625,
        1.869140625
      ],
      "yaw_rad": 0.5419921875,
      "velocity_ego": [
        -6.616115570068359e-06,
        -2.2649765014648438e-06
      ],
      "speed_mps": 6.9930754170600005e-06,
      "distance_m": 70.53268225736396,
      "bearing_deg": 42.46921874440341,
      "source_confidence": 0.32275390625,
      "raw_box_9d": [
        52.027740478515625,
        47.62324523925781,
        -1.3564453125,
        2.181640625,
        5.00390625,
        1.869140625,
        0.5419921875,
        -6.616115570068359e-06,
        -2.2649765014648438e-06
      ]
    },
    {
      "detection_id": "sample_000036_det_0005",
      "class_id": 0,
      "class_name": "car",
      "class_group": "vehicle",
      "score": 0.1654052734375,
      "position_ego": [
        23.855865478515625,
        -10.065818786621094,
        -1.0849609375
      ],
      "size_xyz": [
        2.203125,
        5.02734375,
        1.884765625
      ],
      "yaw_rad": 2.470703125,
      "velocity_ego": [
        -6.616115570068359e-06,
        -2.2649765014648438e-06
      ],
      "speed_mps": 6.9930754170600005e-06,
      "distance_m": 25.89252837353138,
      "bearing_deg": -22.876979374343822,
      "source_confidence": 0.1654052734375,
      "raw_box_9d": [
        23.855865478515625,
        -10.065818786621094,
        -1.0849609375,
        2.203125,
        5.02734375,
        1.884765625,
        2.470703125,
        -6.616115570068359e-06,
        -2.2649765014648438e-06
      ]
    }
  ],
  "class_names": [
    "car",
    "truck",
    "construction_vehicle",
    "bus",
    "trailer",
    "barrier",
    "motorcycle",
    "bicycle",
    "pedestrian",
    "traffic_cone"
  ],
  "raw_prediction_count": 200,
  "filtered_prediction_count": 6
}