{
  "active_object_count": 1,
  "front_free_space_m": null,
  "left_side_occupancy": 0.0,
  "right_side_occupancy": 0.0,
  "rear_gap_m": null,
  "nearest_front_vehicle": null,
  "nearest_vru": null,
  "nearest_any_object": {
    "track_id": 1,
    "class": "car",
    "distance_m": 51.820400000025955,
    "bearing_deg": 4.437185651713817,
    "position_ego": [
      51.66508134077117,
      4.009142827861011,
      -1.6025390625
    ],
    "velocity_ego": [
      -1.4105043484196134,
      -3.691201843452451
    ],
    "risk_level": "low",
    "risk_score": 0.15000000000000002
  },
  "abnormal_flags": []
}