{
  "sample_name": "sample_000093",
  "sequence_index": 93,
  "frame_id": 60094,
  "timestamp": 444.3197008892894,
  "prediction_variant": "single",
  "source_sample_dir": "D:\\Agent-AI\\outputs\\s3a_ml_long_v2\\sample_000093",
  "source_prediction_dir": "D:\\Agent-AI\\outputs\\live_watch_compare_multilane\\lw_s3a_ml_long_v2\\inference\\sample_000093",
  "ego": {
    "frame_id": 60094,
    "timestamp": 444.3197008892894,
    "sample_name": "sample_000093",
    "town": "Carla/Maps/Town10HD_Opt",
    "weather": {
      "cloudiness": 20.0,
      "dust_storm": 0.0,
      "fog_density": 2.0,
      "fog_distance": 0.75,
      "fog_falloff": 0.10000000149011612,
      "mie_scattering_scale": 0.029999999329447746,
      "precipitation": 0.0,
      "precipitation_deposits": 0.0,
      "rayleigh_scattering_scale": 0.03310000151395798,
      "scattering_intensity": 1.0,
      "sun_altitude_angle": 45.0,
      "sun_azimuth_angle": 300.0,
      "wetness": 0.0,
      "wind_intensity": 10.0
    },
    "position_world": [
      77.28821563720703,
      62.279720306396484,
      -0.0040975953452289104
    ],
    "velocity_world": [
      0.001628703554160893,
      -0.0003100646717939526,
      2.2964477466302924e-05
    ],
    "speed_mps": 0.001658114210558584,
    "yaw_deg": -161.7235565185547,
    "route_progress_m": 53.24087694405429,
    "world_from_ego_bevfusion": [
      [
        -0.9495527744293213,
        -0.31360188126564026,
        -0.0018405644223093987,
        77.28821563720703
      ],
      [
        0.3136015832424164,
        -0.9495545625686646,
        0.0004474436864256859,
        62.279720306396484
      ],
      [
        -0.0018880354473367333,
        -0.00015233254816848785,
        0.9999982118606567,
        -0.0040975953452289104
      ],
      [
        0.0,
        0.0,
        0.0,
        1.0
      ]
    ]
  },
  "detections": [
    {
      "detection_id": "sample_000093_det_0001",
      "class_id": 0,
      "class_name": "car",
      "class_group": "vehicle",
      "score": 0.66552734375,
      "position_ego": [
        -28.434410095214844,
        5.970706939697266,
        -1.248046875
      ],
      "size_xyz": [
        2.125,
        4.87890625,
        1.7998046875
      ],
      "yaw_rad": -0.865234375,
      "velocity_ego": [
        0.146240234375,
        -0.2119140625
      ],
      "speed_mps": 0.25747577757006357,
      "distance_m": 29.054518044920396,
      "bearing_deg": 168.14122285226705,
      "source_confidence": 0.66552734375,
      "raw_box_9d": [
        -28.434410095214844,
        5.970706939697266,
        -1.248046875,
        2.125,
        4.87890625,
        1.7998046875,
        -0.865234375,
        0.146240234375,
        -0.2119140625
      ]
    },
    {
      "detection_id": "sample_000093_det_0002",
      "class_id": 0,
      "class_name": "car",
      "class_group": "vehicle",
      "score": 0.63720703125,
      "position_ego": [
        6.1300811767578125,
        0.2531623840332031,
        -1.4462890625
      ],
      "size_xyz": [
        2.111328125,
        4.98828125,
        1.7587890625
      ],
      "yaw_rad": -1.7255859375,
      "velocity_ego": [
        -6.616115570068359e-06,
        -2.2649765014648438e-06
      ],
      "speed_mps": 6.9930754170600005e-06,
      "distance_m": 6.135306547054501,
      "bearing_deg": 2.364878654627649,
      "source_confidence": 0.63720703125,
      "raw_box_9d": [
        6.1300811767578125,
        0.2531623840332031,
        -1.4462890625,
        2.111328125,
        4.98828125,
        1.7587890625,
        -1.7255859375,
        -6.616115570068359e-06,
        -2.2649765014648438e-06
      ]
    },
    {
      "detection_id": "sample_000093_det_0000",
      "class_id": 0,
      "class_name": "car",
      "class_group": "vehicle",
      "score": 0.62939453125,
      "position_ego": [
        37.669044494628906,
        3.2825355529785156,
        -1.0302734375
      ],
      "size_xyz": [
        2.173828125,
        4.9609375,
        1.8154296875
      ],
      "yaw_rad": 1.2509765625,
      "velocity_ego": [
        -6.616115570068359e-06,
        -2.2649765014648438e-06
      ],
      "speed_mps": 6.9930754170600005e-06,
      "distance_m": 37.81179647669362,
      "bearing_deg": 4.980257249441848,
      "source_confidence": 0.62939453125,
      "raw_box_9d": [
        37.669044494628906,
        3.2825355529785156,
        -1.0302734375,
        2.173828125,
        4.9609375,
        1.8154296875,
        1.2509765625,
        -6.616115570068359e-06,
        -2.2649765014648438e-06
      ]
    },
    {
      "detection_id": "sample_000093_det_0003",
      "class_id": 0,
      "class_name": "car",
      "class_group": "vehicle",
      "score": 0.5,
      "position_ego": [
        36.23811340332031,
        6.0502471923828125,
        -1.171875
      ],
      "size_xyz": [
        2.173828125,
        4.92578125,
        1.822265625
      ],
      "yaw_rad": 1.2587890625,
      "velocity_ego": [
        -6.616115570068359e-06,
        -2.2649765014648438e-06
      ],
      "speed_mps": 6.9930754170600005e-06,
      "distance_m": 36.73971086060476,
      "bearing_deg": 9.478569015817433,
      "source_confidence": 0.5,
      "raw_box_9d": [
        36.23811340332031,
        6.0502471923828125,
        -1.171875,
        2.173828125,
        4.92578125,
        1.822265625,
        1.2587890625,
        -6.616115570068359e-06,
        -2.2649765014648438e-06
      ]
    },
    {
      "detection_id": "sample_000093_det_0005",
      "class_id": 0,
      "class_name": "car",
      "class_group": "vehicle",
      "score": 0.2208251953125,
      "position_ego": [
        19.58232879638672,
        33.95281219482422,
        -0.6806640625
      ],
      "size_xyz": [
        2.279296875,
        5.234375,
        2.083984375
      ],
      "yaw_rad": 1.2041015625,
      "velocity_ego": [
        -6.616115570068359e-06,
        -2.2649765014648438e-06
      ],
      "speed_mps": 6.9930754170600005e-06,
      "distance_m": 39.19516624568393,
      "bearing_deg": 60.02574519650357,
      "source_confidence": 0.2208251953125,
      "raw_box_9d": [
        19.58232879638672,
        33.95281219482422,
        -0.6806640625,
        2.279296875,
        5.234375,
        2.083984375,
        1.2041015625,
        -6.616115570068359e-06,
        -2.2649765014648438e-06
      ]
    },
    {
      "detection_id": "sample_000093_det_0004",
      "class_id": 0,
      "class_name": "car",
      "class_group": "vehicle",
      "score": 0.21826171875,
      "position_ego": [
        -27.716894149780273,
        -8.201805114746094,
        -1.1923828125
      ],
      "size_xyz": [
        2.2109375,
        5.0546875,
        1.884765625
      ],
      "yaw_rad": -1.4150390625,
      "velocity_ego": [
        0.9833984375,
        -0.1895751953125
      ],
      "speed_mps": 1.0015044890339804,
      "distance_m": 28.904944705887246,
      "bearing_deg": -163.51579951360242,
      "source_confidence": 0.21826171875,
      "raw_box_9d": [
        -27.716894149780273,
        -8.201805114746094,
        -1.1923828125,
        2.2109375,
        5.0546875,
        1.884765625,
        -1.4150390625,
        0.9833984375,
        -0.1895751953125
      ]
    },
    {
      "detection_id": "sample_000093_det_0006",
      "class_id": 0,
      "class_name": "car",
      "class_group": "vehicle",
      "score": 0.18115234375,
      "position_ego": [
        26.394874572753906,
        -8.722354888916016,
        -1.17578125
      ],
      "size_xyz": [
        2.17578125,
        4.8203125,
        1.8212890625
      ],
      "yaw_rad": 1.400390625,
      "velocity_ego": [
        -6.616115570068359e-06,
        -2.2649765014648438e-06
      ],
      "speed_mps": 6.9930754170600005e-06,
      "distance_m": 27.798720807253126,
      "bearing_deg": -18.286467813417953,
      "source_confidence": 0.18115234375,