{
  "frame": 2190,
  "timestamp": 33.54063230380416,
  "sample_name": "sample_000013",
  "ego": {
    "frame_id": 2190,
    "timestamp": 33.54063230380416,
    "sample_name": "sample_000013",
    "town": "Carla/Maps/Town10HD_Opt",
    "weather": {
      "cloudiness": 20.0,
      "dust_storm": 0.0,
      "fog_density": 2.0,
      "fog_distance": 0.75,
      "fog_falloff": 0.10000000149011612,
      "mie_scattering_scale": 0.029999999329447746,
      "precipitation": 0.0,
      "precipitation_deposits": 0.0,
      "rayleigh_scattering_scale": 0.03310000151395798,
      "scattering_intensity": 1.0,
      "sun_altitude_angle": 45.0,
      "sun_azimuth_angle": 300.0,
      "wetness": 0.0,
      "wind_intensity": 10.0
    },
    "position_world": [
      -58.90531539916992,
      -23.420467376708984,
      -0.006409187335520983
    ],
    "velocity_world": [
      6.950716972351074,
      2.0833871364593506,
      -0.0003071689570788294
    ],
    "speed_mps": 7.2562365234635475,
    "yaw_deg": -14.118093490600586,
    "route_progress_m": 1.3480339961819725,
    "world_from_ego_bevfusion": [
      [
        0.9697473645210266,
        -0.24400807917118073,
        -0.007078750059008598,
        -58.90531539916992
      ],
      [
        0.24390926957130432,
        0.9697174429893494,
        -0.01250336691737175,
        -23.420467376708984
      ],
      [
        0.009915309026837349,
        0.010398534126579762,
        0.999896764755249,
        -0.006409187335520983
      ],
      [
        0.0,
        0.0,
        0.0,
        1.0
      ]
    ],
    "position_world_carla": [
      -58.90531539916992,
      23.420467376708984,
      -0.006409187335520983
    ]
  },
  "scene": {
    "active_object_count": 1,
    "front_free_space_m": null,
    "left_side_occupancy": 0.0,
    "right_side_occupancy": 0.148444823164519,
    "rear_gap_m": 7.184909820556641,
    "nearest_front_vehicle": null,
    "nearest_vru": null,
    "nearest_any_object": {
      "track_id": 2,
      "class": "car",
      "distance_m": 25.54665530506443,
      "bearing_deg": -106.33461948796486,
      "position_ego": [
        -7.184909820556641,
        -24.515478134155273,
        -0.6533203125
      ],
      "velocity_ego": [
        -0.0115814208984375,
        0.07403564453125
      ],
      "risk_level": "low",
      "risk_score": 0.15840008521201676
    },
    "abnormal_flags": [],
    "lane_scene": {
      "current_lane_blocked": false,
      "front_object_in_current_lane": null,
      "front_object_count_current_lane": 0,
      "left_lane_occupancy_count": 0,
      "right_lane_occupancy_count": 0,
      "left_lane_available": false,
      "right_lane_available": false,
      "junction_active": true,
      "junction_ahead": true
    }
  },
  "risk_summary": {
    "highest_risk_level": "low",
    "highest_risk_score": 0.15840008521201676,
    "urgent_track_ids": [],
    "front_hazard_track_id": null,
    "nearest_front_vehicle_distance_m": null,
    "nearest_vru_distance_m": null,
    "minimum_ttc_seconds": null,
    "flags": []
  },
  "decision_context": {
    "recommended_maneuvers": [
      "keep_lane"
    ],
    "hard_constraints": [],
    "soft_constraints": [
      "prefer_keep_lane"
    ],
    "stage2_decision_intent": {
      "frame_id": 2190,
      "timestamp": 33.54063230380416,
      "maneuver": "keep_lane",
      "target_speed_mps": 8.0,
      "lane_preference": "keep_current",
      "constraints": [],
      "confidence": 0.6,
      "reasoning_tags": [
        "cruise"
      ]
    },
    "maneuver_validation_preview": {
      "frame_id": 2190,
      "requested_intent": {
        "frame_id": 2190,
        "timestamp": 33.54063230380416,
        "maneuver": "keep_lane",
        "target_speed_mps": 8.0,
        "lane_preference": "keep_current",
        "constraints": [],
        "confidence": 0.6,
        "reasoning_tags": [
          "cruise"
        ]
      },
      "valid_maneuvers": [
        "keep_lane",
        "slow_down"
      ],
      "invalid_maneuvers": [
        {
          "maneuver": "follow",
          "reason": "no_front_object_in_current_lane"
        },
        {
          "maneuver": "stop",
          "reason": "no_immediate_stop_condition"
        },
        {
          "maneuver": "yield",
          "reason": "no_vru_yield_condition"
        },
        {
          "maneuver": "lane_change_left",
          "reason": "no_left_lane"
        },
        {
          "maneuver": "lane_change_right",
          "reason": "no_right_lane"
        }
      ],
      "selected_behavior": "keep_lane",
      "selected_maneuver": "keep_lane",
      "lane_change_permission": {
        "left": false,
        "right": false,
        "left_reason": "no_left_lane",
        "right_reason": "no_right_lane"
      },
      "reasoning_tags": []
    }
  },
  "lane_context": {
    "frame_id": 2190,
    "sample_name": "sample_000013",
    "current_lane": {
      "exists": true,
      "role": "current_lane",
      "road_id": 296,
      "section_id": 0,
      "lane_id": -1,
      "lane_width_m": 3.5,
      "lane_type": "Driving",
      "lane_change": "NONE",
      "same_direction_as_ego": true,
      "transform_carla": {
        "location": {
          "x": -58.74625778198242,
          "y": 23.72176742553711,
          "z": 0.0
        },
        "rotation": {
          "roll": 0.0,
          "pitch": 0.0,
          "yaw": -16.868085861206055
        }
      },
      "transform_bevfusion_world": {
        "location": {
          "x": -58.74625778198242,
          "y": -23.72176742553711,
          "z": 0.0
        },
        "rotation": {
          "roll": 0.0,
          "pitch": 0.0,
          "yaw": -16.868085861206055
        }
      },
      "lane_change_allowed_from_current": false
    },
    "left_lane": {
      "exists": false,
      "role": "left_lane",
      "road_id": null,
      "section_id": null,
      "lane_id": null,
      "lane_width_m": null,
      "lane_type": null,
      "lane_change": null,
      "same_direction_as_ego": false,
      "transform_carla": null,
      "transform_bevfusion_world": null,
      "lane_change_allowed_from_current": false
    },
    "right_lane": {
      "exists": false,
      "role": "right_lane",
      "road_id": null,
      "section_id": null,
      "lane_id": null,
      "lane_width_m": null,
      "lane_type": null,
      "lane_change": null,
      "same_direction_as_ego": false,
      "transform_carla": null,
      "transform_bevfusion_world": null,
      "lane_change_allowed_from_current": false
    },
    "forward_corridor": {
      "horizon_m": 60.0,
      "sample_step_m": 5.0,
      "chain": [
        {
          "distance_m": 0.0,
          "road_id": 296,
          "section_id": 0,
          "lane_id": -1,
          "is_junction": true,
          "yaw_deg": -16.868085861206055,
          "position_carla": {
            "x": -58.74625778198242,
            "y": 23.72176742553711,
            "z": 0.0
          },
          "position_bevfusion_world": {
            "x": -58.74625778198242,
            "y": -23.72176742553711,
            "z": 0.0
          }
        },
        {
          "distance_m": 5.0,
          "road_id": 296,
          "section_id": 0,
          "lane_id": -1,
          "is_junction": true,
          "yaw_deg": -34.2534294128418,
          "position_carla": {
            "x": -53.775699615478516,
            "y": 21.344459533691406,
            "z": 0.0
          },
          "position_bevfusion_world": {
            "x": -53.775699615478516,
            "y": -21.344459533691406,
            "z": 0.0
          }
        },
        {
          "distance_m": 10.0,
          "road_id": 296,
          "section_id": 0,
          "lane_id": -1,
          "is_junction": true,
          "yaw_deg": -45.61241149902344,
          "position_carla": {
            "x": -49.7813835144043,
            "y": 17.805370330810547,
            "z": 0.0
          },