{
  "sample_name": "sample_000070",
  "sequence_index": 70,
  "frame_id": 726343,
  "timestamp": 5004.194624822587,
  "prediction_variant": "single",
  "source_sample_dir": "D:\\Agent-AI\\outputs\\s3a_ml_long_v1\\sample_000070",
  "source_prediction_dir": "D:\\Agent-AI\\outputs\\live_watch_compare_multilane\\lw_s3a_ml_long_v1\\inference\\sample_000070",
  "ego": {
    "frame_id": 726343,
    "timestamp": 5004.194624822587,
    "sample_name": "sample_000070",
    "town": "Carla/Maps/Town10HD_Opt",
    "weather": {
      "cloudiness": 20.0,
      "dust_storm": 0.0,
      "fog_density": 2.0,
      "fog_distance": 0.75,
      "fog_falloff": 0.10000000149011612,
      "mie_scattering_scale": 0.029999999329447746,
      "precipitation": 0.0,
      "precipitation_deposits": 0.0,
      "rayleigh_scattering_scale": 0.03310000151395798,
      "scattering_intensity": 1.0,
      "sun_altitude_angle": 45.0,
      "sun_azimuth_angle": 300.0,
      "wetness": 0.0,
      "wind_intensity": 10.0
    },
    "position_world": [
      103.61872100830078,
      37.35604476928711,
      -0.0045007322914898396
    ],
    "velocity_world": [
      -4.0849043592139367e-10,
      -2.0715820880923275e-07,
      -2.7656554379973386e-07
    ],
    "speed_mps": 3.4554766727432615e-07,
    "yaw_deg": -109.1600341796875,
    "route_progress_m": 15.600504436678294,
    "world_from_ego_bevfusion": [
      [
        -0.3282078504562378,
        -0.9446055293083191,
        0.0,
        103.61872100830078
      ],
      [
        0.9446055293083191,
        -0.3282078504562378,
        0.0,
        37.35604476928711
      ],
      [
        0.0,
        0.0,
        1.0,
        -0.0045007322914898396
      ],
      [
        0.0,
        0.0,
        0.0,
        1.0
      ]
    ]
  },
  "detections": [
    {
      "detection_id": "sample_000070_det_0000",
      "class_id": 0,
      "class_name": "car",
      "class_group": "vehicle",
      "score": 0.66259765625,
      "position_ego": [
        6.441944122314453,
        0.2284088134765625,
        -1.474609375
      ],
      "size_xyz": [
        2.126953125,
        4.8984375,
        1.7900390625
      ],
      "yaw_rad": -1.677734375,
      "velocity_ego": [
        -6.616115570068359e-06,
        -2.2649765014648438e-06
      ],
      "speed_mps": 6.9930754170600005e-06,
      "distance_m": 6.445992139391383,
      "bearing_deg": 2.030657328252083,
      "source_confidence": 0.66259765625,
      "raw_box_9d": [
        6.441944122314453,
        0.2284088134765625,
        -1.474609375,
        2.126953125,
        4.8984375,
        1.7900390625,
        -1.677734375,
        -6.616115570068359e-06,
        -2.2649765014648438e-06
      ]
    },
    {
      "detection_id": "sample_000070_det_0001",
      "class_id": 0,
      "class_name": "car",
      "class_group": "vehicle",
      "score": 0.466796875,
      "position_ego": [
        6.020069122314453,
        -3.191600799560547,
        -1.53125
      ],
      "size_xyz": [
        2.1640625,
        5.125,
        1.7568359375
      ],
      "yaw_rad": -1.6513671875,
      "velocity_ego": [
        -6.616115570068359e-06,
        -2.2649765014648438e-06
      ],
      "speed_mps": 6.9930754170600005e-06,
      "distance_m": 6.813776331902848,
      "bearing_deg": -27.930753266674635,
      "source_confidence": 0.466796875,
      "raw_box_9d": [
        6.020069122314453,
        -3.191600799560547,
        -1.53125,
        2.1640625,
        5.125,
        1.7568359375,
        -1.6513671875,
        -6.616115570068359e-06,
        -2.2649765014648438e-06
      ]
    }
  ],
  "class_names": [
    "car",
    "truck",
    "construction_vehicle",
    "bus",
    "trailer",
    "barrier",
    "motorcycle",
    "bicycle",
    "pedestrian",
    "traffic_cone"
  ],
  "raw_prediction_count": 200,
  "filtered_prediction_count": 2
}