{
  "sample_name": "sample_000049",
  "sequence_index": 49,
  "frame_id": 726322,
  "timestamp": 5002.094624791294,
  "prediction_variant": "single",
  "source_sample_dir": "D:\\Agent-AI\\outputs\\s3a_ml_long_v1\\sample_000049",
  "source_prediction_dir": "D:\\Agent-AI\\outputs\\live_watch_compare_multilane\\lw_s3a_ml_long_v1\\inference\\sample_000049",
  "ego": {
    "frame_id": 726322,
    "timestamp": 5002.094624791294,
    "sample_name": "sample_000049",
    "town": "Carla/Maps/Town10HD_Opt",
    "weather": {
      "cloudiness": 20.0,
      "dust_storm": 0.0,
      "fog_density": 2.0,
      "fog_distance": 0.75,
      "fog_falloff": 0.10000000149011612,
      "mie_scattering_scale": 0.029999999329447746,
      "precipitation": 0.0,
      "precipitation_deposits": 0.0,
      "rayleigh_scattering_scale": 0.03310000151395798,
      "scattering_intensity": 1.0,
      "sun_altitude_angle": 45.0,
      "sun_azimuth_angle": 300.0,
      "wetness": 0.0,
      "wind_intensity": 10.0
    },
    "position_world": [
      103.61882781982422,
      37.355857849121094,
      -0.0043949889950454235
    ],
    "velocity_world": [
      0.0001632209459785372,
      -0.00040365103632211685,
      -6.046294856787426e-06
    ],
    "speed_mps": 0.0004354443638532283,
    "yaw_deg": -109.1600341796875,
    "route_progress_m": 15.600282187597319,
    "world_from_ego_bevfusion": [
      [
        -0.3282078206539154,
        -0.9446055293083191,
        -0.0001930447615450248,
        103.61882781982422
      ],
      [
        0.9446054100990295,
        -0.3282078802585602,
        0.00045173417311161757,
        37.355857849121094
      ],
      [
        -0.0004900693893432617,
        -3.4088454412994906e-05,
        0.9999998807907104,
        -0.0043949889950454235
      ],
      [
        0.0,
        0.0,
        0.0,
        1.0
      ]
    ]
  },
  "detections": [
    {
      "detection_id": "sample_000049_det_0000",
      "class_id": 0,
      "class_name": "car",
      "class_group": "vehicle",
      "score": 0.8232421875,
      "position_ego": [
        6.327579498291016,
        0.23404693603515625,
        -1.416015625
      ],
      "size_xyz": [
        2.119140625,
        4.87109375,
        1.751953125
      ],
      "yaw_rad": -1.6728515625,
      "velocity_ego": [
        -6.616115570068359e-06,
        -2.2649765014648438e-06
      ],
      "speed_mps": 6.9930754170600005e-06,
      "distance_m": 6.331906527694501,
      "bearing_deg": 2.118312558296576,
      "source_confidence": 0.8232421875,
      "raw_box_9d": [
        6.327579498291016,
        0.23404693603515625,
        -1.416015625,
        2.119140625,
        4.87109375,
        1.751953125,
        -1.6728515625,
        -6.616115570068359e-06,
        -2.2649765014648438e-06
      ]
    },
    {
      "detection_id": "sample_000049_det_0001",
      "class_id": 0,
      "class_name": "car",
      "class_group": "vehicle",
      "score": 0.69482421875,
      "position_ego": [
        5.986232757568359,
        -3.1929168701171875,
        -1.46875
      ],
      "size_xyz": [
        2.162109375,
        5.08984375,
        1.7412109375
      ],
      "yaw_rad": -1.63671875,
      "velocity_ego": [
        -6.616115570068359e-06,
        -2.2649765014648438e-06
      ],
      "speed_mps": 6.9930754170600005e-06,
      "distance_m": 6.784519199417407,
      "bearing_deg": -28.074419860327552,
      "source_confidence": 0.69482421875,
      "raw_box_9d": [
        5.986232757568359,
        -3.1929168701171875,
        -1.46875,
        2.162109375,
        5.08984375,
        1.7412109375,
        -1.63671875,
        -6.616115570068359e-06,
        -2.2649765014648438e-06
      ]
    },
    {
      "detection_id": "sample_000049_det_0002",
      "class_id": 0,
      "class_name": "car",
      "class_group": "vehicle",
      "score": 0.406005859375,
      "position_ego": [
        25.737892150878906,
        4.939014434814453,
        -1.2578125
      ],
      "size_xyz": [
        2.1875,
        5.01953125,
        1.837890625
      ],
      "yaw_rad": 0.9794921875,
      "velocity_ego": [
        -6.616115570068359e-06,
        -2.2649765014648438e-06
      ],
      "speed_mps": 6.9930754170600005e-06,
      "distance_m": 26.20749808657018,
      "bearing_deg": 10.862812423410903,
      "source_confidence": 0.406005859375,
      "raw_box_9d": [
        25.737892150878906,
        4.939014434814453,
        -1.2578125,
        2.1875,
        5.01953125,
        1.837890625,
        0.9794921875,
        -6.616115570068359e-06,
        -2.2649765014648438e-06
      ]
    },
    {
      "detection_id": "sample_000049_det_0003",
      "class_id": 0,
      "class_name": "car",
      "class_group": "vehicle",
      "score": 0.2978515625,
      "position_ego": [
        35.707733154296875,
        21.705322265625,
        -0.8896484375
      ],
      "size_xyz": [
        2.1953125,
        5.1484375,
        1.8740234375
      ],
      "yaw_rad": 0.435791015625,
      "velocity_ego": [
        -0.2418212890625,
        -0.62158203125
      ],
      "speed_mps": 0.6669645848294534,
      "distance_m": 41.78711789144005,
      "bearing_deg": 31.293767444446605,
      "source_confidence": 0.2978515625,
      "raw_box_9d": [
        35.707733154296875,
        21.705322265625,
        -0.8896484375,
        2.1953125,
        5.1484375,
        1.8740234375,
        0.435791015625,
        -0.2418212890625,
        -0.62158203125
      ]
    }
  ],
  "class_names": [
    "car",
    "truck",
    "construction_vehicle",
    "bus",
    "trailer",
    "barrier",
    "motorcycle",
    "bicycle",
    "pedestrian",
    "traffic_cone"
  ],
  "raw_prediction_count": 200,
  "filtered_prediction_count": 4
}