{
  "active_object_count": 12,
  "front_free_space_m": 5.041774359985398,
  "left_side_occupancy": 0.03164887854370768,
  "right_side_occupancy": 0.11723061177362337,
  "rear_gap_m": 27.609069503895114,
  "nearest_front_vehicle": {
    "track_id": 2,
    "class": "car",
    "distance_m": 6.116185544593722,
    "bearing_deg": 2.3342960584623325,
    "position_ego": [
      6.111110297485398,
      0.24911151692591538,
      -1.4912109375
    ],
    "velocity_ego": [
      -0.01346901661323497,
      -0.049361599301580746
    ],
    "risk_level": "high",
    "risk_score": 0.6541286084155471
  },
  "nearest_vru": null,
  "nearest_any_object": {
    "track_id": 2,
    "class": "car",
    "distance_m": 6.116185544593722,
    "bearing_deg": 2.3342960584623325,
    "position_ego": [
      6.111110297485398,
      0.24911151692591538,
      -1.4912109375
    ],
    "velocity_ego": [
      -0.01346901661323497,
      -0.049361599301580746
    ],
    "risk_level": "high",
    "risk_score": 0.6541286084155471
  },
  "abnormal_flags": [
    "front_blocked",
    "high_risk_scene"
  ]
}