{
  "active_object_count": 8,
  "front_free_space_m": 5.039409688686911,
  "left_side_occupancy": 0.03212396773156678,
  "right_side_occupancy": 0.18469964425412078,
  "rear_gap_m": 21.749706929922112,
  "nearest_front_vehicle": {
    "track_id": 2,
    "class": "car",
    "distance_m": 6.0929023608168205,
    "bearing_deg": 2.4657060694829225,
    "position_ego": [
      6.087261251186911,
      0.2621252338969673,
      -1.4619140625
    ],
    "velocity_ego": [
      0.0008951174022963082,
      0.007250631445304461
    ],
    "risk_level": "high",
    "risk_score": 0.6543032322938739
  },
  "nearest_vru": null,
  "nearest_any_object": {
    "track_id": 2,
    "class": "car",
    "distance_m": 6.0929023608168205,
    "bearing_deg": 2.4657060694829225,
    "position_ego": [
      6.087261251186911,
      0.2621252338969673,
      -1.4619140625
    ],
    "velocity_ego": [
      0.0008951174022963082,
      0.007250631445304461
    ],
    "risk_level": "high",
    "risk_score": 0.6543032322938739
  },
  "abnormal_flags": [
    "front_blocked",
    "high_risk_scene"
  ]
}