{
  "sample_name": "sample_000054",
  "sequence_index": 54,
  "frame_id": 726327,
  "timestamp": 5002.594624798745,
  "prediction_variant": "single",
  "source_sample_dir": "D:\\Agent-AI\\outputs\\s3a_ml_long_v1\\sample_000054",
  "source_prediction_dir": "D:\\Agent-AI\\outputs\\live_watch_compare_multilane\\lw_s3a_ml_long_v1\\inference\\sample_000054",
  "ego": {
    "frame_id": 726327,
    "timestamp": 5002.594624798745,
    "sample_name": "sample_000054",
    "town": "Carla/Maps/Town10HD_Opt",
    "weather": {
      "cloudiness": 20.0,
      "dust_storm": 0.0,
      "fog_density": 2.0,
      "fog_distance": 0.75,
      "fog_falloff": 0.10000000149011612,
      "mie_scattering_scale": 0.029999999329447746,
      "precipitation": 0.0,
      "precipitation_deposits": 0.0,
      "rayleigh_scattering_scale": 0.03310000151395798,
      "scattering_intensity": 1.0,
      "sun_altitude_angle": 45.0,
      "sun_azimuth_angle": 300.0,
      "wetness": 0.0,
      "wind_intensity": 10.0
    },
    "position_world": [
      103.61873626708984,
      37.35600662231445,
      -0.004485015757381916
    ],
    "velocity_world": [
      2.426851642667316e-05,
      -5.8625864767236635e-05,
      -2.117157009706716e-06
    ],
    "speed_mps": 6.348570912466659e-05,
    "yaw_deg": -109.1600341796875,
    "route_progress_m": 15.600458414281817,
    "world_from_ego_bevfusion": [
      [
        -0.3282078504562378,
        -0.9446055293083191,
        -2.96747857646551e-05,
        103.61873626708984
      ],
      [
        0.9446055293083191,
        -0.3282078504562378,
        6.755478534614667e-05,
        37.35600662231445
      ],
      [
        -7.355212437687442e-05,
        -5.8589535001374315e-06,
        1.0,
        -0.004485015757381916
      ],
      [
        0.0,
        0.0,
        0.0,
        1.0
      ]
    ]
  },
  "detections": [
    {
      "detection_id": "sample_000054_det_0000",
      "class_id": 0,
      "class_name": "car",
      "class_group": "vehicle",
      "score": 0.75927734375,
      "position_ego": [
        6.4417266845703125,
        0.2437896728515625,
        -1.4375
      ],
      "size_xyz": [
        2.134765625,
        4.89453125,
        1.78125
      ],
      "yaw_rad": -1.6962890625,
      "velocity_ego": [
        -6.616115570068359e-06,
        -2.2649765014648438e-06
      ],
      "speed_mps": 6.9930754170600005e-06,
      "distance_m": 6.446338191818228,
      "bearing_deg": 2.167346897585798,
      "source_confidence": 0.75927734375,
      "raw_box_9d": [
        6.4417266845703125,
        0.2437896728515625,
        -1.4375,
        2.134765625,
        4.89453125,
        1.78125,
        -1.6962890625,
        -6.616115570068359e-06,
        -2.2649765014648438e-06
      ]
    },
    {
      "detection_id": "sample_000054_det_0001",
      "class_id": 0,
      "class_name": "car",
      "class_group": "vehicle",
      "score": 0.4609375,
      "position_ego": [
        6.024173736572266,
        -3.1929168701171875,
        -1.5419921875
      ],
      "size_xyz": [
        2.1875,
        5.203125,
        1.76171875
      ],
      "yaw_rad": -1.6572265625,
      "velocity_ego": [
        -6.616115570068359e-06,
        -2.2649765014648438e-06
      ],
      "speed_mps": 6.9930754170600005e-06,
      "distance_m": 6.8180193126659585,
      "bearing_deg": -27.924367797427628,
      "source_confidence": 0.4609375,
      "raw_box_9d": [
        6.024173736572266,
        -3.1929168701171875,
        -1.5419921875,
        2.1875,
        5.203125,
        1.76171875,
        -1.6572265625,
        -6.616115570068359e-06,
        -2.2649765014648438e-06
      ]
    },
    {
      "detection_id": "sample_000054_det_0002",
      "class_id": 0,
      "class_name": "car",
      "class_group": "vehicle",
      "score": 0.336669921875,
      "position_ego": [
        25.836769104003906,
        4.963111877441406,
        -1.2255859375
      ],
      "size_xyz": [
        2.22265625,
        5.22265625,
        1.8173828125
      ],
      "yaw_rad": -2.025390625,
      "velocity_ego": [
        -6.616115570068359e-06,
        -2.2649765014648438e-06
      ],
      "speed_mps": 6.9930754170600005e-06,
      "distance_m": 26.30914512563285,
      "bearing_deg": 10.873769942505868,
      "source_confidence": 0.336669921875,
      "raw_box_9d": [
        25.836769104003906,
        4.963111877441406,
        -1.2255859375,
        2.22265625,
        5.22265625,
        1.8173828125,
        -2.025390625,
        -6.616115570068359e-06,
        -2.2649765014648438e-06
      ]
    },
    {
      "detection_id": "sample_000054_det_0003",
      "class_id": 0,
      "class_name": "car",
      "class_group": "vehicle",
      "score": 0.265380859375,
      "position_ego": [
        35.85747528076172,
        21.9990234375,
        -0.84814453125
      ],
      "size_xyz": [
        2.185546875,
        5.18359375,
        1.8173828125
      ],
      "yaw_rad": -2.697265625,
      "velocity_ego": [
        0.90087890625,
        2.3828125
      ],
      "speed_mps": 2.5474258014478943,
      "distance_m": 42.067987421721426,
      "bearing_deg": 31.529652484009322,
      "source_confidence": 0.265380859375,
      "raw_box_9d": [
        35.85747528076172,
        21.9990234375,
        -0.84814453125,
        2.185546875,
        5.18359375,
        1.8173828125,
        -2.697265625,
        0.90087890625,
        2.3828125
      ]
    }
  ],
  "class_names": [
    "car",
    "truck",
    "construction_vehicle",
    "bus",
    "trailer",
    "barrier",
    "motorcycle",
    "bicycle",
    "pedestrian",
    "traffic_cone"
  ],
  "raw_prediction_count": 200,
  "filtered_prediction_count": 4
}