{
  "active_object_count": 1,
  "front_free_space_m": null,
  "left_side_occupancy": 0.0,
  "right_side_occupancy": 0.0,
  "rear_gap_m": null,
  "nearest_front_vehicle": null,
  "nearest_vru": null,
  "nearest_any_object": {
    "track_id": 4,
    "class": "car",
    "distance_m": 44.05835959685609,
    "bearing_deg": -13.542527855320241,
    "position_ego": [
      42.83337759771086,
      -10.317015747676411,
      -0.82275390625
    ],
    "velocity_ego": [
      -8.605527116502707,
      -13.139153100380792
    ],
    "risk_level": "low",
    "risk_score": 0.25
  },
  "abnormal_flags": []
}