{
  "sample_name": "sample_000062",
  "sequence_index": 62,
  "frame_id": 60063,
  "timestamp": 441.2197008430958,
  "prediction_variant": "single",
  "source_sample_dir": "D:\\Agent-AI\\outputs\\s3a_ml_long_v2\\sample_000062",
  "source_prediction_dir": "D:\\Agent-AI\\outputs\\live_watch_compare_multilane\\lw_s3a_ml_long_v2\\inference\\sample_000062",
  "ego": {
    "frame_id": 60063,
    "timestamp": 441.2197008430958,
    "sample_name": "sample_000062",
    "town": "Carla/Maps/Town10HD_Opt",
    "weather": {
      "cloudiness": 20.0,
      "dust_storm": 0.0,
      "fog_density": 2.0,
      "fog_distance": 0.75,
      "fog_falloff": 0.10000000149011612,
      "mie_scattering_scale": 0.029999999329447746,
      "precipitation": 0.0,
      "precipitation_deposits": 0.0,
      "rayleigh_scattering_scale": 0.03310000151395798,
      "scattering_intensity": 1.0,
      "sun_altitude_angle": 45.0,
      "sun_azimuth_angle": 300.0,
      "wetness": 0.0,
      "wind_intensity": 10.0
    },
    "position_world": [
      84.02140808105469,
      59.61467742919922,
      -0.0033560560550540686
    ],
    "velocity_world": [
      -6.140713214874268,
      3.073526620864868,
      -0.0001163482666015625
    ],
    "speed_mps": 6.866944348837654,
    "yaw_deg": -151.54714965820312,
    "route_progress_m": 45.98804557043185,
    "world_from_ego_bevfusion": [
      [
        -0.879200279712677,
        -0.4764522612094879,
        0.0004134015180170536,
        84.02140808105469
      ],
      [
        0.4764305055141449,
        -0.8791511058807373,
        0.010362273082137108,
        59.61467742919922
      ],
      [
        -0.0045736865140497684,
        0.009307471103966236,
        0.9999462366104126,
        -0.0033560560550540686
      ],
      [
        0.0,
        0.0,
        0.0,
        1.0
      ]
    ]
  },
  "detections": [
    {
      "detection_id": "sample_000062_det_0000",
      "class_id": 0,
      "class_name": "car",
      "class_group": "vehicle",
      "score": 0.6845703125,
      "position_ego": [
        -21.83847427368164,
        1.7304229736328125,
        -1.474609375
      ],
      "size_xyz": [
        2.111328125,
        4.93359375,
        1.76171875
      ],
      "yaw_rad": -1.0283203125,
      "velocity_ego": [
        -6.616115570068359e-06,
        -2.2649765014648438e-06
      ],
      "speed_mps": 6.9930754170600005e-06,
      "distance_m": 21.906924071396492,
      "bearing_deg": 175.46949973461724,
      "source_confidence": 0.6845703125,
      "raw_box_9d": [
        -21.83847427368164,
        1.7304229736328125,
        -1.474609375,
        2.111328125,
        4.93359375,
        1.76171875,
        -1.0283203125,
        -6.616115570068359e-06,
        -2.2649765014648438e-06
      ]
    },
    {
      "detection_id": "sample_000062_det_0001",
      "class_id": 0,
      "class_name": "car",
      "class_group": "vehicle",
      "score": 0.6123046875,
      "position_ego": [
        13.251129150390625,
        2.2513198852539062,
        -1.373046875
      ],
      "size_xyz": [
        2.140625,
        5.08203125,
        1.767578125
      ],
      "yaw_rad": -1.9365234375,
      "velocity_ego": [
        0.705078125,
        0.174560546875
      ],
      "speed_mps": 0.7263652985095135,
      "distance_m": 13.441014284125727,
      "bearing_deg": 9.642279239936492,
      "source_confidence": 0.6123046875,
      "raw_box_9d": [
        13.251129150390625,
        2.2513198852539062,
        -1.373046875,
        2.140625,
        5.08203125,
        1.767578125,
        -1.9365234375,
        0.705078125,
        0.174560546875
      ]
    },
    {
      "detection_id": "sample_000062_det_0002",
      "class_id": 0,
      "class_name": "car",
      "class_group": "vehicle",
      "score": 0.438232421875,
      "position_ego": [
        43.63689422607422,
        10.745513916015625,
        -0.84716796875
      ],
      "size_xyz": [
        2.171875,
        4.89453125,
        1.810546875
      ],
      "yaw_rad": 1.080078125,
      "velocity_ego": [
        -6.616115570068359e-06,
        -2.2649765014648438e-06
      ],
      "speed_mps": 6.9930754170600005e-06,
      "distance_m": 44.94045623952737,
      "bearing_deg": 13.83375707461797,
      "source_confidence": 0.438232421875,
      "raw_box_9d": [
        43.63689422607422,
        10.745513916015625,
        -0.84716796875,
        2.171875,
        4.89453125,
        1.810546875,
        1.080078125,
        -6.616115570068359e-06,
        -2.2649765014648438e-06
      ]
    },
    {
      "detection_id": "sample_000062_det_0003",
      "class_id": 0,
      "class_name": "car",
      "class_group": "vehicle",
      "score": 0.412353515625,
      "position_ego": [
        41.96894836425781,
        13.216117858886719,
        -0.748046875
      ],
      "size_xyz": [
        2.15234375,
        4.8828125,
        1.8359375
      ],
      "yaw_rad": 1.099609375,
      "velocity_ego": [
        -0.51123046875,
        -0.172119140625
      ],
      "speed_mps": 0.5394270949329791,
      "distance_m": 44.00066360933347,
      "bearing_deg": 17.479334052859045,
      "source_confidence": 0.412353515625,
      "raw_box_9d": [
        41.96894836425781,
        13.216117858886719,
        -0.748046875,
        2.15234375,
        4.8828125,
        1.8359375,
        1.099609375,
        -0.51123046875,
        -0.172119140625
      ]
    },
    {
      "detection_id": "sample_000062_det_0004",
      "class_id": 0,
      "class_name": "car",
      "class_group": "vehicle",
      "score": 0.12274169921875,
      "position_ego": [
        48.679542541503906,
        21.086135864257812,
        -0.94140625
      ],
      "size_xyz": [
        2.2109375,
        5.015625,
        1.880859375
      ],
      "yaw_rad": 1.0771484375,
      "velocity_ego": [
        -6.616115570068359e-06,
        -2.2649765014648438e-06
      ],
      "speed_mps": 6.9930754170600005e-06,
      "distance_m": 53.05019309800887,
      "bearing_deg": 23.42043533772368,
      "source_confidence": 0.12274169921875,
      "raw_box_9d": [
        48.679542541503906,
        21.086135864257812,
        -0.94140625,
        2.2109375,
        5.015625,
        1.880859375,
        1.0771484375,
        -6.616115570068359e-06,
        -2.2649765014648438e-06
      ]
    }
  ],
  "class_names": [
    "car",
    "truck",
    "construction_vehicle",
    "bus",
    "trailer",
    "barrier",
    "motorcycle",
    "bicycle",
    "pedestrian",
    "traffic_cone"
  ],
  "raw_prediction_count": 200,
  "filtered_prediction_count": 5
}