{
  "sample_name": "sample_000038",
  "sequence_index": 38,
  "frame_id": 60039,
  "timestamp": 438.819700807333,
  "prediction_variant": "single",
  "source_sample_dir": "D:\\Agent-AI\\outputs\\s3a_ml_long_v2\\sample_000038",
  "source_prediction_dir": "D:\\Agent-AI\\outputs\\live_watch_compare_multilane\\lw_s3a_ml_long_v2\\inference\\sample_000038",
  "ego": {
    "frame_id": 60039,
    "timestamp": 438.819700807333,
    "sample_name": "sample_000038",
    "town": "Carla/Maps/Town10HD_Opt",
    "weather": {
      "cloudiness": 20.0,
      "dust_storm": 0.0,
      "fog_density": 2.0,
      "fog_distance": 0.75,
      "fog_falloff": 0.10000000149011612,
      "mie_scattering_scale": 0.029999999329447746,
      "precipitation": 0.0,
      "precipitation_deposits": 0.0,
      "rayleigh_scattering_scale": 0.03310000151395798,
      "scattering_intensity": 1.0,
      "sun_altitude_angle": 45.0,
      "sun_azimuth_angle": 300.0,
      "wetness": 0.0,
      "wind_intensity": 10.0
    },
    "position_world": [
      98.39247131347656,
      47.32374572753906,
      -0.004791488405317068
    ],
    "velocity_world": [
      -4.8711838722229,
      6.78350830078125,
      8.248328958870843e-05
    ],
    "speed_mps": 8.351312303499139,
    "yaw_deg": -124.79571533203125,
    "route_progress_m": 26.903204122211523,
    "world_from_ego_bevfusion": [
      [
        -0.5706508755683899,
        -0.8211451768875122,
        0.0088439816609025,
        98.39247131347656
      ],
      [
        0.8211901187896729,
        -0.5706435441970825,
        0.0035777247976511717,
        47.32374572753906
      ],
      [
        0.002108929678797722,
        0.009304221719503403,
        0.9999545216560364,
        -0.004791488405317068
      ],
      [
        0.0,
        0.0,
        0.0,
        1.0
      ]
    ]
  },
  "detections": [
    {
      "detection_id": "sample_000038_det_0000",
      "class_id": 0,
      "class_name": "car",
      "class_group": "vehicle",
      "score": 0.771484375,
      "position_ego": [
        -2.198436737060547,
        -3.4414291381835938,
        -1.4365234375
      ],
      "size_xyz": [
        2.234375,
        5.25390625,
        1.814453125
      ],
      "yaw_rad": -1.4833984375,
      "velocity_ego": [
        -6.616115570068359e-06,
        -2.2649765014648438e-06
      ],
      "speed_mps": 6.9930754170600005e-06,
      "distance_m": 4.08369423439078,
      "bearing_deg": -122.57105280731477,
      "source_confidence": 0.771484375,
      "raw_box_9d": [
        -2.198436737060547,
        -3.4414291381835938,
        -1.4365234375,
        2.234375,
        5.25390625,
        1.814453125,
        -1.4833984375,
        -6.616115570068359e-06,
        -2.2649765014648438e-06
      ]
    },
    {
      "detection_id": "sample_000038_det_0001",
      "class_id": 0,
      "class_name": "car",
      "class_group": "vehicle",
      "score": 0.52294921875,
      "position_ego": [
        29.1142578125,
        12.79248046875,
        -1.41015625
      ],
      "size_xyz": [
        2.216796875,
        5.26171875,
        1.837890625
      ],
      "yaw_rad": 0.716796875,
      "velocity_ego": [
        -0.19384765625,
        -0.16796875
      ],
      "speed_mps": 0.25649642260698424,
      "distance_m": 31.800747860955525,
      "bearing_deg": 23.72015150534902,
      "source_confidence": 0.52294921875,
      "raw_box_9d": [
        29.1142578125,
        12.79248046875,
        -1.41015625,
        2.216796875,
        5.26171875,
        1.837890625,
        0.716796875,
        -0.19384765625,
        -0.16796875
      ]
    },
    {
      "detection_id": "sample_000038_det_0002",
      "class_id": 0,
      "class_name": "car",
      "class_group": "vehicle",
      "score": 0.31201171875,
      "position_ego": [
        52.408966064453125,
        34.11958312988281,
        -1.353515625
      ],
      "size_xyz": [
        2.271484375,
        5.1171875,
        1.8515625
      ],
      "yaw_rad": 0.63916015625,
      "velocity_ego": [
        -6.616115570068359e-06,
        -2.2649765014648438e-06
      ],
      "speed_mps": 6.9930754170600005e-06,
      "distance_m": 62.536754608006184,
      "bearing_deg": 33.06516104468655,
      "source_confidence": 0.31201171875,
      "raw_box_9d": [
        52.408966064453125,
        34.11958312988281,
        -1.353515625,
        2.271484375,
        5.1171875,
        1.8515625,
        0.63916015625,
        -6.616115570068359e-06,
        -2.2649765014648438e-06
      ]
    },
    {
      "detection_id": "sample_000038_det_0003",
      "class_id": 0,
      "class_name": "car",
      "class_group": "vehicle",
      "score": 0.26611328125,
      "position_ego": [
        49.72705841064453,
        35.583984375,
        -1.5546875
      ],
      "size_xyz": [
        2.23828125,
        5.05859375,
        1.916015625
      ],
      "yaw_rad": 0.62890625,
      "velocity_ego": [
        -0.00493621826171875,
        -0.004390716552734375
      ],
      "speed_mps": 0.006606409204233515,
      "distance_m": 61.14736529218489,
      "bearing_deg": 35.58697726265093,
      "source_confidence": 0.26611328125,
      "raw_box_9d": [
        49.72705841064453,
        35.583984375,
        -1.5546875,
        2.23828125,
        5.05859375,
        1.916015625,
        0.62890625,
        -0.00493621826171875,
        -0.004390716552734375
      ]
    },
    {
      "detection_id": "sample_000038_det_0004",
      "class_id": 0,
      "class_name": "car",
      "class_group": "vehicle",
      "score": 0.2393798828125,
      "position_ego": [
        52.27735137939453,
        45.52515411376953,
        -1.376953125
      ],
      "size_xyz": [
        2.263671875,
        5.18359375,
        1.8623046875
      ],
      "yaw_rad": 0.61181640625,
      "velocity_ego": [
        -0.275146484375,
        -0.39990234375
      ],
      "speed_mps": 0.48541474266926143,
      "distance_m": 69.32143336895992,
      "bearing_deg": 41.050617588008976,
      "source_confidence": 0.2393798828125,
      "raw_box_9d": [
        52.27735137939453,
        45.52515411376953,
        -1.376953125,
        2.263671875,
        5.18359375,
        1.8623046875,
        0.61181640625,
        -0.275146484375,
        -0.39990234375
      ]
    }
  ],
  "class_names": [
    "car",
    "truck",
    "construction_vehicle",
    "bus",
    "trailer",
    "barrier",
    "motorcycle",
    "bicycle",
    "pedestrian",
    "traffic_cone"
  ],
  "raw_prediction_count": 200,
  "filtered_prediction_count": 5
}