{
  "active_object_count": 6,
  "front_free_space_m": null,
  "left_side_occupancy": 0.0,
  "right_side_occupancy": 1.0,
  "rear_gap_m": 2.0005552306584873,
  "nearest_front_vehicle": null,
  "nearest_vru": null,
  "nearest_any_object": {
    "track_id": 1,
    "class": "car",
    "distance_m": 3.982550033152716,
    "bearing_deg": -120.15428617346278,
    "position_ego": [
      -2.0005552306584873,
      -3.4436148936328035,
      -1.4365234375
    ],
    "velocity_ego": [
      -5.247741742743658,
      0.00286914224643282
    ],
    "risk_level": "low",
    "risk_score": 0.3201308747513546
  },
  "abnormal_flags": []
}