{
  "active_object_count": 7,
  "front_free_space_m": null,
  "left_side_occupancy": 0.013443898053340786,
  "right_side_occupancy": 0.9040390840620568,
  "rear_gap_m": 4.61209062255304,
  "nearest_front_vehicle": null,
  "nearest_vru": null,
  "nearest_any_object": {
    "track_id": 1,
    "class": "car",
    "distance_m": 5.705213450155717,
    "bearing_deg": -143.93983330480256,
    "position_ego": [
      -4.61209062255304,
      -3.358285366254036,
      -1.40625
    ],
    "velocity_ego": [
      -5.185972374651119,
      0.15460764534504737
    ],
    "risk_level": "low",
    "risk_score": 0.3072108991238321
  },
  "abnormal_flags": []
}