{
  "sample_name": "sample_000009",
  "sequence_index": 9,
  "frame_id": 726282,
  "timestamp": 4998.09462473169,
  "prediction_variant": "single",
  "source_sample_dir": "D:\\Agent-AI\\outputs\\s3a_ml_long_v1\\sample_000009",
  "source_prediction_dir": "D:\\Agent-AI\\outputs\\live_watch_compare_multilane\\lw_s3a_ml_long_v1\\inference\\sample_000009",
  "ego": {
    "frame_id": 726282,
    "timestamp": 4998.09462473169,
    "sample_name": "sample_000009",
    "town": "Carla/Maps/Town10HD_Opt",
    "weather": {
      "cloudiness": 20.0,
      "dust_storm": 0.0,
      "fog_density": 2.0,
      "fog_distance": 0.75,
      "fog_falloff": 0.10000000149011612,
      "mie_scattering_scale": 0.029999999329447746,
      "precipitation": 0.0,
      "precipitation_deposits": 0.0,
      "rayleigh_scattering_scale": 0.03310000151395798,
      "scattering_intensity": 1.0,
      "sun_altitude_angle": 45.0,
      "sun_azimuth_angle": 300.0,
      "wetness": 0.0,
      "wind_intensity": 10.0
    },
    "position_world": [
      106.20439147949219,
      25.745763778686523,
      -0.006564979441463947
    ],
    "velocity_world": [
      -0.5414217114448547,
      7.695535182952881,
      -0.00021746635320596397
    ],
    "speed_mps": 7.71455761978489,
    "yaw_deg": -93.490234375,
    "route_progress_m": 3.6617504382165644,
    "world_from_ego_bevfusion": [
      [
        -0.06087501347064972,
        -0.9981393218040466,
        0.003461858257651329,
        106.20439147949219
      ],
      [
        0.9980890154838562,
        -0.06090806797146797,
        -0.010415327735245228,
        25.745763778686523
      ],
      [
        0.010606803931295872,
        0.0028212093748152256,
        0.9999397397041321,
        -0.006564979441463947
      ],
      [
        0.0,
        0.0,
        0.0,
        1.0
      ]
    ]
  },
  "detections": [
    {
      "detection_id": "sample_000009_det_0000",
      "class_id": 0,
      "class_name": "car",
      "class_group": "vehicle",
      "score": 0.80322265625,
      "position_ego": [
        17.796974182128906,
        3.878009796142578,
        -1.619140625
      ],
      "size_xyz": [
        2.126953125,
        4.80859375,
        1.798828125
      ],
      "yaw_rad": -2.017578125,
      "velocity_ego": [
        -6.616115570068359e-06,
        -2.2649765014648438e-06
      ],
      "speed_mps": 6.9930754170600005e-06,
      "distance_m": 18.214588933553802,
      "bearing_deg": 12.29275261828769,
      "source_confidence": 0.80322265625,
      "raw_box_9d": [
        17.796974182128906,
        3.878009796142578,
        -1.619140625,
        2.126953125,
        4.80859375,
        1.798828125,
        -2.017578125,
        -6.616115570068359e-06,
        -2.2649765014648438e-06
      ]
    },
    {
      "detection_id": "sample_000009_det_0001",
      "class_id": 0,
      "class_name": "car",
      "class_group": "vehicle",
      "score": 0.79052734375,
      "position_ego": [
        18.283554077148438,
        0.4379920959472656,
        -1.638671875
      ],
      "size_xyz": [
        2.138671875,
        4.92578125,
        1.80859375
      ],
      "yaw_rad": -1.9599609375,
      "velocity_ego": [
        -6.616115570068359e-06,
        -2.2649765014648438e-06
      ],
      "speed_mps": 6.9930754170600005e-06,
      "distance_m": 18.288799489527012,
      "bearing_deg": 1.3722878870978188,
      "source_confidence": 0.79052734375,
      "raw_box_9d": [
        18.283554077148438,
        0.4379920959472656,
        -1.638671875,
        2.138671875,
        4.92578125,
        1.80859375,
        -1.9599609375,
        -6.616115570068359e-06,
        -2.2649765014648438e-06
      ]
    },
    {
      "detection_id": "sample_000009_det_0002",
      "class_id": 0,
      "class_name": "car",
      "class_group": "vehicle",
      "score": 0.390380859375,
      "position_ego": [
        35.230812072753906,
        13.586135864257812,
        -1.7021484375
      ],
      "size_xyz": [
        2.1875,
        4.984375,
        1.8193359375
      ],
      "yaw_rad": 0.62451171875,
      "velocity_ego": [
        -6.616115570068359e-06,
        -2.2649765014648438e-06
      ],
      "speed_mps": 6.9930754170600005e-06,
      "distance_m": 37.759676998456634,
      "bearing_deg": 21.088245745328468,
      "source_confidence": 0.390380859375,
      "raw_box_9d": [
        35.230812072753906,
        13.586135864257812,
        -1.7021484375,
        2.1875,
        4.984375,
        1.8193359375,
        0.62451171875,
        -6.616115570068359e-06,
        -2.2649765014648438e-06
      ]
    },
    {
      "detection_id": "sample_000009_det_0003",
      "class_id": 0,
      "class_name": "car",
      "class_group": "vehicle",
      "score": 0.26025390625,
      "position_ego": [
        40.259918212890625,
        32.63262176513672,
        -1.4521484375
      ],
      "size_xyz": [
        2.169921875,
        5.08203125,
        1.884765625
      ],
      "yaw_rad": 0.288330078125,
      "velocity_ego": [
        -0.03643798828125,
        -0.2587890625
      ],
      "speed_mps": 0.26134174151790873,
      "distance_m": 51.82421265948106,
      "bearing_deg": 39.02644849184718,
      "source_confidence": 0.26025390625,
      "raw_box_9d": [
        40.259918212890625,
        32.63262176513672,
        -1.4521484375,
        2.169921875,
        5.08203125,
        1.884765625,
        0.288330078125,
        -0.03643798828125,
        -0.2587890625
      ]
    },
    {
      "detection_id": "sample_000009_det_0004",
      "class_id": 0,
      "class_name": "car",
      "class_group": "vehicle",
      "score": 0.1820068359375,
      "position_ego": [
        27.147216796875,
        -7.521476745605469,
        -1.48828125
      ],
      "size_xyz": [
        2.275390625,
        5.34375,
        1.9384765625
      ],
      "yaw_rad": 1.2001953125,
      "velocity_ego": [
        -0.03216552734375,
        -0.0307464599609375
      ],
      "speed_mps": 0.04449680830611406,
      "distance_m": 28.169912890373233,
      "bearing_deg": -15.4860592311976,
      "source_confidence": 0.1820068359375,
      "raw_box_9d": [
        27.147216796875,
        -7.521476745605469,
        -1.48828125,
        2.275390625,
        5.34375,
        1.9384765625,
        1.2001953125,
        -0.03216552734375,
        -0.0307464599609375
      ]
    },
    {
      "detection_id": "sample_000009_det_0005",
      "class_id": 0,
      "class_name": "car",
      "class_group": "vehicle",
      "score": 0.12164306640625,
      "position_ego": [
        37.54680633544922,
        0.3820343017578125,
        -1.4609375
      ],
      "size_xyz": [
        2.25,
        5.078125,
        1.9365234375
      ],
      "yaw_rad": 1.1103515625,
      "velocity_ego": [
        -0.1729736328125,
        -0.07757568359375
      ],
      "speed_mps": 0.1895728470361491,
      "distance_m": 37.54874986200538,
      "bearing_deg": 0.5829576448284651,
      "source_confidence": 0.12164306640625,
      "raw_box_9d": [
        37.54680633544922,
        0.3820343017578125,
        -1.4609375,
        2.25,
        5.078125,
        1.9365234375,
        1.1103515625,
        -0.1729736328125,
        -0.07757568359375
      ]
    }
  ],
  "class_names": [
    "car",
    "truck",
    "construction_vehicle",
    "bus",
    "trailer",
    "barrier",
    "motorcycle",
    "bicycle",
    "pedestrian",
    "traffic_cone"
  ],
  "raw_prediction_count": 200,
  "filtered_prediction_count": 6
}