{
  "active_object_count": 9,
  "front_free_space_m": null,
  "left_side_occupancy": 0.1392926370089551,
  "right_side_occupancy": 1.0,
  "rear_gap_m": 8.770465698284966,
  "nearest_front_vehicle": null,
  "nearest_vru": {
    "track_id": 19,
    "class": "pedestrian",
    "distance_m": 44.42535368540764,
    "bearing_deg": -81.77955178118222,
    "position_ego": [
      6.352033233555176,
      -43.96889495852008,
      -0.38671875
    ],
    "velocity_ego": [
      -0.05865478515625,
      -0.0160980224609375
    ],
    "risk_level": "low",
    "risk_score": 0.2125
  },
  "nearest_any_object": {
    "track_id": 1,
    "class": "car",
    "distance_m": 9.215585064468172,
    "bearing_deg": -162.11956134453823,
    "position_ego": [
      -8.770465698284966,
      -2.8294768978833633,
      -1.408203125
    ],
    "velocity_ego": [
      -5.0692508691833185,
      0.7762124645105772
    ],
    "risk_level": "low",
    "risk_score": 0.2808831120164887
  },
  "abnormal_flags": []
}