{
  "sample_name": "sample_000042",
  "sequence_index": 42,
  "frame_id": 3962,
  "timestamp": 43.33108660951257,
  "prediction_variant": "single",
  "source_sample_dir": "D:\\Agent-AI\\outputs\\s3a_left_v3\\sample_000042",
  "source_prediction_dir": "D:\\Agent-AI\\outputs\\live_watch_compare_multilane\\lw_left_positive_v1\\inference\\sample_000042",
  "ego": {
    "frame_id": 3962,
    "timestamp": 43.33108660951257,
    "sample_name": "sample_000042",
    "town": "Carla/Maps/Town10HD_Opt",
    "weather": {
      "cloudiness": 20.0,
      "dust_storm": 0.0,
      "fog_density": 2.0,
      "fog_distance": 0.75,
      "fog_falloff": 0.10000000149011612,
      "mie_scattering_scale": 0.029999999329447746,
      "precipitation": 0.0,
      "precipitation_deposits": 0.0,
      "rayleigh_scattering_scale": 0.03310000151395798,
      "scattering_intensity": 1.0,
      "sun_altitude_angle": 45.0,
      "sun_azimuth_angle": 300.0,
      "wetness": 0.0,
      "wind_intensity": 10.0
    },
    "position_world": [
      107.0016098022461,
      38.242801666259766,
      -0.0041245268657803535
    ],
    "velocity_world": [
      -1.03520929813385,
      2.768505811691284,
      1.4400482086784905e-06
    ],
    "speed_mps": 2.9557203386506763,
    "yaw_deg": -108.98365783691406,
    "route_progress_m": 17.442778263873702,
    "world_from_ego_bevfusion": [
      [
        -0.3252979815006256,
        -0.9456115365028381,
        0.00026433420134708285,
        107.0016098022461
      ],
      [
        0.9456099271774292,
        -0.3252968490123749,
        0.001963261282071471,
        38.242801666259766
      ],
      [
        -0.0017704953206703067,
        0.0008886018767952919,
        0.9999980330467224,
        -0.0041245268657803535
      ],
      [
        0.0,
        0.0,
        0.0,
        1.0
      ]
    ]
  },
  "detections": [
    {
      "detection_id": "sample_000042_det_0000",
      "class_id": 0,
      "class_name": "car",
      "class_group": "vehicle",
      "score": 0.736328125,
      "position_ego": [
        7.336673736572266,
        0.3565101623535156,
        -1.453125
      ],
      "size_xyz": [
        2.193359375,
        5.1484375,
        1.8251953125
      ],
      "yaw_rad": -1.712890625,
      "velocity_ego": [
        -6.616115570068359e-06,
        -2.2649765014648438e-06
      ],
      "speed_mps": 6.9930754170600005e-06,
      "distance_m": 7.345330558441232,
      "bearing_deg": 2.781979085057853,
      "source_confidence": 0.736328125,
      "raw_box_9d": [
        7.336673736572266,
        0.3565101623535156,
        -1.453125,
        2.193359375,
        5.1484375,
        1.8251953125,
        -1.712890625,
        -6.616115570068359e-06,
        -2.2649765014648438e-06
      ]
    },
    {
      "detection_id": "sample_000042_det_0001",
      "class_id": 0,
      "class_name": "car",
      "class_group": "vehicle",
      "score": 0.583984375,
      "position_ego": [
        23.925445556640625,
        11.316070556640625,
        -1.384765625
      ],
      "size_xyz": [
        2.158203125,
        4.98046875,
        1.83203125
      ],
      "yaw_rad": -2.197265625,
      "velocity_ego": [
        -6.616115570068359e-06,
        -2.2649765014648438e-06
      ],
      "speed_mps": 6.9930754170600005e-06,
      "distance_m": 26.46659022100587,
      "bearing_deg": 25.31284748425173,
      "source_confidence": 0.583984375,
      "raw_box_9d": [
        23.925445556640625,
        11.316070556640625,
        -1.384765625,
        2.158203125,
        4.98046875,
        1.83203125,
        -2.197265625,
        -6.616115570068359e-06,
        -2.2649765014648438e-06
      ]
    },
    {
      "detection_id": "sample_000042_det_0002",
      "class_id": 0,
      "class_name": "car",
      "class_group": "vehicle",
      "score": 0.1708984375,
      "position_ego": [
        30.191162109375,
        -1.5366744995117188,
        -1.16015625
      ],
      "size_xyz": [
        2.27734375,
        5.16015625,
        1.9296875
      ],
      "yaw_rad": 1.1298828125,
      "velocity_ego": [
        -6.616115570068359e-06,
        -2.2649765014648438e-06
      ],
      "speed_mps": 6.9930754170600005e-06,
      "distance_m": 30.23024376401901,
      "bearing_deg": -2.913735169697269,
      "source_confidence": 0.1708984375,
      "raw_box_9d": [
        30.191162109375,
        -1.5366744995117188,
        -1.16015625,
        2.27734375,
        5.16015625,
        1.9296875,
        1.1298828125,
        -6.616115570068359e-06,
        -2.2649765014648438e-06
      ]
    },
    {
      "detection_id": "sample_000042_det_0003",
      "class_id": 0,
      "class_name": "car",
      "class_group": "vehicle",
      "score": 0.12396240234375,
      "position_ego": [
        48.89025115966797,
        16.997169494628906,
        -0.833984375
      ],
      "size_xyz": [
        2.283203125,
        5.0,
        1.9443359375
      ],
      "yaw_rad": 1.8359375,
      "velocity_ego": [
        -6.616115570068359e-06,
        -2.2649765014648438e-06
      ],
      "speed_mps": 6.9930754170600005e-06,
      "distance_m": 51.76060692538833,
      "bearing_deg": 19.170502620441034,
      "source_confidence": 0.12396240234375,
      "raw_box_9d": [
        48.89025115966797,
        16.997169494628906,
        -0.833984375,
        2.283203125,
        5.0,
        1.9443359375,
        1.8359375,
        -6.616115570068359e-06,
        -2.2649765014648438e-06
      ]
    }
  ],
  "class_names": [
    "car",
    "truck",
    "construction_vehicle",
    "bus",
    "trailer",
    "barrier",
    "motorcycle",
    "bicycle",
    "pedestrian",
    "traffic_cone"
  ],
  "raw_prediction_count": 200,
  "filtered_prediction_count": 4
}