{
  "active_object_count": 4,
  "front_free_space_m": 6.2892155028476004,
  "left_side_occupancy": 0.116156236840541,
  "right_side_occupancy": 0.0,
  "rear_gap_m": null,
  "nearest_front_vehicle": {
    "track_id": 1,
    "class": "car",
    "distance_m": 7.394684594468857,
    "bearing_deg": 2.793833663918851,
    "position_ego": [
      7.3858951903476004,
      0.36043375102119524,
      -1.453125
    ],
    "velocity_ego": [
      -1.7640616595325116,
      -0.3196221900364863
    ],
    "risk_level": "high",
    "risk_score": 0.7445398655414835
  },
  "nearest_vru": null,
  "nearest_any_object": {
    "track_id": 1,
    "class": "car",
    "distance_m": 7.394684594468857,
    "bearing_deg": 2.793833663918851,
    "position_ego": [
      7.3858951903476004,
      0.36043375102119524,
      -1.453125
    ],
    "velocity_ego": [
      -1.7640616595325116,
      -0.3196221900364863
    ],
    "risk_level": "high",
    "risk_score": 0.7445398655414835
  },
  "abnormal_flags": [
    "front_blocked",
    "high_risk_scene"
  ]
}