{
  "active_object_count": 7,
  "front_free_space_m": 8.506465803014093,
  "left_side_occupancy": 0.14530058618610586,
  "right_side_occupancy": 0.007524185004635031,
  "rear_gap_m": 25.36455625514006,
  "nearest_front_vehicle": {
    "track_id": 2,
    "class": "car",
    "distance_m": 9.646971206892477,
    "bearing_deg": 6.205252222607263,
    "position_ego": [
      9.590450178014093,
      1.0427458221647024,
      -1.546875
    ],
    "velocity_ego": [
      -2.116278086534978,
      -0.34972475570582273
    ],
    "risk_level": "high",
    "risk_score": 0.7276477159483065
  },
  "nearest_vru": null,
  "nearest_any_object": {
    "track_id": 2,
    "class": "car",
    "distance_m": 9.646971206892477,
    "bearing_deg": 6.205252222607263,
    "position_ego": [
      9.590450178014093,
      1.0427458221647024,
      -1.546875
    ],
    "velocity_ego": [
      -2.116278086534978,
      -0.34972475570582273
    ],
    "risk_level": "high",
    "risk_score": 0.7276477159483065
  },
  "abnormal_flags": [
    "high_risk_scene"
  ]
}