{
  "sample_name": "sample_000014",
  "sequence_index": 14,
  "frame_id": 726287,
  "timestamp": 4998.59462473914,
  "prediction_variant": "single",
  "source_sample_dir": "D:\\Agent-AI\\outputs\\s3a_ml_long_v1\\sample_000014",
  "source_prediction_dir": "D:\\Agent-AI\\outputs\\live_watch_compare_multilane\\lw_s3a_ml_long_v1\\inference\\sample_000014",
  "ego": {
    "frame_id": 726287,
    "timestamp": 4998.59462473914,
    "sample_name": "sample_000014",
    "town": "Carla/Maps/Town10HD_Opt",
    "weather": {
      "cloudiness": 20.0,
      "dust_storm": 0.0,
      "fog_density": 2.0,
      "fog_distance": 0.75,
      "fog_falloff": 0.10000000149011612,
      "mie_scattering_scale": 0.029999999329447746,
      "precipitation": 0.0,
      "precipitation_deposits": 0.0,
      "rayleigh_scattering_scale": 0.03310000151395798,
      "scattering_intensity": 1.0,
      "sun_altitude_angle": 45.0,
      "sun_azimuth_angle": 300.0,
      "wetness": 0.0,
      "wind_intensity": 10.0
    },
    "position_world": [
      105.71076965332031,
      29.75396728515625,
      -0.004421348683536053
    ],
    "velocity_world": [
      -1.316313624382019,
      7.578474044799805,
      2.4728775315452367e-05
    ],
    "speed_mps": 7.691940613788535,
    "yaw_deg": -98.72186279296875,
    "route_progress_m": 7.701432020998331,
    "world_from_ego_bevfusion": [
      [
        -0.1516379415988922,
        -0.9883953332901001,
        0.008975344710052013,
        105.71076965332031
      ],
      [
        0.9884360432624817,
        -0.15163519978523254,
        0.0009895615512505174,
        29.75396728515625
      ],
      [
        0.0003829002089332789,
        0.009021609090268612,
        0.9999592304229736,
        -0.004421348683536053
      ],
      [
        0.0,
        0.0,
        0.0,
        1.0
      ]
    ]
  },
  "detections": [
    {
      "detection_id": "sample_000014_det_0000",
      "class_id": 0,
      "class_name": "car",
      "class_group": "vehicle",
      "score": 0.73974609375,
      "position_ego": [
        14.071769714355469,
        2.3651390075683594,
        -1.509765625
      ],
      "size_xyz": [
        2.169921875,
        4.875,
        1.810546875
      ],
      "yaw_rad": -1.908203125,
      "velocity_ego": [
        -6.616115570068359e-06,
        -2.2649765014648438e-06
      ],
      "speed_mps": 6.9930754170600005e-06,
      "distance_m": 14.269148027088837,
      "bearing_deg": 9.540919130198123,
      "source_confidence": 0.73974609375,
      "raw_box_9d": [
        14.071769714355469,
        2.3651390075683594,
        -1.509765625,
        2.169921875,
        4.875,
        1.810546875,
        -1.908203125,
        -6.616115570068359e-06,
        -2.2649765014648438e-06
      ]
    },
    {
      "detection_id": "sample_000014_det_0001",
      "class_id": 0,
      "class_name": "car",
      "class_group": "vehicle",
      "score": 0.7080078125,
      "position_ego": [
        14.250885009765625,
        -1.0908660888671875,
        -1.408203125
      ],
      "size_xyz": [
        2.107421875,
        4.78515625,
        1.7880859375
      ],
      "yaw_rad": -1.845703125,
      "velocity_ego": [
        -6.616115570068359e-06,
        -2.2649765014648438e-06
      ],
      "speed_mps": 6.9930754170600005e-06,
      "distance_m": 14.292575428711334,
      "bearing_deg": -4.37729823580655,
      "source_confidence": 0.7080078125,
      "raw_box_9d": [
        14.250885009765625,
        -1.0908660888671875,
        -1.408203125,
        2.107421875,
        4.78515625,
        1.7880859375,
        -1.845703125,
        -6.616115570068359e-06,
        -2.2649765014648438e-06
      ]
    },
    {
      "detection_id": "sample_000014_det_0002",
      "class_id": 0,
      "class_name": "car",
      "class_group": "vehicle",
      "score": 0.50537109375,
      "position_ego": [
        32.29072570800781,
        10.438995361328125,
        -1.3720703125
      ],
      "size_xyz": [
        2.1875,
        5.05859375,
        1.8125
      ],
      "yaw_rad": 0.716796875,
      "velocity_ego": [
        -6.616115570068359e-06,
        -2.2649765014648438e-06
      ],
      "speed_mps": 6.9930754170600005e-06,
      "distance_m": 33.936169361075905,
      "bearing_deg": 17.915062231841517,
      "source_confidence": 0.50537109375,
      "raw_box_9d": [
        32.29072570800781,
        10.438995361328125,
        -1.3720703125,
        2.1875,
        5.05859375,
        1.8125,
        0.716796875,
        -6.616115570068359e-06,
        -2.2649765014648438e-06
      ]
    },
    {
      "detection_id": "sample_000014_det_0003",
      "class_id": 0,
      "class_name": "car",
      "class_group": "vehicle",
      "score": 0.341796875,
      "position_ego": [
        39.09111785888672,
        28.868263244628906,
        -1.1630859375
      ],
      "size_xyz": [
        2.15234375,
        4.95703125,
        1.8642578125
      ],
      "yaw_rad": 0.2890625,
      "velocity_ego": [
        -0.0006742477416992188,
        -0.0005965232849121094
      ],
      "speed_mps": 0.0009002499911851319,
      "distance_m": 48.59518616301994,
      "bearing_deg": 36.44536765389876,
      "source_confidence": 0.341796875,
      "raw_box_9d": [
        39.09111785888672,
        28.868263244628906,
        -1.1630859375,
        2.15234375,
        4.95703125,
        1.8642578125,
        0.2890625,
        -0.0006742477416992188,
        -0.0005965232849121094
      ]
    }
  ],
  "class_names": [
    "car",
    "truck",
    "construction_vehicle",
    "bus",
    "trailer",
    "barrier",
    "motorcycle",
    "bicycle",
    "pedestrian",
    "traffic_cone"
  ],
  "raw_prediction_count": 200,
  "filtered_prediction_count": 4
}