{
  "active_object_count": 6,
  "front_free_space_m": 13.149323864360333,
  "left_side_occupancy": 0.5186272817886952,
  "right_side_occupancy": 0.013759790337420696,
  "rear_gap_m": null,
  "nearest_front_vehicle": {
    "track_id": 1,
    "class": "car",
    "distance_m": 14.441181546339141,
    "bearing_deg": 9.710307173257796,
    "position_ego": [
      14.234284801860333,
      2.4357464223219223,
      -1.509765625
    ],
    "velocity_ego": [
      -4.588530327307746,
      -1.8786274757371721
    ],
    "risk_level": "high",
    "risk_score": 0.6916911384024564
  },
  "nearest_vru": null,
  "nearest_any_object": {
    "track_id": 1,
    "class": "car",
    "distance_m": 14.441181546339141,
    "bearing_deg": 9.710307173257796,
    "position_ego": [
      14.234284801860333,
      2.4357464223219223,
      -1.509765625
    ],
    "velocity_ego": [
      -4.588530327307746,
      -1.8786274757371721
    ],
    "risk_level": "high",
    "risk_score": 0.6916911384024564
  },
  "abnormal_flags": [
    "high_risk_scene"
  ]
}