{
  "frame": 3924,
  "timestamp": 39.531086552888155,
  "sample_name": "sample_000004",
  "ego": {
    "frame_id": 3924,
    "timestamp": 39.531086552888155,
    "sample_name": "sample_000004",
    "town": "Carla/Maps/Town10HD_Opt",
    "weather": {
      "cloudiness": 20.0,
      "dust_storm": 0.0,
      "fog_density": 2.0,
      "fog_distance": 0.75,
      "fog_falloff": 0.10000000149011612,
      "mie_scattering_scale": 0.029999999329447746,
      "precipitation": 0.0,
      "precipitation_deposits": 0.0,
      "rayleigh_scattering_scale": 0.03310000151395798,
      "scattering_intensity": 1.0,
      "sun_altitude_angle": 45.0,
      "sun_azimuth_angle": 300.0,
      "wetness": 0.0,
      "wind_intensity": 10.0
    },
    "position_world": [
      109.89541625976562,
      21.57946014404297,
      -0.006639976520091295
    ],
    "velocity_world": [
      -0.12426851689815521,
      4.6520609855651855,
      -2.516746462788433e-05
    ],
    "speed_mps": 4.6537204555434135,
    "yaw_deg": -91.04558563232422,
    "route_progress_m": 0.44215388485547263,
    "world_from_ego_bevfusion": [
      [
        -0.018246904015541077,
        -0.9998332262039185,
        0.0007654791115783155,
        109.89541625976562
      ],
      [
        0.9997828602790833,
        -0.01825368031859398,
        -0.010054042562842369,
        21.57946014404297
      ],
      [
        0.010066337883472443,
        0.0005818577483296394,
        0.9999491572380066,
        -0.006639976520091295
      ],
      [
        0.0,
        0.0,
        0.0,
        1.0
      ]
    ],
    "position_world_carla": [
      109.89541625976562,
      -21.57946014404297,
      -0.006639976520091295
    ]
  },
  "scene": {
    "active_object_count": 2,
    "front_free_space_m": null,
    "left_side_occupancy": 0.19353714461754035,
    "right_side_occupancy": 0.0,
    "rear_gap_m": null,
    "nearest_front_vehicle": null,
    "nearest_vru": null,
    "nearest_any_object": {
      "track_id": 1,
      "class": "car",
      "distance_m": 24.19388566147379,
      "bearing_deg": 12.42901624289013,
      "position_ego": [
        23.62686335941404,
        5.207247948393224,
        -1.6787109375
      ],
      "velocity_ego": [
        -0.9092092661678126,
        -0.00020096003712239966
      ],
      "risk_level": "low",
      "risk_score": 0.2685458575389466
    },
    "abnormal_flags": [],
    "lane_scene": {
      "current_lane_blocked": false,
      "front_object_in_current_lane": null,
      "front_object_count_current_lane": 0,
      "left_lane_occupancy_count": 0,
      "right_lane_occupancy_count": 0,
      "left_lane_available": true,
      "right_lane_available": false,
      "junction_active": false,
      "junction_ahead": false
    }
  },
  "risk_summary": {
    "highest_risk_level": "low",
    "highest_risk_score": 0.2685458575389466,
    "urgent_track_ids": [],
    "front_hazard_track_id": null,
    "nearest_front_vehicle_distance_m": 24.19388566147379,
    "nearest_vru_distance_m": null,
    "minimum_ttc_seconds": 25.98616648397997,
    "flags": []
  },
  "decision_context": {
    "recommended_maneuvers": [
      "keep_lane"
    ],
    "hard_constraints": [],
    "soft_constraints": [
      "prefer_right_if_replan"
    ],
    "stage2_decision_intent": {
      "frame_id": 3924,
      "timestamp": 39.531086552888155,
      "maneuver": "keep_lane",
      "target_speed_mps": 8.0,
      "lane_preference": "prefer_right",
      "constraints": [],
      "confidence": 0.6,
      "reasoning_tags": [
        "cruise"
      ]
    },
    "maneuver_validation_preview": {
      "frame_id": 3924,
      "requested_intent": {
        "frame_id": 3924,
        "timestamp": 39.531086552888155,
        "maneuver": "keep_lane",
        "target_speed_mps": 8.0,
        "lane_preference": "prefer_right",
        "constraints": [],
        "confidence": 0.6,
        "reasoning_tags": [
          "cruise"
        ]
      },
      "valid_maneuvers": [
        "keep_lane",
        "lane_change_left"
      ],
      "invalid_maneuvers": [
        {
          "maneuver": "follow",
          "reason": "no_front_object_in_current_lane"
        },
        {
          "maneuver": "slow_down",
          "reason": "scene_not_constrained"
        },
        {
          "maneuver": "stop",
          "reason": "no_immediate_stop_condition"
        },
        {
          "maneuver": "yield",
          "reason": "no_vru_yield_condition"
        },
        {
          "maneuver": "lane_change_right",
          "reason": "no_right_lane"
        }
      ],
      "selected_behavior": "keep_lane",
      "selected_maneuver": "keep_lane",
      "lane_change_permission": {
        "left": true,
        "right": false,
        "left_reason": null,
        "right_reason": "no_right_lane"
      },
      "reasoning_tags": []
    }
  },
  "lane_context": {
    "frame_id": 3924,
    "sample_name": "sample_000004",
    "current_lane": {
      "exists": true,
      "role": "current_lane",
      "road_id": 0,
      "section_id": 0,
      "lane_id": -2,
      "lane_width_m": 3.5,
      "lane_type": "Driving",
      "lane_change": "Left",
      "same_direction_as_ego": true,
      "transform_carla": {
        "location": {
          "x": 109.96512603759766,
          "y": -21.551227569580078,
          "z": 0.0
        },
        "rotation": {
          "roll": 0.0,
          "pitch": 0.0,
          "yaw": 270.69476318359375
        }
      },
      "transform_bevfusion_world": {
        "location": {
          "x": 109.96512603759766,
          "y": 21.551227569580078,
          "z": 0.0
        },
        "rotation": {
          "roll": 0.0,
          "pitch": 0.0,
          "yaw": 270.69476318359375
        }
      },
      "lane_change_allowed_from_current": false
    },
    "left_lane": {
      "exists": true,
      "role": "left_lane",
      "road_id": 0,
      "section_id": 0,
      "lane_id": -1,
      "lane_width_m": 3.5,
      "lane_type": "Driving",
      "lane_change": "Right",
      "same_direction_as_ego": true,
      "transform_carla": {
        "location": {
          "x": 106.46538543701172,
          "y": -21.59366798400879,
          "z": 0.0
        },
        "rotation": {
          "roll": 0.0,
          "pitch": 0.0,
          "yaw": 270.69476318359375
        }
      },
      "transform_bevfusion_world": {
        "location": {
          "x": 106.46538543701172,
          "y": 21.59366798400879,
          "z": 0.0
        },
        "rotation": {
          "roll": 0.0,
          "pitch": 0.0,
          "yaw": 270.69476318359375
        }
      },
      "lane_change_allowed_from_current": true
    },
    "right_lane": {
      "exists": false,
      "role": "right_lane",
      "road_id": null,
      "section_id": null,
      "lane_id": null,
      "lane_width_m": null,
      "lane_type": null,
      "lane_change": null,
      "same_direction_as_ego": false,
      "transform_carla": null,
      "transform_bevfusion_world": null,
      "lane_change_allowed_from_current": false
    },
    "forward_corridor": {
      "horizon_m": 60.0,
      "sample_step_m": 5.0,
      "chain": [
        {
          "distance_m": 0.0,
          "road_id": 0,
          "section_id": 0,
          "lane_id": -2,
          "is_junction": false,
          "yaw_deg": 270.69476318359375,
          "position_carla": {
            "x": 109.96512603759766,
            "y": -21.551227569580078,
            "z": 0.0
          },
          "position_bevfusion_world": {
            "x": 109.96512603759766,
            "y": 21.551227569580078,
            "z": 0.0
          }
        },
        {
          "distance_m": 5.0,
          "road_id": 10,
          "section_id": 0,
          "lane_id": -2,
          "is_junction": false,
          "yaw_deg": -94.87533569335938,
          "position_carla": {
            "x": 109.82269287109375,
            "y": -27.05691909790039,
            "z": 0.0
          },