{
  "sample_name": "sample_000051",
  "sequence_index": 51,
  "frame_id": 60052,
  "timestamp": 440.1197008267045,
  "prediction_variant": "single",
  "source_sample_dir": "D:\\Agent-AI\\outputs\\s3a_ml_long_v2\\sample_000051",
  "source_prediction_dir": "D:\\Agent-AI\\outputs\\live_watch_compare_multilane\\lw_s3a_ml_long_v2\\inference\\sample_000051",
  "ego": {
    "frame_id": 60052,
    "timestamp": 440.1197008267045,
    "sample_name": "sample_000051",
    "town": "Carla/Maps/Town10HD_Opt",
    "weather": {
      "cloudiness": 20.0,
      "dust_storm": 0.0,
      "fog_density": 2.0,
      "fog_distance": 0.75,
      "fog_falloff": 0.10000000149011612,
      "mie_scattering_scale": 0.029999999329447746,
      "precipitation": 0.0,
      "precipitation_deposits": 0.0,
      "rayleigh_scattering_scale": 0.03310000151395798,
      "scattering_intensity": 1.0,
      "sun_altitude_angle": 45.0,
      "sun_azimuth_angle": 300.0,
      "wetness": 0.0,
      "wind_intensity": 10.0
    },
    "position_world": [
      91.26421356201172,
      54.89418411254883,
      -0.004159660078585148
    ],
    "velocity_world": [
      -6.086983680725098,
      5.04519510269165,
      0.00010368347284384072
    ],
    "speed_mps": 7.906033390037493,
    "yaw_deg": -139.45265197753906,
    "route_progress_m": 37.32759008113278,
    "world_from_ego_bevfusion": [
      [
        -0.7598687410354614,
        -0.6500552296638489,
        0.005259568803012371,
        91.26421356201172
      ],
      [
        0.6500759124755859,
        -0.7598323225975037,
        0.007489035837352276,
        54.89418411254883
      ],
      [
        -0.0008718965691514313,
        0.009109804406762123,
        0.9999581575393677,
        -0.004159660078585148
      ],
      [
        0.0,
        0.0,
        0.0,
        1.0
      ]
    ]
  },
  "detections": [
    {
      "detection_id": "sample_000051_det_0000",
      "class_id": 0,
      "class_name": "car",
      "class_group": "vehicle",
      "score": 0.60009765625,
      "position_ego": [
        -13.120750427246094,
        -1.7564926147460938,
        -1.484375
      ],
      "size_xyz": [
        2.19140625,
        5.125,
        1.8193359375
      ],
      "yaw_rad": -1.2041015625,
      "velocity_ego": [
        -6.616115570068359e-06,
        -2.2649765014648438e-06
      ],
      "speed_mps": 6.9930754170600005e-06,
      "distance_m": 13.237800348990618,
      "bearing_deg": -172.3750709510698,
      "source_confidence": 0.60009765625,
      "raw_box_9d": [
        -13.120750427246094,
        -1.7564926147460938,
        -1.484375,
        2.19140625,
        5.125,
        1.8193359375,
        -1.2041015625,
        -6.616115570068359e-06,
        -2.2649765014648438e-06
      ]
    },
    {
      "detection_id": "sample_000051_det_0002",
      "class_id": 0,
      "class_name": "car",
      "class_group": "vehicle",
      "score": 0.53076171875,
      "position_ego": [
        21.027542114257812,
        6.096973419189453,
        -1.48828125
      ],
      "size_xyz": [
        2.162109375,
        5.03515625,
        1.8076171875
      ],
      "yaw_rad": -2.125,
      "velocity_ego": [
        -6.616115570068359e-06,
        -2.2649765014648438e-06
      ],
      "speed_mps": 6.9930754170600005e-06,
      "distance_m": 21.893620354824566,
      "bearing_deg": 16.16961089464469,
      "source_confidence": 0.53076171875,
      "raw_box_9d": [
        21.027542114257812,
        6.096973419189453,
        -1.48828125,
        2.162109375,
        5.03515625,
        1.8076171875,
        -2.125,
        -6.616115570068359e-06,
        -2.2649765014648438e-06
      ]
    },
    {
      "detection_id": "sample_000051_det_0001",
      "class_id": 0,
      "class_name": "car",
      "class_group": "vehicle",
      "score": 0.391845703125,
      "position_ego": [
        49.04480743408203,
        20.86669921875,
        -1.0712890625
      ],
      "size_xyz": [
        2.2265625,
        5.0078125,
        1.8076171875
      ],
      "yaw_rad": 0.84521484375,
      "velocity_ego": [
        -6.616115570068359e-06,
        -2.2649765014648438e-06
      ],
      "speed_mps": 6.9930754170600005e-06,
      "distance_m": 53.29927084428051,
      "bearing_deg": 23.047906544897,
      "source_confidence": 0.391845703125,
      "raw_box_9d": [
        49.04480743408203,
        20.86669921875,
        -1.0712890625,
        2.2265625,
        5.0078125,
        1.8076171875,
        0.84521484375,
        -6.616115570068359e-06,
        -2.2649765014648438e-06
      ]
    },
    {
      "detection_id": "sample_000051_det_0004",
      "class_id": 0,
      "class_name": "car",
      "class_group": "vehicle",
      "score": 0.177490234375,
      "position_ego": [
        51.756080627441406,
        31.956153869628906,
        -0.9794921875
      ],
      "size_xyz": [
        2.216796875,
        5.12890625,
        1.857421875
      ],
      "yaw_rad": 0.82666015625,
      "velocity_ego": [
        -0.11065673828125,
        -0.0511474609375
      ],
      "speed_mps": 0.1219056048235607,
      "distance_m": 60.82670180154119,
      "bearing_deg": 31.692744702923665,
      "source_confidence": 0.177490234375,
      "raw_box_9d": [
        51.756080627441406,
        31.956153869628906,
        -0.9794921875,
        2.216796875,
        5.12890625,
        1.857421875,
        0.82666015625,
        -0.11065673828125,
        -0.0511474609375
      ]
    },
    {
      "detection_id": "sample_000051_det_0003",
      "class_id": 0,
      "class_name": "car",
      "class_group": "vehicle",
      "score": 0.1746826171875,
      "position_ego": [
        46.81523895263672,
        22.968605041503906,
        -1.076171875
      ],
      "size_xyz": [
        2.2265625,
        5.046875,
        1.8271484375
      ],
      "yaw_rad": 0.85986328125,
      "velocity_ego": [
        -4.869699478149414e-05,
        -0.0008015632629394531
      ],
      "speed_mps": 0.0008030411333144099,
      "distance_m": 52.146173548450065,
      "bearing_deg": 26.133603550085116,
      "source_confidence": 0.1746826171875,
      "raw_box_9d": [
        46.81523895263672,
        22.968605041503906,
        -1.076171875,
        2.2265625,
        5.046875,
        1.8271484375,
        0.85986328125,
        -4.869699478149414e-05,
        -0.0008015632629394531
      ]
    }
  ],
  "class_names": [
    "car",
    "truck",
    "construction_vehicle",
    "bus",
    "trailer",
    "barrier",
    "motorcycle",
    "bicycle",
    "pedestrian",
    "traffic_cone"
  ],
  "raw_prediction_count": 200,
  "filtered_prediction_count": 5
}