{
  "active_object_count": 4,
  "front_free_space_m": 5.3309027688177775,
  "left_side_occupancy": 0.12452077670225692,
  "right_side_occupancy": 0.7732244983954768,
  "rear_gap_m": null,
  "nearest_front_vehicle": {
    "track_id": 1,
    "class": "car",
    "distance_m": 6.40454905561375,
    "bearing_deg": 2.102199579356257,
    "position_ego": [
      6.4002387063177775,
      0.23493213470005553,
      -1.4345703125
    ],
    "velocity_ego": [
      0.1997753879961121,
      0.001418566425613913
    ],
    "risk_level": "high",
    "risk_score": 0.6519658820828969
  },
  "nearest_vru": null,
  "nearest_any_object": {
    "track_id": 1,
    "class": "car",
    "distance_m": 6.40454905561375,
    "bearing_deg": 2.102199579356257,
    "position_ego": [
      6.4002387063177775,
      0.23493213470005553,
      -1.4345703125
    ],
    "velocity_ego": [
      0.1997753879961121,
      0.001418566425613913
    ],
    "risk_level": "high",
    "risk_score": 0.6519658820828969
  },
  "abnormal_flags": [
    "front_blocked",
    "high_risk_scene"
  ]
}