{
  "active_object_count": 2,
  "front_free_space_m": 45.75407208230775,
  "left_side_occupancy": 0.0,
  "right_side_occupancy": 0.0,
  "rear_gap_m": null,
  "nearest_front_vehicle": {
    "track_id": 4,
    "class": "car",
    "distance_m": 46.87343663457744,
    "bearing_deg": -3.0328732317395906,
    "position_ego": [
      46.80778301980775,
      -2.4800223197268525,
      -1.63671875
    ],
    "velocity_ego": [
      -6.713010292190947,
      -12.01724935200802
    ],
    "risk_level": "medium",
    "risk_score": 0.39999999999999997
  },
  "nearest_vru": {
    "track_id": 3,
    "class": "bicycle",
    "distance_m": 31.63795752404461,
    "bearing_deg": -46.15731798025276,
    "position_ego": [
      21.91500101781419,
      -22.818700372336146,
      -0.8955078125
    ],
    "velocity_ego": [
      -10.757849866011668,
      -5.959444988980665
    ],
    "risk_level": "medium",
    "risk_score": 0.5627153185696654
  },
  "nearest_any_object": {
    "track_id": 3,
    "class": "bicycle",
    "distance_m": 31.63795752404461,
    "bearing_deg": -46.15731798025276,
    "position_ego": [
      21.91500101781419,
      -22.818700372336146,
      -0.8955078125
    ],
    "velocity_ego": [
      -10.757849866011668,
      -5.959444988980665
    ],
    "risk_level": "medium",
    "risk_score": 0.5627153185696654
  },
  "abnormal_flags": []
}