{
  "active_object_count": 8,
  "front_free_space_m": 7.66550447235544,
  "left_side_occupancy": 0.115369306958088,
  "right_side_occupancy": 0.0,
  "rear_gap_m": 26.17883667021517,
  "nearest_front_vehicle": {
    "track_id": 2,
    "class": "car",
    "distance_m": 8.781900276468804,
    "bearing_deg": 5.351000823752234,
    "position_ego": [
      8.74362947235544,
      0.8189725978322958,
      -1.3974609375
    ],
    "velocity_ego": [
      -1.6396510338595989,
      -0.5541740662382472
    ],
    "risk_level": "high",
    "risk_score": 0.634135747926484
  },
  "nearest_vru": null,
  "nearest_any_object": {
    "track_id": 2,
    "class": "car",
    "distance_m": 8.781900276468804,
    "bearing_deg": 5.351000823752234,
    "position_ego": [
      8.74362947235544,
      0.8189725978322958,
      -1.3974609375
    ],
    "velocity_ego": [
      -1.6396510338595989,
      -0.5541740662382472
    ],
    "risk_level": "high",
    "risk_score": 0.634135747926484
  },
  "abnormal_flags": [
    "front_blocked",
    "high_risk_scene"
  ]
}