{
  "active_object_count": 3,
  "front_free_space_m": 15.166518938217159,
  "left_side_occupancy": 0.0,
  "right_side_occupancy": 0.1015330931892624,
  "rear_gap_m": null,
  "nearest_front_vehicle": {
    "track_id": 1,
    "class": "car",
    "distance_m": 16.22457186391339,
    "bearing_deg": -0.7559929482892906,
    "position_ego": [
      16.22315956321716,
      -0.2140699738068792,
      -1.3818359375
    ],
    "velocity_ego": [
      -4.990489621739899,
      -2.0839766801669115
    ],
    "risk_level": "high",
    "risk_score": 0.6783157110206496
  },
  "nearest_vru": null,
  "nearest_any_object": {
    "track_id": 1,
    "class": "car",
    "distance_m": 16.22457186391339,
    "bearing_deg": -0.7559929482892906,
    "position_ego": [
      16.22315956321716,
      -0.2140699738068792,
      -1.3818359375
    ],
    "velocity_ego": [
      -4.990489621739899,
      -2.0839766801669115
    ],
    "risk_level": "high",
    "risk_score": 0.6783157110206496
  },
  "abnormal_flags": [
    "high_risk_scene"
  ]
}