{
  "active_object_count": 6,
  "front_free_space_m": 12.146992619687783,
  "left_side_occupancy": 0.0,
  "right_side_occupancy": 0.17903641695786188,
  "rear_gap_m": null,
  "nearest_front_vehicle": {
    "track_id": 1,
    "class": "car",
    "distance_m": 13.30636298246158,
    "bearing_deg": -5.981957057861388,
    "position_ego": [
      13.233906682187783,
      -1.3867262700942093,
      -1.42578125
    ],
    "velocity_ego": [
      -4.479871829053053,
      -1.6933767634217998
    ],
    "risk_level": "critical",
    "risk_score": 0.8502022776315382
  },
  "nearest_vru": null,
  "nearest_any_object": {
    "track_id": 1,
    "class": "car",
    "distance_m": 13.30636298246158,
    "bearing_deg": -5.981957057861388,
    "position_ego": [
      13.233906682187783,
      -1.3867262700942093,
      -1.42578125
    ],
    "velocity_ego": [
      -4.479871829053053,
      -1.6933767634217998
    ],
    "risk_level": "critical",
    "risk_score": 0.8502022776315382
  },
  "abnormal_flags": [
    "high_risk_scene"
  ]
}