{
  "sample_name": "sample_000050",
  "sequence_index": 50,
  "frame_id": 60051,
  "timestamp": 440.0197008252144,
  "prediction_variant": "single",
  "source_sample_dir": "D:\\Agent-AI\\outputs\\s3a_ml_long_v2\\sample_000050",
  "source_prediction_dir": "D:\\Agent-AI\\outputs\\live_watch_compare_multilane\\lw_s3a_ml_long_v2\\inference\\sample_000050",
  "ego": {
    "frame_id": 60051,
    "timestamp": 440.0197008252144,
    "sample_name": "sample_000050",
    "town": "Carla/Maps/Town10HD_Opt",
    "weather": {
      "cloudiness": 20.0,
      "dust_storm": 0.0,
      "fog_density": 2.0,
      "fog_distance": 0.75,
      "fog_falloff": 0.10000000149011612,
      "mie_scattering_scale": 0.029999999329447746,
      "precipitation": 0.0,
      "precipitation_deposits": 0.0,
      "rayleigh_scattering_scale": 0.03310000151395798,
      "scattering_intensity": 1.0,
      "sun_altitude_angle": 45.0,
      "sun_azimuth_angle": 300.0,
      "wetness": 0.0,
      "wind_intensity": 10.0
    },
    "position_world": [
      91.8609619140625,
      54.38961410522461,
      -0.0038887786213308573
    ],
    "velocity_world": [
      -5.899913787841797,
      4.965702533721924,
      -6.818770998506807e-06
    ],
    "speed_mps": 7.71149689472962,
    "yaw_deg": -138.5265350341797,
    "route_progress_m": 36.546117440558284,
    "world_from_ego_bevfusion": [
      [
        -0.7492608428001404,
        -0.6622506380081177,
        0.005682224407792091,
        91.8609619140625
      ],
      [
        0.6622716188430786,
        -0.7492018938064575,
        0.009633291512727737,
        54.38961410522461
      ],
      [
        -0.0021225197706371546,
        0.01098102331161499,
        0.9999374151229858,
        -0.0038887786213308573
      ],
      [
        0.0,
        0.0,
        0.0,
        1.0
      ]
    ]
  },
  "detections": [
    {
      "detection_id": "sample_000050_det_0000",
      "class_id": 0,
      "class_name": "car",
      "class_group": "vehicle",
      "score": 0.7724609375,
      "position_ego": [
        -12.347057342529297,
        -1.9677963256835938,
        -1.466796875
      ],
      "size_xyz": [
        2.15625,
        5.05859375,
        1.759765625
      ],
      "yaw_rad": -1.2275390625,
      "velocity_ego": [
        -6.616115570068359e-06,
        -2.2649765014648438e-06
      ],
      "speed_mps": 6.9930754170600005e-06,
      "distance_m": 12.502881563826815,
      "bearing_deg": -170.94471462047832,
      "source_confidence": 0.7724609375,
      "raw_box_9d": [
        -12.347057342529297,
        -1.9677963256835938,
        -1.466796875,
        2.15625,
        5.05859375,
        1.759765625,
        -1.2275390625,
        -6.616115570068359e-06,
        -2.2649765014648438e-06
      ]
    },
    {
      "detection_id": "sample_000050_det_0001",
      "class_id": 0,
      "class_name": "car",
      "class_group": "vehicle",
      "score": 0.64111328125,
      "position_ego": [
        21.590187072753906,
        6.4318389892578125,
        -1.40625
      ],
      "size_xyz": [
        2.14453125,
        4.94140625,
        1.7978515625
      ],
      "yaw_rad": -2.171875,
      "velocity_ego": [
        0.08026123046875,
        0.05810546875
      ],
      "speed_mps": 0.0990863795635658,
      "distance_m": 22.527865647243345,
      "bearing_deg": 16.58909217442475,
      "source_confidence": 0.64111328125,
      "raw_box_9d": [
        21.590187072753906,
        6.4318389892578125,
        -1.40625,
        2.14453125,
        4.94140625,
        1.7978515625,
        -2.171875,
        0.08026123046875,
        0.05810546875
      ]
    },
    {
      "detection_id": "sample_000050_det_0003",
      "class_id": 0,
      "class_name": "car",
      "class_group": "vehicle",
      "score": 0.30712890625,
      "position_ego": [
        52.06172180175781,
        32.695098876953125,
        -0.98681640625
      ],
      "size_xyz": [
        2.21484375,
        5.0,
        1.8662109375
      ],
      "yaw_rad": 0.79931640625,
      "velocity_ego": [
        -0.038665771484375,
        -0.0192718505859375
      ],
      "speed_mps": 0.04320238546062713,
      "distance_m": 61.47676282578131,
      "bearing_deg": 32.129087405106965,
      "source_confidence": 0.30712890625,
      "raw_box_9d": [
        52.06172180175781,
        32.695098876953125,
        -0.98681640625,
        2.21484375,
        5.0,
        1.8662109375,
        0.79931640625,
        -0.038665771484375,
        -0.0192718505859375
      ]
    },
    {
      "detection_id": "sample_000050_det_0002",
      "class_id": 0,
      "class_name": "car",
      "class_group": "vehicle",
      "score": 0.30224609375,
      "position_ego": [
        49.40705871582031,
        21.652587890625,
        -1.0849609375
      ],
      "size_xyz": [
        2.263671875,
        5.1328125,
        1.84375
      ],
      "yaw_rad": 0.8349609375,
      "velocity_ego": [
        -6.616115570068359e-06,
        -2.2649765014648438e-06
      ],
      "speed_mps": 6.9930754170600005e-06,
      "distance_m": 53.943414920727406,
      "bearing_deg": 23.665381877081344,
      "source_confidence": 0.30224609375,
      "raw_box_9d": [
        49.40705871582031,
        21.652587890625,
        -1.0849609375,
        2.263671875,
        5.1328125,
        1.84375,
        0.8349609375,
        -6.616115570068359e-06,
        -2.2649765014648438e-06
      ]
    },
    {
      "detection_id": "sample_000050_det_0004",
      "class_id": 0,
      "class_name": "car",
      "class_group": "vehicle",
      "score": 0.2509765625,
      "position_ego": [
        47.15650939941406,
        23.642913818359375,
        -1.078125
      ],
      "size_xyz": [
        2.21875,
        5.1015625,
        1.8193359375
      ],
      "yaw_rad": 0.82373046875,
      "velocity_ego": [
        -0.1778564453125,
        -0.07940673828125
      ],
      "speed_mps": 0.1947776815337559,
      "distance_m": 52.75152843813528,
      "bearing_deg": 26.627866044280562,
      "source_confidence": 0.2509765625,
      "raw_box_9d": [
        47.15650939941406,
        23.642913818359375,
        -1.078125,
        2.21875,
        5.1015625,
        1.8193359375,
        0.82373046875,
        -0.1778564453125,
        -0.07940673828125
      ]
    }
  ],
  "class_names": [
    "car",
    "truck",
    "construction_vehicle",
    "bus",
    "trailer",
    "barrier",
    "motorcycle",
    "bicycle",
    "pedestrian",
    "traffic_cone"
  ],
  "raw_prediction_count": 200,
  "filtered_prediction_count": 5
}