{
  "active_object_count": 9,
  "front_free_space_m": 9.234301892319355,
  "left_side_occupancy": 0.17074817770385897,
  "right_side_occupancy": 0.3294804059097858,
  "rear_gap_m": 16.014038747549066,
  "nearest_front_vehicle": {
    "track_id": 2,
    "class": "car",
    "distance_m": 10.385919896098494,
    "bearing_deg": 6.398913532049935,
    "position_ego": [
      10.321215954819355,
      1.1575116855379703,
      -1.537109375
    ],
    "velocity_ego": [
      -1.8310228202952965,
      -0.6417884039879539
    ],
    "risk_level": "high",
    "risk_score": 0.6221056007792614
  },
  "nearest_vru": null,
  "nearest_any_object": {
    "track_id": 2,
    "class": "car",
    "distance_m": 10.385919896098494,
    "bearing_deg": 6.398913532049935,
    "position_ego": [
      10.321215954819355,
      1.1575116855379703,
      -1.537109375
    ],
    "velocity_ego": [
      -1.8310228202952965,
      -0.6417884039879539
    ],
    "risk_level": "high",
    "risk_score": 0.6221056007792614
  },
  "abnormal_flags": [
    "high_risk_scene"
  ]
}