{
  "sample_name": "sample_000043",
  "sequence_index": 43,
  "frame_id": 726316,
  "timestamp": 5001.494624782354,
  "prediction_variant": "single",
  "source_sample_dir": "D:\\Agent-AI\\outputs\\s3a_ml_long_v1\\sample_000043",
  "source_prediction_dir": "D:\\Agent-AI\\outputs\\live_watch_compare_multilane\\lw_s3a_ml_long_v1\\inference\\sample_000043",
  "ego": {
    "frame_id": 726316,
    "timestamp": 5001.494624782354,
    "sample_name": "sample_000043",
    "town": "Carla/Maps/Town10HD_Opt",
    "weather": {
      "cloudiness": 20.0,
      "dust_storm": 0.0,
      "fog_density": 2.0,
      "fog_distance": 0.75,
      "fog_falloff": 0.10000000149011612,
      "mie_scattering_scale": 0.029999999329447746,
      "precipitation": 0.0,
      "precipitation_deposits": 0.0,
      "rayleigh_scattering_scale": 0.03310000151395798,
      "scattering_intensity": 1.0,
      "sun_altitude_angle": 45.0,
      "sun_azimuth_angle": 300.0,
      "wetness": 0.0,
      "wind_intensity": 10.0
    },
    "position_world": [
      103.61976623535156,
      37.35348129272461,
      -0.0029366682283580303
    ],
    "velocity_world": [
      0.0025750838685780764,
      -0.005039511248469353,
      0.0002062702114926651
    ],
    "speed_mps": 0.0056630625949047565,
    "yaw_deg": -109.15985107421875,
    "route_progress_m": 15.597721983400257,
    "world_from_ego_bevfusion": [
      [
        -0.328195720911026,
        -0.9446056485176086,
        -0.0027896855026483536,
        103.61976623535156
      ],
      [
        0.9445804953575134,
        -0.3282073736190796,
        0.006901105400174856,
        37.35348129272461
      ],
      [
        -0.007434418424963951,
        -0.0003701690584421158,
        0.9999722838401794,
        -0.0029366682283580303
      ],
      [
        0.0,
        0.0,
        0.0,
        1.0
      ]
    ]
  },
  "detections": [
    {
      "detection_id": "sample_000043_det_0000",
      "class_id": 0,
      "class_name": "car",
      "class_group": "vehicle",
      "score": 0.8193359375,
      "position_ego": [
        6.326663970947266,
        0.2600135803222656,
        -1.3916015625
      ],
      "size_xyz": [
        2.12890625,
        4.90234375,
        1.7822265625
      ],
      "yaw_rad": -1.7119140625,
      "velocity_ego": [
        -6.616115570068359e-06,
        -2.2649765014648438e-06
      ],
      "speed_mps": 6.9930754170600005e-06,
      "distance_m": 6.332004742830996,
      "bearing_deg": 2.3534206469654038,
      "source_confidence": 0.8193359375,
      "raw_box_9d": [
        6.326663970947266,
        0.2600135803222656,
        -1.3916015625,
        2.12890625,
        4.90234375,
        1.7822265625,
        -1.7119140625,
        -6.616115570068359e-06,
        -2.2649765014648438e-06
      ]
    },
    {
      "detection_id": "sample_000043_det_0001",
      "class_id": 0,
      "class_name": "car",
      "class_group": "vehicle",
      "score": 0.7373046875,
      "position_ego": [
        5.940528869628906,
        -3.1832504272460938,
        -1.419921875
      ],
      "size_xyz": [
        2.146484375,
        5.015625,
        1.78515625
      ],
      "yaw_rad": -1.6640625,
      "velocity_ego": [
        -6.616115570068359e-06,
        -2.2649765014648438e-06
      ],
      "speed_mps": 6.9930754170600005e-06,
      "distance_m": 6.739656262262708,
      "bearing_deg": -28.184766785033155,
      "source_confidence": 0.7373046875,
      "raw_box_9d": [
        5.940528869628906,
        -3.1832504272460938,
        -1.419921875,
        2.146484375,
        5.015625,
        1.78515625,
        -1.6640625,
        -6.616115570068359e-06,
        -2.2649765014648438e-06
      ]
    },
    {
      "detection_id": "sample_000043_det_0002",
      "class_id": 0,
      "class_name": "car",
      "class_group": "vehicle",
      "score": 0.55126953125,
      "position_ego": [
        25.6640625,
        4.9091339111328125,
        -1.1796875
      ],
      "size_xyz": [
        2.099609375,
        4.71875,
        1.8564453125
      ],
      "yaw_rad": -2.216796875,
      "velocity_ego": [
        -6.616115570068359e-06,
        -2.2649765014648438e-06
      ],
      "speed_mps": 6.9930754170600005e-06,
      "distance_m": 26.129364702597353,
      "bearing_deg": 10.828975056781573,
      "source_confidence": 0.55126953125,
      "raw_box_9d": [
        25.6640625,
        4.9091339111328125,
        -1.1796875,
        2.099609375,
        4.71875,
        1.8564453125,
        -2.216796875,
        -6.616115570068359e-06,
        -2.2649765014648438e-06
      ]
    },
    {
      "detection_id": "sample_000043_det_0003",
      "class_id": 0,
      "class_name": "car",
      "class_group": "vehicle",
      "score": 0.423828125,
      "position_ego": [
        35.617530822753906,
        21.637794494628906,
        -0.8125
      ],
      "size_xyz": [
        2.169921875,
        4.99609375,
        1.8642578125
      ],
      "yaw_rad": 0.44970703125,
      "velocity_ego": [
        -0.01532745361328125,
        -0.1827392578125
      ],
      "speed_mps": 0.18338093461461752,
      "distance_m": 41.67496433713672,
      "bearing_deg": 31.27885050431153,
      "source_confidence": 0.423828125,
      "raw_box_9d": [
        35.617530822753906,
        21.637794494628906,
        -0.8125,
        2.169921875,
        4.99609375,
        1.8642578125,
        0.44970703125,
        -0.01532745361328125,
        -0.1827392578125
      ]
    },
    {
      "detection_id": "sample_000043_det_0005",
      "class_id": 0,
      "class_name": "car",
      "class_group": "vehicle",
      "score": 0.2548828125,
      "position_ego": [
        24.35002899169922,
        -8.753097534179688,
        -1.107421875
      ],
      "size_xyz": [
        2.251953125,
        5.11328125,
        1.9462890625
      ],
      "yaw_rad": 1.3447265625,
      "velocity_ego": [
        -6.616115570068359e-06,
        -2.2649765014648438e-06
      ],
      "speed_mps": 6.9930754170600005e-06,
      "distance_m": 25.87548315180714,
      "bearing_deg": -19.77197366362711,
      "source_confidence": 0.2548828125,
      "raw_box_9d": [
        24.35002899169922,
        -8.753097534179688,
        -1.107421875,
        2.251953125,
        5.11328125,
        1.9462890625,
        1.3447265625,
        -6.616115570068359e-06,
        -2.2649765014648438e-06
      ]
    },
    {
      "detection_id": "sample_000043_det_0004",
      "class_id": 0,
      "class_name": "car",
      "class_group": "vehicle",
      "score": 0.225341796875,
      "position_ego": [
        -15.09946060180664,
        -24.322263717651367,
        -0.41259765625
      ],
      "size_xyz": [
        2.271484375,
        5.25,
        1.919921875
      ],
      "yaw_rad": -1.26953125,
      "velocity_ego": [
        -6.616115570068359e-06,
        -2.2649765014648438e-06
      ],
      "speed_mps": 6.9930754170600005e-06,
      "distance_m": 28.62806704645794,
      "bearing_deg": -121.83234920133174,
      "source_confidence": 0.225341796875,
      "raw_box_9d": [
        -15.09946060180664,
        -24.322263717651367,
        -0.41259765625,
        2.271484375,
        5.25,
        1.919921875,
        -1.26953125,
        -6.616115570068359e-06,
        -2.2649765014648438e-06
      ]
    }
  ],
  "class_names": [
    "car",
    "truck",
    "construction_vehicle",
    "bus",
    "trailer",
    "barrier",
    "motorcycle",
    "bicycle",
    "pedestrian",
    "traffic_cone"
  ],
  "raw_prediction_count": 200,
  "filtered_prediction_count": 6
}