{
  "active_object_count": 1,
  "front_free_space_m": null,
  "left_side_occupancy": 0.0,
  "right_side_occupancy": 0.0,
  "rear_gap_m": null,
  "nearest_front_vehicle": null,
  "nearest_vru": null,
  "nearest_any_object": {
    "track_id": 4,
    "class": "car",
    "distance_m": 45.26427581274829,
    "bearing_deg": -8.885701764118425,
    "position_ego": [
      44.72103403479972,
      -6.991693622494823,
      -1.310546875
    ],
    "velocity_ego": [
      -7.043320545482872,
      -13.210997801323408
    ],
    "risk_level": "low",
    "risk_score": 0.15000000000000002
  },
  "abnormal_flags": []
}