{
  "sample_name": "sample_000015",
  "sequence_index": 15,
  "frame_id": 726288,
  "timestamp": 4998.69462474063,
  "prediction_variant": "single",
  "source_sample_dir": "D:\\Agent-AI\\outputs\\s3a_ml_long_v1\\sample_000015",
  "source_prediction_dir": "D:\\Agent-AI\\outputs\\live_watch_compare_multilane\\lw_s3a_ml_long_v1\\inference\\sample_000015",
  "ego": {
    "frame_id": 726288,
    "timestamp": 4998.69462474063,
    "sample_name": "sample_000015",
    "town": "Carla/Maps/Town10HD_Opt",
    "weather": {
      "cloudiness": 20.0,
      "dust_storm": 0.0,
      "fog_density": 2.0,
      "fog_distance": 0.75,
      "fog_falloff": 0.10000000149011612,
      "mie_scattering_scale": 0.029999999329447746,
      "precipitation": 0.0,
      "precipitation_deposits": 0.0,
      "rayleigh_scattering_scale": 0.03310000151395798,
      "scattering_intensity": 1.0,
      "sun_altitude_angle": 45.0,
      "sun_azimuth_angle": 300.0,
      "wetness": 0.0,
      "wind_intensity": 10.0
    },
    "position_world": [
      105.58466339111328,
      30.488481521606445,
      -0.0038085554260760546
    ],
    "velocity_world": [
      -1.2923548221588135,
      7.13712215423584,
      5.481719927047379e-05
    ],
    "speed_mps": 7.253185068219762,
    "yaw_deg": -99.55292510986328,
    "route_progress_m": 8.44669301750616,
    "world_from_ego_bevfusion": [
      [
        -0.16595803201198578,
        -0.9861083626747131,
        0.006943418178707361,
        105.58466339111328
      ],
      [
        0.986129641532898,
        -0.1659354716539383,
        0.003711401019245386,
        30.488481521606445
      ],
      [
        -0.002507684053853154,
        0.007463046815246344,
        0.9999690055847168,
        -0.0038085554260760546
      ],
      [
        0.0,
        0.0,
        0.0,
        1.0
      ]
    ]
  },
  "detections": [
    {
      "detection_id": "sample_000015_det_0000",
      "class_id": 0,
      "class_name": "car",
      "class_group": "vehicle",
      "score": 0.80859375,
      "position_ego": [
        13.368019104003906,
        2.151966094970703,
        -1.423828125
      ],
      "size_xyz": [
        2.130859375,
        4.96875,
        1.7587890625
      ],
      "yaw_rad": -1.87109375,
      "velocity_ego": [
        -6.616115570068359e-06,
        -2.2649765014648438e-06
      ],
      "speed_mps": 6.9930754170600005e-06,
      "distance_m": 13.540121596164374,
      "bearing_deg": 9.144943228512812,
      "source_confidence": 0.80859375,
      "raw_box_9d": [
        13.368019104003906,
        2.151966094970703,
        -1.423828125,
        2.130859375,
        4.96875,
        1.7587890625,
        -1.87109375,
        -6.616115570068359e-06,
        -2.2649765014648438e-06
      ]
    },
    {
      "detection_id": "sample_000015_det_0001",
      "class_id": 0,
      "class_name": "car",
      "class_group": "vehicle",
      "score": 0.7666015625,
      "position_ego": [
        13.455215454101562,
        -1.3044395446777344,
        -1.41796875
      ],
      "size_xyz": [
        2.125,
        4.9140625,
        1.77734375
      ],
      "yaw_rad": -1.8232421875,
      "velocity_ego": [
        -6.616115570068359e-06,
        -2.2649765014648438e-06
      ],
      "speed_mps": 6.9930754170600005e-06,
      "distance_m": 13.518298171072148,
      "bearing_deg": -5.537335586237509,
      "source_confidence": 0.7666015625,
      "raw_box_9d": [
        13.455215454101562,
        -1.3044395446777344,
        -1.41796875,
        2.125,
        4.9140625,
        1.77734375,
        -1.8232421875,
        -6.616115570068359e-06,
        -2.2649765014648438e-06
      ]
    },
    {
      "detection_id": "sample_000015_det_0002",
      "class_id": 0,
      "class_name": "car",
      "class_group": "vehicle",
      "score": 0.51123046875,
      "position_ego": [
        31.680763244628906,
        9.938270568847656,
        -1.23828125
      ],
      "size_xyz": [
        2.16796875,
        4.9765625,
        1.78515625
      ],
      "yaw_rad": 0.74072265625,
      "velocity_ego": [
        -6.616115570068359e-06,
        -2.2649765014648438e-06
      ],
      "speed_mps": 6.9930754170600005e-06,
      "distance_m": 33.20301163542026,
      "bearing_deg": 17.41666609394851,
      "source_confidence": 0.51123046875,
      "raw_box_9d": [
        31.680763244628906,
        9.938270568847656,
        -1.23828125,
        2.16796875,
        4.9765625,
        1.78515625,
        0.74072265625,
        -6.616115570068359e-06,
        -2.2649765014648438e-06
      ]
    },
    {
      "detection_id": "sample_000015_det_0003",
      "class_id": 0,
      "class_name": "car",
      "class_group": "vehicle",
      "score": 0.4794921875,
      "position_ego": [
        38.641334533691406,
        28.044509887695312,
        -1.015625
      ],
      "size_xyz": [
        2.130859375,
        4.93359375,
        1.8193359375
      ],
      "yaw_rad": 0.33935546875,
      "velocity_ego": [
        -0.03253173828125,
        -0.2493896484375
      ],
      "speed_mps": 0.25150250643558125,
      "distance_m": 47.74565183747827,
      "bearing_deg": 35.97081372702219,
      "source_confidence": 0.4794921875,
      "raw_box_9d": [
        38.641334533691406,
        28.044509887695312,
        -1.015625,
        2.130859375,
        4.93359375,
        1.8193359375,
        0.33935546875,
        -0.03253173828125,
        -0.2493896484375
      ]
    },
    {
      "detection_id": "sample_000015_det_0004",
      "class_id": 0,
      "class_name": "car",
      "class_group": "vehicle",
      "score": 0.2154541015625,
      "position_ego": [
        26.89189910888672,
        -6.885074615478516,
        -1.1513671875
      ],
      "size_xyz": [
        2.22265625,
        5.08984375,
        1.9296875
      ],
      "yaw_rad": 1.146484375,
      "velocity_ego": [
        -6.616115570068359e-06,
        -2.2649765014648438e-06
      ],
      "speed_mps": 6.9930754170600005e-06,
      "distance_m": 27.759295562806503,
      "bearing_deg": -14.36083308727572,
      "source_confidence": 0.2154541015625,
      "raw_box_9d": [
        26.89189910888672,
        -6.885074615478516,
        -1.1513671875,
        2.22265625,
        5.08984375,
        1.9296875,
        1.146484375,
        -6.616115570068359e-06,
        -2.2649765014648438e-06
      ]
    },
    {
      "detection_id": "sample_000015_det_0005",
      "class_id": 0,
      "class_name": "car",
      "class_group": "vehicle",
      "score": 0.12371826171875,
      "position_ego": [
        32.484962463378906,
        -3.4686012268066406,
        -1.126953125
      ],
      "size_xyz": [
        2.26171875,
        5.09375,
        1.9697265625
      ],
      "yaw_rad": 1.1279296875,
      "velocity_ego": [
        -0.1370849609375,
        -0.0596923828125
      ],
      "speed_mps": 0.14951744741357093,
      "distance_m": 32.669618619104526,
      "bearing_deg": -6.0946990601200985,
      "source_confidence": 0.12371826171875,
      "raw_box_9d": [
        32.484962463378906,
        -3.4686012268066406,
        -1.126953125,
        2.26171875,
        5.09375,
        1.9697265625,
        1.1279296875,
        -0.1370849609375,
        -0.0596923828125
      ]
    }
  ],
  "class_names": [
    "car",
    "truck",
    "construction_vehicle",
    "bus",
    "trailer",
    "barrier",
    "motorcycle",
    "bicycle",
    "pedestrian",
    "traffic_cone"
  ],
  "raw_prediction_count": 200,
  "filtered_prediction_count": 6
}