{
  "active_object_count": 6,
  "front_free_space_m": 12.450134919922867,
  "left_side_occupancy": 0.5435817941901648,
  "right_side_occupancy": 0.059679755878514706,
  "rear_gap_m": null,
  "nearest_front_vehicle": {
    "track_id": 2,
    "class": "car",
    "distance_m": 13.682660814367416,
    "bearing_deg": -5.285525388114373,
    "position_ego": [
      13.624482167371548,
      -1.2604335095514942,
      -1.41796875
    ],
    "velocity_ego": [
      -4.913605616477829,
      -1.6933588740335577
    ],
    "risk_level": "high",
    "risk_score": 0.8473800438922444
  },
  "nearest_vru": null,
  "nearest_any_object": {
    "track_id": 2,
    "class": "car",
    "distance_m": 13.682660814367416,
    "bearing_deg": -5.285525388114373,
    "position_ego": [
      13.624482167371548,
      -1.2604335095514942,
      -1.41796875
    ],
    "velocity_ego": [
      -4.913605616477829,
      -1.6933588740335577
    ],
    "risk_level": "high",
    "risk_score": 0.8473800438922444
  },
  "abnormal_flags": [
    "high_risk_scene"
  ]
}