{
  "active_object_count": 10,
  "front_free_space_m": 5.060678032808443,
  "left_side_occupancy": 0.03144499042664106,
  "right_side_occupancy": 0.11162201468070232,
  "rear_gap_m": 27.67547419304062,
  "nearest_front_vehicle": {
    "track_id": 2,
    "class": "car",
    "distance_m": 6.1241007545999055,
    "bearing_deg": 2.495007632650937,
    "position_ego": [
      6.118295220308443,
      0.26659641715894605,
      -1.4609375
    ],
    "velocity_ego": [
      0.009447292396121527,
      0.03640077679685193
    ],
    "risk_level": "high",
    "risk_score": 0.6540692443405007
  },
  "nearest_vru": null,
  "nearest_any_object": {
    "track_id": 2,
    "class": "car",
    "distance_m": 6.1241007545999055,
    "bearing_deg": 2.495007632650937,
    "position_ego": [
      6.118295220308443,
      0.26659641715894605,
      -1.4609375
    ],
    "velocity_ego": [
      0.009447292396121527,
      0.03640077679685193
    ],
    "risk_level": "high",
    "risk_score": 0.6540692443405007
  },
  "abnormal_flags": [
    "front_blocked",
    "high_risk_scene"
  ]
}