{
  "active_object_count": 8,
  "front_free_space_m": 5.427643570682692,
  "left_side_occupancy": 0.12330937143630782,
  "right_side_occupancy": 0.9321335317321076,
  "rear_gap_m": null,
  "nearest_front_vehicle": {
    "track_id": 1,
    "class": "car",
    "distance_m": 6.508944057368066,
    "bearing_deg": 2.6729549059049615,
    "position_ego": [
      6.501862320682692,
      0.30354423867659064,
      -1.451171875
    ],
    "velocity_ego": [
      -1.7778754204503984,
      -0.2674052797019074
    ],
    "risk_level": "high",
    "risk_score": 0.7511829195697395
  },
  "nearest_vru": {
    "track_id": 19,
    "class": "pedestrian",
    "distance_m": 28.99312130113485,
    "bearing_deg": -39.42157783244396,
    "position_ego": [
      22.39702606201172,
      -18.4112548828125,
      -0.5703125
    ],
    "velocity_ego": [
      -0.004192352294921875,
      0.0004687309265136719
    ],
    "risk_level": "low",
    "risk_score": 0.3325515902414886
  },
  "nearest_any_object": {
    "track_id": 1,
    "class": "car",
    "distance_m": 6.508944057368066,
    "bearing_deg": 2.6729549059049615,
    "position_ego": [
      6.501862320682692,
      0.30354423867659064,
      -1.451171875
    ],
    "velocity_ego": [
      -1.7778754204503984,
      -0.2674052797019074
    ],
    "risk_level": "high",
    "risk_score": 0.7511829195697395
  },
  "abnormal_flags": [
    "front_blocked",
    "high_risk_scene"
  ]
}