{
  "sample_name": "sample_000098",
  "sequence_index": 98,
  "frame_id": 60099,
  "timestamp": 444.81970089673996,
  "prediction_variant": "single",
  "source_sample_dir": "D:\\Agent-AI\\outputs\\s3a_ml_long_v2\\sample_000098",
  "source_prediction_dir": "D:\\Agent-AI\\outputs\\live_watch_compare_multilane\\lw_s3a_ml_long_v2\\inference\\sample_000098",
  "ego": {
    "frame_id": 60099,
    "timestamp": 444.81970089673996,
    "sample_name": "sample_000098",
    "town": "Carla/Maps/Town10HD_Opt",
    "weather": {
      "cloudiness": 20.0,
      "dust_storm": 0.0,
      "fog_density": 2.0,
      "fog_distance": 0.75,
      "fog_falloff": 0.10000000149011612,
      "mie_scattering_scale": 0.029999999329447746,
      "precipitation": 0.0,
      "precipitation_deposits": 0.0,
      "rayleigh_scattering_scale": 0.03310000151395798,
      "scattering_intensity": 1.0,
      "sun_altitude_angle": 45.0,
      "sun_azimuth_angle": 300.0,
      "wetness": 0.0,
      "wind_intensity": 10.0
    },
    "position_world": [
      77.28766632080078,
      62.279876708984375,
      -0.004440841730684042
    ],
    "velocity_world": [
      0.0002219376910943538,
      -5.4850344895385206e-05,
      -1.3923644246460753e-06
    ],
    "speed_mps": 0.0002286194168090859,
    "yaw_deg": -161.72349548339844,
    "route_progress_m": 53.24145045329884,
    "world_from_ego_bevfusion": [
      [
        -0.9495540857315063,
        -0.3136030435562134,
        -0.0002715910377446562,
        77.28766632080078
      ],
      [
        0.313603013753891,
        -0.9495541453361511,
        6.22110819676891e-05,
        62.279876708984375
      ],
      [
        -0.0002773999876808375,
        -2.609897819638718e-05,
        0.9999999403953552,
        -0.004440841730684042
      ],
      [
        0.0,
        0.0,
        0.0,
        1.0
      ]
    ]
  },
  "detections": [
    {
      "detection_id": "sample_000098_det_0001",
      "class_id": 0,
      "class_name": "car",
      "class_group": "vehicle",
      "score": 0.646484375,
      "position_ego": [
        -28.41459846496582,
        5.980228424072266,
        -1.2109375
      ],
      "size_xyz": [
        2.130859375,
        4.87109375,
        1.7724609375
      ],
      "yaw_rad": -0.8173828125,
      "velocity_ego": [
        -6.616115570068359e-06,
        -2.2649765014648438e-06
      ],
      "speed_mps": 6.9930754170600005e-06,
      "distance_m": 29.037089005775353,
      "bearing_deg": 168.11480266468814,
      "source_confidence": 0.646484375,
      "raw_box_9d": [
        -28.41459846496582,
        5.980228424072266,
        -1.2109375,
        2.130859375,
        4.87109375,
        1.7724609375,
        -0.8173828125,
        -6.616115570068359e-06,
        -2.2649765014648438e-06
      ]
    },
    {
      "detection_id": "sample_000098_det_0000",
      "class_id": 0,
      "class_name": "car",
      "class_group": "vehicle",
      "score": 0.62060546875,
      "position_ego": [
        6.150661468505859,
        0.24155426025390625,
        -1.48046875
      ],
      "size_xyz": [
        2.15625,
        5.0234375,
        1.783203125
      ],
      "yaw_rad": -1.72265625,
      "velocity_ego": [
        -6.616115570068359e-06,
        -2.2649765014648438e-06
      ],
      "speed_mps": 6.9930754170600005e-06,
      "distance_m": 6.1554029080807915,
      "bearing_deg": 2.2490151413937842,
      "source_confidence": 0.62060546875,
      "raw_box_9d": [
        6.150661468505859,
        0.24155426025390625,
        -1.48046875,
        2.15625,
        5.0234375,
        1.783203125,
        -1.72265625,
        -6.616115570068359e-06,
        -2.2649765014648438e-06
      ]
    },
    {
      "detection_id": "sample_000098_det_0003",
      "class_id": 0,
      "class_name": "car",
      "class_group": "vehicle",
      "score": 0.376953125,
      "position_ego": [
        36.23291015625,
        6.047023773193359,
        -1.2724609375
      ],
      "size_xyz": [
        2.193359375,
        4.93359375,
        1.8076171875
      ],
      "yaw_rad": 1.2705078125,
      "velocity_ego": [
        -6.616115570068359e-06,
        -2.2649765014648438e-06
      ],
      "speed_mps": 6.9930754170600005e-06,
      "distance_m": 36.734047897072955,
      "bearing_deg": 9.47494643298112,
      "source_confidence": 0.376953125,
      "raw_box_9d": [
        36.23291015625,
        6.047023773193359,
        -1.2724609375,
        2.193359375,
        4.93359375,
        1.8076171875,
        1.2705078125,
        -6.616115570068359e-06,
        -2.2649765014648438e-06
      ]
    },
    {
      "detection_id": "sample_000098_det_0002",
      "class_id": 4,
      "class_name": "trailer",
      "class_group": "vehicle",
      "score": 0.29248046875,
      "position_ego": [
        15.343109130859375,
        27.508453369140625,
        0.0830078125
      ],
      "size_xyz": [
        3.484375,
        19.421875,
        3.392578125
      ],
      "yaw_rad": -1.8828125,
      "velocity_ego": [
        4.109375,
        1.1728515625
      ],
      "speed_mps": 4.273469746971855,
      "distance_m": 31.498031756978794,
      "bearing_deg": 60.84897911639183,
      "source_confidence": 0.29248046875,
      "raw_box_9d": [
        15.343109130859375,
        27.508453369140625,
        0.0830078125,
        3.484375,
        19.421875,
        3.392578125,
        -1.8828125,
        4.109375,
        1.1728515625
      ]
    },
    {
      "detection_id": "sample_000098_det_0005",
      "class_id": 0,
      "class_name": "car",
      "class_group": "vehicle",
      "score": 0.2763671875,
      "position_ego": [
        -27.64189338684082,
        -8.017967224121094,
        -1.16796875
      ],
      "size_xyz": [
        2.326171875,
        5.25,
        1.931640625
      ],
      "yaw_rad": -1.6083984375,
      "velocity_ego": [
        -6.616115570068359e-06,
        -2.2649765014648438e-06
      ],
      "speed_mps": 6.9930754170600005e-06,
      "distance_m": 28.78127982589646,
      "bearing_deg": -163.82436477711238,
      "source_confidence": 0.2763671875,
      "raw_box_9d": [
        -27.64189338684082,
        -8.017967224121094,
        -1.16796875,
        2.326171875,
        5.25,
        1.931640625,
        -1.6083984375,
        -6.616115570068359e-06,
        -2.2649765014648438e-06
      ]
    },
    {
      "detection_id": "sample_000098_det_0006",
      "class_id": 0,
      "class_name": "car",
      "class_group": "vehicle",
      "score": 0.234375,
      "position_ego": [
        19.625030517578125,
        33.877098083496094,
        -0.609375
      ],
      "size_xyz": [
        2.330078125,
        5.375,
        2.115234375
      ],
      "yaw_rad": 1.30078125,
      "velocity_ego": [
        -3.755859375,
        -1.42578125
      ],
      "speed_mps": 4.017378724694368,
      "distance_m": 39.150984628418826,
      "bearing_deg": 59.91625227718048,
      "source_confidence": 0.234375,
      "raw_box_9d": [
        19.625030517578125,
        33.877098083496094,
        -0.609375,
        2.330078125,
        5.375,
        2.115234375,
        1.30078125,
        -3.755859375,
        -1.42578125
      ]
    },
    {
      "detection_id": "sample_000098_det_0004",
      "class_id": 0,
      "class_name": "car",
      "class_group": "vehicle",
      "score": 0.2008056640625,
      "position_ego": [
        37.744483947753906,
        3.3343353271484375,
        -1.283203125
      ],
      "size_xyz": [
        2.185546875,
        4.96875,
        1.798828125
      ],
      "yaw_rad": 1.2685546875,
      "velocity_ego": [
        -6.616115570068359e-06,
        -2.2649765014648438e-06
      ],
      "speed_mps": 6.9930754170600005e-06,
      "distance_m": 37.89147477409823,
      "bearing_deg": 5.048385219507171,
      "source_confidence": 0.2008056640625,