{
  "frame": 60006,
  "timestamp": 435.51970075815916,
  "sample_name": "sample_000005",
  "ego": {
    "frame_id": 60006,
    "timestamp": 435.51970075815916,
    "sample_name": "sample_000005",
    "town": "Carla/Maps/Town10HD_Opt",
    "weather": {
      "cloudiness": 20.0,
      "dust_storm": 0.0,
      "fog_density": 2.0,
      "fog_distance": 0.75,
      "fog_falloff": 0.10000000149011612,
      "mie_scattering_scale": 0.029999999329447746,
      "precipitation": 0.0,
      "precipitation_deposits": 0.0,
      "rayleigh_scattering_scale": 0.03310000151395798,
      "scattering_intensity": 1.0,
      "sun_altitude_angle": 45.0,
      "sun_azimuth_angle": 300.0,
      "wetness": 0.0,
      "wind_intensity": 10.0
    },
    "position_world": [
      106.35919952392578,
      23.15918731689453,
      -0.0056127929128706455
    ],
    "velocity_world": [
      -0.14421430230140686,
      5.369991302490234,
      -0.00016084671369753778
    ],
    "speed_mps": 5.371927436189054,
    "yaw_deg": -91.32862091064453,
    "route_progress_m": 1.0716422081478094,
    "world_from_ego_bevfusion": [
      [
        -0.02318616583943367,
        -0.9997310042381287,
        0.0005520149716176093,
        106.35919952392578
      ],
      [
        0.9997091293334961,
        -0.02318931557238102,
        -0.00661875493824482,
        23.15918731689453
      ],
      [
        0.006629775743931532,
        0.00039839089731685817,
        0.9999779462814331,
        -0.0056127929128706455
      ],
      [
        0.0,
        0.0,
        0.0,
        1.0
      ]
    ],
    "position_world_carla": [
      106.35919952392578,
      -23.15918731689453,
      -0.0056127929128706455
    ]
  },
  "scene": {
    "active_object_count": 2,
    "front_free_space_m": null,
    "left_side_occupancy": 0.17266707141341087,
    "right_side_occupancy": 0.0,
    "rear_gap_m": null,
    "nearest_front_vehicle": null,
    "nearest_vru": null,
    "nearest_any_object": {
      "track_id": 1,
      "class": "car",
      "distance_m": 24.819987857597674,
      "bearing_deg": 7.571777317793558,
      "position_ego": [
        24.60357162852541,
        3.270483201503348,
        -1.541015625
      ],
      "velocity_ego": [
        -2.419818144126854,
        -0.1789479957184959
      ],
      "risk_level": "low",
      "risk_score": 0.26385009106801743
    },
    "abnormal_flags": [],
    "lane_scene": {
      "current_lane_blocked": false,
      "front_object_in_current_lane": null,
      "front_object_count_current_lane": 0,
      "left_lane_occupancy_count": 0,
      "right_lane_occupancy_count": 0,
      "left_lane_available": false,
      "right_lane_available": true,
      "junction_active": false,
      "junction_ahead": false
    }
  },
  "risk_summary": {
    "highest_risk_level": "low",
    "highest_risk_score": 0.26385009106801743,
    "urgent_track_ids": [],
    "front_hazard_track_id": null,
    "nearest_front_vehicle_distance_m": 24.819987857597674,
    "nearest_vru_distance_m": null,
    "minimum_ttc_seconds": 10.167529195630173,
    "flags": []
  },
  "decision_context": {
    "recommended_maneuvers": [
      "keep_lane"
    ],
    "hard_constraints": [],
    "soft_constraints": [
      "prefer_right_if_replan"
    ],
    "stage2_decision_intent": {
      "frame_id": 60006,
      "timestamp": 435.51970075815916,
      "maneuver": "keep_lane",
      "target_speed_mps": 8.0,
      "lane_preference": "prefer_right",
      "constraints": [],
      "confidence": 0.6,
      "reasoning_tags": [
        "cruise"
      ]
    },
    "maneuver_validation_preview": {
      "frame_id": 60006,
      "requested_intent": {
        "frame_id": 60006,
        "timestamp": 435.51970075815916,
        "maneuver": "keep_lane",
        "target_speed_mps": 8.0,
        "lane_preference": "prefer_right",
        "constraints": [],
        "confidence": 0.6,
        "reasoning_tags": [
          "cruise"
        ]
      },
      "valid_maneuvers": [
        "keep_lane",
        "lane_change_right"
      ],
      "invalid_maneuvers": [
        {
          "maneuver": "follow",
          "reason": "no_front_object_in_current_lane"
        },
        {
          "maneuver": "slow_down",
          "reason": "scene_not_constrained"
        },
        {
          "maneuver": "stop",
          "reason": "no_immediate_stop_condition"
        },
        {
          "maneuver": "yield",
          "reason": "no_vru_yield_condition"
        },
        {
          "maneuver": "lane_change_left",
          "reason": "no_left_lane"
        }
      ],
      "selected_behavior": "keep_lane",
      "selected_maneuver": "keep_lane",
      "lane_change_permission": {
        "left": false,
        "right": true,
        "left_reason": "no_left_lane",
        "right_reason": null
      },
      "reasoning_tags": []
    }
  },
  "lane_context": {
    "frame_id": 60006,
    "sample_name": "sample_000005",
    "current_lane": {
      "exists": true,
      "role": "current_lane",
      "road_id": 10,
      "section_id": 0,
      "lane_id": -1,
      "lane_width_m": 3.5,
      "lane_type": "Driving",
      "lane_change": "Right",
      "same_direction_as_ego": true,
      "transform_carla": {
        "location": {
          "x": 106.48421478271484,
          "y": -23.18289566040039,
          "z": 0.0
        },
        "rotation": {
          "roll": 0.0,
          "pitch": 0.0,
          "yaw": -89.89109802246094
        }
      },
      "transform_bevfusion_world": {
        "location": {
          "x": 106.48421478271484,
          "y": 23.18289566040039,
          "z": 0.0
        },
        "rotation": {
          "roll": 0.0,
          "pitch": 0.0,
          "yaw": -89.89109802246094
        }
      },
      "lane_change_allowed_from_current": false
    },
    "left_lane": {
      "exists": false,
      "role": "left_lane",
      "road_id": null,
      "section_id": null,
      "lane_id": null,
      "lane_width_m": null,
      "lane_type": null,
      "lane_change": null,
      "same_direction_as_ego": false,
      "transform_carla": null,
      "transform_bevfusion_world": null,
      "lane_change_allowed_from_current": false
    },
    "right_lane": {
      "exists": true,
      "role": "right_lane",
      "road_id": 10,
      "section_id": 0,
      "lane_id": -2,
      "lane_width_m": 3.5,
      "lane_type": "Driving",
      "lane_change": "Left",
      "same_direction_as_ego": true,
      "transform_carla": {
        "location": {
          "x": 109.98420715332031,
          "y": -23.17624282836914,
          "z": 0.0
        },
        "rotation": {
          "roll": 0.0,
          "pitch": 0.0,
          "yaw": -89.89109802246094
        }
      },
      "transform_bevfusion_world": {
        "location": {
          "x": 109.98420715332031,
          "y": 23.17624282836914,
          "z": 0.0
        },
        "rotation": {
          "roll": 0.0,
          "pitch": 0.0,
          "yaw": -89.89109802246094
        }
      },
      "lane_change_allowed_from_current": true
    },
    "forward_corridor": {
      "horizon_m": 60.0,
      "sample_step_m": 5.0,
      "chain": [
        {
          "distance_m": 0.0,
          "road_id": 10,
          "section_id": 0,
          "lane_id": -1,
          "is_junction": false,
          "yaw_deg": -89.89109802246094,
          "position_carla": {
            "x": 106.48421478271484,
            "y": -23.18289566040039,
            "z": 0.0
          },
          "position_bevfusion_world": {
            "x": 106.48421478271484,
            "y": 23.18289566040039,
            "z": 0.0
          }
        },
        {
          "distance_m": 5.0,
          "road_id": 10,
          "section_id": 0,
          "lane_id": -1,
          "is_junction": false,
          "yaw_deg": -97.15982818603516,
          "position_carla": {
            "x": 106.1633071899414,
            "y": -28.391530990600586,
            "z": 0.0
          },