{
  "sample_name": "sample_000053",
  "sequence_index": 53,
  "frame_id": 726326,
  "timestamp": 5002.494624797255,
  "prediction_variant": "single",
  "source_sample_dir": "D:\\Agent-AI\\outputs\\s3a_ml_long_v1\\sample_000053",
  "source_prediction_dir": "D:\\Agent-AI\\outputs\\live_watch_compare_multilane\\lw_s3a_ml_long_v1\\inference\\sample_000053",
  "ego": {
    "frame_id": 726326,
    "timestamp": 5002.494624797255,
    "sample_name": "sample_000053",
    "town": "Carla/Maps/Town10HD_Opt",
    "weather": {
      "cloudiness": 20.0,
      "dust_storm": 0.0,
      "fog_density": 2.0,
      "fog_distance": 0.75,
      "fog_falloff": 0.10000000149011612,
      "mie_scattering_scale": 0.029999999329447746,
      "precipitation": 0.0,
      "precipitation_deposits": 0.0,
      "rayleigh_scattering_scale": 0.03310000151395798,
      "scattering_intensity": 1.0,
      "sun_altitude_angle": 45.0,
      "sun_azimuth_angle": 300.0,
      "wetness": 0.0,
      "wind_intensity": 10.0
    },
    "position_world": [
      103.61874389648438,
      37.35598373413086,
      -0.004476089496165514
    ],
    "velocity_world": [
      3.6631412513088435e-05,
      -8.826114935800433e-05,
      -2.0408629097801168e-06
    ],
    "speed_mps": 9.558271805152078e-05,
    "yaw_deg": -109.1600341796875,
    "route_progress_m": 15.600434288017931,
    "world_from_ego_bevfusion": [
      [
        -0.3282078504562378,
        -0.9446055293083191,
        -4.5649569074157625e-05,
        103.61874389648438
      ],
      [
        0.9446055293083191,
        -0.3282078504562378,
        0.00010541710071265697,
        37.35598373413086
      ],
      [
        -0.00011456011998234317,
        -8.522117241227534e-06,
        1.0,
        -0.004476089496165514
      ],
      [
        0.0,
        0.0,
        0.0,
        1.0
      ]
    ]
  },
  "detections": [
    {
      "detection_id": "sample_000053_det_0000",
      "class_id": 0,
      "class_name": "car",
      "class_group": "vehicle",
      "score": 0.724609375,
      "position_ego": [
        6.443408966064453,
        0.22368240356445312,
        -1.44921875
      ],
      "size_xyz": [
        2.13671875,
        4.9140625,
        1.78125
      ],
      "yaw_rad": -1.6923828125,
      "velocity_ego": [
        -6.616115570068359e-06,
        -2.2649765014648438e-06
      ],
      "speed_mps": 6.9930754170600005e-06,
      "distance_m": 6.447290354995977,
      "bearing_deg": 1.9882197674417954,
      "source_confidence": 0.724609375,
      "raw_box_9d": [
        6.443408966064453,
        0.22368240356445312,
        -1.44921875,
        2.13671875,
        4.9140625,
        1.78125,
        -1.6923828125,
        -6.616115570068359e-06,
        -2.2649765014648438e-06
      ]
    },
    {
      "detection_id": "sample_000053_det_0001",
      "class_id": 0,
      "class_name": "car",
      "class_group": "vehicle",
      "score": 0.6357421875,
      "position_ego": [
        6.033985137939453,
        -3.1664047241210938,
        -1.490234375
      ],
      "size_xyz": [
        2.173828125,
        5.16796875,
        1.7421875
      ],
      "yaw_rad": -1.6611328125,
      "velocity_ego": [
        -6.616115570068359e-06,
        -2.2649765014648438e-06
      ],
      "speed_mps": 6.9930754170600005e-06,
      "distance_m": 6.814330159436845,
      "bearing_deg": -27.688771478513143,
      "source_confidence": 0.6357421875,
      "raw_box_9d": [
        6.033985137939453,
        -3.1664047241210938,
        -1.490234375,
        2.173828125,
        5.16796875,
        1.7421875,
        -1.6611328125,
        -6.616115570068359e-06,
        -2.2649765014648438e-06
      ]
    },
    {
      "detection_id": "sample_000053_det_0002",
      "class_id": 0,
      "class_name": "car",
      "class_group": "vehicle",
      "score": 0.419189453125,
      "position_ego": [
        25.872222900390625,
        4.960842132568359,
        -1.259765625
      ],
      "size_xyz": [
        2.185546875,
        5.1796875,
        1.7861328125
      ],
      "yaw_rad": 0.70947265625,
      "velocity_ego": [
        -6.616115570068359e-06,
        -2.2649765014648438e-06
      ],
      "speed_mps": 6.9930754170600005e-06,
      "distance_m": 26.34353568661129,
      "bearing_deg": 10.854375499432393,
      "source_confidence": 0.419189453125,
      "raw_box_9d": [
        25.872222900390625,
        4.960842132568359,
        -1.259765625,
        2.185546875,
        5.1796875,
        1.7861328125,
        0.70947265625,
        -6.616115570068359e-06,
        -2.2649765014648438e-06
      ]
    }
  ],
  "class_names": [
    "car",
    "truck",
    "construction_vehicle",
    "bus",
    "trailer",
    "barrier",
    "motorcycle",
    "bicycle",
    "pedestrian",
    "traffic_cone"
  ],
  "raw_prediction_count": 200,
  "filtered_prediction_count": 3
}