{
  "active_object_count": 8,
  "front_free_space_m": 10.264997089237442,
  "left_side_occupancy": 0.827593327881197,
  "right_side_occupancy": 0.3391829963766638,
  "rear_gap_m": 23.573983887958327,
  "nearest_front_vehicle": {
    "track_id": 2,
    "class": "car",
    "distance_m": 11.430864100779349,
    "bearing_deg": 7.747505079143311,
    "position_ego": [
      11.326520526737442,
      1.5409694506645604,
      -1.33984375
    ],
    "velocity_ego": [
      -0.9124234988408445,
      -0.42063989504459165
    ],
    "risk_level": "high",
    "risk_score": 0.6142685192441549
  },
  "nearest_vru": null,
  "nearest_any_object": {
    "track_id": 2,
    "class": "car",
    "distance_m": 11.430864100779349,
    "bearing_deg": 7.747505079143311,
    "position_ego": [
      11.326520526737442,
      1.5409694506645604,
      -1.33984375
    ],
    "velocity_ego": [
      -0.9124234988408445,
      -0.42063989504459165
    ],
    "risk_level": "high",
    "risk_score": 0.6142685192441549
  },
  "abnormal_flags": [
    "high_risk_scene"
  ]
}