{
  "sample_name": "sample_000053",
  "sequence_index": 53,
  "frame_id": 60054,
  "timestamp": 440.31970082968473,
  "prediction_variant": "single",
  "source_sample_dir": "D:\\Agent-AI\\outputs\\s3a_ml_long_v2\\sample_000053",
  "source_prediction_dir": "D:\\Agent-AI\\outputs\\live_watch_compare_multilane\\lw_s3a_ml_long_v2\\inference\\sample_000053",
  "ego": {
    "frame_id": 60054,
    "timestamp": 440.31970082968473,
    "sample_name": "sample_000053",
    "town": "Carla/Maps/Town10HD_Opt",
    "weather": {
      "cloudiness": 20.0,
      "dust_storm": 0.0,
      "fog_density": 2.0,
      "fog_distance": 0.75,
      "fog_falloff": 0.10000000149011612,
      "mie_scattering_scale": 0.029999999329447746,
      "precipitation": 0.0,
      "precipitation_deposits": 0.0,
      "rayleigh_scattering_scale": 0.03310000151395798,
      "scattering_intensity": 1.0,
      "sun_altitude_angle": 45.0,
      "sun_azimuth_angle": 300.0,
      "wetness": 0.0,
      "wind_intensity": 10.0
    },
    "position_world": [
      89.97054290771484,
      55.89873504638672,
      -0.004793205298483372
    ],
    "velocity_world": [
      -6.710813999176025,
      4.963246822357178,
      -1.5411376807605848e-05
    ],
    "speed_mps": 8.346786420618,
    "yaw_deg": -142.17483520507812,
    "route_progress_m": 38.965577733893326,
    "world_from_ego_bevfusion": [
      [
        -0.7898840308189392,
        -0.6131937503814697,
        0.008755899965763092,
        89.97054290771484
      ],
      [
        0.613252580165863,
        -0.7898485064506531,
        0.007789360359311104,
        55.89873504638672
      ],
      [
        0.0021394474897533655,
        0.011522269807755947,
        0.9999313354492188,
        -0.004793205298483372
      ],
      [
        0.0,
        0.0,
        0.0,
        1.0
      ]
    ]
  },
  "detections": [
    {
      "detection_id": "sample_000053_det_0000",
      "class_id": 0,
      "class_name": "car",
      "class_group": "vehicle",
      "score": 0.748046875,
      "position_ego": [
        19.594482421875,
        5.076839447021484,
        -1.533203125
      ],
      "size_xyz": [
        2.142578125,
        4.8984375,
        1.7880859375
      ],
      "yaw_rad": -2.087890625,
      "velocity_ego": [
        -6.616115570068359e-06,
        -2.2649765014648438e-06
      ],
      "speed_mps": 6.9930754170600005e-06,
      "distance_m": 20.24149303169116,
      "bearing_deg": 14.525655359347732,
      "source_confidence": 0.748046875,
      "raw_box_9d": [
        19.594482421875,
        5.076839447021484,
        -1.533203125,
        2.142578125,
        4.8984375,
        1.7880859375,
        -2.087890625,
        -6.616115570068359e-06,
        -2.2649765014648438e-06
      ]
    },
    {
      "detection_id": "sample_000053_det_0001",
      "class_id": 0,
      "class_name": "car",
      "class_group": "vehicle",
      "score": 0.66064453125,
      "position_ego": [
        -14.838058471679688,
        -1.1151847839355469,
        -1.392578125
      ],
      "size_xyz": [
        2.142578125,
        4.98046875,
        1.80859375
      ],
      "yaw_rad": -1.17578125,
      "velocity_ego": [
        -6.616115570068359e-06,
        -2.2649765014648438e-06
      ],
      "speed_mps": 6.9930754170600005e-06,
      "distance_m": 14.87990646177948,
      "bearing_deg": -175.70189849336958,
      "source_confidence": 0.66064453125,
      "raw_box_9d": [
        -14.838058471679688,
        -1.1151847839355469,
        -1.392578125,
        2.142578125,
        4.98046875,
        1.80859375,
        -1.17578125,
        -6.616115570068359e-06,
        -2.2649765014648438e-06
      ]
    },
    {
      "detection_id": "sample_000053_det_0002",
      "class_id": 0,
      "class_name": "car",
      "class_group": "vehicle",
      "score": 0.52685546875,
      "position_ego": [
        48.360206604003906,
        18.548583984375,
        -1.4140625
      ],
      "size_xyz": [
        2.265625,
        5.015625,
        1.8388671875
      ],
      "yaw_rad": 0.86181640625,
      "velocity_ego": [
        -6.616115570068359e-06,
        -2.2649765014648438e-06
      ],
      "speed_mps": 6.9930754170600005e-06,
      "distance_m": 51.79536224998678,
      "bearing_deg": 20.984343872215604,
      "source_confidence": 0.52685546875,
      "raw_box_9d": [
        48.360206604003906,
        18.548583984375,
        -1.4140625,
        2.265625,
        5.015625,
        1.8388671875,
        0.86181640625,
        -6.616115570068359e-06,
        -2.2649765014648438e-06
      ]
    },
    {
      "detection_id": "sample_000053_det_0004",
      "class_id": 0,
      "class_name": "car",
      "class_group": "vehicle",
      "score": 0.332763671875,
      "position_ego": [
        51.590187072753906,
        29.394142150878906,
        -1.375
      ],
      "size_xyz": [
        2.22265625,
        4.921875,
        1.853515625
      ],
      "yaw_rad": 0.84619140625,
      "velocity_ego": [
        -6.616115570068359e-06,
        -2.2649765014648438e-06
      ],
      "speed_mps": 6.9930754170600005e-06,
      "distance_m": 59.37645151899716,
      "bearing_deg": 29.67285845361246,
      "source_confidence": 0.332763671875,
      "raw_box_9d": [
        51.590187072753906,
        29.394142150878906,
        -1.375,
        2.22265625,
        4.921875,
        1.853515625,
        0.84619140625,
        -6.616115570068359e-06,
        -2.2649765014648438e-06
      ]
    },
    {
      "detection_id": "sample_000053_det_0003",
      "class_id": 0,
      "class_name": "car",
      "class_group": "vehicle",
      "score": 0.318359375,
      "position_ego": [
        46.300933837890625,
        20.882522583007812,
        -1.4609375
      ],
      "size_xyz": [
        2.236328125,
        5.07421875,
        1.8359375
      ],
      "yaw_rad": 0.8271484375,
      "velocity_ego": [
        -6.616115570068359e-06,
        -2.2649765014648438e-06
      ],
      "speed_mps": 6.9930754170600005e-06,
      "distance_m": 50.79228508041902,
      "bearing_deg": 24.276198803084807,
      "source_confidence": 0.318359375,
      "raw_box_9d": [
        46.300933837890625,
        20.882522583007812,
        -1.4609375,
        2.236328125,
        5.07421875,
        1.8359375,
        0.8271484375,
        -6.616115570068359e-06,
        -2.2649765014648438e-06
      ]
    },
    {
      "detection_id": "sample_000053_det_0006",
      "class_id": 0,
      "class_name": "car",
      "class_group": "vehicle",
      "score": 0.10723876953125,
      "position_ego": [
        26.113746643066406,
        -8.131492614746094,
        -1.1962890625
      ],
      "size_xyz": [
        2.29296875,
        5.14453125,
        1.8974609375
      ],
      "yaw_rad": 1.384765625,
      "velocity_ego": [
        -6.616115570068359e-06,
        -2.2649765014648438e-06
      ],
      "speed_mps": 6.9930754170600005e-06,
      "distance_m": 27.350483284248053,
      "bearing_deg": -17.295932323598443,
      "source_confidence": 0.10723876953125,
      "raw_box_9d": [
        26.113746643066406,
        -8.131492614746094,
        -1.1962890625,
        2.29296875,
        5.14453125,
        1.8974609375,
        1.384765625,
        -6.616115570068359e-06,
        -2.2649765014648438e-06
      ]
    }
  ],
  "class_names": [
    "car",
    "truck",
    "construction_vehicle",
    "bus",
    "trailer",
    "barrier",
    "motorcycle",
    "bicycle",
    "pedestrian",
    "traffic_cone"
  ],
  "raw_prediction_count": 200,
  "filtered_prediction_count": 6
}