{
  "frame": 3949,
  "timestamp": 42.03108659014106,
  "sample_name": "sample_000029",
  "ego": {
    "frame_id": 3949,
    "timestamp": 42.03108659014106,
    "sample_name": "sample_000029",
    "town": "Carla/Maps/Town10HD_Opt",
    "weather": {
      "cloudiness": 20.0,
      "dust_storm": 0.0,
      "fog_density": 2.0,
      "fog_distance": 0.75,
      "fog_falloff": 0.10000000149011612,
      "mie_scattering_scale": 0.029999999329447746,
      "precipitation": 0.0,
      "precipitation_deposits": 0.0,
      "rayleigh_scattering_scale": 0.03310000151395798,
      "scattering_intensity": 1.0,
      "sun_altitude_angle": 45.0,
      "sun_azimuth_angle": 300.0,
      "wetness": 0.0,
      "wind_intensity": 10.0
    },
    "position_world": [
      108.27400207519531,
      34.33860778808594,
      -0.005239448510110378
    ],
    "velocity_world": [
      -0.672177255153656,
      2.213205099105835,
      -1.1320114026602823e-05
    ],
    "speed_mps": 2.3130281176808283,
    "yaw_deg": -104.42860412597656,
    "route_progress_m": 13.335172875556854,
    "world_from_ego_bevfusion": [
      [
        -0.2491718977689743,
        -0.9684562087059021,
        0.0024415613152086735,
        108.27400207519531
      ],
      [
        0.9684528708457947,
        -0.24917863309383392,
        -0.0030113784596323967,
        34.33860778808594
      ],
      [
        0.003524772822856903,
        0.0016141860978677869,
        0.9999924898147583,
        -0.005239448510110378
      ],
      [
        0.0,
        0.0,
        0.0,
        1.0
      ]
    ],
    "position_world_carla": [
      108.27400207519531,
      -34.33860778808594,
      -0.005239448510110378
    ]
  },
  "scene": {
    "active_object_count": 2,
    "front_free_space_m": 10.22123432601772,
    "left_side_occupancy": 0.0,
    "right_side_occupancy": 0.0,
    "rear_gap_m": null,
    "nearest_front_vehicle": {
      "track_id": 1,
      "class": "car",
      "distance_m": 11.38414353026512,
      "bearing_deg": 6.091408789594995,
      "position_ego": [
        11.31986713851772,
        1.2080280973486648,
        -1.541015625
      ],
      "velocity_ego": [
        -0.9946447940827731,
        -0.4466183478574021
      ],
      "risk_level": "high",
      "risk_score": 0.6146189235230116
    },
    "nearest_vru": null,
    "nearest_any_object": {
      "track_id": 1,
      "class": "car",
      "distance_m": 11.38414353026512,
      "bearing_deg": 6.091408789594995,
      "position_ego": [
        11.31986713851772,
        1.2080280973486648,
        -1.541015625
      ],
      "velocity_ego": [
        -0.9946447940827731,
        -0.4466183478574021
      ],
      "risk_level": "high",
      "risk_score": 0.6146189235230116
    },
    "abnormal_flags": [
      "high_risk_scene"
    ],
    "lane_scene": {
      "current_lane_blocked": false,
      "front_object_in_current_lane": null,
      "front_object_count_current_lane": 0,
      "left_lane_occupancy_count": 0,
      "right_lane_occupancy_count": 0,
      "left_lane_available": true,
      "right_lane_available": false,
      "junction_active": false,
      "junction_ahead": false
    }
  },
  "risk_summary": {
    "highest_risk_level": "high",
    "highest_risk_score": 0.6146189235230116,
    "urgent_track_ids": [
      1
    ],
    "front_hazard_track_id": 1,
    "nearest_front_vehicle_distance_m": 11.38414353026512,
    "nearest_vru_distance_m": null,
    "minimum_ttc_seconds": 11.380813739598878,
    "flags": [
      "hazard_present"
    ]
  },
  "decision_context": {
    "recommended_maneuvers": [
      "keep_lane"
    ],
    "hard_constraints": [],
    "soft_constraints": [
      "prefer_keep_lane"
    ],
    "stage2_decision_intent": {
      "frame_id": 3949,
      "timestamp": 42.03108659014106,
      "maneuver": "slow_down",
      "target_speed_mps": 2.0,
      "lane_preference": "keep_current",
      "constraints": [],
      "confidence": 0.7,
      "reasoning_tags": [
        "front_vehicle_present",
        "reduce_speed"
      ]
    },
    "maneuver_validation_preview": {
      "frame_id": 3949,
      "requested_intent": {
        "frame_id": 3949,
        "timestamp": 42.03108659014106,
        "maneuver": "slow_down",
        "target_speed_mps": 2.0,
        "lane_preference": "keep_current",
        "constraints": [],
        "confidence": 0.7,
        "reasoning_tags": [
          "front_vehicle_present",
          "reduce_speed"
        ]
      },
      "valid_maneuvers": [
        "keep_lane",
        "slow_down",
        "stop",
        "lane_change_left"
      ],
      "invalid_maneuvers": [
        {
          "maneuver": "follow",
          "reason": "no_front_object_in_current_lane"
        },
        {
          "maneuver": "yield",
          "reason": "no_vru_yield_condition"
        },
        {
          "maneuver": "lane_change_right",
          "reason": "no_right_lane"
        }
      ],
      "selected_behavior": "slow_down",
      "selected_maneuver": "slow_down",
      "lane_change_permission": {
        "left": true,
        "right": false,
        "left_reason": null,
        "right_reason": "no_right_lane"
      },
      "reasoning_tags": []
    }
  },
  "lane_context": {
    "frame_id": 3949,
    "sample_name": "sample_000029",
    "current_lane": {
      "exists": true,
      "role": "current_lane",
      "road_id": 10,
      "section_id": 0,
      "lane_id": -2,
      "lane_width_m": 3.5,
      "lane_type": "Driving",
      "lane_change": "Left",
      "same_direction_as_ego": true,
      "transform_carla": {
        "location": {
          "x": 108.54814910888672,
          "y": -34.495906829833984,
          "z": 0.0
        },
        "rotation": {
          "roll": 0.0,
          "pitch": 0.0,
          "yaw": -104.56913757324219
        }
      },
      "transform_bevfusion_world": {
        "location": {
          "x": 108.54814910888672,
          "y": 34.495906829833984,
          "z": 0.0
        },
        "rotation": {
          "roll": 0.0,
          "pitch": 0.0,
          "yaw": -104.56913757324219
        }
      },
      "lane_change_allowed_from_current": false
    },
    "left_lane": {
      "exists": true,
      "role": "left_lane",
      "road_id": 10,
      "section_id": 0,
      "lane_id": -1,
      "lane_width_m": 3.5,
      "lane_type": "Driving",
      "lane_change": "Right",
      "same_direction_as_ego": true,
      "transform_carla": {
        "location": {
          "x": 105.16069030761719,
          "y": -33.61548614501953,
          "z": 0.0
        },
        "rotation": {
          "roll": 0.0,
          "pitch": 0.0,
          "yaw": -104.56913757324219
        }
      },
      "transform_bevfusion_world": {
        "location": {
          "x": 105.16069030761719,
          "y": 33.61548614501953,
          "z": 0.0
        },
        "rotation": {
          "roll": 0.0,
          "pitch": 0.0,
          "yaw": -104.56913757324219
        }
      },
      "lane_change_allowed_from_current": true
    },
    "right_lane": {
      "exists": false,
      "role": "right_lane",
      "road_id": null,
      "section_id": null,
      "lane_id": null,
      "lane_width_m": null,
      "lane_type": null,
      "lane_change": null,
      "same_direction_as_ego": false,
      "transform_carla": null,
      "transform_bevfusion_world": null,
      "lane_change_allowed_from_current": false
    },
    "forward_corridor": {
      "horizon_m": 60.0,
      "sample_step_m": 5.0,
      "chain": [
        {
          "distance_m": 0.0,
          "road_id": 10,
          "section_id": 0,
          "lane_id": -2,
          "is_junction": false,
          "yaw_deg": -104.56913757324219,
          "position_carla": {
            "x": 108.54814910888672,
            "y": -34.495906829833984,
            "z": 0.0
          },
          "position_bevfusion_world": {
            "x": 108.54814910888672,
            "y": 34.495906829833984,