{
  "sample_name": "sample_000055",
  "sequence_index": 55,
  "frame_id": 726328,
  "timestamp": 5002.694624800235,
  "prediction_variant": "single",
  "source_sample_dir": "D:\\Agent-AI\\outputs\\s3a_ml_long_v1\\sample_000055",
  "source_prediction_dir": "D:\\Agent-AI\\outputs\\live_watch_compare_multilane\\lw_s3a_ml_long_v1\\inference\\sample_000055",
  "ego": {
    "frame_id": 726328,
    "timestamp": 5002.694624800235,
    "sample_name": "sample_000055",
    "town": "Carla/Maps/Town10HD_Opt",
    "weather": {
      "cloudiness": 20.0,
      "dust_storm": 0.0,
      "fog_density": 2.0,
      "fog_distance": 0.75,
      "fog_falloff": 0.10000000149011612,
      "mie_scattering_scale": 0.029999999329447746,
      "precipitation": 0.0,
      "precipitation_deposits": 0.0,
      "rayleigh_scattering_scale": 0.03310000151395798,
      "scattering_intensity": 1.0,
      "sun_altitude_angle": 45.0,
      "sun_azimuth_angle": 300.0,
      "wetness": 0.0,
      "wind_intensity": 10.0
    },
    "position_world": [
      103.61872863769531,
      37.356014251708984,
      -0.004488181788474321
    ],
    "velocity_world": [
      1.19876558528631e-05,
      -2.754538036242593e-05,
      -7.724761985627993e-07
    ],
    "speed_mps": 3.005076690593352e-05,
    "yaw_deg": -109.1600341796875,
    "route_progress_m": 15.600469203875036,
    "world_from_ego_bevfusion": [
      [
        -0.3282078504562378,
        -0.9446055293083191,
        -2.358222809561994e-05,
        103.61872863769531
      ],
      [
        0.9446055293083191,
        -0.3282078504562378,
        5.326567043084651e-05,
        37.356014251708984
      ],
      [
        -5.805492037325166e-05,
        -4.793690095539205e-06,
        1.0,
        -0.004488181788474321
      ],
      [
        0.0,
        0.0,
        0.0,
        1.0
      ]
    ]
  },
  "detections": [
    {
      "detection_id": "sample_000055_det_0000",
      "class_id": 0,
      "class_name": "car",
      "class_group": "vehicle",
      "score": 0.689453125,
      "position_ego": [
        6.4699249267578125,
        0.2269439697265625,
        -1.4580078125
      ],
      "size_xyz": [
        2.15234375,
        4.9453125,
        1.79296875
      ],
      "yaw_rad": -1.6962890625,
      "velocity_ego": [
        -6.616115570068359e-06,
        -2.2649765014648438e-06
      ],
      "speed_mps": 6.9930754170600005e-06,
      "distance_m": 6.473903932194031,
      "bearing_deg": 2.008926361330859,
      "source_confidence": 0.689453125,
      "raw_box_9d": [
        6.4699249267578125,
        0.2269439697265625,
        -1.4580078125,
        2.15234375,
        4.9453125,
        1.79296875,
        -1.6962890625,
        -6.616115570068359e-06,
        -2.2649765014648438e-06
      ]
    },
    {
      "detection_id": "sample_000055_det_0001",
      "class_id": 0,
      "class_name": "car",
      "class_group": "vehicle",
      "score": 0.484619140625,
      "position_ego": [
        6.035892486572266,
        -3.1773910522460938,
        -1.537109375
      ],
      "size_xyz": [
        2.18359375,
        5.19921875,
        1.7529296875
      ],
      "yaw_rad": -1.66796875,
      "velocity_ego": [
        -6.616115570068359e-06,
        -2.2649765014648438e-06
      ],
      "speed_mps": 6.9930754170600005e-06,
      "distance_m": 6.821129819051465,
      "bearing_deg": -27.763041582999975,
      "source_confidence": 0.484619140625,
      "raw_box_9d": [
        6.035892486572266,
        -3.1773910522460938,
        -1.537109375,
        2.18359375,
        5.19921875,
        1.7529296875,
        -1.66796875,
        -6.616115570068359e-06,
        -2.2649765014648438e-06
      ]
    },
    {
      "detection_id": "sample_000055_det_0002",
      "class_id": 0,
      "class_name": "car",
      "class_group": "vehicle",
      "score": 0.381591796875,
      "position_ego": [
        25.882476806640625,
        4.985450744628906,
        -1.2822265625
      ],
      "size_xyz": [
        2.22265625,
        5.22265625,
        1.81640625
      ],
      "yaw_rad": -1.998046875,
      "velocity_ego": [
        -6.616115570068359e-06,
        -2.2649765014648438e-06
      ],
      "speed_mps": 6.9930754170600005e-06,
      "distance_m": 26.35824965306708,
      "bearing_deg": 10.902713639580059,
      "source_confidence": 0.381591796875,
      "raw_box_9d": [
        25.882476806640625,
        4.985450744628906,
        -1.2822265625,
        2.22265625,
        5.22265625,
        1.81640625,
        -1.998046875,
        -6.616115570068359e-06,
        -2.2649765014648438e-06
      ]
    }
  ],
  "class_names": [
    "car",
    "truck",
    "construction_vehicle",
    "bus",
    "trailer",
    "barrier",
    "motorcycle",
    "bicycle",
    "pedestrian",
    "traffic_cone"
  ],
  "raw_prediction_count": 200,
  "filtered_prediction_count": 3
}