{
  "active_object_count": 2,
  "front_free_space_m": null,
  "left_side_occupancy": 0.19353714461754035,
  "right_side_occupancy": 0.0,
  "rear_gap_m": null,
  "nearest_front_vehicle": null,
  "nearest_vru": null,
  "nearest_any_object": {
    "track_id": 1,
    "class": "car",
    "distance_m": 24.19388566147379,
    "bearing_deg": 12.42901624289013,
    "position_ego": [
      23.62686335941404,
      5.207247948393224,
      -1.6787109375
    ],
    "velocity_ego": [
      -0.9092092661678126,
      -0.00020096003712239966
    ],
    "risk_level": "low",
    "risk_score": 0.2685458575389466
  },
  "abnormal_flags": []
}