{
  "active_object_count": 5,
  "front_free_space_m": null,
  "left_side_occupancy": 0.0,
  "right_side_occupancy": 0.8468818414781286,
  "rear_gap_m": null,
  "nearest_front_vehicle": null,
  "nearest_vru": null,
  "nearest_any_object": {
    "track_id": 1,
    "class": "car",
    "distance_m": 7.1683183992949715,
    "bearing_deg": -23.91990257103203,
    "position_ego": [
      6.552654240581008,
      -2.906460231461385,
      -1.42578125
    ],
    "velocity_ego": [
      -4.967573613628971,
      -0.8466187693933365
    ],
    "risk_level": "high",
    "risk_score": 0.7962376120052878
  },
  "abnormal_flags": [
    "high_risk_scene"
  ]
}