{
  "active_object_count": 5,
  "front_free_space_m": 5.270702102285669,
  "left_side_occupancy": 0.12665315667762833,
  "right_side_occupancy": 0.7738898931416027,
  "rear_gap_m": 36.815186208486566,
  "nearest_front_vehicle": {
    "track_id": 1,
    "class": "car",
    "distance_m": 6.334538058140707,
    "bearing_deg": 2.102794344241312,
    "position_ego": [
      6.330272414785669,
      0.23242969826733903,
      -1.416015625
    ],
    "velocity_ego": [
      -0.036567252210386786,
      -0.00529686610936164
    ],
    "risk_level": "high",
    "risk_score": 0.6524909645639447
  },
  "nearest_vru": null,
  "nearest_any_object": {
    "track_id": 1,
    "class": "car",
    "distance_m": 6.334538058140707,
    "bearing_deg": 2.102794344241312,
    "position_ego": [
      6.330272414785669,
      0.23242969826733903,
      -1.416015625
    ],
    "velocity_ego": [
      -0.036567252210386786,
      -0.00529686610936164
    ],
    "risk_level": "high",
    "risk_score": 0.6524909645639447
  },
  "abnormal_flags": [
    "front_blocked",
    "high_risk_scene"
  ]
}