{
  "active_object_count": 2,
  "front_free_space_m": 5.385693224601132,
  "left_side_occupancy": 0.0,
  "right_side_occupancy": 0.7731785845839334,
  "rear_gap_m": null,
  "nearest_front_vehicle": {
    "track_id": 1,
    "class": "car",
    "distance_m": 6.452203918196038,
    "bearing_deg": 2.020299838953639,
    "position_ego": [
      6.448193224601132,
      0.2274632721833736,
      -1.478515625
    ],
    "velocity_ego": [
      0.0006022994595095119,
      0.0006893496697564258
    ],
    "risk_level": "high",
    "risk_score": 0.6516084706135298
  },
  "nearest_vru": null,
  "nearest_any_object": {
    "track_id": 1,
    "class": "car",
    "distance_m": 6.452203918196038,
    "bearing_deg": 2.020299838953639,
    "position_ego": [
      6.448193224601132,
      0.2274632721833736,
      -1.478515625
    ],
    "velocity_ego": [
      0.0006022994595095119,
      0.0006893496697564258
    ],
    "risk_level": "high",
    "risk_score": 0.6516084706135298
  },
  "abnormal_flags": [
    "front_blocked",
    "high_risk_scene"
  ]
}