{
  "active_object_count": 7,
  "front_free_space_m": 7.8753201684681695,
  "left_side_occupancy": 0.04128678042041978,
  "right_side_occupancy": 0.7449065158773752,
  "rear_gap_m": null,
  "nearest_front_vehicle": {
    "track_id": 1,
    "class": "car",
    "distance_m": 8.994931589480299,
    "bearing_deg": 5.101196525936725,
    "position_ego": [
      8.95930454346817,
      0.7997852191814847,
      -1.478515625
    ],
    "velocity_ego": [
      -2.143793912234189,
      -0.4701465019669909
    ],
    "risk_level": "high",
    "risk_score": 0.7325380130788978
  },
  "nearest_vru": null,
  "nearest_any_object": {
    "track_id": 1,
    "class": "car",
    "distance_m": 8.994931589480299,
    "bearing_deg": 5.101196525936725,
    "position_ego": [
      8.95930454346817,
      0.7997852191814847,
      -1.478515625
    ],
    "velocity_ego": [
      -2.143793912234189,
      -0.4701465019669909
    ],
    "risk_level": "high",
    "risk_score": 0.7325380130788978
  },
  "abnormal_flags": [
    "front_blocked",
    "high_risk_scene"
  ]
}