{
  "active_object_count": 3,
  "front_free_space_m": 5.053028707470755,
  "left_side_occupancy": 0.0,
  "right_side_occupancy": 0.07267052572606858,
  "rear_gap_m": null,
  "nearest_front_vehicle": {
    "track_id": 2,
    "class": "car",
    "distance_m": 6.118502647070538,
    "bearing_deg": 2.2995260321199464,
    "position_ego": [
      6.113575582470755,
      0.2454959055189217,
      -1.5322265625
    ],
    "velocity_ego": [
      0.008758974647222131,
      0.0060280173860395685
    ],
    "risk_level": "high",
    "risk_score": 0.654111230146971
  },
  "nearest_vru": null,
  "nearest_any_object": {
    "track_id": 2,
    "class": "car",
    "distance_m": 6.118502647070538,
    "bearing_deg": 2.2995260321199464,
    "position_ego": [
      6.113575582470755,
      0.2454959055189217,
      -1.5322265625
    ],
    "velocity_ego": [
      0.008758974647222131,
      0.0060280173860395685
    ],
    "risk_level": "high",
    "risk_score": 0.654111230146971
  },
  "abnormal_flags": [
    "front_blocked",
    "high_risk_scene"
  ]
}