{
  "active_object_count": 3,
  "front_free_space_m": 20.96017895834872,
  "left_side_occupancy": 0.2615790480923129,
  "right_side_occupancy": 0.052126850287839366,
  "rear_gap_m": null,
  "nearest_front_vehicle": {
    "track_id": 1,
    "class": "car",
    "distance_m": 22.152628557230614,
    "bearing_deg": 5.995200781538351,
    "position_ego": [
      22.03146802084872,
      2.3137348251148717,
      -1.6513671875
    ],
    "velocity_ego": [
      -4.2634005064552465,
      -1.3327978491966361
    ],
    "risk_level": "medium",
    "risk_score": 0.5338552858207705
  },
  "nearest_vru": null,
  "nearest_any_object": {
    "track_id": 1,
    "class": "car",
    "distance_m": 22.152628557230614,
    "bearing_deg": 5.995200781538351,
    "position_ego": [
      22.03146802084872,
      2.3137348251148717,
      -1.6513671875
    ],
    "velocity_ego": [
      -4.2634005064552465,
      -1.3327978491966361
    ],
    "risk_level": "medium",
    "risk_score": 0.5338552858207705
  },
  "abnormal_flags": []
}