{
  "sample_name": "sample_000032",
  "sequence_index": 32,
  "frame_id": 726305,
  "timestamp": 5000.394624765962,
  "prediction_variant": "single",
  "source_sample_dir": "D:\\Agent-AI\\outputs\\s3a_ml_long_v1\\sample_000032",
  "source_prediction_dir": "D:\\Agent-AI\\outputs\\live_watch_compare_multilane\\lw_s3a_ml_long_v1\\inference\\sample_000032",
  "ego": {
    "frame_id": 726305,
    "timestamp": 5000.394624765962,
    "sample_name": "sample_000032",
    "town": "Carla/Maps/Town10HD_Opt",
    "weather": {
      "cloudiness": 20.0,
      "dust_storm": 0.0,
      "fog_density": 2.0,
      "fog_distance": 0.75,
      "fog_falloff": 0.10000000149011612,
      "mie_scattering_scale": 0.029999999329447746,
      "precipitation": 0.0,
      "precipitation_deposits": 0.0,
      "rayleigh_scattering_scale": 0.03310000151395798,
      "scattering_intensity": 1.0,
      "sun_altitude_angle": 45.0,
      "sun_azimuth_angle": 300.0,
      "wetness": 0.0,
      "wind_intensity": 10.0
    },
    "position_world": [
      104.36427307128906,
      35.23141860961914,
      -0.00426559429615736
    ],
    "velocity_world": [
      -0.8439502716064453,
      2.7339468002319336,
      2.3965834770933725e-05
    ],
    "speed_mps": 2.8612439895991715,
    "yaw_deg": -106.00043487548828,
    "route_progress_m": 13.34729220082076,
    "world_from_ego_bevfusion": [
      [
        -0.2756444215774536,
        -0.9612596035003662,
        0.00022869257372803986,
        104.36427307128906
      ],
      [
        0.9612590074539185,
        -0.2756439447402954,
        0.0012148120440542698,
        35.23141860961914
      ],
      [
        -0.0011047121370211244,
        0.000554688973352313,
        0.9999992251396179,
        -0.00426559429615736
      ],
      [
        0.0,
        0.0,
        0.0,
        1.0
      ]
    ]
  },
  "detections": [
    {
      "detection_id": "sample_000032_det_0000",
      "class_id": 0,
      "class_name": "car",
      "class_group": "vehicle",
      "score": 0.76953125,
      "position_ego": [
        8.596878051757812,
        0.7580604553222656,
        -1.412109375
      ],
      "size_xyz": [
        2.12890625,
        4.91796875,
        1.8173828125
      ],
      "yaw_rad": -1.7412109375,
      "velocity_ego": [
        -6.616115570068359e-06,
        -2.2649765014648438e-06
      ],
      "speed_mps": 6.9930754170600005e-06,
      "distance_m": 8.63023567990577,
      "bearing_deg": 5.039226387759559,
      "source_confidence": 0.76953125,
      "raw_box_9d": [
        8.596878051757812,
        0.7580604553222656,
        -1.412109375,
        2.12890625,
        4.91796875,
        1.8173828125,
        -1.7412109375,
        -6.616115570068359e-06,
        -2.2649765014648438e-06
      ]
    },
    {
      "detection_id": "sample_000032_det_0001",
      "class_id": 0,
      "class_name": "car",
      "class_group": "vehicle",
      "score": 0.74267578125,
      "position_ego": [
        8.353126525878906,
        -2.6945953369140625,
        -1.453125
      ],
      "size_xyz": [
        2.130859375,
        4.83984375,
        1.8017578125
      ],
      "yaw_rad": -1.71875,
      "velocity_ego": [
        -6.616115570068359e-06,
        -2.2649765014648438e-06
      ],
      "speed_mps": 6.9930754170600005e-06,
      "distance_m": 8.776990759198782,
      "bearing_deg": -17.87893512087808,
      "source_confidence": 0.74267578125,
      "raw_box_9d": [
        8.353126525878906,
        -2.6945953369140625,
        -1.453125,
        2.130859375,
        4.83984375,
        1.8017578125,
        -1.71875,
        -6.616115570068359e-06,
        -2.2649765014648438e-06
      ]
    },
    {
      "detection_id": "sample_000032_det_0003",
      "class_id": 0,
      "class_name": "car",
      "class_group": "vehicle",
      "score": 0.58154296875,
      "position_ego": [
        27.72466278076172,
        6.476955413818359,
        -1.28515625
      ],
      "size_xyz": [
        2.203125,
        5.0625,
        1.876953125
      ],
      "yaw_rad": 0.85009765625,
      "velocity_ego": [
        -6.616115570068359e-06,
        -2.2649765014648438e-06
      ],
      "speed_mps": 6.9930754170600005e-06,
      "distance_m": 28.47117626195913,
      "bearing_deg": 13.149440672520228,
      "source_confidence": 0.58154296875,
      "raw_box_9d": [
        27.72466278076172,
        6.476955413818359,
        -1.28515625,
        2.203125,
        5.0625,
        1.876953125,
        0.85009765625,
        -6.616115570068359e-06,
        -2.2649765014648438e-06
      ]
    },
    {
      "detection_id": "sample_000032_det_0004",
      "class_id": 0,
      "class_name": "car",
      "class_group": "vehicle",
      "score": 0.5009765625,
      "position_ego": [
        36.57744598388672,
        23.672332763671875,
        -0.9189453125
      ],
      "size_xyz": [
        2.130859375,
        5.0234375,
        1.8408203125
      ],
      "yaw_rad": 0.404296875,
      "velocity_ego": [
        -0.356201171875,
        -1.169921875
      ],
      "speed_mps": 1.2229458158269477,
      "distance_m": 43.569357272952324,
      "bearing_deg": 32.91029251658564,
      "source_confidence": 0.5009765625,
      "raw_box_9d": [
        36.57744598388672,
        23.672332763671875,
        -0.9189453125,
        2.130859375,
        5.0234375,
        1.8408203125,
        0.404296875,
        -0.356201171875,
        -1.169921875
      ]
    },
    {
      "detection_id": "sample_000032_det_0002",
      "class_id": 0,
      "class_name": "car",
      "class_group": "vehicle",
      "score": 0.404296875,
      "position_ego": [
        48.792701721191406,
        51.91304016113281,
        -1.009765625
      ],
      "size_xyz": [
        2.18359375,
        4.9453125,
        1.890625
      ],
      "yaw_rad": 0.2445068359375,
      "velocity_ego": [
        -6.616115570068359e-06,
        -2.2649765014648438e-06
      ],
      "speed_mps": 6.9930754170600005e-06,
      "distance_m": 71.24388731690982,
      "bearing_deg": 46.774725446837905,
      "source_confidence": 0.404296875,
      "raw_box_9d": [
        48.792701721191406,
        51.91304016113281,
        -1.009765625,
        2.18359375,
        4.9453125,
        1.890625,
        0.2445068359375,
        -6.616115570068359e-06,
        -2.2649765014648438e-06
      ]
    },
    {
      "detection_id": "sample_000032_det_0006",
      "class_id": 0,
      "class_name": "car",
      "class_group": "vehicle",
      "score": 0.310302734375,
      "position_ego": [
        27.081298828125,
        -7.4911346435546875,
        -1.103515625
      ],
      "size_xyz": [
        2.240234375,
        5.109375,
        1.927734375
      ],
      "yaw_rad": 1.3935546875,
      "velocity_ego": [
        -6.616115570068359e-06,
        -2.2649765014648438e-06
      ],
      "speed_mps": 6.9930754170600005e-06,
      "distance_m": 28.09828899534756,
      "bearing_deg": -15.462323486664456,
      "source_confidence": 0.310302734375,
      "raw_box_9d": [
        27.081298828125,
        -7.4911346435546875,
        -1.103515625,
        2.240234375,
        5.109375,
        1.927734375,
        1.3935546875,
        -6.616115570068359e-06,
        -2.2649765014648438e-06
      ]
    },
    {
      "detection_id": "sample_000032_det_0005",
      "class_id": 0,
      "class_name": "car",
      "class_group": "vehicle",
      "score": 0.2330322265625,
      "position_ego": [
        51.966468811035156,
        51.555030822753906,
        -0.87841796875
      ],
      "size_xyz": [
        2.203125,
        5.0546875,
        1.8974609375
      ],
      "yaw_rad": 0.258544921875,
      "velocity_ego": [
        -6.616115570068359e-06,
        -2.2649765014648438e-06
      ],
      "speed_mps": 6.9930754170600005e-06,
      "distance_m": 73.20133252764867,
      "bearing_deg": 44.77228366840605,
      "source_confidence": 0.2330322265625,