{
  "active_object_count": 7,
  "front_free_space_m": 7.59062583072838,
  "left_side_occupancy": 0.04958891973610202,
  "right_side_occupancy": 0.7654493127841285,
  "rear_gap_m": null,
  "nearest_front_vehicle": {
    "track_id": 1,
    "class": "car",
    "distance_m": 8.68849141500401,
    "bearing_deg": 5.026421894056109,
    "position_ego": [
      8.65507895572838,
      0.761243284834823,
      -1.412109375
    ],
    "velocity_ego": [
      -1.961381917289066,
      -0.3263096476567309
    ],
    "risk_level": "high",
    "risk_score": 0.73483631438747
  },
  "nearest_vru": null,
  "nearest_any_object": {
    "track_id": 1,
    "class": "car",
    "distance_m": 8.68849141500401,
    "bearing_deg": 5.026421894056109,
    "position_ego": [
      8.65507895572838,
      0.761243284834823,
      -1.412109375
    ],
    "velocity_ego": [
      -1.961381917289066,
      -0.3263096476567309
    ],
    "risk_level": "high",
    "risk_score": 0.73483631438747
  },
  "abnormal_flags": [
    "front_blocked",
    "high_risk_scene"
  ]
}