{
  "sample_name": "sample_000033",
  "sequence_index": 33,
  "frame_id": 3953,
  "timestamp": 42.43108659610152,
  "prediction_variant": "single",
  "source_sample_dir": "D:\\Agent-AI\\outputs\\s3a_left_v3\\sample_000033",
  "source_prediction_dir": "D:\\Agent-AI\\outputs\\live_watch_compare_multilane\\lw_left_positive_v1\\inference\\sample_000033",
  "ego": {
    "frame_id": 3953,
    "timestamp": 42.43108659610152,
    "sample_name": "sample_000033",
    "town": "Carla/Maps/Town10HD_Opt",
    "weather": {
      "cloudiness": 20.0,
      "dust_storm": 0.0,
      "fog_density": 2.0,
      "fog_distance": 0.75,
      "fog_falloff": 0.10000000149011612,
      "mie_scattering_scale": 0.029999999329447746,
      "precipitation": 0.0,
      "precipitation_deposits": 0.0,
      "rayleigh_scattering_scale": 0.03310000151395798,
      "scattering_intensity": 1.0,
      "sun_altitude_angle": 45.0,
      "sun_azimuth_angle": 300.0,
      "wetness": 0.0,
      "wind_intensity": 10.0
    },
    "position_world": [
      107.90364074707031,
      35.57183837890625,
      -0.005697517190128565
    ],
    "velocity_world": [
      -1.0267164707183838,
      3.319082260131836,
      5.9804915508721024e-05
    ],
    "speed_mps": 3.474255857639575,
    "yaw_deg": -105.8899917602539,
    "route_progress_m": 14.62281944899193,
    "world_from_ego_bevfusion": [
      [
        -0.2737869322299957,
        -0.9617868661880493,
        0.0025959559716284275,
        107.90364074707031
      ],
      [
        0.9617739915847778,
        -0.27379703521728516,
        -0.005097936373203993,
        35.57183837890625
      ],
      [
        0.005613893270492554,
        0.0011009745066985488,
        0.9999836683273315,
        -0.005697517190128565
      ],
      [
        0.0,
        0.0,
        0.0,
        1.0
      ]
    ]
  },
  "detections": [
    {
      "detection_id": "sample_000033_det_0000",
      "class_id": 0,
      "class_name": "car",
      "class_group": "vehicle",
      "score": 0.7734375,
      "position_ego": [
        10.074462890625,
        0.9066848754882812,
        -1.546875
      ],
      "size_xyz": [
        2.1640625,
        4.9765625,
        1.8603515625
      ],
      "yaw_rad": -1.7734375,
      "velocity_ego": [
        -6.616115570068359e-06,
        -2.2649765014648438e-06
      ],
      "speed_mps": 6.9930754170600005e-06,
      "distance_m": 10.115180670557468,
      "bearing_deg": 5.142669866615557,
      "source_confidence": 0.7734375,
      "raw_box_9d": [
        10.074462890625,
        0.9066848754882812,
        -1.546875,
        2.1640625,
        4.9765625,
        1.8603515625,
        -1.7734375,
        -6.616115570068359e-06,
        -2.2649765014648438e-06
      ]
    },
    {
      "detection_id": "sample_000033_det_0001",
      "class_id": 0,
      "class_name": "car",
      "class_group": "vehicle",
      "score": 0.625,
      "position_ego": [
        26.14702606201172,
        12.719535827636719,
        -1.54296875
      ],
      "size_xyz": [
        2.173828125,
        5.02734375,
        1.8720703125
      ],
      "yaw_rad": -2.26171875,
      "velocity_ego": [
        -6.616115570068359e-06,
        -2.2649765014648438e-06
      ],
      "speed_mps": 6.9930754170600005e-06,
      "distance_m": 29.0766841912563,
      "bearing_deg": 25.941163191392945,
      "source_confidence": 0.625,
      "raw_box_9d": [
        26.14702606201172,
        12.719535827636719,
        -1.54296875,
        2.173828125,
        5.02734375,
        1.8720703125,
        -2.26171875,
        -6.616115570068359e-06,
        -2.2649765014648438e-06
      ]
    },
    {
      "detection_id": "sample_000033_det_0002",
      "class_id": 0,
      "class_name": "car",
      "class_group": "vehicle",
      "score": 0.1343994140625,
      "position_ego": [
        21.8433837890625,
        -6.374668121337891,
        -1.36328125
      ],
      "size_xyz": [
        2.2734375,
        5.26171875,
        1.9580078125
      ],
      "yaw_rad": 1.1884765625,
      "velocity_ego": [
        -6.616115570068359e-06,
        -2.2649765014648438e-06
      ],
      "speed_mps": 6.9930754170600005e-06,
      "distance_m": 22.75455578589659,
      "bearing_deg": -16.269103128242733,
      "source_confidence": 0.1343994140625,
      "raw_box_9d": [
        21.8433837890625,
        -6.374668121337891,
        -1.36328125,
        2.2734375,
        5.26171875,
        1.9580078125,
        1.1884765625,
        -6.616115570068359e-06,
        -2.2649765014648438e-06
      ]
    }
  ],
  "class_names": [
    "car",
    "truck",
    "construction_vehicle",
    "bus",
    "trailer",
    "barrier",
    "motorcycle",
    "bicycle",
    "pedestrian",
    "traffic_cone"
  ],
  "raw_prediction_count": 200,
  "filtered_prediction_count": 3
}