{
  "active_object_count": 5,
  "front_free_space_m": 9.077642431522433,
  "left_side_occupancy": 0.028526633912529187,
  "right_side_occupancy": 0.29214819731545694,
  "rear_gap_m": null,
  "nearest_front_vehicle": {
    "track_id": 1,
    "class": "car",
    "distance_m": 10.200895075399789,
    "bearing_deg": 5.152597069401733,
    "position_ego": [
      10.159673681522433,
      0.9161282793889213,
      -1.546875
    ],
    "velocity_ego": [
      -2.0099682543240176,
      -0.3682991476456946
    ],
    "risk_level": "high",
    "risk_score": 0.6234932869345016
  },
  "nearest_vru": null,
  "nearest_any_object": {
    "track_id": 1,
    "class": "car",
    "distance_m": 10.200895075399789,
    "bearing_deg": 5.152597069401733,
    "position_ego": [
      10.159673681522433,
      0.9161282793889213,
      -1.546875
    ],
    "velocity_ego": [
      -2.0099682543240176,
      -0.3682991476456946
    ],
    "risk_level": "high",
    "risk_score": 0.6234932869345016
  },
  "abnormal_flags": [
    "high_risk_scene"
  ]
}